link_id,timestamp,X1,X2,osnr_db,rx_power_dbm,y,outage,fault_type,fault_span,event_id
R01-AZ,2026-09-01 00:00:00,-1.2269999999999932,0.2559999999999949,20.001,0.95,0,0,none,-1,-1
R01-AZ,2026-09-01 00:02:00,-0.5865000000000009,1.4479999999999897,19.922,1.13,0,0,none,-1,-1
R01-AZ,2026-09-01 00:04:00,-0.5279999999999916,0.20949999999998958,19.935,1.03,0,0,none,-1,-1
R01-AZ,2026-09-01 00:06:00,-0.5989999999999949,1.4229999999999947,19.858,1.735,0,0,none,-1,-1
R01-AZ,2026-09-01 00:08:00,-1.0019999999999936,0.8579999999999934,19.904,0.447,0,0,none,-1,-1
R01-AZ,2026-09-01 00:10:00,-1.9830000000000023,2.1949999999999896,19.905,1.439,0,0,none,-1,-1
R01-AZ,2026-09-01 00:12:00,-1.3489999999999949,-0.5900000000000105,19.984,0.096,0,0,none,-1,-1
R01-AZ,2026-09-01 00:14:00,-1.9619999999999997,0.7249999999999979,20.036,-0.184,0,0,none,-1,-1
R01-AZ,2026-09-01 00:16:00,-1.3730000000000029,0.4319999999999915,20.017,0.576,0,0,none,-1,-1
R01-AZ,2026-09-01 00:18:00,-2.5219999999999985,-0.08300000000000729,19.776,-1.588,0,0,none,-1,-1
R01-AZ,2026-09-01 00:20:00,-1.1629999999999985,1.404,20.01,0.821,0,0,none,-1,-1
R01-AZ,2026-09-01 00:22:00,-1.8339999999999979,0.5680000000000014,20.006,-0.211,0,0,none,-1,-1
R01-AZ,2026-09-01 00:24:00,-1.5279999999999916,-0.8800000000000043,19.981,-0.742,0,0,none,-1,-1
R01-AZ,2026-09-01 00:26:00,-1.732000000000001,1.59499999999999,19.991,0.539,0,0,none,-1,-1
R01-AZ,2026-09-01 00:28:00,-1.112,1.6378333333333224,19.845,0.989,0,0,none,-1,-1
R01-AZ,2026-09-01 00:30:00,-0.7729999999999979,-0.016333333333339084,19.965,1.031,0,0,none,-1,-1
R01-AZ,2026-09-01 00:32:00,-0.7150000000000034,-0.887000000000004,19.959,-0.38,0,0,none,-1,-1
R01-AZ,2026-09-01 00:34:00,-1.312999999999997,0.79999999999999,19.94,0.479,0,0,none,-1,-1
R01-AZ,2026-09-01 00:36:00,-9.905999999999993,-0.33100000000001195,16.682,-8.939,1,0,amplifier_degradation,13,0
R01-AZ,2026-09-01 00:38:00,-8.948,1.1799999999999837,17.978,-6.349,1,0,amplifier_degradation,13,0
R01-AZ,2026-09-01 00:40:00,-8.488999999999997,-0.9140000000000104,16.985,-8.278,1,0,amplifier_degradation,13,0
R01-AZ,2026-09-01 00:42:00,-8.4505,1.4359999999999928,18.037,-6.56,1,0,amplifier_degradation,13,0
R01-AZ,2026-09-01 00:44:00,-9.319999999999997,1.0979999999999883,17.324,-7.87,1,0,amplifier_degradation,13,0
R01-AZ,2026-09-01 00:46:00,-8.512999999999993,1.2469999999999963,18.061,-6.566,1,0,amplifier_degradation,13,0
R01-AZ,2026-09-01 00:48:00,-9.701500000000001,-0.04200000000000692,17.27,-8.089,1,0,amplifier_degradation,13,0
R01-AZ,2026-09-01 00:50:00,-8.668,0.6439999999999966,17.861,-6.547,1,0,amplifier_degradation,13,0
R01-AZ,2026-09-01 00:52:00,-9.964,0.07699999999999108,17.186,-8.221,1,0,amplifier_degradation,13,0
R01-AZ,2026-09-01 00:54:00,-8.728000000000003,0.7119999999999944,17.671,-7.009,1,0,amplifier_degradation,13,0
R01-AZ,2026-09-01 00:56:00,-9.379000000000005,-0.08050000000000601,17.48,-7.8,1,0,amplifier_degradation,13,0
R01-AZ,2026-09-01 00:58:00,-8.986,1.0509999999999895,17.997,-6.633,1,0,amplifier_degradation,13,0
R01-AZ,2026-09-01 01:00:00,-9.462999999999992,1.2339999999999964,17.336,-7.706,1,0,amplifier_degradation,13,0
R01-AZ,2026-09-01 01:02:00,-8.787999999999995,1.520999999999992,17.694,-6.767,1,0,amplifier_degradation,13,0
R01-AZ,2026-09-01 01:04:00,-8.361999999999993,-1.1150000000000073,17.255,-8.092,1,0,amplifier_degradation,13,0
R01-AZ,2026-09-01 01:06:00,-1.355000000000004,-0.1060000000000052,19.909,-1.125,0,0,none,-1,-1
R01-AZ,2026-09-01 01:08:00,-1.8420000000000005,0.6549999999999869,19.977,-0.539,0,0,none,-1,-1
R01-AZ,2026-09-01 01:10:00,-0.49400000000000155,-0.045000000000001705,19.967,0.118,0,0,none,-1,-1
R01-AZ,2026-09-01 01:12:00,-0.48699999999999477,0.37199999999999456,19.872,1.378,0,0,none,-1,-1
R01-AZ,2026-09-01 01:14:00,-2.283999999999997,-2.039000000000005,19.354,-2.847,0,0,none,-1,-1
R01-AZ,2026-09-01 01:16:00,-1.8539999999999974,-0.052000000000003155,20.024,0.205,0,0,none,-1,-1
R01-AZ,2026-09-01 01:18:00,-1.7089999999999907,0.7699999999999942,20.018,1.001,0,0,none,-1,-1
R01-AZ,2026-09-01 01:20:00,-1.9889999999999954,0.30699999999999505,19.964,-0.656,0,0,none,-1,-1
R01-AZ,2026-09-01 01:22:00,-1.051000000000002,-0.25500000000000256,19.894,-0.934,0,0,none,-1,-1
R01-AZ,2026-09-01 01:24:00,-1.3680000000000074,-0.7420000000000151,19.67,-1.457,0,0,none,-1,-1
R01-AZ,2026-09-01 01:26:00,-1.0059999999999985,0.20699999999999186,19.957,-0.662,0,0,none,-1,-1
R01-AZ,2026-09-01 01:28:00,-1.353499999999995,0.00399999999999423,19.959,-0.884,0,0,none,-1,-1
R01-AZ,2026-09-01 01:30:00,-1.7140000000000004,-1.472000000000003,19.745,-1.676,0,0,none,-1,-1
R01-AZ,2026-09-01 01:32:00,-1.8789999999999942,0.6829999999999945,20.0,-0.449,0,0,none,-1,-1
R01-AZ,2026-09-01 01:34:00,-1.6010000000000026,-0.8640000000000061,19.962,-0.602,0,0,none,-1,-1
R01-AZ,2026-09-01 01:36:00,-1.4600000000000026,-0.6870000000000047,19.961,-0.774,0,0,none,-1,-1
R01-AZ,2026-09-01 01:38:00,-1.123000000000001,-0.6560000000000041,19.939,-0.754,0,0,none,-1,-1
R01-AZ,2026-09-01 01:40:00,-2.0979999999999954,-2.112,19.87,-1.624,0,0,none,-1,-1
R01-AZ,2026-09-01 01:42:00,-1.4879999999999995,-0.8019999999999996,19.945,-1.089,0,0,none,-1,-1
R01-AZ,2026-09-01 01:44:00,-1.3999999999999897,-0.3090000000000064,19.967,-0.758,0,0,none,-1,-1
R01-AZ,2026-09-01 01:46:00,-1.7120000000000015,-1.8710000000000075,19.947,-0.782,0,0,none,-1,-1
R01-AZ,2026-09-01 01:48:00,-1.4369999999999976,0.682999999999998,20.036,0.449,0,0,none,-1,-1
R01-AZ,2026-09-01 01:50:00,-2.042000000000005,-2.258000000000008,19.776,-2.1,0,0,none,-1,-1
R01-AZ,2026-09-01 01:52:00,-1.8839999999999986,1.138999999999994,19.954,-0.101,0,0,none,-1,-1
R01-AZ,2026-09-01 01:54:00,-1.7874999999999996,-0.7280000000000051,19.913,-0.842,0,0,none,-1,-1
R01-AZ,2026-09-01 01:56:00,-1.117999999999995,-1.0040000000000138,19.74,-0.716,0,0,none,-1,-1
R01-AZ,2026-09-01 01:58:00,-0.642000000000003,-1.5300000000000082,19.835,-1.362,0,0,none,-1,-1
R01-AZ,2026-09-01 02:00:00,-1.9000000000000004,-1.2450000000000117,19.884,-1.339,0,0,none,-1,-1
R01-AZ,2026-09-01 02:02:00,-2.3310000000000013,1.7179999999999929,20.026,0.194,0,0,none,-1,-1
R01-AZ,2026-09-01 02:04:00,-1.0999999999999925,-0.7200000000000006,19.854,-0.683,0,0,none,-1,-1
R01-AZ,2026-09-01 02:06:00,-1.5889999999999898,-2.2070000000000043,19.756,-1.71,0,0,none,-1,-1
R01-AZ,2026-09-01 02:08:00,-0.7080000000000002,-0.7030000000000047,19.958,-0.055,0,0,none,-1,-1
R01-AZ,2026-09-01 02:10:00,-1.378999999999996,-0.600000000000005,19.883,-0.875,0,0,none,-1,-1
R01-AZ,2026-09-01 02:12:00,-1.4959999999999969,-0.12800000000000722,19.904,-0.983,0,0,none,-1,-1
R01-AZ,2026-09-01 02:14:00,-1.6049999999999933,-2.644000000000009,19.578,-2.632,0,0,none,-1,-1
R01-AZ,2026-09-01 02:16:00,-1.418999999999997,-0.4750000000000174,19.906,-0.176,0,0,none,-1,-1
R01-AZ,2026-09-01 02:18:00,-0.7259999999999973,-1.9390000000000036,19.757,-1.695,0,0,none,-1,-1
R01-AZ,2026-09-01 02:20:00,-0.9144999999999968,-0.07700000000001239,19.974,-0.151,0,0,none,-1,-1
R01-AZ,2026-09-01 02:22:00,-1.3339999999999943,1.1179999999999843,19.945,-0.519,0,0,none,-1,-1
R01-AZ,2026-09-01 02:24:00,-2.7060000000000013,0.33899999999998265,19.883,-1.333,0,0,none,-1,-1
R01-AZ,2026-09-01 02:26:00,-0.7789999999999981,0.2794999999999952,19.969,-0.106,0,0,none,-1,-1
R01-AZ,2026-09-01 02:28:00,-1.511499999999998,-0.26100000000001167,19.767,-1.101,0,0,none,-1,-1
R01-AZ,2026-09-01 02:30:00,-0.6950000000000038,0.03499999999999126,19.974,0.65,0,0,none,-1,-1
R01-AZ,2026-09-01 02:32:00,-1.1229999999999958,0.2819999999999947,19.952,0.095,0,0,none,-1,-1
R01-AZ,2026-09-01 02:34:00,-1.5750000000000028,-1.5135000000000023,19.652,-1.907,0,0,none,-1,-1
R01-AZ,2026-09-01 02:36:00,-1.5569999999999986,-1.3060000000000116,19.635,-1.396,0,0,none,-1,-1
R01-AZ,2026-09-01 02:38:00,-1.548,-0.9705000000000084,19.95,-0.826,0,0,none,-1,-1
R01-AZ,2026-09-01 02:40:00,-1.1720000000000024,-0.7560000000000109,19.882,-0.814,0,0,none,-1,-1
R01-AZ,2026-09-01 02:42:00,-2.2319999999999904,0.009999999999999787,19.772,-1.68,0,0,none,-1,-1
R01-AZ,2026-09-01 02:44:00,-1.798,-0.8430000000000071,19.985,-0.794,0,0,none,-1,-1
R01-AZ,2026-09-01 02:46:00,-1.8199999999999985,-41.02300000000001,-15.557,-41.032,1,1,fiber_cut,10,1
R01-AZ,2026-09-01 02:48:00,-1.0824999999999996,-40.49200000000001,-15.094,-40.261,1,1,fiber_cut,10,1
R01-AZ,2026-09-01 02:50:00,-1.4519999999999964,-39.36200000000001,-15.976,-40.795,1,1,fiber_cut,10,1
R01-AZ,2026-09-01 02:52:00,-1.7799999999999958,-42.088000000000015,-16.15,-41.8,1,1,fiber_cut,10,1
R01-AZ,2026-09-01 02:54:00,-2.0375000000000014,-39.762,-15.57,-41.082,1,1,fiber_cut,10,1
R01-AZ,2026-09-01 02:56:00,-2.1485000000000003,-40.67400000000001,-15.672,-41.325,1,1,fiber_cut,10,1
R01-AZ,2026-09-01 02:58:00,-1.1429999999999971,-41.00400000000002,-15.601,-41.127,1,1,fiber_cut,10,1
R01-AZ,2026-09-01 03:00:00,-1.259999999999998,-39.88700000000001,-14.444,-39.611,1,1,fiber_cut,10,1
R01-AZ,2026-09-01 03:02:00,-1.1490000000000045,-41.458999999999996,-16.233,-41.48,1,1,fiber_cut,10,1
R01-AZ,2026-09-01 03:04:00,-1.4940000000000015,-39.295,-14.759,-39.755,1,1,fiber_cut,10,1
R01-AZ,2026-09-01 03:06:00,-1.3870000000000022,-38.959,-15.402,-40.413,1,1,fiber_cut,10,1
R01-AZ,2026-09-01 03:08:00,-1.5254999999999939,-39.18000000000001,-14.874,-39.953,1,1,fiber_cut,10,1
R01-AZ,2026-09-01 03:10:00,-2.328999999999997,-39.70600000000001,-14.648,-40.21,1,1,fiber_cut,10,1
R01-AZ,2026-09-01 03:12:00,-1.274999999999995,-38.97900000000001,-15.09,-40.449,1,1,fiber_cut,10,1
R01-AZ,2026-09-01 03:14:00,-2.3520000000000003,-40.697,-15.789,-41.218,1,1,fiber_cut,10,1
R01-AZ,2026-09-01 03:16:00,-0.9599999999999973,-42.59100000000001,-16.031,-41.588,1,1,fiber_cut,10,1
R01-AZ,2026-09-01 03:18:00,-1.681999999999995,-40.44500000000001,-15.504,-40.843,1,1,fiber_cut,10,1
R01-AZ,2026-09-01 03:20:00,-2.4320000000000004,-40.47700000000001,-16.045,-41.432,1,1,fiber_cut,10,1
R01-AZ,2026-09-01 03:22:00,-1.6989999999999963,-1.226500000000014,19.72,-1.479,0,0,none,-1,-1
R01-AZ,2026-09-01 03:24:00,-1.308999999999994,0.5734999999999939,19.942,0.349,0,0,none,-1,-1
R01-AZ,2026-09-01 03:26:00,-2.040000000000001,-1.1060000000000052,19.792,-1.256,0,0,none,-1,-1
R01-AZ,2026-09-01 03:28:00,-1.6949999999999985,-1.5380000000000074,19.748,-1.588,0,0,none,-1,-1
R01-AZ,2026-09-01 03:30:00,-0.9000000000000004,-0.8540000000000099,19.858,-1.126,0,0,none,-1,-1
R01-AZ,2026-09-01 03:32:00,-1.5909999999999958,-1.527500000000007,19.935,-1.36,0,0,none,-1,-1
R01-AZ,2026-09-01 03:34:00,-1.1179999999999968,0.6684999999999892,20.018,0.1,0,0,none,-1,-1
R01-AZ,2026-09-01 03:36:00,-1.5914999999999946,0.12649999999998407,19.85,-0.635,0,0,none,-1,-1
R01-AZ,2026-09-01 03:38:00,-1.870000000000001,-0.04600000000001003,19.663,-1.481,0,0,none,-1,-1
R01-AZ,2026-09-01 03:40:00,-1.4849999999999977,-1.365500000000008,19.835,-0.852,0,0,none,-1,-1
R01-AZ,2026-09-01 03:42:00,-1.8370000000000068,0.3359999999999861,20.025,-0.086,0,0,none,-1,-1
R01-AZ,2026-09-01 03:44:00,-0.7049999999999983,0.6544999999999934,19.973,0.83,0,0,none,-1,-1
R01-AZ,2026-09-01 03:46:00,-1.5309999999999988,-1.973000000000006,19.54,-2.388,0,0,none,-1,-1
R01-AZ,2026-09-01 03:48:00,-1.693999999999999,-1.3720000000000052,19.937,-1.021,0,0,none,-1,-1
R01-AZ,2026-09-01 03:50:00,-1.269499999999999,-2.080000000000009,19.895,-0.653,0,0,none,-1,-1
R01-AZ,2026-09-01 03:52:00,-1.5649999999999977,0.0059999999999860165,19.851,-0.746,0,0,none,-1,-1
R01-AZ,2026-09-01 03:54:00,-0.8250000000000046,-2.0580000000000034,19.844,-0.86,0,0,none,-1,-1
R01-AZ,2026-09-01 03:56:00,-0.6759999999999966,0.2604999999999933,19.925,1.522,0,0,none,-1,-1
R01-AZ,2026-09-01 03:58:00,-1.6699999999999946,1.1959999999999944,20.019,0.704,0,0,none,-1,-1
R01-AZ,2026-09-01 04:00:00,-1.7539999999999996,-0.5230000000000103,19.946,-0.528,0,0,none,-1,-1
R01-AZ,2026-09-01 04:02:00,-0.7429999999999914,-0.6220000000000052,19.971,-0.282,0,0,none,-1,-1
R01-AZ,2026-09-01 04:04:00,-1.8740000000000023,1.0959999999999948,19.903,0.775,0,0,none,-1,-1
R01-AZ,2026-09-01 04:06:00,-1.4159999999999986,-1.2070000000000078,19.986,-0.632,0,0,none,-1,-1
R01-AZ,2026-09-01 04:08:00,-1.4060000000000006,-1.6210000000000093,19.888,-1.531,0,0,none,-1,-1
R01-AZ,2026-09-01 04:10:00,-1.4280000000000008,-1.180000000000014,19.885,-1.074,0,0,none,-1,-1
R01-AZ,2026-09-01 04:12:00,-1.1829999999999927,0.47899999999999743,19.925,-0.756,0,0,none,-1,-1
R01-AZ,2026-09-01 04:14:00,-1.2929999999999993,-0.6760000000000019,19.938,-0.533,0,0,none,-1,-1
R01-AZ,2026-09-01 04:16:00,-1.2124999999999897,-0.8960000000000061,19.974,-0.222,0,0,none,-1,-1
R01-AZ,2026-09-01 04:18:00,-1.1470000000000002,-0.3090000000000064,19.918,-0.704,0,0,none,-1,-1
R01-AZ,2026-09-01 04:20:00,-1.3290000000000006,1.0479999999999876,20.025,0.535,0,0,none,-1,-1
R01-AZ,2026-09-01 04:22:00,-0.3081666666666596,0.3079999999999856,19.937,0.023,0,0,none,-1,-1
R01-AZ,2026-09-01 04:24:00,-2.517333333333333,-39.426,-15.859,-40.74,1,1,fiber_cut,9,2
R01-AZ,2026-09-01 04:26:00,-1.25,-38.955000000000005,-14.728,-39.803,1,1,fiber_cut,9,2
R01-AZ,2026-09-01 04:28:00,-1.535000000000002,-39.53300000000001,-14.256,-39.474,1,1,fiber_cut,9,2
R01-AZ,2026-09-01 04:30:00,-1.1690000000000058,-37.674,-14.715,-39.487,1,1,fiber_cut,9,2
R01-AZ,2026-09-01 04:32:00,-0.3379999999999992,-39.977999999999994,-14.149,-38.734,1,1,fiber_cut,9,2
R01-AZ,2026-09-01 04:34:00,-0.7489999999999917,-0.3455000000000137,19.949,0.408,0,0,none,-1,-1
R01-AZ,2026-09-01 04:36:00,-0.8703333333333383,0.5899999999999928,20.015,-0.0,0,0,none,-1,-1
R01-AZ,2026-09-01 04:38:00,-1.1456666666666617,0.0019999999999829043,19.969,-0.213,0,0,none,-1,-1
R01-AZ,2026-09-01 04:40:00,-1.2749999999999968,1.0849999999999902,20.009,0.244,0,0,none,-1,-1
R01-AZ,2026-09-01 04:42:00,-0.6259999999999941,-0.4280000000000115,20.008,-0.008,0,0,fiber_degradation,10,3
R01-AZ,2026-09-01 04:44:00,1.315999999999999,-2.5360000000000085,19.896,-0.127,0,0,fiber_degradation,10,3
R01-AZ,2026-09-01 04:46:00,0.5080000000000009,-3.579000000000006,19.405,-2.686,0,0,fiber_degradation,10,3
R01-AZ,2026-09-01 04:48:00,-0.34399999999999586,-5.401000000000007,18.934,-3.816,0,0,fiber_degradation,10,3
R01-AZ,2026-09-01 04:50:00,0.44599999999999973,-6.761000000000006,17.768,-5.22,0,0,fiber_degradation,10,3
R01-AZ,2026-09-01 04:52:00,0.059999999999996945,-10.055500000000011,15.628,-8.019,1,0,fiber_degradation,10,3
R01-AZ,2026-09-01 04:54:00,0.12299999999999756,-10.059000000000006,15.268,-8.868,1,0,fiber_degradation,10,3
R01-AZ,2026-09-01 04:56:00,0.4580000000000126,-9.741000000000009,14.834,-9.203,1,0,fiber_degradation,10,3
R01-AZ,2026-09-01 04:58:00,0.40200000000000635,-11.382500000000006,14.579,-9.839,1,0,fiber_degradation,10,3
R01-AZ,2026-09-01 05:00:00,0.2870000000000008,-11.357000000000003,14.175,-10.585,1,0,fiber_degradation,10,3
R01-AZ,2026-09-01 05:02:00,-0.22400000000000198,-10.299000000000003,14.774,-8.921,1,0,fiber_degradation,10,3
R01-AZ,2026-09-01 05:04:00,1.36000000000001,-11.165000000000012,15.319,-8.521,1,0,fiber_degradation,10,3
R01-AZ,2026-09-01 05:06:00,-2.1680000000000046,0.602999999999998,20.018,0.22,0,0,none,-1,-1
R01-AZ,2026-09-01 05:08:00,-1.6500000000000021,0.8369999999999997,20.002,-0.303,0,0,none,-1,-1
R01-AZ,2026-09-01 05:10:00,-1.1869999999999976,-0.11500000000000732,19.928,0.984,0,0,none,-1,-1
R01-AZ,2026-09-01 05:12:00,-0.35899999999999643,-0.5860000000000092,19.969,0.567,0,0,none,-1,-1
R01-AZ,2026-09-01 05:14:00,-1.7769999999999975,0.8139999999999858,20.049,0.278,0,0,none,-1,-1
R01-AZ,2026-09-01 05:16:00,-2.185000000000004,-1.0495000000000072,19.793,-1.121,0,0,none,-1,-1
R01-AZ,2026-09-01 05:18:00,-1.5319999999999965,0.9409999999999883,19.922,1.074,0,0,none,-1,-1
R01-AZ,2026-09-01 05:20:00,-1.8939999999999877,2.575999999999997,19.95,1.867,0,0,none,-1,-1
R01-AZ,2026-09-01 05:22:00,-1.1119999999999983,-0.3030000000000115,19.934,0.554,0,0,none,-1,-1
R01-AZ,2026-09-01 05:24:00,-1.3939999999999948,1.034499999999996,20.055,0.547,0,0,none,-1,-1
R01-AZ,2026-09-01 05:26:00,-1.6680000000000028,0.7189999999999923,20.017,0.138,0,0,none,-1,-1
R01-AZ,2026-09-01 05:28:00,-1.0229999999999961,0.3799999999999937,20.042,0.899,0,0,none,-1,-1
R01-AZ,2026-09-01 05:30:00,-2.170499999999997,1.7099999999999902,19.97,0.812,0,0,none,-1,-1
R01-AZ,2026-09-01 05:32:00,-1.7849999999999913,-1.0550000000000033,19.959,-0.917,0,0,none,-1,-1
R01-AZ,2026-09-01 05:34:00,-5.681999999999993,0.5139999999999958,18.436,-3.792,0,0,amplifier_degradation,7,4
R01-AZ,2026-09-01 05:36:00,-4.993,1.6239999999999846,19.298,-2.509,0,0,amplifier_degradation,7,4
R01-AZ,2026-09-01 05:38:00,-4.6409999999999965,1.994499999999988,19.3,-1.554,0,0,amplifier_degradation,7,4
R01-AZ,2026-09-01 05:40:00,-6.196999999999997,1.7989999999999888,19.178,-2.844,0,0,amplifier_degradation,7,4
R01-AZ,2026-09-01 05:42:00,-6.3919999999999995,2.344999999999997,18.945,-2.743,0,0,amplifier_degradation,7,4
R01-AZ,2026-09-01 05:44:00,-6.424999999999999,1.1134999999999966,18.893,-3.642,0,0,amplifier_degradation,7,4
R01-AZ,2026-09-01 05:46:00,-6.51,0.5384999999999973,18.035,-4.575,0,0,amplifier_degradation,7,4
R01-AZ,2026-09-01 05:48:00,-5.419999999999998,-0.03100000000000591,18.168,-4.258,0,0,amplifier_degradation,7,4
R01-AZ,2026-09-01 05:50:00,-5.1119999999999965,1.296999999999997,19.076,-2.491,0,0,amplifier_degradation,7,4
R01-AZ,2026-09-01 05:52:00,-6.354999999999999,-0.6020000000000056,18.215,-4.719,0,0,amplifier_degradation,7,4
R01-AZ,2026-09-01 05:54:00,-5.956499999999995,2.039999999999985,18.31,-4.295,0,0,amplifier_degradation,7,4
R01-AZ,2026-09-01 05:56:00,-5.8959999999999955,1.9719999999999835,18.835,-3.683,0,0,amplifier_degradation,7,4
R01-AZ,2026-09-01 05:58:00,-5.38549999999999,0.737999999999996,18.774,-3.029,0,0,amplifier_degradation,7,4
R01-AZ,2026-09-01 06:00:00,-6.6569999999999965,0.3019999999999907,18.478,-4.506,0,0,amplifier_degradation,7,4
R01-AZ,2026-09-01 06:02:00,-6.220000000000004,0.6439999999999895,18.436,-4.077,0,0,amplifier_degradation,7,4
R01-AZ,2026-09-01 06:04:00,-5.909999999999998,-0.32800000000001006,17.717,-5.472,0,0,amplifier_degradation,7,4
R01-AZ,2026-09-01 06:06:00,-6.112000000000004,0.47199999999999065,18.646,-3.923,0,0,amplifier_degradation,7,4
R01-AZ,2026-09-01 06:08:00,-6.277000000000001,1.0469999999999953,18.489,-3.963,0,0,amplifier_degradation,7,4
R01-AZ,2026-09-01 06:10:00,-6.301999999999994,-0.038000000000000256,17.969,-4.594,0,0,amplifier_degradation,7,4
R01-AZ,2026-09-01 06:12:00,-4.410999999999991,1.5769999999999929,19.309,-1.932,0,0,amplifier_degradation,7,4
R01-AZ,2026-09-01 06:14:00,-5.242000000000001,1.4129999999999932,18.907,-2.818,0,0,amplifier_degradation,7,4
R01-AZ,2026-09-01 06:16:00,-6.33,-0.08500000000000973,18.26,-4.579,0,0,amplifier_degradation,7,4
R01-AZ,2026-09-01 06:18:00,-6.086999999999998,1.288999999999998,17.955,-4.45,0,0,amplifier_degradation,7,4
R01-AZ,2026-09-01 06:20:00,-5.071000000000003,0.34899999999998954,18.64,-2.918,0,0,amplifier_degradation,7,4
R01-AZ,2026-09-01 06:22:00,-5.314999999999996,0.7459999999999933,18.207,-3.935,0,0,amplifier_degradation,7,4
R01-AZ,2026-09-01 06:24:00,-6.603999999999999,1.3589999999999929,18.498,-3.615,0,0,amplifier_degradation,7,4
R01-AZ,2026-09-01 06:26:00,-5.6899999999999995,0.6419999999999941,18.907,-3.574,0,0,amplifier_degradation,7,4
R01-AZ,2026-09-01 06:28:00,-6.121000000000006,0.5119999999999898,18.321,-4.506,0,0,amplifier_degradation,7,4
R01-AZ,2026-09-01 06:30:00,-5.286000000000005,2.089999999999989,18.786,-2.724,0,0,amplifier_degradation,7,4
R01-AZ,2026-09-01 06:32:00,-6.445,1.5039999999999907,18.432,-3.767,0,0,amplifier_degradation,7,4
R01-AZ,2026-09-01 06:34:00,-5.638500000000006,1.6169999999999884,18.991,-2.367,0,0,amplifier_degradation,7,4
R01-AZ,2026-09-01 06:36:00,-4.564,1.8519999999999897,19.082,-2.3,0,0,amplifier_degradation,7,4
R01-AZ,2026-09-01 06:38:00,-4.549000000000003,1.9554999999999882,19.119,-2.216,0,0,amplifier_degradation,7,4
R01-AZ,2026-09-01 06:40:00,-5.656999999999993,-1.2690000000000055,17.894,-4.73,0,0,amplifier_degradation,7,4
R01-AZ,2026-09-01 06:42:00,-5.716499999999996,1.7780000000000005,19.018,-2.408,0,0,amplifier_degradation,7,4
R01-AZ,2026-09-01 06:44:00,-5.840999999999999,0.45099999999999163,18.59,-3.686,0,0,amplifier_degradation,7,4
R01-AZ,2026-09-01 06:46:00,-4.630000000000001,0.881999999999989,19.032,-3.133,0,0,amplifier_degradation,7,4
R01-AZ,2026-09-01 06:48:00,-6.028999999999996,0.04799999999998761,17.835,-4.595,0,0,amplifier_degradation,7,4
R01-AZ,2026-09-01 06:50:00,-5.626000000000005,1.1349999999999927,18.662,-3.498,0,0,amplifier_degradation,7,4
R01-AZ,2026-09-01 06:52:00,-5.227000000000006,-0.5080000000000044,18.575,-3.936,0,0,amplifier_degradation,7,4
R01-AZ,2026-09-01 06:54:00,-5.873999999999997,1.7009999999999934,18.874,-3.521,0,0,amplifier_degradation,7,4
R01-AZ,2026-09-01 06:56:00,-5.996499999999999,0.5739999999999927,18.652,-4.318,0,0,amplifier_degradation,7,4
R01-AZ,2026-09-01 06:58:00,-6.458,0.6969999999999974,18.065,-4.786,0,0,amplifier_degradation,7,4
R01-AZ,2026-09-01 07:00:00,-6.365000000000002,0.09899999999998954,18.307,-4.829,0,0,amplifier_degradation,7,4
R01-AZ,2026-09-01 07:02:00,-5.703999999999997,0.6109999999999811,18.356,-4.396,0,0,amplifier_degradation,7,4
R01-AZ,2026-09-01 07:04:00,-6.316999999999991,0.7724999999999955,18.678,-3.642,0,0,amplifier_degradation,7,4
R01-AZ,2026-09-01 07:06:00,-5.0469999999999935,-0.3190000000000097,17.976,-4.123,0,0,amplifier_degradation,7,4
R01-AZ,2026-09-01 07:08:00,-6.088999999999995,-0.8770000000000131,17.894,-5.534,0,0,amplifier_degradation,7,4
R01-AZ,2026-09-01 07:10:00,-4.809999999999999,-2.0500000000000043,17.959,-5.24,0,0,amplifier_degradation,7,4
R01-AZ,2026-09-01 07:12:00,-6.02699999999999,0.45999999999999375,18.254,-4.203,0,0,amplifier_degradation,7,4
R01-AZ,2026-09-01 07:14:00,-5.5699999999999985,-0.14500000000000313,18.412,-4.227,0,0,amplifier_degradation,7,4
R01-AZ,2026-09-01 07:16:00,-5.729999999999995,0.35999999999998344,18.526,-3.683,0,0,amplifier_degradation,7,4
R01-AZ,2026-09-01 07:18:00,-5.574000000000002,-0.528000000000004,18.39,-4.196,0,0,amplifier_degradation,7,4
R01-AZ,2026-09-01 07:20:00,-6.057999999999993,-0.16200000000001147,18.242,-4.447,0,0,amplifier_degradation,7,4
R01-AZ,2026-09-01 07:22:00,-1.2890000000000015,1.274999999999995,19.974,0.191,0,0,none,-1,-1
R01-AZ,2026-09-01 07:24:00,-1.3960000000000026,1.1609999999999943,20.039,-0.205,0,0,none,-1,-1
R01-AZ,2026-09-01 07:26:00,-1.5629999999999935,1.6306666666666576,19.988,0.261,0,0,none,-1,-1
R01-AZ,2026-09-01 07:28:00,-1.5624999999999964,0.5633333333333326,19.956,-0.584,0,0,none,-1,-1
R01-AZ,2026-09-01 07:30:00,-1.5619999999999976,-0.5040000000000067,19.979,-0.799,0,0,none,-1,-1
R01-AZ,2026-09-01 07:32:00,-1.521999999999995,0.6404999999999941,19.998,0.961,0,0,none,-1,-1
R01-AZ,2026-09-01 07:34:00,-0.5189999999999966,-0.09900000000001086,19.971,-0.276,0,0,none,-1,-1
R01-AZ,2026-09-01 07:36:00,-1.5454999999999934,-1.4770000000000039,19.744,-1.735,0,0,none,-1,-1
R01-AZ,2026-09-01 07:38:00,-1.2089999999999996,1.2039999999999917,19.988,0.418,0,0,none,-1,-1
R01-AZ,2026-09-01 07:40:00,-1.9089999999999936,-0.5280000000000076,19.912,-0.695,0,0,none,-1,-1
R01-AZ,2026-09-01 07:42:00,-0.3849999999999909,-8.716000000000003,15.788,-8.183,1,0,fiber_degradation,9,5
R01-AZ,2026-09-01 07:44:00,-0.24099999999999966,-8.537000000000004,16.256,-7.722,1,0,fiber_degradation,9,5
R01-AZ,2026-09-01 07:46:00,-0.8694999999999933,-8.128000000000009,15.873,-8.067,1,0,fiber_degradation,9,5
R01-AZ,2026-09-01 07:48:00,-0.19100000000000428,-10.943000000000014,15.584,-8.78,1,0,fiber_degradation,9,5
R01-AZ,2026-09-01 07:50:00,-0.9519999999999929,-9.107000000000008,15.256,-8.758,1,0,fiber_degradation,9,5
R01-AZ,2026-09-01 07:52:00,0.22500000000000497,-8.228000000000003,16.119,-7.18,1,0,fiber_degradation,9,5
R01-AZ,2026-09-01 07:54:00,-0.8604999999999947,-8.352000000000011,16.291,-8.096,1,0,fiber_degradation,9,5
R01-AZ,2026-09-01 07:56:00,-1.4199999999999964,-9.657000000000004,15.716,-8.501,1,0,fiber_degradation,9,5
R01-AZ,2026-09-01 07:58:00,-0.2419999999999991,-8.155000000000012,16.226,-7.598,1,0,fiber_degradation,9,5
R01-AZ,2026-09-01 08:00:00,-0.7249999999999996,-8.433000000000002,15.56,-8.538,1,0,fiber_degradation,9,5
R01-AZ,2026-09-01 08:02:00,-1.0150000000000006,-8.439000000000009,15.737,-8.2,1,0,fiber_degradation,9,5
R01-AZ,2026-09-01 08:04:00,-1.2484999999999964,-8.558000000000003,15.566,-8.233,1,0,fiber_degradation,9,5
R01-AZ,2026-09-01 08:06:00,0.33699999999999974,-10.14200000000001,15.552,-8.464,1,0,fiber_degradation,9,5
R01-AZ,2026-09-01 08:08:00,-0.04900000000000304,-8.206000000000007,16.324,-7.248,1,0,fiber_degradation,9,5
R01-AZ,2026-09-01 08:10:00,-1.2079999999999949,-1.727000000000002,19.965,-0.838,0,0,none,-1,-1
R01-AZ,2026-09-01 08:12:00,-1.609499999999997,-0.01950000000000074,20.003,-0.258,0,0,none,-1,-1
R01-AZ,2026-09-01 08:14:00,-2.0109999999999992,1.6879999999999935,19.958,0.795,0,0,none,-1,-1
R01-AZ,2026-09-01 08:16:00,-1.6209999999999916,0.11899999999999267,19.844,-1.113,0,0,none,-1,-1
R01-AZ,2026-09-01 08:18:00,-1.871499999999994,0.024999999999995026,19.96,-0.305,0,0,none,-1,-1
R01-AZ,2026-09-01 08:20:00,-1.6139999999999972,-1.1980000000000057,19.939,-0.549,0,0,none,-1,-1
R01-AZ,2026-09-01 08:22:00,-1.3180000000000032,-0.34700000000000486,19.86,-1.017,0,0,none,-1,-1
R01-AZ,2026-09-01 08:24:00,-0.9329999999999927,-2.1030000000000086,19.884,-0.691,0,0,none,-1,-1
R01-AZ,2026-09-01 08:26:00,-0.7060000000000013,-0.9475000000000069,19.827,-1.11,0,0,none,-1,-1
R01-AZ,2026-09-01 08:28:00,-2.2020000000000017,-0.19900000000000695,19.973,-0.412,0,0,none,-1,-1
R01-AZ,2026-09-01 08:30:00,-1.487999999999996,-0.5010000000000101,19.928,-0.561,0,0,none,-1,-1
R01-AZ,2026-09-01 08:32:00,-0.972999999999999,0.02199999999998603,19.981,-0.276,0,0,none,-1,-1
R01-AZ,2026-09-01 08:34:00,-1.5574999999999974,0.24099999999998545,19.954,-0.863,0,0,none,-1,-1
R01-AZ,2026-09-01 08:36:00,-2.452499999999997,-0.9249999999999989,19.941,-1.369,0,0,none,-1,-1
R01-AZ,2026-09-01 08:38:00,-0.6979999999999897,-0.8680000000000092,19.966,-0.198,0,0,none,-1,-1
R01-AZ,2026-09-01 08:40:00,-1.9910000000000014,-1.3110000000000106,19.8,-1.58,0,0,none,-1,-1
R01-AZ,2026-09-01 08:42:00,-1.6539999999999981,-0.8400000000000141,19.749,-1.844,0,0,none,-1,-1
R01-AZ,2026-09-01 08:44:00,-0.8630000000000013,-2.0620000000000083,19.837,-1.321,0,0,none,-1,-1
R01-AZ,2026-09-01 08:46:00,-2.4099999999999966,-0.14900000000001334,19.921,-1.11,0,0,none,-1,-1
R01-AZ,2026-09-01 08:48:00,-1.2959999999999958,0.2709999999999919,19.987,0.1,0,0,none,-1,-1
R01-AZ,2026-09-01 08:50:00,-2.139000000000003,-2.102000000000009,19.421,-2.677,0,0,none,-1,-1
R01-AZ,2026-09-01 08:52:00,-1.3399999999999928,0.8479999999999883,19.903,-0.624,0,0,none,-1,-1
R01-AZ,2026-09-01 08:54:00,-1.063499999999996,-1.033000000000012,19.939,-0.643,0,0,none,-1,-1
R01-AZ,2026-09-01 08:56:00,-1.245000000000001,-0.7100000000000026,19.884,-1.186,0,0,none,-1,-1
R01-AZ,2026-09-01 08:58:00,-1.2920000000000016,-2.280000000000012,19.405,-2.701,0,0,none,-1,-1
R01-AZ,2026-09-01 09:00:00,-1.1299999999999972,-1.2035000000000018,19.994,0.155,0,0,none,-1,-1
R01-AZ,2026-09-01 09:02:00,-0.7579999999999938,-1.8080000000000123,19.834,-1.129,0,0,none,-1,-1
R01-AZ,2026-09-01 09:04:00,-1.2830000000000013,-2.811000000000009,19.552,-1.909,0,0,none,-1,-1
R01-AZ,2026-09-01 09:06:00,-0.7789999999999981,-2.0839999999999996,19.893,-1.218,0,0,none,-1,-1
R01-AZ,2026-09-01 09:08:00,-1.1889999999999965,-0.3390000000000093,19.926,-0.416,0,0,none,-1,-1
R01-AZ,2026-09-01 09:10:00,-1.0409999999999986,-2.226000000000006,19.694,-1.9,0,0,none,-1,-1
R01-AZ,2026-09-01 09:12:00,-1.395999999999992,-0.9835000000000136,19.909,-1.058,0,0,none,-1,-1
R01-AZ,2026-09-01 09:14:00,-0.6969999999999938,-2.100000000000012,19.955,-0.862,0,0,none,-1,-1
R01-AZ,2026-09-01 09:16:00,-13.524999999999995,-1.3335000000000043,12.49,-13.014,1,1,amplifier_degradation,9,6
R01-AZ,2026-09-01 09:18:00,-12.886500000000003,-0.794000000000004,13.064,-12.175,1,0,amplifier_degradation,9,6
R01-AZ,2026-09-01 09:20:00,-12.410499999999999,-1.2165000000000035,12.86,-12.317,1,1,amplifier_degradation,9,6
R01-AZ,2026-09-01 09:22:00,-13.011999999999999,-1.2195000000000036,12.422,-12.849,1,1,amplifier_degradation,9,6
R01-AZ,2026-09-01 09:24:00,-12.69,-0.40100000000001046,13.19,-11.343,1,0,amplifier_degradation,9,6
R01-AZ,2026-09-01 09:26:00,-12.72599999999999,-1.0430000000000135,12.953,-11.768,1,1,amplifier_degradation,9,6
R01-AZ,2026-09-01 09:28:00,-14.154499999999997,-1.451000000000004,12.2,-13.525,1,1,amplifier_degradation,9,6
R01-AZ,2026-09-01 09:30:00,-12.515,-1.6380000000000052,12.656,-12.485,1,1,amplifier_degradation,9,6
R01-AZ,2026-09-01 09:32:00,-12.392999999999997,-1.5780000000000012,12.828,-12.287,1,1,amplifier_degradation,9,6
R01-AZ,2026-09-01 09:34:00,-12.656999999999995,-0.8430000000000017,12.499,-12.938,1,1,amplifier_degradation,9,6
R01-AZ,2026-09-01 09:36:00,-12.923499999999994,-1.4690000000000047,12.121,-13.016,1,1,amplifier_degradation,9,6
R01-AZ,2026-09-01 09:38:00,-13.418999999999999,0.23899999999999366,13.112,-11.905,1,0,amplifier_degradation,9,6
R01-AZ,2026-09-01 09:40:00,-12.953999999999992,-0.6560000000000024,13.392,-11.573,1,0,amplifier_degradation,9,6
R01-AZ,2026-09-01 09:42:00,-13.288,-0.5980000000000061,12.043,-12.914,1,1,amplifier_degradation,9,6
R01-AZ,2026-09-01 09:44:00,-1.8130000000000006,-1.241000000000005,19.775,-1.688,0,0,none,-1,-1
R01-AZ,2026-09-01 09:46:00,-2.15299999999999,-1.650000000000011,19.809,-1.771,0,0,none,-1,-1
R01-AZ,2026-09-01 09:48:00,-0.9620000000000033,-0.21800000000001063,19.873,-0.684,0,0,none,-1,-1
R01-AZ,2026-09-01 09:50:00,-2.3679999999999968,-0.5580000000000052,19.816,-1.337,0,0,none,-1,-1
R01-AZ,2026-09-01 09:52:00,-2.326999999999998,-1.665000000000008,19.635,-2.76,0,0,none,-1,-1
R01-AZ,2026-09-01 09:54:00,-1.6814999999999998,-1.5625000000000107,19.986,-0.409,0,0,none,-1,-1
R01-AZ,2026-09-01 09:56:00,-1.0360000000000014,-1.4600000000000097,19.95,-0.58,0,0,none,-1,-1
R01-AZ,2026-09-01 09:58:00,-0.4929999999999932,-1.0510000000000144,19.951,-0.193,0,0,none,-1,-1
R01-ZA,2026-09-01 00:00:00,0.4709999999999912,-0.060000000000002274,19.844,0.563,0,0,none,-1,-1
R01-ZA,2026-09-01 00:02:00,0.5489999999999959,-0.3819999999999979,19.72,-0.068,0,0,none,-1,-1
R01-ZA,2026-09-01 00:04:00,-0.08000000000000185,-0.4679999999999982,20.008,-0.114,0,0,none,-1,-1
R01-ZA,2026-09-01 00:06:00,-0.1394999999999964,-0.835999999999995,19.987,-0.428,0,0,none,-1,-1
R01-ZA,2026-09-01 00:08:00,0.9149999999999938,-0.5139999999999976,19.374,1.375,0,0,none,-1,-1
R01-ZA,2026-09-01 00:10:00,0.3990000000000009,-0.3130000000000006,19.959,0.217,0,0,none,-1,-1
R01-ZA,2026-09-01 00:12:00,-0.3510000000000044,-0.7169999999999952,19.935,-0.129,0,0,none,-1,-1
R01-ZA,2026-09-01 00:14:00,0.5799999999999912,0.027000000000001023,19.997,-0.277,0,0,none,-1,-1
R01-ZA,2026-09-01 00:16:00,0.43299999999999983,-1.1410000000000018,19.955,-0.074,0,0,none,-1,-1
R01-ZA,2026-09-01 00:18:00,1.6519999999999921,-0.017999999999993577,19.936,0.963,0,0,none,-1,-1
R01-ZA,2026-09-01 00:20:00,-0.44900000000000695,-1.2910000000000004,20.053,-1.323,0,0,none,-1,-1
R01-ZA,2026-09-01 00:22:00,0.7729999999999979,0.7390000000000043,19.745,0.997,0,0,none,-1,-1
R01-ZA,2026-09-01 00:24:00,0.7490000000000006,-0.9499999999999957,19.735,0.023,0,0,none,-1,-1
R01-ZA,2026-09-01 00:26:00,0.9559999999999942,0.3700000000000063,19.351,1.093,0,0,none,-1,-1
R01-ZA,2026-09-01 00:28:00,0.3209999999999962,-0.24999999999999467,19.769,0.667,0,0,none,-1,-1
R01-ZA,2026-09-01 00:30:00,0.4059999999999917,-0.13700000000000045,19.951,0.055,0,0,none,-1,-1
R01-ZA,2026-09-01 00:32:00,0.5189999999999966,0.003000000000007219,19.962,-0.291,0,0,none,-1,-1
R01-ZA,2026-09-01 00:34:00,0.241999999999992,0.8790000000000031,19.806,0.765,0,0,none,-1,-1
R01-ZA,2026-09-01 00:36:00,-0.4169999999999998,-0.1550000000000029,19.923,-0.963,0,0,none,-1,-1
R01-ZA,2026-09-01 00:38:00,1.818499999999995,-0.724000000000002,19.189,1.187,0,0,none,-1,-1
R01-ZA,2026-09-01 00:40:00,1.2299999999999986,-0.5599999999999952,19.901,0.938,0,0,fiber_degradation,3,0
R01-ZA,2026-09-01 00:42:00,0.591999999999997,-1.7769999999999975,19.938,-1.489,0,0,fiber_degradation,3,0
R01-ZA,2026-09-01 00:44:00,0.859,-4.417999999999999,19.18,-3.262,0,0,fiber_degradation,3,0
R01-ZA,2026-09-01 00:46:00,0.11800000000000033,-4.717999999999993,17.919,-4.668,0,0,fiber_degradation,3,0
R01-ZA,2026-09-01 00:48:00,0.2214999999999936,-7.1270000000000024,16.218,-6.937,1,0,fiber_degradation,3,0
R01-ZA,2026-09-01 00:50:00,0.36349999999999305,-8.038,15.547,-7.346,1,0,fiber_degradation,3,0
R01-ZA,2026-09-01 00:52:00,1.2359999999999918,-9.799000000000001,14.245,-8.344,1,0,fiber_degradation,3,0
R01-ZA,2026-09-01 00:54:00,0.4919999999999991,-9.803999999999995,12.64,-9.638,1,1,fiber_degradation,3,0
R01-ZA,2026-09-01 00:56:00,0.6359999999999957,-12.981999999999992,10.39,-12.473,1,1,fiber_degradation,3,0
R01-ZA,2026-09-01 00:58:00,0.6439999999999948,-12.128999999999998,11.184,-11.974,1,1,fiber_degradation,3,0
R01-ZA,2026-09-01 01:00:00,1.1200000000000028,-13.162999999999991,11.019,-11.809,1,1,fiber_degradation,3,0
R01-ZA,2026-09-01 01:02:00,0.9009999999999927,-13.177499999999993,11.295,-11.79,1,1,fiber_degradation,3,0
R01-ZA,2026-09-01 01:04:00,0.2729999999999979,-13.067999999999998,10.451,-12.809,1,1,fiber_degradation,3,0
R01-ZA,2026-09-01 01:06:00,0.9710000000000001,-12.230999999999996,11.484,-11.522,1,1,fiber_degradation,3,0
R01-ZA,2026-09-01 01:08:00,0.8160000000000007,-13.218000000000002,10.851,-12.613,1,1,fiber_degradation,3,0
R01-ZA,2026-09-01 01:10:00,0.7300000000000004,-0.22799999999999976,19.016,1.11,0,0,none,-1,-1
R01-ZA,2026-09-01 01:12:00,0.283000000000003,-1.1860000000000017,20.132,-0.543,0,0,none,-1,-1
R01-ZA,2026-09-01 01:14:00,0.7929999999999922,-0.8820000000000032,20.014,-0.39,0,0,none,-1,-1
R01-ZA,2026-09-01 01:16:00,1.0289999999999981,0.3510000000000062,19.733,0.777,0,0,none,-1,-1
R01-ZA,2026-09-01 01:18:00,0.7549999999999919,0.5259999999999998,19.546,1.311,0,0,none,-1,-1
R01-ZA,2026-09-01 01:20:00,0.6569999999999929,1.6930000000000067,19.542,1.19,0,0,none,-1,-1
R01-ZA,2026-09-01 01:22:00,0.2569999999999961,2.0649999999999995,18.734,2.306,0,0,none,-1,-1
R01-ZA,2026-09-01 01:24:00,0.9409999999999972,0.47899999999999743,19.733,0.614,0,0,none,-1,-1
R01-ZA,2026-09-01 01:26:00,0.8049999999999979,0.7515000000000018,19.615,1.592,0,0,none,-1,-1
R01-ZA,2026-09-01 01:28:00,-0.5140000000000011,0.5059999999999985,19.918,0.231,0,0,none,-1,-1
R01-ZA,2026-09-01 01:30:00,0.2929999999999975,0.702,19.482,-0.175,0,0,none,-1,-1
R01-ZA,2026-09-01 01:32:00,0.9509999999999952,-1.074999999999994,19.873,-0.351,0,0,none,-1,-1
R01-ZA,2026-09-01 01:34:00,0.9659999999999958,0.7140000000000057,19.635,1.332,0,0,none,-1,-1
R01-ZA,2026-09-01 01:36:00,0.11499999999999666,1.320000000000002,18.463,1.972,0,0,none,-1,-1
R01-ZA,2026-09-01 01:38:00,0.516,0.6755000000000049,19.026,1.263,0,0,none,-1,-1
R01-ZA,2026-09-01 01:40:00,0.023999999999999133,0.15200000000000102,19.816,0.1,0,0,fiber_degradation,12,1
R01-ZA,2026-09-01 01:42:00,1.3799999999999955,-1.1809999999999938,19.778,0.784,0,0,fiber_degradation,12,1
R01-ZA,2026-09-01 01:44:00,0.7229999999999954,-0.7889999999999961,19.521,1.08,0,0,fiber_degradation,12,1
R01-ZA,2026-09-01 01:46:00,0.964999999999991,0.7630000000000052,19.223,0.993,0,0,fiber_degradation,12,1
R01-ZA,2026-09-01 01:48:00,0.2309999999999981,-1.2434999999999992,19.837,-1.276,0,0,fiber_degradation,12,1
R01-ZA,2026-09-01 01:50:00,0.7594999999999974,-0.2059999999999942,19.841,0.443,0,0,fiber_degradation,12,1
R01-ZA,2026-09-01 01:52:00,1.4009999999999998,-0.7939999999999987,19.57,-0.079,0,0,fiber_degradation,12,1
R01-ZA,2026-09-01 01:54:00,0.5010000000000012,-1.2490000000000006,19.674,-0.456,0,0,fiber_degradation,12,1
R01-ZA,2026-09-01 01:56:00,-0.07900000000000595,-1.1599999999999966,19.846,-1.331,0,0,fiber_degradation,12,1
R01-ZA,2026-09-01 01:58:00,0.3139999999999894,-1.524000000000001,19.643,-1.399,0,0,fiber_degradation,12,1
R01-ZA,2026-09-01 02:00:00,0.6190000000000015,-2.787500000000003,19.727,-1.596,0,0,fiber_degradation,12,1
R01-ZA,2026-09-01 02:02:00,0.8889999999999958,-1.091999999999997,19.589,-1.283,0,0,fiber_degradation,12,1
R01-ZA,2026-09-01 02:04:00,-0.05600000000000449,-3.7485,19.473,-3.311,0,0,fiber_degradation,12,1
R01-ZA,2026-09-01 02:06:00,0.5040000000000013,-4.356999999999999,19.495,-2.62,0,0,fiber_degradation,12,1
R01-ZA,2026-09-01 02:08:00,0.5799999999999983,-4.702999999999999,19.348,-3.393,0,0,fiber_degradation,12,1
R01-ZA,2026-09-01 02:10:00,-0.6829999999999998,-3.3889999999999993,19.241,-3.794,0,0,fiber_degradation,12,1
R01-ZA,2026-09-01 02:12:00,-0.009000000000009223,-2.694000000000001,19.131,-2.902,0,0,fiber_degradation,12,1
R01-ZA,2026-09-01 02:14:00,-0.020000000000003126,-4.170999999999996,18.98,-3.986,0,0,fiber_degradation,12,1
R01-ZA,2026-09-01 02:16:00,0.014999999999998792,-3.8300000000000036,18.871,-4.106,0,0,fiber_degradation,12,1
R01-ZA,2026-09-01 02:18:00,0.43799999999999706,-3.073999999999991,19.217,-3.408,0,0,fiber_degradation,12,1
R01-ZA,2026-09-01 02:20:00,0.9720000000000031,-4.385999999999992,19.177,-2.923,0,0,fiber_degradation,12,1
R01-ZA,2026-09-01 02:22:00,-0.014500000000001734,-3.717999999999993,18.685,-4.207,0,0,fiber_degradation,12,1
R01-ZA,2026-09-01 02:24:00,0.02799999999998981,-3.8149999999999995,18.749,-3.813,0,0,fiber_degradation,12,1
R01-ZA,2026-09-01 02:26:00,-0.543500000000007,-4.811500000000004,18.251,-5.411,0,0,fiber_degradation,12,1
R01-ZA,2026-09-01 02:28:00,-0.02350000000000385,-5.100499999999995,18.498,-4.768,0,0,fiber_degradation,12,1
R01-ZA,2026-09-01 02:30:00,0.741999999999992,-3.1110000000000007,18.506,-3.912,0,0,fiber_degradation,12,1
R01-ZA,2026-09-01 02:32:00,1.0549999999999944,-5.196,18.356,-4.143,0,0,fiber_degradation,12,1
R01-ZA,2026-09-01 02:34:00,0.8109999999999982,-6.744000000000003,17.659,-6.08,1,0,fiber_degradation,12,1
R01-ZA,2026-09-01 02:36:00,0.7829999999999941,-7.214999999999996,17.703,-6.281,1,0,fiber_degradation,12,1
R01-ZA,2026-09-01 02:38:00,1.205,-6.292500000000002,18.177,-4.964,0,0,fiber_degradation,12,1
R01-ZA,2026-09-01 02:40:00,0.5949999999999971,-5.376999999999994,18.238,-5.069,0,0,fiber_degradation,12,1
R01-ZA,2026-09-01 02:42:00,1.4329999999999945,-4.345999999999993,18.391,-3.506,0,0,fiber_degradation,12,1
R01-ZA,2026-09-01 02:44:00,-0.06250000000000178,-5.904999999999999,18.002,-5.739,0,0,fiber_degradation,12,1
R01-ZA,2026-09-01 02:46:00,-0.17100000000000826,-5.879999999999992,17.499,-6.365,1,0,fiber_degradation,12,1
R01-ZA,2026-09-01 02:48:00,-0.32500000000000284,-6.771999999999995,17.102,-7.205,1,0,fiber_degradation,12,1
R01-ZA,2026-09-01 02:50:00,0.009999999999992681,-5.908999999999997,18.099,-5.3,0,0,fiber_degradation,12,1
R01-ZA,2026-09-01 02:52:00,-0.5390000000000015,-6.549999999999999,17.462,-6.83,1,0,fiber_degradation,12,1
R01-ZA,2026-09-01 02:54:00,-0.17233333333333967,-6.663499999999994,17.416,-6.752,1,0,fiber_degradation,12,1
R01-ZA,2026-09-01 02:56:00,0.19433333333332925,-6.776999999999996,17.787,-6.194,1,0,fiber_degradation,12,1
R01-ZA,2026-09-01 02:58:00,0.668000000000001,-6.4470000000000045,18.04,-5.584,0,0,fiber_degradation,12,1
R01-ZA,2026-09-01 03:00:00,0.5969999999999942,-4.952999999999992,17.774,-6.085,1,0,fiber_degradation,12,1
R01-ZA,2026-09-01 03:02:00,0.7519999999999882,-6.359999999999996,18.044,-5.618,0,0,fiber_degradation,12,1
R01-ZA,2026-09-01 03:04:00,-0.055499999999996774,-5.974999999999994,17.826,-5.856,0,0,fiber_degradation,12,1
R01-ZA,2026-09-01 03:06:00,0.44200000000000017,-4.979999999999997,18.295,-4.561,0,0,fiber_degradation,12,1
R01-ZA,2026-09-01 03:08:00,0.7029999999999923,-6.113499999999995,18.016,-5.182,0,0,fiber_degradation,12,1
R01-ZA,2026-09-01 03:10:00,0.22199999999999598,-6.896999999999997,17.537,-6.567,1,0,fiber_degradation,12,1
R01-ZA,2026-09-01 03:12:00,0.3929999999999936,-5.664999999999992,18.068,-5.378,0,0,fiber_degradation,12,1
R01-ZA,2026-09-01 03:14:00,0.9759999999999991,-5.41899999999999,18.34,-4.334,0,0,fiber_degradation,12,1
R01-ZA,2026-09-01 03:16:00,0.3689999999999962,-6.107000000000001,18.012,-5.316,0,0,fiber_degradation,12,1
R01-ZA,2026-09-01 03:18:00,-0.31000000000000405,0.6970000000000027,19.778,1.117,0,0,none,-1,-1
R01-ZA,2026-09-01 03:20:00,0.8549999999999951,0.791500000000001,18.635,2.3,0,0,none,-1,-1
R01-ZA,2026-09-01 03:22:00,0.017999999999995353,2.8475,19.362,2.119,0,0,none,-1,-1
R01-ZA,2026-09-01 03:24:00,0.19599999999999262,2.363000000000005,19.594,2.125,0,0,none,-1,-1
R01-ZA,2026-09-01 03:26:00,0.15699999999999648,1.5809999999999995,19.167,1.787,0,0,none,-1,-1
R01-ZA,2026-09-01 03:28:00,0.9044999999999916,2.4200000000000053,19.12,2.66,0,0,none,-1,-1
R01-ZA,2026-09-01 03:30:00,0.8479999999999972,1.453000000000003,19.571,1.735,0,0,none,-1,-1
R01-ZA,2026-09-01 03:32:00,-0.19200000000000372,0.7545000000000037,19.505,1.016,0,0,fiber_degradation,16,2
R01-ZA,2026-09-01 03:34:00,0.5319999999999965,0.15700000000000358,19.135,1.0,0,0,fiber_degradation,16,2
R01-ZA,2026-09-01 03:36:00,0.14700000000000024,0.7240000000000038,19.483,0.655,0,0,fiber_degradation,16,2
R01-ZA,2026-09-01 03:38:00,0.638999999999994,1.3870000000000058,18.883,1.465,0,0,fiber_degradation,16,2
R01-ZA,2026-09-01 03:40:00,0.3979999999999926,0.3150000000000013,19.187,0.883,0,0,fiber_degradation,16,2
R01-ZA,2026-09-01 03:42:00,-0.08800000000000452,-1.381999999999998,19.342,-1.088,0,0,fiber_degradation,16,2
R01-ZA,2026-09-01 03:44:00,0.605500000000001,-0.8319999999999936,19.204,-1.076,0,0,fiber_degradation,16,2
R01-ZA,2026-09-01 03:46:00,-0.6259999999999994,-1.5109999999999975,19.115,-1.965,0,0,fiber_degradation,16,2
R01-ZA,2026-09-01 03:48:00,0.09999999999999254,-1.8936666666666646,18.753,-1.299,0,0,fiber_degradation,16,2
R01-ZA,2026-09-01 03:50:00,0.6474999999999902,-2.691333333333331,18.926,-2.201,0,0,fiber_degradation,16,2
R01-ZA,2026-09-01 03:52:00,0.6789999999999967,-4.1430000000000025,18.625,-3.351,0,0,fiber_degradation,16,2
R01-ZA,2026-09-01 03:54:00,-0.16850000000000342,-4.725999999999997,18.453,-4.223,0,0,fiber_degradation,16,2
R01-ZA,2026-09-01 03:56:00,0.3919999999999959,-4.548,18.466,-3.848,0,0,fiber_degradation,16,2
R01-ZA,2026-09-01 03:58:00,1.2429999999999932,-5.344000000000001,18.164,-4.409,0,0,fiber_degradation,16,2
R01-ZA,2026-09-01 04:00:00,-0.331500000000009,-4.059999999999999,17.999,-4.98,0,0,fiber_degradation,16,2
R01-ZA,2026-09-01 04:02:00,0.7139999999999969,-5.802499999999993,18.003,-4.503,0,0,fiber_degradation,16,2
R01-ZA,2026-09-01 04:04:00,0.45399999999999885,-5.862,17.56,-5.033,0,0,fiber_degradation,16,2
R01-ZA,2026-09-01 04:06:00,0.39200000000000124,-7.174000000000001,17.792,-5.938,0,0,fiber_degradation,16,2
R01-ZA,2026-09-01 04:08:00,1.190499999999993,-6.296999999999999,17.728,-6.343,1,0,fiber_degradation,16,2
R01-ZA,2026-09-01 04:10:00,0.8039999999999985,-6.3809999999999985,17.421,-5.985,0,0,fiber_degradation,16,2
R01-ZA,2026-09-01 04:12:00,0.3249999999999975,-7.4009999999999945,17.689,-5.909,0,0,fiber_degradation,16,2
R01-ZA,2026-09-01 04:14:00,0.5119999999999987,-6.825999999999997,17.68,-6.495,1,0,fiber_degradation,16,2
R01-ZA,2026-09-01 04:16:00,-0.6080000000000076,-6.7280000000000015,17.466,-6.961,1,0,fiber_degradation,16,2
R01-ZA,2026-09-01 04:18:00,0.9699999999999971,-6.231999999999992,17.779,-5.845,0,0,fiber_degradation,16,2
R01-ZA,2026-09-01 04:20:00,0.05299999999999727,-6.8149999999999995,17.452,-6.829,1,0,fiber_degradation,16,2
R01-ZA,2026-09-01 04:22:00,0.2189999999999923,-6.316999999999998,17.464,-6.515,1,0,fiber_degradation,16,2
R01-ZA,2026-09-01 04:24:00,0.5619999999999958,-7.310499999999999,17.774,-6.418,1,0,fiber_degradation,16,2
R01-ZA,2026-09-01 04:26:00,0.07049999999999734,-6.448,17.529,-5.936,0,0,fiber_degradation,16,2
R01-ZA,2026-09-01 04:28:00,0.5559999999999938,-6.064000000000002,17.856,-5.823,0,0,fiber_degradation,16,2
R01-ZA,2026-09-01 04:30:00,0.5109999999999939,1.7750000000000021,19.308,1.326,0,0,none,-1,-1
R01-ZA,2026-09-01 04:32:00,0.6459999999999972,1.7384999999999984,19.079,2.277,0,0,none,-1,-1
R01-ZA,2026-09-01 04:34:00,1.1874999999999982,0.6970000000000045,18.781,2.142,0,0,none,-1,-1
R01-ZA,2026-09-01 04:36:00,0.5480000000000036,0.2519999999999989,19.709,1.29,0,0,none,-1,-1
R01-ZA,2026-09-01 04:38:00,1.139999999999997,1.0835000000000043,19.39,1.367,0,0,fiber_degradation,8,3
R01-ZA,2026-09-01 04:40:00,0.028999999999999915,1.2380000000000049,19.695,1.096,0,0,fiber_degradation,8,3
R01-ZA,2026-09-01 04:42:00,0.35199999999999143,-0.9785000000000004,19.877,-0.147,0,0,fiber_degradation,8,3
R01-ZA,2026-09-01 04:44:00,0.677999999999999,-0.4769999999999932,19.882,0.364,0,0,fiber_degradation,8,3
R01-ZA,2026-09-01 04:46:00,1.2839999999999971,0.277000000000001,19.419,1.294,0,0,fiber_degradation,8,3
R01-ZA,2026-09-01 04:48:00,1.2609999999999957,0.3340000000000032,19.772,1.059,0,0,fiber_degradation,8,3
R01-ZA,2026-09-01 04:50:00,-0.40800000000000125,0.8550000000000022,19.95,0.518,0,0,fiber_degradation,8,3
R01-ZA,2026-09-01 04:52:00,-0.08899999999999686,-1.7349999999999888,19.871,-1.388,0,0,fiber_degradation,8,3
R01-ZA,2026-09-01 04:54:00,1.3459999999999965,-2.493999999999996,19.858,-0.942,0,0,fiber_degradation,8,3
R01-ZA,2026-09-01 04:56:00,-0.38000000000000433,-1.8074999999999957,19.73,-2.349,0,0,fiber_degradation,8,3
R01-ZA,2026-09-01 04:58:00,-0.05699999999999861,-1.589999999999991,19.75,-2.041,0,0,fiber_degradation,8,3
R01-ZA,2026-09-01 05:00:00,0.4329999999999945,-2.1379999999999963,19.803,-1.15,0,0,fiber_degradation,8,3
R01-ZA,2026-09-01 05:02:00,0.28999999999999737,-0.6509999999999945,19.82,-0.635,0,0,fiber_degradation,8,3
R01-ZA,2026-09-01 05:04:00,0.2889999999999979,-1.7549999999999972,19.718,-1.632,0,0,fiber_degradation,8,3
R01-ZA,2026-09-01 05:06:00,-0.375,-4.942999999999994,18.948,-4.146,0,0,fiber_degradation,8,3
R01-ZA,2026-09-01 05:08:00,-0.19700000000000273,-2.4919999999999956,19.419,-2.337,0,0,fiber_degradation,8,3
R01-ZA,2026-09-01 05:10:00,-0.14300000000000423,-3.7499999999999982,18.984,-3.305,0,0,fiber_degradation,8,3
R01-ZA,2026-09-01 05:12:00,-0.6420000000000012,-3.798499999999999,18.829,-4.507,0,0,fiber_degradation,8,3
R01-ZA,2026-09-01 05:14:00,0.6179999999999914,-3.919999999999998,19.178,-3.132,0,0,fiber_degradation,8,3
R01-ZA,2026-09-01 05:16:00,1.0909999999999958,-4.162999999999991,19.342,-2.773,0,0,fiber_degradation,8,3
R01-ZA,2026-09-01 05:18:00,1.1609999999999925,-4.729999999999997,18.951,-3.635,0,0,fiber_degradation,8,3
R01-ZA,2026-09-01 05:20:00,0.49799999999999045,-4.185999999999996,18.618,-4.49,0,0,fiber_degradation,8,3
R01-ZA,2026-09-01 05:22:00,1.288999999999998,-2.394999999999998,19.324,-2.541,0,0,fiber_degradation,8,3
R01-ZA,2026-09-01 05:24:00,0.9564999999999877,-2.6709999999999887,19.717,-1.223,0,0,fiber_degradation,8,3
R01-ZA,2026-09-01 05:26:00,0.3679999999999968,-3.8289999999999953,18.97,-3.665,0,0,fiber_degradation,8,3
R01-ZA,2026-09-01 05:28:00,0.8670000000000027,-4.460499999999993,18.995,-3.685,0,0,fiber_degradation,8,3
R01-ZA,2026-09-01 05:30:00,0.0789999999999953,-3.505999999999995,19.3,-2.912,0,0,fiber_degradation,8,3
R01-ZA,2026-09-01 05:32:00,1.4309999999999903,-3.4729999999999936,19.29,-2.889,0,0,fiber_degradation,8,3
R01-ZA,2026-09-01 05:34:00,0.6669999999999892,-4.173500000000002,18.81,-3.943,0,0,fiber_degradation,8,3
R01-ZA,2026-09-01 05:36:00,0.11499999999999488,-2.796000000000003,18.651,-3.971,0,0,fiber_degradation,8,3
R01-ZA,2026-09-01 05:38:00,0.9449999999999985,-4.246999999999996,19.225,-2.65,0,0,fiber_degradation,8,3
R01-ZA,2026-09-01 05:40:00,0.3814999999999973,0.34400000000000297,19.823,0.883,0,0,none,-1,-1
R01-ZA,2026-09-01 05:42:00,0.2599999999999909,-0.5079999999999991,19.674,0.001,0,0,none,-1,-1
R01-ZA,2026-09-01 05:44:00,0.7429999999999932,0.7130000000000027,19.758,1.231,0,0,none,-1,-1
R01-ZA,2026-09-01 05:46:00,0.9529999999999941,0.6060000000000105,19.259,1.564,0,0,none,-1,-1
R01-ZA,2026-09-01 05:48:00,0.9309999999999921,-0.5960000000000001,19.71,0.648,0,0,none,-1,-1
R01-ZA,2026-09-01 05:50:00,-0.08050000000000956,0.10599999999999632,19.948,-0.287,0,0,none,-1,-1
R01-ZA,2026-09-01 05:52:00,0.6749999999999865,-0.19599999999999973,19.693,0.697,0,0,none,-1,-1
R01-ZA,2026-09-01 05:54:00,1.1294999999999877,1.2584999999999926,19.277,2.181,0,0,none,-1,-1
R01-ZA,2026-09-01 05:56:00,1.420999999999994,0.3550000000000022,19.587,0.689,0,0,none,-1,-1
R01-ZA,2026-09-01 05:58:00,-0.02000000000000135,-0.47299999999999365,19.709,0.762,0,0,none,-1,-1
R01-ZA,2026-09-01 06:00:00,0.745499999999991,-1.459500000000002,20.019,-0.901,0,0,none,-1,-1
R01-ZA,2026-09-01 06:02:00,-0.0030000000000001137,0.30849999999999866,19.86,0.242,0,0,none,-1,-1
R01-ZA,2026-09-01 06:04:00,0.5529999999999866,-1.4889999999999937,19.873,-0.261,0,0,none,-1,-1
R01-ZA,2026-09-01 06:06:00,1.1444999999999936,-1.0239999999999956,19.711,1.079,0,0,none,-1,-1
R01-ZA,2026-09-01 06:08:00,0.8990000000000027,-0.05799999999999983,19.64,1.25,0,0,none,-1,-1
R01-ZA,2026-09-01 06:10:00,0.3749999999999929,0.08750000000000391,19.665,0.385,0,0,none,-1,-1
R01-ZA,2026-09-01 06:12:00,0.14949999999999797,0.0540000000000056,19.987,-0.435,0,0,none,-1,-1
R01-ZA,2026-09-01 06:14:00,-0.20899999999999963,-0.5370000000000026,19.912,-1.304,0,0,none,-1,-1
R01-ZA,2026-09-01 06:16:00,-0.23500000000000298,0.2320000000000011,19.649,0.198,0,0,none,-1,-1
R01-ZA,2026-09-01 06:18:00,0.9069999999999947,0.8580000000000005,19.387,0.295,0,0,none,-1,-1
R01-ZA,2026-09-01 06:20:00,0.933999999999994,-0.7119999999999926,19.813,0.325,0,0,none,-1,-1
R01-ZA,2026-09-01 06:22:00,0.16199999999999548,0.3780000000000019,19.448,1.114,0,0,none,-1,-1
R01-ZA,2026-09-01 06:24:00,1.1160000000000014,-0.17200000000000593,19.788,0.739,0,0,none,-1,-1
R01-ZA,2026-09-01 06:26:00,0.7289999999999992,-2.310999999999993,19.997,-1.405,0,0,fiber_degradation,3,4
R01-ZA,2026-09-01 06:28:00,0.3069999999999986,-1.4109999999999943,19.878,-2.067,0,0,fiber_degradation,3,4
R01-ZA,2026-09-01 06:30:00,0.24199999999999555,-3.755500000000005,18.76,-3.315,0,0,fiber_degradation,3,4
R01-ZA,2026-09-01 06:32:00,1.042999999999985,-4.208999999999998,19.176,-2.688,0,0,fiber_degradation,3,4
R01-ZA,2026-09-01 06:34:00,0.39899999999999736,-5.256000000000002,17.39,-5.454,0,0,fiber_degradation,3,4
R01-ZA,2026-09-01 06:36:00,1.264999999999997,-8.58799999999999,15.29,-7.897,1,0,fiber_degradation,3,4
R01-ZA,2026-09-01 06:38:00,1.0300000000000011,-8.186,14.971,-7.957,1,0,fiber_degradation,3,4
R01-ZA,2026-09-01 06:40:00,1.6629999999999985,-9.355,14.142,-8.623,1,0,fiber_degradation,3,4
R01-ZA,2026-09-01 06:42:00,1.203499999999993,-9.285,13.448,-9.387,1,0,fiber_degradation,3,4
R01-ZA,2026-09-01 06:44:00,1.1214999999999993,-11.883000000000001,12.057,-10.663,1,1,fiber_degradation,3,4
R01-ZA,2026-09-01 06:46:00,1.035000000000002,-12.972999999999997,10.514,-12.586,1,1,fiber_degradation,3,4
R01-ZA,2026-09-01 06:48:00,-0.5539999999999985,-13.583999999999998,9.853,-13.654,1,1,fiber_degradation,3,4
R01-ZA,2026-09-01 06:50:00,1.1139999999999937,-13.3235,10.915,-12.536,1,1,fiber_degradation,3,4
R01-ZA,2026-09-01 06:52:00,0.4089999999999918,-12.468499999999992,11.535,-11.588,1,1,fiber_degradation,3,4
R01-ZA,2026-09-01 06:54:00,-0.13700000000000578,-12.127999999999993,10.637,-12.101,1,1,fiber_degradation,3,4
R01-ZA,2026-09-01 06:56:00,0.948999999999991,-13.584499999999997,10.288,-12.836,1,1,fiber_degradation,3,4
R01-ZA,2026-09-01 06:58:00,0.11966666666666192,-12.866000000000003,10.053,-12.704,1,1,fiber_degradation,3,4
R01-ZA,2026-09-01 07:00:00,0.12733333333332908,-12.077499999999997,9.796,-13.977,1,1,fiber_degradation,3,4
R01-ZA,2026-09-01 07:02:00,0.13500000000000156,-11.288999999999996,11.373,-11.412,1,1,fiber_degradation,3,4
R01-ZA,2026-09-01 07:04:00,0.6405000000000065,-0.34099999999998687,19.767,0.239,0,0,none,-1,-1
R01-ZA,2026-09-01 07:06:00,0.8979999999999997,1.5740000000000034,19.385,1.544,0,0,none,-1,-1
R01-ZA,2026-09-01 07:08:00,0.6454999999999949,0.1740000000000066,19.743,1.136,0,0,none,-1,-1
R01-ZA,2026-09-01 07:10:00,0.09099999999999397,-0.20500000000000718,19.897,0.239,0,0,none,-1,-1
R01-ZA,2026-09-01 07:12:00,0.7039999999999953,0.6460000000000026,19.52,0.986,0,0,none,-1,-1
R01-ZA,2026-09-01 07:14:00,0.8529999999999927,1.6129999999999924,18.655,2.492,0,0,none,-1,-1
R01-ZA,2026-09-01 07:16:00,0.9160000000000004,0.11300000000000132,19.744,0.462,0,0,none,-1,-1
R01-ZA,2026-09-01 07:18:00,0.5079999999999973,-0.30200000000000493,19.956,-0.072,0,0,none,-1,-1
R01-ZA,2026-09-01 07:20:00,1.2099999999999973,-0.05600000000000449,19.466,1.385,0,0,none,-1,-1
R01-ZA,2026-09-01 07:22:00,0.774999999999995,-1.517999999999999,19.65,0.469,0,0,fiber_degradation,5,5
R01-ZA,2026-09-01 07:24:00,0.14299999999999358,-1.0260000000000034,20.068,0.346,0,0,fiber_degradation,5,5
R01-ZA,2026-09-01 07:26:00,1.1289999999999942,-1.658999999999999,20.016,-0.833,0,0,fiber_degradation,5,5
R01-ZA,2026-09-01 07:28:00,0.024499999999990862,-0.6539999999999999,20.012,-0.795,0,0,fiber_degradation,5,5
R01-ZA,2026-09-01 07:30:00,0.953000000000003,-3.468999999999996,19.697,-1.995,0,0,fiber_degradation,5,5
R01-ZA,2026-09-01 07:32:00,0.4939999999999962,-3.6259999999999977,19.473,-2.762,0,0,fiber_degradation,5,5
R01-ZA,2026-09-01 07:34:00,0.3390000000000022,-3.6659999999999897,18.714,-3.829,0,0,fiber_degradation,5,5
R01-ZA,2026-09-01 07:36:00,-0.17650000000000254,-5.231999999999996,18.675,-4.314,0,0,fiber_degradation,5,5
R01-ZA,2026-09-01 07:38:00,-0.08000000000000362,-3.5129999999999963,18.945,-3.462,0,0,fiber_degradation,5,5
R01-ZA,2026-09-01 07:40:00,0.7859999999999925,-3.7390000000000025,19.249,-2.782,0,0,fiber_degradation,5,5
R01-ZA,2026-09-01 07:42:00,0.37499999999999467,-4.164,19.325,-3.08,0,0,fiber_degradation,5,5
R01-ZA,2026-09-01 07:44:00,0.3954999999999984,-4.464000000000006,19.167,-2.938,0,0,fiber_degradation,5,5
R01-ZA,2026-09-01 07:46:00,-0.5250000000000021,0.6389999999999976,19.971,0.483,0,0,none,-1,-1
R01-ZA,2026-09-01 07:48:00,1.1319999999999961,1.2270000000000003,18.495,2.787,0,0,none,-1,-1
R01-ZA,2026-09-01 07:50:00,0.25999999999999446,1.3299999999999965,19.203,1.361,0,0,none,-1,-1
R01-ZA,2026-09-01 07:52:00,-1.1490000000000098,2.1819999999999986,18.883,1.521,0,0,amplifier_degradation,4,6
R01-ZA,2026-09-01 07:54:00,-0.5620000000000047,0.6880000000000024,20.012,0.43,0,0,amplifier_degradation,4,6
R01-ZA,2026-09-01 07:56:00,-0.13400000000000034,1.758000000000008,19.772,1.777,0,0,amplifier_degradation,4,6
R01-ZA,2026-09-01 07:58:00,-0.43400000000000105,0.3050000000000015,19.981,-0.065,0,0,amplifier_degradation,4,6
R01-ZA,2026-09-01 08:00:00,-1.1080000000000059,0.370000000000001,20.068,-0.968,0,0,amplifier_degradation,4,6
R01-ZA,2026-09-01 08:02:00,-0.5080000000000027,1.0310000000000024,20.128,0.218,0,0,amplifier_degradation,4,6
R01-ZA,2026-09-01 08:04:00,-1.2860000000000031,1.0195000000000025,19.98,-0.71,0,0,amplifier_degradation,4,6
R01-ZA,2026-09-01 08:06:00,-2.375500000000004,0.7279999999999998,19.936,-1.635,0,0,amplifier_degradation,4,6
R01-ZA,2026-09-01 08:08:00,-2.4230000000000054,-0.38299999999999734,19.948,-1.585,0,0,amplifier_degradation,4,6
R01-ZA,2026-09-01 08:10:00,-1.9309999999999992,1.6490000000000045,20.063,-0.036,0,0,amplifier_degradation,4,6
R01-ZA,2026-09-01 08:12:00,-2.032000000000002,0.6340000000000057,19.893,-1.119,0,0,amplifier_degradation,4,6
R01-ZA,2026-09-01 08:14:00,-2.4480000000000057,1.884000000000004,19.801,-1.384,0,0,amplifier_degradation,4,6
R01-ZA,2026-09-01 08:16:00,-2.8100000000000076,1.3369999999999997,19.832,-1.015,0,0,amplifier_degradation,4,6
R01-ZA,2026-09-01 08:18:00,-3.1570000000000054,1.594999999999997,19.153,-2.739,0,0,amplifier_degradation,4,6
R01-ZA,2026-09-01 08:20:00,-3.104000000000008,-0.1290000000000031,19.214,-2.492,0,0,amplifier_degradation,4,6
R01-ZA,2026-09-01 08:22:00,-3.6229999999999976,2.254000000000003,19.165,-2.792,0,0,amplifier_degradation,4,6
R01-ZA,2026-09-01 08:24:00,-4.8100000000000005,2.868000000000002,19.501,-2.309,0,0,amplifier_degradation,4,6
R01-ZA,2026-09-01 08:26:00,-4.894000000000011,-1.3060000000000027,17.793,-5.642,0,0,amplifier_degradation,4,6
R01-ZA,2026-09-01 08:28:00,-5.207000000000004,1.8149999999999995,18.766,-3.475,0,0,amplifier_degradation,4,6
R01-ZA,2026-09-01 08:30:00,-5.194000000000008,0.03950000000000564,17.918,-4.848,0,0,amplifier_degradation,4,6
R01-ZA,2026-09-01 08:32:00,-5.9840000000000035,0.8439999999999959,17.833,-5.283,0,0,amplifier_degradation,4,6
R01-ZA,2026-09-01 08:34:00,-4.92800000000001,0.538000000000002,18.142,-4.29,0,0,amplifier_degradation,4,6
R01-ZA,2026-09-01 08:36:00,-4.841000000000003,1.1779999999999973,18.42,-4.003,0,0,amplifier_degradation,4,6
R01-ZA,2026-09-01 08:38:00,-5.232000000000001,2.069000000000006,18.12,-3.148,0,0,amplifier_degradation,4,6
R01-ZA,2026-09-01 08:40:00,-6.094999999999999,0.7940000000000023,17.901,-4.81,0,0,amplifier_degradation,4,6
R01-ZA,2026-09-01 08:42:00,-6.655000000000008,1.483999999999991,17.518,-4.771,0,0,amplifier_degradation,4,6
R01-ZA,2026-09-01 08:44:00,-7.1660000000000075,2.4069999999999965,17.64,-5.164,0,0,amplifier_degradation,4,6
R01-ZA,2026-09-01 08:46:00,-6.702500000000001,2.8939999999999966,17.04,-5.097,0,0,amplifier_degradation,4,6
R01-ZA,2026-09-01 08:48:00,-6.124000000000006,1.3210000000000033,16.616,-5.666,1,0,amplifier_degradation,4,6
R01-ZA,2026-09-01 08:50:00,-8.254000000000005,2.523000000000007,16.889,-5.728,1,0,amplifier_degradation,4,6
R01-ZA,2026-09-01 08:52:00,-6.817000000000007,0.5469999999999988,16.564,-6.361,1,0,amplifier_degradation,4,6
R01-ZA,2026-09-01 08:54:00,-7.728,0.9390000000000089,15.64,-6.983,1,0,amplifier_degradation,4,6
R01-ZA,2026-09-01 08:56:00,-8.296999999999995,2.586000000000002,16.195,-5.857,1,0,amplifier_degradation,4,6
R01-ZA,2026-09-01 08:58:00,-8.142000000000003,1.9040000000000017,16.014,-5.983,1,0,amplifier_degradation,4,6
R01-ZA,2026-09-01 09:00:00,-8.663000000000004,2.2720000000000056,16.147,-6.278,1,0,amplifier_degradation,4,6
R01-ZA,2026-09-01 09:02:00,-8.153000000000008,2.9465000000000057,16.236,-5.715,1,0,amplifier_degradation,4,6
R01-ZA,2026-09-01 09:04:00,-8.736,1.2149999999999999,15.909,-6.407,1,0,amplifier_degradation,4,6
R01-ZA,2026-09-01 09:06:00,-8.602000000000004,2.3830000000000098,15.734,-6.554,1,0,amplifier_degradation,4,6
R01-ZA,2026-09-01 09:08:00,-8.876999999999997,0.39100000000000357,15.299,-8.045,1,0,amplifier_degradation,4,6
R01-ZA,2026-09-01 09:10:00,-8.678000000000004,2.869000000000005,15.736,-6.401,1,0,amplifier_degradation,4,6
R01-ZA,2026-09-01 09:12:00,-9.709,1.6370000000000076,15.949,-6.836,1,0,amplifier_degradation,4,6
R01-ZA,2026-09-01 09:14:00,-7.436000000000005,0.4550000000000036,15.856,-6.829,1,0,amplifier_degradation,4,6
R01-ZA,2026-09-01 09:16:00,-8.87700000000001,0.46000000000000263,15.212,-7.818,1,0,amplifier_degradation,4,6
R01-ZA,2026-09-01 09:18:00,-8.413000000000006,0.877999999999993,15.443,-7.566,1,0,amplifier_degradation,4,6
R01-ZA,2026-09-01 09:20:00,-8.594000000000003,2.757999999999999,15.719,-6.71,1,0,amplifier_degradation,4,6
R01-ZA,2026-09-01 09:22:00,-8.293000000000012,2.417,16.044,-5.637,1,0,amplifier_degradation,4,6
R01-ZA,2026-09-01 09:24:00,-8.847000000000007,1.4475000000000033,16.075,-6.905,1,0,amplifier_degradation,4,6
R01-ZA,2026-09-01 09:26:00,-9.146000000000008,1.5679999999999996,15.798,-7.372,1,0,amplifier_degradation,4,6
R01-ZA,2026-09-01 09:28:00,-7.982000000000006,2.9389999999999983,16.182,-5.823,1,0,amplifier_degradation,4,6
R01-ZA,2026-09-01 09:30:00,-8.392000000000001,2.128000000000002,16.496,-6.007,1,0,amplifier_degradation,4,6
R01-ZA,2026-09-01 09:32:00,-8.147500000000015,2.0635000000000066,16.534,-6.085,1,0,amplifier_degradation,4,6
R01-ZA,2026-09-01 09:34:00,-7.903000000000004,1.999000000000004,16.112,-6.077,1,0,amplifier_degradation,4,6
R01-ZA,2026-09-01 09:36:00,-8.023000000000001,1.3080000000000016,15.5,-7.059,1,0,amplifier_degradation,4,6
R01-ZA,2026-09-01 09:38:00,-8.242000000000003,2.655000000000003,16.413,-5.775,1,0,amplifier_degradation,4,6
R01-ZA,2026-09-01 09:40:00,-9.156000000000002,0.9720000000000031,15.509,-7.749,1,0,amplifier_degradation,4,6
R01-ZA,2026-09-01 09:42:00,-0.015000000000007674,1.0459999999999976,18.795,2.328,0,0,none,-1,-1
R01-ZA,2026-09-01 09:44:00,0.513999999999994,1.5669999999999984,18.99,2.628,0,0,none,-1,-1
R01-ZA,2026-09-01 09:46:00,0.23500000000000298,1.7910000000000004,20.071,0.542,0,0,none,-1,-1
R01-ZA,2026-09-01 09:48:00,-0.33300000000000196,1.2050000000000036,19.591,1.453,0,0,none,-1,-1
R01-ZA,2026-09-01 09:50:00,0.8730000000000011,1.5060000000000038,19.144,1.987,0,0,none,-1,-1
R01-ZA,2026-09-01 09:52:00,2.8339999999999943,-12.810999999999993,13.579,-9.508,1,0,fiber_degradation,5,7
R01-ZA,2026-09-01 09:54:00,2.840499999999995,-13.030499999999993,14.14,-8.541,1,0,fiber_degradation,5,7
R01-ZA,2026-09-01 09:56:00,2.846999999999989,-13.250000000000002,13.47,-9.999,1,0,fiber_degradation,5,7
R01-ZA,2026-09-01 09:58:00,2.642999999999997,-12.465999999999996,13.422,-9.687,1,0,fiber_degradation,5,7
R02-AZ,2026-09-01 00:00:00,-0.2270000000000021,-2.0000000000000053,19.767,-1.229,0,0,none,-1,-1
R02-AZ,2026-09-01 00:02:00,0.4880000000000031,-1.3800000000000008,20.008,0.105,0,0,none,-1,-1
R02-AZ,2026-09-01 00:04:00,-0.6960000000000033,-0.6380000000000052,19.826,-0.692,0,0,none,-1,-1
R02-AZ,2026-09-01 00:06:00,-0.6325000000000038,-1.889000000000003,19.415,-1.94,0,0,none,-1,-1
R02-AZ,2026-09-01 00:08:00,-0.2199999999999971,-1.0730000000000022,19.907,-0.228,0,0,none,-1,-1
R02-AZ,2026-09-01 00:10:00,-0.07799999999999585,-1.2090000000000067,19.824,-0.94,0,0,none,-1,-1
R02-AZ,2026-09-01 00:12:00,-0.6819999999999968,-1.7720000000000056,19.489,-1.924,0,0,none,-1,-1
R02-AZ,2026-09-01 00:14:00,-0.552999999999999,-1.2775000000000016,19.861,-0.7,0,0,amplifier_degradation,17,0
R02-AZ,2026-09-01 00:16:00,-0.13199999999999967,-1.7440000000000087,19.579,-1.388,0,0,amplifier_degradation,17,0
R02-AZ,2026-09-01 00:18:00,-1.0929999999999946,-2.819000000000001,19.427,-2.649,0,0,amplifier_degradation,17,0
R02-AZ,2026-09-01 00:20:00,-0.8885000000000041,-1.2630000000000035,19.76,-1.814,0,0,amplifier_degradation,17,0
R02-AZ,2026-09-01 00:22:00,-1.0190000000000001,-1.5970000000000066,19.795,-1.999,0,0,amplifier_degradation,17,0
R02-AZ,2026-09-01 00:24:00,-1.8760000000000012,-0.3340000000000032,19.683,-2.208,0,0,amplifier_degradation,17,0
R02-AZ,2026-09-01 00:26:00,-3.1169999999999956,-2.7400000000000055,18.99,-4.472,0,0,amplifier_degradation,17,0
R02-AZ,2026-09-01 00:28:00,-2.6854999999999993,-1.7650000000000041,19.204,-4.064,0,0,amplifier_degradation,17,0
R02-AZ,2026-09-01 00:30:00,-3.583999999999996,-2.0270000000000064,18.914,-4.97,0,0,amplifier_degradation,17,0
R02-AZ,2026-09-01 00:32:00,-3.5749999999999904,-1.1710000000000065,19.327,-3.977,0,0,amplifier_degradation,17,0
R02-AZ,2026-09-01 00:34:00,-3.6474999999999937,-1.9810000000000052,18.836,-5.33,0,0,amplifier_degradation,17,0
R02-AZ,2026-09-01 00:36:00,-3.397999999999996,-3.7089999999999943,19.172,-4.745,0,0,amplifier_degradation,17,0
R02-AZ,2026-09-01 00:38:00,-3.533000000000012,-1.3179999999999996,19.139,-4.459,0,0,amplifier_degradation,17,0
R02-AZ,2026-09-01 00:40:00,-2.879500000000002,-0.9339999999999975,19.63,-3.18,0,0,amplifier_degradation,17,0
R02-AZ,2026-09-01 00:42:00,-4.054500000000003,-0.9969999999999981,19.036,-4.716,0,0,amplifier_degradation,17,0
R02-AZ,2026-09-01 00:44:00,-3.1814999999999998,-1.0570000000000075,19.137,-4.266,0,0,amplifier_degradation,17,0
R02-AZ,2026-09-01 00:46:00,-2.8770000000000007,-2.616500000000011,18.753,-5.206,0,0,amplifier_degradation,17,0
R02-AZ,2026-09-01 00:48:00,-4.352000000000006,-1.1820000000000004,19.206,-4.384,0,0,amplifier_degradation,17,0
R02-AZ,2026-09-01 00:50:00,-3.803000000000006,-1.7039999999999988,19.13,-4.496,0,0,amplifier_degradation,17,0
R02-AZ,2026-09-01 00:52:00,0.27200000000000024,-1.8700000000000045,19.886,-0.595,0,0,none,-1,-1
R02-AZ,2026-09-01 00:54:00,-0.4525000000000041,-0.8129999999999988,19.837,-0.509,0,0,none,-1,-1
R02-AZ,2026-09-01 00:56:00,0.18699999999999406,-1.4040000000000017,20.035,0.302,0,0,none,-1,-1
R02-AZ,2026-09-01 00:58:00,0.5500000000000007,-1.0060000000000127,19.892,0.159,0,0,none,-1,-1
R02-AZ,2026-09-01 01:00:00,0.29100000000000037,-1.7860000000000014,19.476,-1.494,0,0,none,-1,-1
R02-AZ,2026-09-01 01:02:00,0.13799999999999812,-0.3820000000000068,20.122,0.978,0,0,none,-1,-1
R02-AZ,2026-09-01 01:04:00,0.3314999999999948,-1.3469999999999995,20.059,-0.027,0,0,amplifier_degradation,18,1
R02-AZ,2026-09-01 01:06:00,-1.3039999999999967,-1.212500000000004,19.592,-1.96,0,0,amplifier_degradation,18,1
R02-AZ,2026-09-01 01:08:00,-1.2470000000000017,-2.5109999999999992,19.559,-2.951,0,0,amplifier_degradation,18,1
R02-AZ,2026-09-01 01:10:00,-1.5690000000000026,-1.7279999999999909,19.793,-2.011,0,0,amplifier_degradation,18,1
R02-AZ,2026-09-01 01:12:00,-1.891,-0.9450000000000074,19.583,-2.941,0,0,amplifier_degradation,18,1
R02-AZ,2026-09-01 01:14:00,-2.2874999999999943,-1.3880000000000052,19.381,-3.809,0,0,amplifier_degradation,18,1
R02-AZ,2026-09-01 01:16:00,-3.1809999999999974,-1.0870000000000015,19.636,-3.222,0,0,amplifier_degradation,18,1
R02-AZ,2026-09-01 01:18:00,-2.6500000000000004,-1.8485000000000085,19.112,-4.368,0,0,amplifier_degradation,18,1
R02-AZ,2026-09-01 01:20:00,-3.5109999999999992,-1.428999999999995,19.351,-4.428,0,0,amplifier_degradation,18,1
R02-AZ,2026-09-01 01:22:00,-3.7169999999999987,-1.070999999999998,19.491,-3.875,0,0,amplifier_degradation,18,1
R02-AZ,2026-09-01 01:24:00,-4.866000000000003,-1.5290000000000088,19.299,-4.828,0,0,amplifier_degradation,18,1
R02-AZ,2026-09-01 01:26:00,-4.765000000000002,-1.1890000000000018,19.309,-5.101,0,0,amplifier_degradation,18,1
R02-AZ,2026-09-01 01:28:00,-4.972999999999997,-1.3230000000000057,19.102,-5.482,0,0,amplifier_degradation,18,1
R02-AZ,2026-09-01 01:30:00,-6.035999999999996,-0.8059999999999956,18.924,-6.382,1,0,amplifier_degradation,18,1
R02-AZ,2026-09-01 01:32:00,-6.043000000000005,0.13299999999999024,19.196,-5.832,0,0,amplifier_degradation,18,1
R02-AZ,2026-09-01 01:34:00,-5.985999999999997,-0.5829999999999966,19.025,-6.293,1,0,amplifier_degradation,18,1
R02-AZ,2026-09-01 01:36:00,-7.170000000000007,-2.8739999999999917,18.459,-8.061,1,0,amplifier_degradation,18,1
R02-AZ,2026-09-01 01:38:00,-7.508000000000002,0.13499999999999623,18.267,-8.294,1,0,amplifier_degradation,18,1
R02-AZ,2026-09-01 01:40:00,-7.633000000000003,0.27399999999999025,18.874,-7.259,1,0,amplifier_degradation,18,1
R02-AZ,2026-09-01 01:42:00,-8.009999999999998,0.019999999999994245,18.411,-8.276,1,0,amplifier_degradation,18,1
R02-AZ,2026-09-01 01:44:00,-8.187000000000001,-1.8890000000000047,17.579,-9.927,1,0,amplifier_degradation,18,1
R02-AZ,2026-09-01 01:46:00,-8.855999999999998,-0.3310000000000084,18.427,-8.461,1,0,amplifier_degradation,18,1
R02-AZ,2026-09-01 01:48:00,-9.645000000000001,-1.7100000000000026,17.461,-10.161,1,0,amplifier_degradation,18,1
R02-AZ,2026-09-01 01:50:00,-9.803999999999997,-1.8130000000000095,17.682,-9.976,1,0,amplifier_degradation,18,1
R02-AZ,2026-09-01 01:52:00,-9.801999999999998,-2.220000000000004,17.469,-10.563,1,0,amplifier_degradation,18,1
R02-AZ,2026-09-01 01:54:00,-8.781999999999996,-0.6380000000000088,17.98,-9.61,1,0,amplifier_degradation,18,1
R02-AZ,2026-09-01 01:56:00,-10.59600000000001,-2.114000000000006,16.996,-11.25,1,0,amplifier_degradation,18,1
R02-AZ,2026-09-01 01:58:00,-9.814000000000004,-1.8365000000000027,17.107,-11.067,1,0,amplifier_degradation,18,1
R02-AZ,2026-09-01 02:00:00,-9.448,-1.080999999999996,18.143,-9.297,1,0,amplifier_degradation,18,1
R02-AZ,2026-09-01 02:02:00,-9.947000000000005,-1.6890000000000107,17.47,-10.586,1,0,amplifier_degradation,18,1
R02-AZ,2026-09-01 02:04:00,-9.145,0.0639999999999965,18.291,-8.898,1,0,amplifier_degradation,18,1
R02-AZ,2026-09-01 02:06:00,-9.321500000000007,-0.5220000000000056,18.2,-9.168,1,0,amplifier_degradation,18,1
R02-AZ,2026-09-01 02:08:00,-8.9965,-1.9160000000000057,17.688,-9.936,1,0,amplifier_degradation,18,1
R02-AZ,2026-09-01 02:10:00,-9.488000000000001,-0.7820000000000018,18.021,-9.393,1,0,amplifier_degradation,18,1
R02-AZ,2026-09-01 02:12:00,-9.627999999999995,-1.594999999999997,17.846,-9.873,1,0,amplifier_degradation,18,1
R02-AZ,2026-09-01 02:14:00,-9.91600000000001,-0.26550000000000296,17.871,-9.768,1,0,amplifier_degradation,18,1
R02-AZ,2026-09-01 02:16:00,-9.565999999999999,-0.7810000000000006,18.343,-8.804,1,0,amplifier_degradation,18,1
R02-AZ,2026-09-01 02:18:00,-10.948000000000004,-0.6750000000000007,17.708,-10.333,1,0,amplifier_degradation,18,1
R02-AZ,2026-09-01 02:20:00,-10.491000000000012,-1.940500000000002,17.174,-10.907,1,0,amplifier_degradation,18,1
R02-AZ,2026-09-01 02:22:00,-8.781000000000002,-2.021500000000003,17.461,-10.474,1,0,amplifier_degradation,18,1
R02-AZ,2026-09-01 02:24:00,-9.661500000000006,0.18900000000000183,18.325,-8.982,1,0,amplifier_degradation,18,1
R02-AZ,2026-09-01 02:26:00,-9.456999999999997,-1.9100000000000037,17.586,-10.227,1,0,amplifier_degradation,18,1
R02-AZ,2026-09-01 02:28:00,-8.960000000000004,-0.7200000000000006,18.39,-8.545,1,0,amplifier_degradation,18,1
R02-AZ,2026-09-01 02:30:00,-0.3000000000000007,0.08499999999999375,20.126,0.291,0,0,none,-1,-1
R02-AZ,2026-09-01 02:32:00,-0.7390000000000043,0.6489999999999974,20.122,0.728,0,0,none,-1,-1
R02-AZ,2026-09-01 02:34:00,-0.38400000000000567,-0.3165000000000049,19.963,-0.148,0,0,none,-1,-1
R02-AZ,2026-09-01 02:36:00,0.16299999999999848,-0.03900000000000858,20.079,0.58,0,0,none,-1,-1
R02-AZ,2026-09-01 02:38:00,-0.048500000000004206,-0.42300000000000004,20.101,0.562,0,0,none,-1,-1
R02-AZ,2026-09-01 02:40:00,0.4134999999999991,-0.9375,20.073,0.3,0,0,none,-1,-1
R02-AZ,2026-09-01 02:42:00,-0.001999999999991786,-0.38000000000000433,20.099,0.235,0,0,amplifier_degradation,11,2
R02-AZ,2026-09-01 02:44:00,-2.0795000000000083,-0.559000000000001,19.687,-1.179,0,0,amplifier_degradation,11,2
R02-AZ,2026-09-01 02:46:00,-2.0270000000000046,-0.3795000000000055,18.899,-2.507,0,0,amplifier_degradation,11,2
R02-AZ,2026-09-01 02:48:00,-1.4180000000000028,-0.2170000000000094,19.227,-2.297,0,0,amplifier_degradation,11,2
R02-AZ,2026-09-01 02:50:00,-2.2620000000000022,-1.6999999999999993,19.075,-2.562,0,0,amplifier_degradation,11,2
R02-AZ,2026-09-01 02:52:00,-1.6859999999999982,-1.0730000000000004,19.32,-1.625,0,0,amplifier_degradation,11,2
R02-AZ,2026-09-01 02:54:00,-2.531999999999993,-0.6245000000000047,19.159,-2.267,0,0,amplifier_degradation,11,2
R02-AZ,2026-09-01 02:56:00,-3.3889999999999976,-0.24150000000000382,18.985,-2.874,0,0,amplifier_degradation,11,2
R02-AZ,2026-09-01 02:58:00,-4.298,-2.177000000000003,18.466,-3.68,0,0,amplifier_degradation,11,2
R02-AZ,2026-09-01 03:00:00,-3.879833333333332,-0.9715000000000025,18.44,-3.948,0,0,amplifier_degradation,11,2
R02-AZ,2026-09-01 03:02:00,-3.4616666666666696,0.2339999999999982,19.266,-1.758,0,0,amplifier_degradation,11,2
R02-AZ,2026-09-01 03:04:00,-3.661999999999999,1.3139999999999965,18.941,-2.581,0,0,amplifier_degradation,11,2
R02-AZ,2026-09-01 03:06:00,-3.639000000000001,-1.408999999999999,18.23,-3.877,0,0,amplifier_degradation,11,2
R02-AZ,2026-09-01 03:08:00,-4.452999999999999,-0.7320000000000082,18.199,-4.0,0,0,amplifier_degradation,11,2
R02-AZ,2026-09-01 03:10:00,-4.157000000000009,-1.100999999999999,17.814,-4.14,0,0,amplifier_degradation,11,2
R02-AZ,2026-09-01 03:12:00,-5.191000000000001,0.006999999999992568,17.894,-4.182,0,0,amplifier_degradation,11,2
R02-AZ,2026-09-01 03:14:00,-5.788000000000004,-0.21400000000000574,17.616,-5.228,0,0,amplifier_degradation,11,2
R02-AZ,2026-09-01 03:16:00,-4.810000000000004,-1.3010000000000108,16.904,-5.814,1,0,amplifier_degradation,11,2
R02-AZ,2026-09-01 03:18:00,-6.136999999999995,1.5419999999999945,18.06,-3.964,0,0,amplifier_degradation,11,2
R02-AZ,2026-09-01 03:20:00,-7.429499999999997,-1.400500000000001,15.878,-7.661,1,0,amplifier_degradation,11,2
R02-AZ,2026-09-01 03:22:00,-5.940999999999999,-0.9009999999999998,16.473,-6.293,1,0,amplifier_degradation,11,2
R02-AZ,2026-09-01 03:24:00,-8.181999999999999,-0.2480000000000011,16.285,-6.874,1,0,amplifier_degradation,11,2
R02-AZ,2026-09-01 03:26:00,-6.657000000000001,-0.5569999999999986,16.14,-6.673,1,0,amplifier_degradation,11,2
R02-AZ,2026-09-01 03:28:00,-7.1739999999999995,-0.6170000000000009,15.907,-7.266,1,0,amplifier_degradation,11,2
R02-AZ,2026-09-01 03:30:00,-7.749999999999997,-0.33500000000000085,16.351,-7.012,1,0,amplifier_degradation,11,2
R02-AZ,2026-09-01 03:32:00,-8.073000000000002,-1.700000000000001,15.441,-8.147,1,0,amplifier_degradation,11,2
R02-AZ,2026-09-01 03:34:00,-8.024499999999998,-1.458500000000008,14.746,-8.794,1,0,amplifier_degradation,11,2
R02-AZ,2026-09-01 03:36:00,-8.652,-2.0410000000000075,13.759,-9.703,1,0,amplifier_degradation,11,2
R02-AZ,2026-09-01 03:38:00,-8.896999999999995,-0.1869999999999976,14.997,-8.532,1,0,amplifier_degradation,11,2
R02-AZ,2026-09-01 03:40:00,-9.212000000000005,-0.39200000000000124,14.69,-8.576,1,0,amplifier_degradation,11,2
R02-AZ,2026-09-01 03:42:00,-9.121,-0.6750000000000025,14.131,-9.848,1,0,amplifier_degradation,11,2
R02-AZ,2026-09-01 03:44:00,-9.803499999999998,0.08699999999999264,14.263,-9.501,1,0,amplifier_degradation,11,2
R02-AZ,2026-09-01 03:46:00,-8.865999999999993,-0.4060000000000006,15.035,-8.14,1,0,amplifier_degradation,11,2
R02-AZ,2026-09-01 03:48:00,-9.466000000000005,-1.1265000000000072,13.641,-10.564,1,0,amplifier_degradation,11,2
R02-AZ,2026-09-01 03:50:00,-8.5575,-2.0209999999999955,13.855,-9.715,1,0,amplifier_degradation,11,2
R02-AZ,2026-09-01 03:52:00,-8.120000000000001,-0.12350000000000172,15.257,-8.153,1,0,amplifier_degradation,11,2
R02-AZ,2026-09-01 03:54:00,-9.511999999999999,-0.34100000000000463,14.588,-9.497,1,0,amplifier_degradation,11,2
R02-AZ,2026-09-01 03:56:00,-8.666999999999996,-0.14299999999999713,15.198,-7.709,1,0,amplifier_degradation,11,2
R02-AZ,2026-09-01 03:58:00,-8.301999999999996,-1.0220000000000073,15.345,-8.112,1,0,amplifier_degradation,11,2
R02-AZ,2026-09-01 04:00:00,-7.418999999999999,-0.8770000000000007,14.926,-8.374,1,0,amplifier_degradation,11,2
R02-AZ,2026-09-01 04:02:00,-8.844000000000001,-0.0990000000000073,15.18,-8.434,1,0,amplifier_degradation,11,2
R02-AZ,2026-09-01 04:04:00,-8.564000000000002,-1.3220000000000045,14.454,-9.274,1,0,amplifier_degradation,11,2
R02-AZ,2026-09-01 04:06:00,-9.295000000000002,0.495000000000001,14.995,-8.841,1,0,amplifier_degradation,11,2
R02-AZ,2026-09-01 04:08:00,-9.075000000000003,-0.28700000000000436,14.629,-8.78,1,0,amplifier_degradation,11,2
R02-AZ,2026-09-01 04:10:00,-8.491000000000005,0.33099999999999774,14.484,-9.027,1,0,amplifier_degradation,11,2
R02-AZ,2026-09-01 04:12:00,-8.454000000000004,1.272499999999999,15.313,-7.618,1,0,amplifier_degradation,11,2
R02-AZ,2026-09-01 04:14:00,-8.828999999999997,0.7119999999999944,14.937,-8.352,1,0,amplifier_degradation,11,2
R02-AZ,2026-09-01 04:16:00,-8.194500000000009,-1.8645000000000138,14.467,-8.823,1,0,amplifier_degradation,11,2
R02-AZ,2026-09-01 04:18:00,-7.778999999999996,-0.6820000000000022,15.59,-7.756,1,0,amplifier_degradation,11,2
R02-AZ,2026-09-01 04:20:00,0.118999999999998,-0.9830000000000041,20.05,0.763,0,0,none,-1,-1
R02-AZ,2026-09-01 04:22:00,-0.3129999999999935,-2.2355000000000054,19.492,-1.998,0,0,none,-1,-1
R02-AZ,2026-09-01 04:24:00,-0.45300000000000296,-1.4559999999999977,19.792,-0.724,0,0,none,-1,-1
R02-AZ,2026-09-01 04:26:00,-0.14600000000000435,-1.2130000000000063,19.928,-0.778,0,0,none,-1,-1
R02-AZ,2026-09-01 04:28:00,0.09200000000000408,-0.8125,19.825,-0.479,0,0,fiber_degradation,4,3
R02-AZ,2026-09-01 04:30:00,0.8109999999999964,-1.0150000000000041,20.095,0.3,0,0,fiber_degradation,4,3
R02-AZ,2026-09-01 04:32:00,0.1739999999999906,-1.3800000000000026,19.668,-1.247,0,0,fiber_degradation,4,3
R02-AZ,2026-09-01 04:34:00,0.20700000000000074,-1.8730000000000029,19.921,-0.192,0,0,fiber_degradation,4,3
R02-AZ,2026-09-01 04:36:00,0.5639999999999983,-1.522000000000002,19.851,-0.385,0,0,fiber_degradation,4,3
R02-AZ,2026-09-01 04:38:00,0.12200000000000522,-1.422000000000006,20.01,0.083,0,0,fiber_degradation,4,3
R02-AZ,2026-09-01 04:40:00,1.5754999999999928,-3.2510000000000048,19.912,-0.519,0,0,fiber_degradation,4,3
R02-AZ,2026-09-01 04:42:00,0.8350000000000026,-3.004999999999999,19.613,-0.646,0,0,fiber_degradation,4,3
R02-AZ,2026-09-01 04:44:00,1.7220000000000013,-1.3350000000000009,19.832,-0.352,0,0,fiber_degradation,4,3
R02-AZ,2026-09-01 04:46:00,1.8769999999999971,-3.336000000000004,19.739,-0.738,0,0,fiber_degradation,4,3
R02-AZ,2026-09-01 04:48:00,1.2735000000000003,-4.505000000000004,19.282,-1.64,0,0,fiber_degradation,4,3
R02-AZ,2026-09-01 04:50:00,0.7344999999999988,-3.5969999999999978,19.216,-1.912,0,0,fiber_degradation,4,3
R02-AZ,2026-09-01 04:52:00,1.1620000000000044,-4.031000000000002,18.853,-2.384,0,0,fiber_degradation,4,3
R02-AZ,2026-09-01 04:54:00,-0.14000000000000057,-2.8750000000000053,19.061,-2.565,0,0,fiber_degradation,4,3
R02-AZ,2026-09-01 04:56:00,1.4209999999999994,-3.8323333333333327,19.287,-1.946,0,0,fiber_degradation,4,3
R02-AZ,2026-09-01 04:58:00,1.657,-5.014666666666674,19.153,-2.534,0,0,fiber_degradation,4,3
R02-AZ,2026-09-01 05:00:00,0.9104999999999919,-4.043000000000003,18.586,-2.91,0,0,fiber_degradation,4,3
R02-AZ,2026-09-01 05:02:00,1.9169999999999998,-4.498999999999997,19.148,-2.282,0,0,fiber_degradation,4,3
R02-AZ,2026-09-01 05:04:00,0.6769999999999978,-5.072000000000001,18.61,-2.995,0,0,fiber_degradation,4,3
R02-AZ,2026-09-01 05:06:00,0.11399999999999366,-3.673000000000002,19.039,-3.116,0,0,fiber_degradation,4,3
R02-AZ,2026-09-01 05:08:00,0.3810000000000038,-4.076000000000002,18.759,-2.671,0,0,fiber_degradation,4,3
R02-AZ,2026-09-01 05:10:00,1.7240000000000002,-4.662999999999995,18.713,-3.03,0,0,fiber_degradation,4,3
R02-AZ,2026-09-01 05:12:00,0.7115000000000062,-6.327,18.054,-3.832,0,0,fiber_degradation,4,3
R02-AZ,2026-09-01 05:14:00,0.5294999999999987,-4.354999999999993,18.443,-2.811,0,0,fiber_degradation,4,3
R02-AZ,2026-09-01 05:16:00,1.2249999999999996,-4.260000000000007,18.609,-2.991,0,0,fiber_degradation,4,3
R02-AZ,2026-09-01 05:18:00,0.3230000000000004,-4.742000000000004,18.481,-3.426,0,0,fiber_degradation,4,3
R02-AZ,2026-09-01 05:20:00,1.568000000000005,-5.334,18.56,-2.368,0,0,fiber_degradation,4,3
R02-AZ,2026-09-01 05:22:00,0.4770000000000021,-6.828999999999995,17.454,-5.046,0,0,fiber_degradation,4,3
R02-AZ,2026-09-01 05:24:00,1.1179999999999986,-5.856000000000005,17.452,-4.603,0,0,fiber_degradation,4,3
R02-AZ,2026-09-01 05:26:00,0.889999999999997,-6.304000000000002,17.052,-4.527,0,0,fiber_degradation,4,3
R02-AZ,2026-09-01 05:28:00,1.3480000000000025,-7.513,17.15,-5.101,0,0,fiber_degradation,4,3
R02-AZ,2026-09-01 05:30:00,-0.0870000000000033,-5.571500000000011,16.886,-4.932,1,0,fiber_degradation,4,3
R02-AZ,2026-09-01 05:32:00,0.8369999999999926,-6.203000000000005,17.598,-4.089,0,0,fiber_degradation,4,3
R02-AZ,2026-09-01 05:34:00,-0.05100000000000193,-4.8270000000000035,17.198,-5.08,0,0,fiber_degradation,4,3
R02-AZ,2026-09-01 05:36:00,0.7650000000000023,-7.5670000000000055,16.029,-6.476,1,0,fiber_degradation,4,3
R02-AZ,2026-09-01 05:38:00,0.8239999999999963,-5.743999999999998,17.927,-3.834,0,0,fiber_degradation,4,3
R02-AZ,2026-09-01 05:40:00,1.0050000000000008,-5.989000000000001,17.33,-4.592,0,0,fiber_degradation,4,3
R02-AZ,2026-09-01 05:42:00,0.3825000000000074,-9.353000000000007,15.636,-7.136,1,0,fiber_degradation,4,3
R02-AZ,2026-09-01 05:44:00,1.1405000000000118,-7.048999999999998,17.418,-4.699,0,0,fiber_degradation,4,3
R02-AZ,2026-09-01 05:46:00,0.4580000000000055,-6.919500000000001,16.627,-5.252,1,0,fiber_degradation,4,3
R02-AZ,2026-09-01 05:48:00,0.13299999999999912,-6.682,16.489,-5.782,1,0,fiber_degradation,4,3
R02-AZ,2026-09-01 05:50:00,0.8619999999999983,-7.148000000000005,16.861,-5.136,1,0,fiber_degradation,4,3
R02-AZ,2026-09-01 05:52:00,1.1129999999999889,-6.324500000000004,17.177,-5.218,0,0,fiber_degradation,4,3
R02-AZ,2026-09-01 05:54:00,0.18900000000000006,-6.897999999999998,16.946,-5.663,1,0,fiber_degradation,4,3
R02-AZ,2026-09-01 05:56:00,0.7630000000000035,-6.764000000000005,17.126,-5.213,0,0,fiber_degradation,4,3
R02-AZ,2026-09-01 05:58:00,1.1969999999999956,-5.793999999999995,17.356,-4.125,0,0,fiber_degradation,4,3
R02-AZ,2026-09-01 06:00:00,1.3669999999999973,-6.981000000000007,16.726,-5.52,1,0,fiber_degradation,4,3
R02-AZ,2026-09-01 06:02:00,0.4490000000000034,-7.848000000000008,16.101,-5.926,1,0,fiber_degradation,4,3
R02-AZ,2026-09-01 06:04:00,0.3119999999999976,-7.007000000000003,16.782,-5.581,1,0,fiber_degradation,4,3
R02-AZ,2026-09-01 06:06:00,1.0979999999999972,-5.401500000000002,17.409,-4.64,0,0,fiber_degradation,4,3
R02-AZ,2026-09-01 06:08:00,0.08599999999999675,-6.634000000000004,16.342,-6.113,1,0,fiber_degradation,4,3
R02-AZ,2026-09-01 06:10:00,1.022000000000002,-7.820999999999998,16.401,-6.108,1,0,fiber_degradation,4,3
R02-AZ,2026-09-01 06:12:00,0.30599999999999916,-6.7669999999999995,16.613,-5.748,1,0,fiber_degradation,4,3
R02-AZ,2026-09-01 06:14:00,0.7714999999999961,-7.996999999999998,16.208,-6.476,1,0,fiber_degradation,4,3
R02-AZ,2026-09-01 06:16:00,1.0114999999999874,-6.307,17.412,-5.106,0,0,fiber_degradation,4,3
R02-AZ,2026-09-01 06:18:00,-0.08300000000000018,-6.524500000000003,16.592,-6.02,1,0,fiber_degradation,4,3
R02-AZ,2026-09-01 06:20:00,0.019999999999999574,-3.1314999999999973,18.996,-2.349,0,0,none,-1,-1
R02-AZ,2026-09-01 06:22:00,-0.594000000000003,-2.4010000000000034,19.47,-1.665,0,0,none,-1,-1
R02-AZ,2026-09-01 06:24:00,-0.24299999999999677,-1.7190000000000119,19.455,-1.826,0,0,none,-1,-1
R02-AZ,2026-09-01 06:26:00,-0.4390000000000036,-2.4955000000000105,19.621,-1.629,0,0,none,-1,-1
R02-AZ,2026-09-01 06:28:00,0.7369999999999983,-4.7790000000000035,18.548,-3.916,0,0,fiber_degradation,10,4
R02-AZ,2026-09-01 06:30:00,0.15000000000000213,-4.574499999999999,17.933,-4.589,0,0,fiber_degradation,10,4
R02-AZ,2026-09-01 06:32:00,0.5829999999999949,-5.030000000000001,18.45,-3.585,0,0,fiber_degradation,10,4
R02-AZ,2026-09-01 06:34:00,0.517500000000009,-3.7920000000000034,19.013,-2.353,0,0,fiber_degradation,10,4
R02-AZ,2026-09-01 06:36:00,-0.09900000000000198,-5.249000000000009,18.301,-3.888,0,0,fiber_degradation,10,4
R02-AZ,2026-09-01 06:38:00,1.1659999999999968,-4.475000000000001,18.887,-2.853,0,0,fiber_degradation,10,4
R02-AZ,2026-09-01 06:40:00,0.6980000000000111,-4.235000000000005,17.811,-4.262,0,0,fiber_degradation,10,4
R02-AZ,2026-09-01 06:42:00,0.6579999999999995,-6.099000000000007,17.954,-4.372,0,0,fiber_degradation,10,4
R02-AZ,2026-09-01 06:44:00,0.3919999999999959,-5.574500000000002,18.089,-3.829,0,0,fiber_degradation,10,4
R02-AZ,2026-09-01 06:46:00,0.9615000000000027,-5.7225,17.58,-4.564,0,0,fiber_degradation,10,4
R02-AZ,2026-09-01 06:48:00,-0.6105000000000036,-4.438000000000008,18.438,-3.889,0,0,fiber_degradation,10,4
R02-AZ,2026-09-01 06:50:00,-0.6229999999999976,-5.315000000000007,17.71,-5.012,0,0,fiber_degradation,10,4
R02-AZ,2026-09-01 06:52:00,0.2760000000000016,-5.725,17.864,-4.552,0,0,fiber_degradation,10,4
R02-AZ,2026-09-01 06:54:00,0.34833333333332916,-5.252000000000008,18.843,-3.043,0,0,fiber_degradation,10,4
R02-AZ,2026-09-01 06:56:00,0.5161666666666687,-5.351000000000006,18.613,-3.405,0,0,fiber_degradation,10,4
R02-AZ,2026-09-01 06:58:00,0.6839999999999993,-5.450000000000003,18.016,-4.023,0,0,fiber_degradation,10,4
R02-AZ,2026-09-01 07:00:00,-0.10600000000000342,-5.359000000000005,18.115,-4.351,0,0,fiber_degradation,10,4
R02-AZ,2026-09-01 07:02:00,0.7960000000000029,-6.300999999999997,18.394,-3.251,0,0,fiber_degradation,10,4
R02-AZ,2026-09-01 07:04:00,0.5119999999999898,-4.458000000000007,18.021,-4.574,0,0,fiber_degradation,10,4
R02-AZ,2026-09-01 07:06:00,0.36299999999999777,-5.755500000000001,18.645,-3.646,0,0,fiber_degradation,10,4
R02-AZ,2026-09-01 07:08:00,-0.29899999999999594,-4.409000000000008,18.152,-4.376,0,0,fiber_degradation,10,4
R02-AZ,2026-09-01 07:10:00,0.37799999999999656,-5.204000000000001,17.995,-4.29,0,0,fiber_degradation,10,4
R02-AZ,2026-09-01 07:12:00,-0.1910000000000025,-5.416000000000011,18.022,-4.325,0,0,fiber_degradation,10,4
R02-AZ,2026-09-01 07:14:00,0.14400000000000013,-6.054000000000004,18.146,-4.162,0,0,fiber_degradation,10,4
R02-AZ,2026-09-01 07:16:00,0.7680000000000007,-4.631000000000011,18.876,-3.056,0,0,fiber_degradation,10,4
R02-AZ,2026-09-01 07:18:00,0.1530000000000058,-6.312000000000001,17.601,-5.189,0,0,fiber_degradation,10,4
R02-AZ,2026-09-01 07:20:00,1.5050000000000008,-4.9320000000000075,18.705,-3.43,0,0,fiber_degradation,10,4
R02-AZ,2026-09-01 07:22:00,0.9714999999999971,-5.2730000000000015,18.77,-3.109,0,0,fiber_degradation,10,4
R02-AZ,2026-09-01 07:24:00,0.6049999999999986,-5.765000000000004,17.78,-4.373,0,0,fiber_degradation,10,4
R02-AZ,2026-09-01 07:26:00,-0.16400000000000503,-6.037999999999997,18.22,-4.484,0,0,fiber_degradation,10,4
R02-AZ,2026-09-01 07:28:00,1.0920000000000059,-4.75700000000001,17.926,-4.201,0,0,fiber_degradation,10,4
R02-AZ,2026-09-01 07:30:00,-0.6989999999999927,-5.205000000000005,17.125,-5.845,0,0,fiber_degradation,10,4
R02-AZ,2026-09-01 07:32:00,0.4819999999999922,-4.6960000000000015,17.999,-4.185,0,0,fiber_degradation,10,4
R02-AZ,2026-09-01 07:34:00,0.23499999999999055,-5.996000000000006,17.765,-5.007,0,0,fiber_degradation,10,4
R02-AZ,2026-09-01 07:36:00,0.5200000000000031,-3.807000000000002,18.901,-2.705,0,0,fiber_degradation,10,4
R02-AZ,2026-09-01 07:38:00,-0.017000000000010118,-5.432000000000006,18.337,-4.063,0,0,fiber_degradation,10,4
R02-AZ,2026-09-01 07:40:00,0.3909999999999947,-5.503000000000002,18.379,-4.262,0,0,fiber_degradation,10,4
R02-AZ,2026-09-01 07:42:00,0.8659999999999961,-5.229500000000003,18.187,-4.295,0,0,fiber_degradation,10,4
R02-AZ,2026-09-01 07:44:00,0.3504999999999914,-6.061999999999996,17.874,-4.548,0,0,fiber_degradation,10,4
R02-AZ,2026-09-01 07:46:00,-0.17600000000000549,-7.2705000000000055,16.876,-6.509,1,0,fiber_degradation,10,4
R02-AZ,2026-09-01 07:48:00,-0.4449999999999985,-5.504999999999999,18.29,-4.152,0,0,fiber_degradation,10,4
R02-AZ,2026-09-01 07:50:00,0.8069999999999986,-5.312000000000001,17.793,-4.386,0,0,fiber_degradation,10,4
R02-AZ,2026-09-01 07:52:00,0.12950000000000017,-5.041000000000004,18.095,-4.456,0,0,fiber_degradation,10,4
R02-AZ,2026-09-01 07:54:00,-1.0250000000000021,-4.685500000000005,17.895,-4.827,0,0,fiber_degradation,10,4
R02-AZ,2026-09-01 07:56:00,0.8170000000000002,-4.162000000000001,18.359,-3.683,0,0,fiber_degradation,10,4
R02-AZ,2026-09-01 07:58:00,0.5739999999999998,-5.330000000000005,18.016,-3.885,0,0,fiber_degradation,10,4
R02-AZ,2026-09-01 08:00:00,0.05299999999999727,-4.980500000000003,18.089,-4.418,0,0,fiber_degradation,10,4
R02-AZ,2026-09-01 08:02:00,0.34550000000000125,-4.832000000000006,18.127,-3.98,0,0,fiber_degradation,10,4
R02-AZ,2026-09-01 08:04:00,0.12100000000000222,-6.245999999999997,17.779,-4.826,0,0,fiber_degradation,10,4
R02-AZ,2026-09-01 08:06:00,0.7944999999999993,-5.59100000000001,18.202,-3.58,0,0,fiber_degradation,10,4
R02-AZ,2026-09-01 08:08:00,0.784999999999993,-5.122500000000008,17.945,-3.837,0,0,fiber_degradation,10,4
R02-AZ,2026-09-01 08:10:00,-0.022000000000002018,-5.138000000000007,17.732,-4.705,0,0,fiber_degradation,10,4
R02-AZ,2026-09-01 08:12:00,0.8399999999999999,-6.470000000000004,17.689,-4.6,0,0,fiber_degradation,10,4
R02-AZ,2026-09-01 08:14:00,-0.38899999999999757,-2.5145,19.166,-2.524,0,0,none,-1,-1
R02-AZ,2026-09-01 08:16:00,-0.46800000000000175,-2.0589999999999993,19.493,-1.694,0,0,none,-1,-1
R02-AZ,2026-09-01 08:18:00,-0.6895000000000024,-3.0460000000000047,19.125,-2.293,0,0,none,-1,-1
R02-AZ,2026-09-01 08:20:00,-0.3010000000000037,-42.21099999999999,-18.641,-42.018,1,1,fiber_cut,6,5
R02-AZ,2026-09-01 08:22:00,-0.585999999999995,-41.581,-19.095,-41.989,1,1,fiber_cut,6,5
R02-AZ,2026-09-01 08:24:00,-0.5279999999999951,-41.992,-19.246,-42.113,1,1,fiber_cut,6,5
R02-AZ,2026-09-01 08:26:00,-0.3620000000000019,-41.93000000000001,-19.087,-42.043,1,1,fiber_cut,6,5
R02-AZ,2026-09-01 08:28:00,-0.07299999999999862,-42.399,-18.818,-41.612,1,1,fiber_cut,6,5
R02-AZ,2026-09-01 08:30:00,-1.1839999999999993,-41.098000000000006,-19.569,-42.828,1,1,fiber_cut,6,5
R02-AZ,2026-09-01 08:32:00,-0.04499999999999815,-41.779,-19.068,-41.749,1,1,fiber_cut,6,5
R02-AZ,2026-09-01 08:34:00,-1.0854999999999997,-41.36000000000001,-19.317,-42.313,1,1,fiber_cut,6,5
R02-AZ,2026-09-01 08:36:00,-0.8850000000000122,-2.820999999999996,19.237,-2.251,0,0,none,-1,-1
R02-AZ,2026-09-01 08:38:00,-0.5199999999999942,-2.1459999999999972,19.114,-2.459,0,0,none,-1,-1
R02-AZ,2026-09-01 08:40:00,-0.0030000000000001137,-2.5350000000000055,19.554,-1.911,0,0,none,-1,-1
R02-AZ,2026-09-01 08:42:00,0.36399999999999544,-2.9410000000000007,19.608,-1.366,0,0,none,-1,-1
R02-AZ,2026-09-01 08:44:00,0.30700000000000216,-3.837000000000007,19.104,-2.457,0,0,none,-1,-1
R02-AZ,2026-09-01 08:46:00,-0.5250000000000004,-3.014000000000003,19.434,-1.964,0,0,none,-1,-1
R02-AZ,2026-09-01 08:48:00,-0.9419999999999966,-3.0189999999999984,19.023,-3.194,0,0,none,-1,-1
R02-AZ,2026-09-01 08:50:00,-0.7529999999999966,-2.3680000000000057,19.415,-2.237,0,0,none,-1,-1
R02-AZ,2026-09-01 08:52:00,-0.45900000000000496,-1.9959999999999987,19.137,-3.049,0,0,none,-1,-1
R02-AZ,2026-09-01 08:54:00,0.21699999999999875,-2.273999999999999,19.542,-1.587,0,0,none,-1,-1
R02-AZ,2026-09-01 08:56:00,-0.23800000000000132,-2.038999999999996,19.605,-1.607,0,0,none,-1,-1
R02-AZ,2026-09-01 08:58:00,0.18899999999999828,-1.994000000000005,19.745,-0.712,0,0,none,-1,-1
R02-AZ,2026-09-01 09:00:00,0.4779999999999962,-3.9640000000000004,19.033,-2.692,0,0,none,-1,-1
R02-AZ,2026-09-01 09:02:00,0.6949999999999985,-0.7560000000000038,19.941,-0.193,0,0,none,-1,-1
R02-AZ,2026-09-01 09:04:00,-0.7980000000000071,-1.9790000000000045,19.472,-1.794,0,0,none,-1,-1
R02-AZ,2026-09-01 09:06:00,-0.5649999999999995,-1.3770000000000042,19.68,-1.476,0,0,none,-1,-1
R02-AZ,2026-09-01 09:08:00,-1.6660000000000004,-2.0820000000000007,19.113,-3.057,0,0,none,-1,-1
R02-AZ,2026-09-01 09:10:00,-0.30700000000000394,-3.248000000000003,19.152,-2.292,0,0,none,-1,-1
R02-AZ,2026-09-01 09:12:00,0.607999999999997,-2.5325000000000024,19.534,-1.416,0,0,none,-1,-1
R02-AZ,2026-09-01 09:14:00,0.251000000000003,-2.861500000000005,19.207,-1.581,0,0,none,-1,-1
R02-AZ,2026-09-01 09:16:00,-0.577,-3.6590000000000042,19.529,-1.95,0,0,none,-1,-1
R02-AZ,2026-09-01 09:18:00,-0.7319999999999958,-2.060000000000004,19.35,-1.636,0,0,none,-1,-1
R02-AZ,2026-09-01 09:20:00,0.022999999999999687,-2.223000000000006,19.669,-1.257,0,0,none,-1,-1
R02-AZ,2026-09-01 09:22:00,-0.47249999999999837,-2.586000000000002,19.367,-2.441,0,0,none,-1,-1
R02-AZ,2026-09-01 09:24:00,-0.30799999999999983,-2.2760000000000105,19.37,-1.663,0,0,none,-1,-1
R02-AZ,2026-09-01 09:26:00,0.027999999999998693,-0.1510000000000069,19.959,-0.03,0,0,none,-1,-1
R02-AZ,2026-09-01 09:28:00,-0.16700000000000337,-2.587000000000007,19.29,-2.239,0,0,none,-1,-1
R02-AZ,2026-09-01 09:30:00,-0.013000000000001677,-1.62600000000001,19.446,-1.696,0,0,none,-1,-1
R02-AZ,2026-09-01 09:32:00,-0.005999999999998451,-2.9785000000000057,19.549,-1.224,0,0,none,-1,-1
R02-AZ,2026-09-01 09:34:00,-0.03899999999999615,-1.4629999999999992,19.801,-1.086,0,0,none,-1,-1
R02-AZ,2026-09-01 09:36:00,0.07099999999999973,-1.8400000000000034,19.579,-1.221,0,0,none,-1,-1
R02-AZ,2026-09-01 09:38:00,0.4369999999999994,-2.1920000000000037,19.701,-1.052,0,0,none,-1,-1
R02-AZ,2026-09-01 09:40:00,0.7139999999999915,-3.709000000000005,19.277,-2.687,0,0,none,-1,-1
R02-AZ,2026-09-01 09:42:00,0.49800000000000466,-2.4510000000000005,19.744,-1.196,0,0,none,-1,-1
R02-AZ,2026-09-01 09:44:00,-0.38599999999999923,-3.4370000000000047,19.223,-2.471,0,0,none,-1,-1
R02-AZ,2026-09-01 09:46:00,-1.0414999999999885,-1.8690000000000033,19.329,-2.068,0,0,fiber_degradation,2,6
R02-AZ,2026-09-01 09:48:00,-0.24399999999999977,-1.9800000000000058,19.202,-2.234,0,0,fiber_degradation,2,6
R02-AZ,2026-09-01 09:50:00,0.20899999999999785,-3.2530000000000037,19.342,-2.448,0,0,fiber_degradation,2,6
R02-AZ,2026-09-01 09:52:00,0.23700000000000365,-2.7630000000000052,19.451,-1.83,0,0,fiber_degradation,2,6
R02-AZ,2026-09-01 09:54:00,-0.3380000000000045,-4.293000000000003,18.224,-3.942,0,0,fiber_degradation,2,6
R02-AZ,2026-09-01 09:56:00,0.036999999999999034,-1.964999999999998,19.397,-1.754,0,0,fiber_degradation,2,6
R02-AZ,2026-09-01 09:58:00,-0.7370000000000054,-3.9200000000000017,18.982,-3.23,0,0,fiber_degradation,2,6
R02-ZA,2026-09-01 00:00:00,-1.8589999999999982,-4.023999999999997,19.676,-3.94,0,0,none,-1,-1
R02-ZA,2026-09-01 00:02:00,-1.599999999999996,-2.12900000000001,19.901,-2.736,0,0,none,-1,-1
R02-ZA,2026-09-01 00:04:00,-2.2590000000000074,-2.051999999999998,19.781,-3.402,0,0,none,-1,-1
R02-ZA,2026-09-01 00:06:00,-2.1359999999999975,-2.2120000000000104,19.626,-3.604,0,0,none,-1,-1
R02-ZA,2026-09-01 00:08:00,-2.929999999999998,-1.9105000000000025,19.832,-3.413,0,0,none,-1,-1
R02-ZA,2026-09-01 00:10:00,-3.003000000000002,-43.153,-18.912,-44.364,1,1,fiber_cut,4,0
R02-ZA,2026-09-01 00:12:00,-1.9319999999999933,-41.410000000000004,-18.02,-42.389,1,1,fiber_cut,4,0
R02-ZA,2026-09-01 00:14:00,-1.9664999999999946,-40.633,-17.951,-42.736,1,1,fiber_cut,4,0
R02-ZA,2026-09-01 00:16:00,-2.2730000000000032,-41.489000000000004,-17.84,-42.668,1,1,fiber_cut,4,0
R02-ZA,2026-09-01 00:18:00,-2.6049999999999933,-42.30000000000001,-19.044,-44.186,1,1,fiber_cut,4,0
R02-ZA,2026-09-01 00:20:00,-2.766000000000002,-41.02700000000001,-17.675,-42.27,1,1,fiber_cut,4,0
R02-ZA,2026-09-01 00:22:00,-1.3679999999999986,-42.788999999999994,-17.833,-43.089,1,1,fiber_cut,4,0
R02-ZA,2026-09-01 00:24:00,-2.6170000000000044,-40.422,-17.258,-42.037,1,1,fiber_cut,4,0
R02-ZA,2026-09-01 00:26:00,-2.2279999999999944,-0.3500000000000085,20.078,-1.97,0,0,none,-1,-1
R02-ZA,2026-09-01 00:28:00,-1.955999999999996,-0.7960000000000029,20.017,-2.052,0,0,none,-1,-1
R02-ZA,2026-09-01 00:30:00,-2.1849999999999987,-1.4129999999999967,19.964,-2.295,0,0,none,-1,-1
R02-ZA,2026-09-01 00:32:00,-2.386000000000001,-2.3420000000000076,19.528,-3.889,0,0,none,-1,-1
R02-ZA,2026-09-01 00:34:00,-1.755000000000006,-1.078000000000003,20.017,-2.194,0,0,none,-1,-1
R02-ZA,2026-09-01 00:36:00,-1.411999999999999,-1.344000000000003,19.965,-1.234,0,0,none,-1,-1
R02-ZA,2026-09-01 00:38:00,-0.6800000000000015,-2.2815000000000047,19.905,-2.732,0,0,none,-1,-1
R02-ZA,2026-09-01 00:40:00,-2.1649999999999956,-1.0660000000000043,20.032,-1.679,0,0,none,-1,-1
R02-ZA,2026-09-01 00:42:00,-2.0696666666666665,-1.003000000000002,20.076,-1.475,0,0,none,-1,-1
R02-ZA,2026-09-01 00:44:00,-2.6653333333333364,-1.8659999999999997,19.807,-3.37,0,0,none,-1,-1
R02-ZA,2026-09-01 00:46:00,-1.863999999999999,-1.3950000000000014,19.751,-3.039,0,0,none,-1,-1
R02-ZA,2026-09-01 00:48:00,-1.626000000000003,-2.264500000000007,20.016,-2.753,0,0,none,-1,-1
R02-ZA,2026-09-01 00:50:00,-2.0489999999999995,-3.5319999999999965,19.528,-3.867,0,0,none,-1,-1
R02-ZA,2026-09-01 00:52:00,-2.0980000000000025,-1.5369999999999955,19.994,-1.991,0,0,none,-1,-1
R02-ZA,2026-09-01 00:54:00,-1.9969999999999892,-1.033000000000003,20.027,-1.563,0,0,none,-1,-1
R02-ZA,2026-09-01 00:56:00,-2.543000000000001,-2.118000000000004,20.043,-2.444,0,0,none,-1,-1
R02-ZA,2026-09-01 00:58:00,-1.9429999999999978,0.07699999999999285,19.984,-1.251,0,0,none,-1,-1
R02-ZA,2026-09-01 01:00:00,-1.8510000000000026,-2.0330000000000066,19.716,-3.637,0,0,none,-1,-1
R02-ZA,2026-09-01 01:02:00,-2.12399999999999,0.929000000000002,20.108,-1.166,0,0,none,-1,-1
R02-ZA,2026-09-01 01:04:00,-2.0870000000000015,-1.629999999999999,19.9,-2.184,0,0,none,-1,-1
R02-ZA,2026-09-01 01:06:00,-2.215,-2.3030000000000044,19.615,-3.743,0,0,none,-1,-1
R02-ZA,2026-09-01 01:08:00,-2.245999999999997,-1.1550000000000047,19.953,-2.458,0,0,none,-1,-1
R02-ZA,2026-09-01 01:10:00,-2.9390000000000036,-0.4305000000000021,20.061,-2.137,0,0,none,-1,-1
R02-ZA,2026-09-01 01:12:00,-2.317500000000001,-2.4590000000000014,19.97,-2.448,0,0,none,-1,-1
R02-ZA,2026-09-01 01:14:00,-1.7529999999999983,-1.5850000000000097,19.927,-1.507,0,0,none,-1,-1
R02-ZA,2026-09-01 01:16:00,-2.3320000000000007,-1.3250000000000028,19.744,-3.375,0,0,none,-1,-1
R02-ZA,2026-09-01 01:18:00,-2.0570000000000004,-3.5030000000000054,19.853,-3.436,0,0,none,-1,-1
R02-ZA,2026-09-01 01:20:00,-2.49,-1.4459999999999997,19.964,-2.486,0,0,none,-1,-1
R02-ZA,2026-09-01 01:22:00,-1.4530000000000012,-1.314500000000013,20.088,-1.875,0,0,none,-1,-1
R02-ZA,2026-09-01 01:24:00,-1.565999999999999,-1.878000000000002,19.979,-2.874,0,0,none,-1,-1
R02-ZA,2026-09-01 01:26:00,-2.355000000000004,-1.4894999999999943,19.828,-3.1,0,0,fiber_degradation,19,1
R02-ZA,2026-09-01 01:28:00,-2.294000000000004,-0.599000000000002,19.963,-2.109,0,0,fiber_degradation,19,1
R02-ZA,2026-09-01 01:30:00,-2.321999999999992,-4.3580000000000005,19.495,-5.314,0,0,fiber_degradation,19,1
R02-ZA,2026-09-01 01:32:00,-1.373000000000001,-4.928000000000001,19.863,-4.432,0,0,fiber_degradation,19,1
R02-ZA,2026-09-01 01:34:00,-2.995999999999997,-2.7010000000000076,19.844,-4.741,0,0,fiber_degradation,19,1
R02-ZA,2026-09-01 01:36:00,-1.7960000000000154,-2.275000000000002,19.671,-3.663,0,0,fiber_degradation,19,1
R02-ZA,2026-09-01 01:38:00,-2.8229999999999986,-4.516000000000002,19.751,-5.753,0,0,fiber_degradation,19,1
R02-ZA,2026-09-01 01:40:00,-2.1229999999999993,-5.292000000000003,19.824,-5.462,0,0,fiber_degradation,19,1
R02-ZA,2026-09-01 01:42:00,-2.8385000000000034,-4.457999999999998,19.721,-6.05,1,0,fiber_degradation,19,1
R02-ZA,2026-09-01 01:44:00,-2.8895000000000017,-5.097000000000012,19.731,-6.144,1,0,fiber_degradation,19,1
R02-ZA,2026-09-01 01:46:00,-2.1439999999999966,-4.752500000000008,19.841,-6.205,1,0,fiber_degradation,19,1
R02-ZA,2026-09-01 01:48:00,-2.4135000000000026,-6.940000000000005,19.379,-8.179,1,0,fiber_degradation,19,1
R02-ZA,2026-09-01 01:50:00,-1.1709999999999976,-5.835000000000003,19.806,-7.046,1,0,fiber_degradation,19,1
R02-ZA,2026-09-01 01:52:00,-2.162000000000001,-6.886000000000003,19.706,-7.609,1,0,fiber_degradation,19,1
R02-ZA,2026-09-01 01:54:00,-2.3820000000000032,-7.087000000000009,19.579,-7.932,1,0,fiber_degradation,19,1
R02-ZA,2026-09-01 01:56:00,-2.4050000000000047,-8.398000000000003,19.379,-9.176,1,0,fiber_degradation,19,1
R02-ZA,2026-09-01 01:58:00,-3.0959999999999948,-5.652000000000005,19.507,-9.117,1,0,fiber_degradation,19,1
R02-ZA,2026-09-01 02:00:00,-1.3054999999999968,-8.589000000000004,19.355,-9.394,1,0,fiber_degradation,19,1
R02-ZA,2026-09-01 02:02:00,-1.6760000000000002,-10.053000000000006,19.228,-9.781,1,0,fiber_degradation,19,1
R02-ZA,2026-09-01 02:04:00,-3.1780000000000026,-8.44400000000001,19.286,-10.373,1,0,fiber_degradation,19,1
R02-ZA,2026-09-01 02:06:00,-2.495999999999995,-11.267000000000012,18.378,-12.674,1,0,fiber_degradation,19,1
R02-ZA,2026-09-01 02:08:00,-2.4224999999999994,-9.737000000000002,19.165,-10.752,1,0,fiber_degradation,19,1
R02-ZA,2026-09-01 02:10:00,-2.3324999999999942,-10.007000000000001,19.135,-10.691,1,0,fiber_degradation,19,1
R02-ZA,2026-09-01 02:12:00,-2.3789999999999996,-12.142,18.566,-12.771,1,0,fiber_degradation,19,1
R02-ZA,2026-09-01 02:14:00,-1.419000000000004,-11.815000000000003,18.87,-11.817,1,0,fiber_degradation,19,1
R02-ZA,2026-09-01 02:16:00,-3.0850000000000026,-10.764000000000006,18.423,-13.183,1,0,fiber_degradation,19,1
R02-ZA,2026-09-01 02:18:00,-2.661000000000003,-10.266000000000004,18.865,-11.879,1,0,fiber_degradation,19,1
R02-ZA,2026-09-01 02:20:00,-2.893999999999995,-10.364,18.915,-11.759,1,0,fiber_degradation,19,1
R02-ZA,2026-09-01 02:22:00,-2.2640000000000047,-11.284999999999998,18.669,-12.423,1,0,fiber_degradation,19,1
R02-ZA,2026-09-01 02:24:00,-2.144,-12.286999999999999,18.582,-12.603,1,0,fiber_degradation,19,1
R02-ZA,2026-09-01 02:26:00,-1.620000000000001,-11.286,18.812,-11.132,1,0,fiber_degradation,19,1
R02-ZA,2026-09-01 02:28:00,-1.5820000000000025,-9.739499999999998,18.988,-11.024,1,0,fiber_degradation,19,1
R02-ZA,2026-09-01 02:30:00,-2.2810000000000077,-9.352000000000004,18.874,-10.076,1,0,fiber_degradation,19,1
R02-ZA,2026-09-01 02:32:00,-1.9759999999999955,-11.919500000000003,18.759,-11.945,1,0,fiber_degradation,19,1
R02-ZA,2026-09-01 02:34:00,-2.4200000000000053,-10.831000000000005,18.963,-11.662,1,0,fiber_degradation,19,1
R02-ZA,2026-09-01 02:36:00,-1.7170000000000005,-11.338000000000003,18.671,-12.053,1,0,fiber_degradation,19,1
R02-ZA,2026-09-01 02:38:00,-1.5944999999999965,-8.992000000000004,19.052,-10.387,1,0,fiber_degradation,19,1
R02-ZA,2026-09-01 02:40:00,-2.528999999999998,-11.653000000000008,18.319,-13.055,1,0,fiber_degradation,19,1
R02-ZA,2026-09-01 02:42:00,-1.6494999999999962,-10.136500000000002,18.843,-11.73,1,0,fiber_degradation,19,1
R02-ZA,2026-09-01 02:44:00,-2.5750000000000046,-10.082999999999995,19.064,-11.173,1,0,fiber_degradation,19,1
R02-ZA,2026-09-01 02:46:00,-2.2120000000000033,-1.0940000000000012,20.015,-2.039,0,0,none,-1,-1
R02-ZA,2026-09-01 02:48:00,-2.1930000000000014,0.6159999999999997,19.968,-0.43,0,0,none,-1,-1
R02-ZA,2026-09-01 02:50:00,-2.322000000000001,-1.0370000000000097,20.0,-2.578,0,0,none,-1,-1
R02-ZA,2026-09-01 02:52:00,-2.1519999999999957,-1.4590000000000085,19.965,-2.228,0,0,none,-1,-1
R02-ZA,2026-09-01 02:54:00,-1.5429999999999957,-1.8689999999999927,20.011,-2.234,0,0,none,-1,-1
R02-ZA,2026-09-01 02:56:00,-1.8045000000000009,0.33449999999999314,20.067,-0.994,0,0,none,-1,-1
R02-ZA,2026-09-01 02:58:00,-2.481000000000005,1.0669999999999948,20.112,-0.914,0,0,none,-1,-1
R02-ZA,2026-09-01 03:00:00,-2.3174999999999955,-0.47100000000000364,20.064,-1.396,0,0,none,-1,-1
R02-ZA,2026-09-01 03:02:00,-3.0099999999999962,0.7459999999999969,20.106,-1.716,0,0,none,-1,-1
R02-ZA,2026-09-01 03:04:00,-2.067999999999998,-2.4580000000000037,19.86,-2.549,0,0,none,-1,-1
R02-ZA,2026-09-01 03:06:00,-2.3689999999999998,-1.342000000000004,19.968,-2.219,0,0,none,-1,-1
R02-ZA,2026-09-01 03:08:00,-2.336000000000002,-0.21900000000000652,20.03,-1.336,0,0,none,-1,-1
R02-ZA,2026-09-01 03:10:00,-1.7859999999999978,-0.5610000000000106,19.959,-1.142,0,0,none,-1,-1
R02-ZA,2026-09-01 03:12:00,-2.1739999999999924,-0.8140000000000018,19.983,-1.854,0,0,none,-1,-1
R02-ZA,2026-09-01 03:14:00,-2.0469999999999935,0.6149999999999913,20.028,-0.284,0,0,none,-1,-1
R02-ZA,2026-09-01 03:16:00,-2.8429999999999964,-0.3089999999999957,19.912,-0.98,0,0,none,-1,-1
R02-ZA,2026-09-01 03:18:00,-2.2359999999999918,-1.033999999999999,19.924,-2.505,0,0,none,-1,-1
R02-ZA,2026-09-01 03:20:00,-1.6474999999999955,1.1199999999999903,19.785,-0.181,0,0,none,-1,-1
R02-ZA,2026-09-01 03:22:00,-2.2170000000000005,0.7709999999999972,20.017,-1.003,0,0,none,-1,-1
R02-ZA,2026-09-01 03:24:00,-1.5839999999999996,-2.3500000000000014,19.861,-3.023,0,0,none,-1,-1
R02-ZA,2026-09-01 03:26:00,-2.133999999999997,-0.5810000000000084,19.947,-2.445,0,0,none,-1,-1
R02-ZA,2026-09-01 03:28:00,-2.408999999999997,-0.7065000000000019,19.957,-2.158,0,0,none,-1,-1
R02-ZA,2026-09-01 03:30:00,-2.4429999999999907,0.36499999999998956,20.036,-1.508,0,0,none,-1,-1
R02-ZA,2026-09-01 03:32:00,-2.6890000000000036,-1.554333333333334,20.067,-1.66,0,0,none,-1,-1
R02-ZA,2026-09-01 03:34:00,-1.714999999999998,-0.8826666666666707,19.961,-0.593,0,0,none,-1,-1
R02-ZA,2026-09-01 03:36:00,-1.4720000000000066,-0.5180000000000096,19.947,-0.999,0,0,none,-1,-1
R02-ZA,2026-09-01 03:38:00,-1.958499999999999,-0.9755000000000109,20.176,-0.76,0,0,none,-1,-1
R02-ZA,2026-09-01 03:40:00,-2.3010000000000073,-0.14449999999999896,20.086,-0.8,0,0,none,-1,-1
R02-ZA,2026-09-01 03:42:00,-2.457500000000005,-1.0949999999999989,19.837,-2.962,0,0,none,-1,-1
R02-ZA,2026-09-01 03:44:00,-2.0520000000000014,-0.44099999999999895,20.144,-1.121,0,0,none,-1,-1
R02-ZA,2026-09-01 03:46:00,-2.368000000000002,1.621999999999998,20.034,-0.208,0,0,none,-1,-1
R02-ZA,2026-09-01 03:48:00,-2.394999999999998,-0.8990000000000027,19.98,-1.529,0,0,none,-1,-1
R02-ZA,2026-09-01 03:50:00,-2.2044999999999995,-0.23999999999999844,20.002,-0.952,0,0,none,-1,-1
R02-ZA,2026-09-01 03:52:00,-1.8740000000000077,-0.28000000000000647,19.92,-1.334,0,0,none,-1,-1
R02-ZA,2026-09-01 03:54:00,-1.8269999999999946,-0.8239999999999981,20.011,-1.283,0,0,none,-1,-1
R02-ZA,2026-09-01 03:56:00,-2.1369999999999987,0.48199999999999577,19.894,-0.303,0,0,none,-1,-1
R02-ZA,2026-09-01 03:58:00,-1.7629999999999963,0.26599999999999824,20.029,-0.87,0,0,none,-1,-1
R02-ZA,2026-09-01 04:00:00,-2.5745000000000022,-0.48500000000000654,20.042,-2.099,0,0,none,-1,-1
R02-ZA,2026-09-01 04:02:00,-2.004499999999995,0.7259999999999955,20.059,-0.393,0,0,none,-1,-1
R02-ZA,2026-09-01 04:04:00,-2.392000000000005,-0.616000000000005,20.023,-2.141,0,0,none,-1,-1
R02-ZA,2026-09-01 04:06:00,-1.5910000000000046,-0.2700000000000049,20.069,-0.722,0,0,none,-1,-1
R02-ZA,2026-09-01 04:08:00,-2.054499999999999,-0.8690000000000033,19.946,-1.645,0,0,none,-1,-1
R02-ZA,2026-09-01 04:10:00,-2.1529999999999987,-0.46800000000000175,19.982,-1.241,0,0,none,-1,-1
R02-ZA,2026-09-01 04:12:00,-2.5224999999999973,0.6820000000000022,19.964,-0.861,0,0,none,-1,-1
R02-ZA,2026-09-01 04:14:00,-3.066000000000008,-1.4909999999999997,20.005,-2.277,0,0,none,-1,-1
R02-ZA,2026-09-01 04:16:00,-2.528999999999998,0.9679999999999982,19.789,-0.187,0,0,none,-1,-1
R02-ZA,2026-09-01 04:18:00,-2.7205000000000013,-0.37999999999999545,20.006,-2.018,0,0,none,-1,-1
R02-ZA,2026-09-01 04:20:00,-2.636000000000001,0.6129999999999978,20.082,-0.898,0,0,none,-1,-1
R02-ZA,2026-09-01 04:22:00,-2.157999999999996,0.7234999999999925,19.984,-0.525,0,0,none,-1,-1
R02-ZA,2026-09-01 04:24:00,-2.204000000000004,-0.21600000000000286,20.047,-0.445,0,0,none,-1,-1
R02-ZA,2026-09-01 04:26:00,-2.1155000000000026,-0.47600000000000975,20.134,-1.493,0,0,none,-1,-1
R02-ZA,2026-09-01 04:28:00,-1.6405000000000047,1.1169999999999973,19.76,1.159,0,0,none,-1,-1
R02-ZA,2026-09-01 04:30:00,-0.8314999999999966,-0.1490000000000009,19.992,-0.228,0,0,none,-1,-1
R02-ZA,2026-09-01 04:32:00,-2.116000000000003,-0.496000000000004,20.118,-1.163,0,0,none,-1,-1
R02-ZA,2026-09-01 04:34:00,-2.3809999999999985,-0.5610000000000053,19.983,-1.184,0,0,none,-1,-1
R02-ZA,2026-09-01 04:36:00,-2.8635,-0.583000000000002,19.871,-1.905,0,0,none,-1,-1
R02-ZA,2026-09-01 04:38:00,-2.2315000000000005,0.23949999999999605,20.114,-1.537,0,0,none,-1,-1
R02-ZA,2026-09-01 04:40:00,-2.4740000000000038,-1.3109999999999982,20.014,-2.206,0,0,none,-1,-1
R02-ZA,2026-09-01 04:42:00,-1.236500000000003,0.011000000000004562,20.067,-0.707,0,0,none,-1,-1
R02-ZA,2026-09-01 04:44:00,-2.666999999999998,-0.3300000000000036,19.879,-1.995,0,0,none,-1,-1
R02-ZA,2026-09-01 04:46:00,-2.2580000000000027,-1.0909999999999958,20.037,-1.885,0,0,none,-1,-1
R02-ZA,2026-09-01 04:48:00,-1.7360000000000007,2.1129999999999978,19.296,1.631,0,0,none,-1,-1
R02-ZA,2026-09-01 04:50:00,-2.087000000000007,0.8319999999999954,19.987,-0.3,0,0,none,-1,-1
R02-ZA,2026-09-01 04:52:00,-1.851999999999995,0.45199999999999463,20.006,-0.417,0,0,none,-1,-1
R02-ZA,2026-09-01 04:54:00,-1.2065000000000001,-0.029500000000000526,19.51,0.608,0,0,none,-1,-1
R02-ZA,2026-09-01 04:56:00,-2.251000000000003,-0.17600000000000016,20.129,-1.312,0,0,none,-1,-1
R02-ZA,2026-09-01 04:58:00,-2.132000000000007,-1.9810000000000016,20.063,-2.085,0,0,none,-1,-1
R02-ZA,2026-09-01 05:00:00,-2.3460000000000036,0.5969999999999942,20.153,-1.083,0,0,none,-1,-1
R02-ZA,2026-09-01 05:02:00,-2.3369999999999997,-0.13399999999999856,20.041,-1.336,0,0,none,-1,-1
R02-ZA,2026-09-01 05:04:00,-2.176999999999996,0.4175000000000004,20.053,0.025,0,0,none,-1,-1
R02-ZA,2026-09-01 05:06:00,-1.3145000000000007,0.5489999999999995,19.825,0.631,0,0,none,-1,-1
R02-ZA,2026-09-01 05:08:00,-1.9360000000000017,-1.7205000000000066,19.892,-2.431,0,0,none,-1,-1
R02-ZA,2026-09-01 05:10:00,-2.2730000000000032,-1.097999999999999,19.855,-2.904,0,0,none,-1,-1
R02-ZA,2026-09-01 05:12:00,-2.693000000000003,-0.2180000000000053,20.011,-2.484,0,0,none,-1,-1
R02-ZA,2026-09-01 05:14:00,-2.4179999999999975,-0.4080000000000066,19.819,-1.608,0,0,none,-1,-1
R02-ZA,2026-09-01 05:16:00,-2.2719999999999985,-0.21500000000000163,20.134,-1.233,0,0,none,-1,-1
R02-ZA,2026-09-01 05:18:00,-2.8970000000000073,-0.21700000000000053,19.952,-2.014,0,0,none,-1,-1
R02-ZA,2026-09-01 05:20:00,-2.1969999999999956,0.3340000000000032,20.058,-1.448,0,0,none,-1,-1
R02-ZA,2026-09-01 05:22:00,-2.022999999999998,0.24099999999999966,20.022,-2.171,0,0,none,-1,-1
R02-ZA,2026-09-01 05:24:00,-1.2979999999999983,-11.417000000000002,12.309,-11.473,1,1,fiber_degradation,6,2
R02-ZA,2026-09-01 05:26:00,-1.8530000000000033,-11.494000000000003,11.459,-12.305,1,1,fiber_degradation,6,2
R02-ZA,2026-09-01 05:28:00,-2.5205000000000037,-12.196000000000002,11.433,-13.626,1,1,fiber_degradation,6,2
R02-ZA,2026-09-01 05:30:00,-2.9944999999999986,-12.170499999999999,11.371,-13.99,1,1,fiber_degradation,6,2
R02-ZA,2026-09-01 05:32:00,-2.4419999999999966,-12.20033333333334,11.664,-12.132,1,1,fiber_degradation,6,2
R02-ZA,2026-09-01 05:34:00,-1.273500000000002,-12.15566666666667,12.048,-12.135,1,1,fiber_degradation,6,2
R02-ZA,2026-09-01 05:36:00,-2.086999999999996,-12.298,11.392,-12.746,1,1,fiber_degradation,6,2
R02-ZA,2026-09-01 05:38:00,-2.835499999999998,-12.572000000000003,10.267,-13.974,1,1,fiber_degradation,6,2
R02-ZA,2026-09-01 05:40:00,-1.7979999999999983,-13.265000000000002,10.639,-13.442,1,1,fiber_degradation,6,2
R02-ZA,2026-09-01 05:42:00,-2.6880000000000006,-15.069499999999998,9.494,-15.901,1,1,fiber_degradation,6,2
R02-ZA,2026-09-01 05:44:00,-2.0980000000000043,-11.536000000000005,12.035,-12.001,1,1,fiber_degradation,6,2
R02-ZA,2026-09-01 05:46:00,-2.0109999999999904,-12.188,10.994,-13.586,1,1,fiber_degradation,6,2
R02-ZA,2026-09-01 05:48:00,-2.0970000000000013,-12.31450000000001,10.89,-13.445,1,1,fiber_degradation,6,2
R02-ZA,2026-09-01 05:50:00,-2.042,-12.80500000000001,11.671,-13.287,1,1,fiber_degradation,6,2
R02-ZA,2026-09-01 05:52:00,-1.8149999999999995,-12.049000000000008,10.794,-13.758,1,1,fiber_degradation,6,2
R02-ZA,2026-09-01 05:54:00,-2.0484999999999953,-12.512000000000008,12.042,-12.572,1,1,fiber_degradation,6,2
R02-ZA,2026-09-01 05:56:00,-2.286999999999999,-12.657000000000002,10.697,-14.189,1,1,fiber_degradation,6,2
R02-ZA,2026-09-01 05:58:00,-1.9820000000000046,-13.878999999999998,10.906,-14.127,1,1,fiber_degradation,6,2
R02-ZA,2026-09-01 06:00:00,-1.8889999999999958,-12.834000000000009,10.28,-14.403,1,1,fiber_degradation,6,2
R02-ZA,2026-09-01 06:02:00,-2.1640000000000015,-13.984500000000002,10.807,-13.633,1,1,fiber_degradation,6,2
R02-ZA,2026-09-01 06:04:00,-1.783999999999999,-12.373999999999993,11.759,-12.355,1,1,fiber_degradation,6,2
R02-ZA,2026-09-01 06:06:00,-2.7670000000000012,-12.344000000000003,10.422,-14.439,1,1,fiber_degradation,6,2
R02-ZA,2026-09-01 06:08:00,-2.2569999999999943,-14.224000000000004,10.329,-14.601,1,1,fiber_degradation,6,2
R02-ZA,2026-09-01 06:10:00,-2.4999999999999982,-12.630000000000004,10.831,-13.26,1,1,fiber_degradation,6,2
R02-ZA,2026-09-01 06:12:00,-2.8709999999999916,-11.335999999999999,11.123,-13.351,1,1,fiber_degradation,6,2
R02-ZA,2026-09-01 06:14:00,-2.5149999999999935,-13.174500000000004,10.021,-15.061,1,1,fiber_degradation,6,2
R02-ZA,2026-09-01 06:16:00,-2.6694999999999975,-12.180000000000009,11.65,-12.695,1,1,fiber_degradation,6,2
R02-ZA,2026-09-01 06:18:00,-2.492499999999998,-13.139999999999997,10.692,-13.893,1,1,fiber_degradation,6,2
R02-ZA,2026-09-01 06:20:00,-3.232000000000001,-12.123000000000005,10.753,-13.644,1,1,fiber_degradation,6,2
R02-ZA,2026-09-01 06:22:00,-1.2309999999999928,-13.385000000000005,11.178,-14.026,1,1,fiber_degradation,6,2
R02-ZA,2026-09-01 06:24:00,-2.8260000000000023,-13.166,10.736,-13.989,1,1,fiber_degradation,6,2
R02-ZA,2026-09-01 06:26:00,-1.7670000000000012,-11.835,11.503,-12.651,1,1,fiber_degradation,6,2
R02-ZA,2026-09-01 06:28:00,-1.6074999999999982,-12.218999999999994,11.446,-12.633,1,1,fiber_degradation,6,2
R02-ZA,2026-09-01 06:30:00,-1.4340000000000046,-12.993000000000006,11.129,-12.681,1,1,fiber_degradation,6,2
R02-ZA,2026-09-01 06:32:00,-1.8189999999999937,-12.398000000000007,11.308,-12.681,1,1,fiber_degradation,6,2
R02-ZA,2026-09-01 06:34:00,-2.908999999999999,-11.879000000000005,10.753,-13.631,1,1,fiber_degradation,6,2
R02-ZA,2026-09-01 06:36:00,-2.5360000000000067,-11.470000000000006,11.133,-13.098,1,1,fiber_degradation,6,2
R02-ZA,2026-09-01 06:38:00,-2.5959999999999983,-12.000000000000005,10.97,-13.609,1,1,fiber_degradation,6,2
R02-ZA,2026-09-01 06:40:00,-2.151000000000007,-12.098999999999997,10.512,-14.231,1,1,fiber_degradation,6,2
R02-ZA,2026-09-01 06:42:00,-2.855999999999998,-12.217000000000008,9.74,-15.201,1,1,fiber_degradation,6,2
R02-ZA,2026-09-01 06:44:00,-1.4070000000000036,-0.7799999999999976,20.104,-1.24,0,0,none,-1,-1
R02-ZA,2026-09-01 06:46:00,-2.3909999999999947,-0.27300000000000146,20.107,-1.795,0,0,none,-1,-1
R02-ZA,2026-09-01 06:48:00,-1.2579999999999956,0.07399999999998919,19.977,-0.698,0,0,none,-1,-1
R02-ZA,2026-09-01 06:50:00,-2.5409999999999915,-40.4975,-5.532,-41.875,1,1,fiber_cut,19,3
R02-ZA,2026-09-01 06:52:00,-1.8089999999999975,-40.902000000000015,-4.907,-41.397,1,1,fiber_cut,19,3
R02-ZA,2026-09-01 06:54:00,-2.784500000000003,-39.91000000000001,-3.83,-40.444,1,1,fiber_cut,19,3
R02-ZA,2026-09-01 06:56:00,-1.754500000000002,-40.806000000000004,-3.966,-40.333,1,1,fiber_cut,19,3
R02-ZA,2026-09-01 06:58:00,-2.5409999999999986,-41.74900000000001,-6.453,-43.04,1,1,fiber_cut,19,3
R02-ZA,2026-09-01 07:00:00,-1.865999999999996,-41.290000000000006,-4.722,-41.151,1,1,fiber_cut,19,3
R02-ZA,2026-09-01 07:02:00,-2.0280000000000005,-1.2850000000000037,20.062,-2.401,0,0,none,-1,-1
R02-ZA,2026-09-01 07:04:00,-2.360999999999999,-0.8399999999999963,20.039,-1.822,0,0,none,-1,-1
R02-ZA,2026-09-01 07:06:00,-2.7739999999999974,0.373999999999997,19.994,-0.819,0,0,none,-1,-1
R02-ZA,2026-09-01 07:08:00,-1.5509999999999984,-1.8630000000000067,20.005,-2.124,0,0,none,-1,-1
R02-ZA,2026-09-01 07:10:00,-2.010499999999995,-1.007000000000012,20.002,-1.556,0,0,none,-1,-1
R02-ZA,2026-09-01 07:12:00,-2.5830000000000055,-1.6250000000000018,19.897,-2.595,0,0,none,-1,-1
R02-ZA,2026-09-01 07:14:00,-1.5870000000000033,-0.19900000000000162,19.811,-0.558,0,0,none,-1,-1
R02-ZA,2026-09-01 07:16:00,-2.2050000000000054,0.6319999999999997,20.014,-0.3,0,0,none,-1,-1
R02-ZA,2026-09-01 07:18:00,-0.8320000000000025,-0.5470000000000059,19.92,-1.403,0,0,none,-1,-1
R02-ZA,2026-09-01 07:20:00,-2.5290000000000052,-1.942000000000002,19.692,-3.841,0,0,fiber_degradation,6,4
R02-ZA,2026-09-01 07:22:00,-2.176,-2.4780000000000033,19.709,-3.282,0,0,fiber_degradation,6,4
R02-ZA,2026-09-01 07:24:00,-1.9439999999999973,-3.7680000000000096,19.13,-4.247,0,0,fiber_degradation,6,4
R02-ZA,2026-09-01 07:26:00,-1.7029999999999994,-4.215999999999999,18.417,-5.81,0,0,fiber_degradation,6,4
R02-ZA,2026-09-01 07:28:00,-1.461999999999998,-4.663999999999994,18.667,-4.882,0,0,fiber_degradation,6,4
R02-ZA,2026-09-01 07:30:00,-2.119999999999992,-4.682000000000011,18.067,-5.846,0,0,fiber_degradation,6,4
R02-ZA,2026-09-01 07:32:00,-2.299999999999999,-6.399000000000003,17.052,-7.657,1,0,fiber_degradation,6,4
R02-ZA,2026-09-01 07:34:00,-1.3179999999999996,-6.981000000000007,16.531,-7.641,1,0,fiber_degradation,6,4
R02-ZA,2026-09-01 07:36:00,-2.3559999999999963,-6.713000000000006,15.895,-9.483,1,0,fiber_degradation,6,4
R02-ZA,2026-09-01 07:38:00,-2.0890000000000004,-8.281000000000006,15.351,-9.237,1,0,fiber_degradation,6,4
R02-ZA,2026-09-01 07:40:00,-2.437999999999997,-9.136000000000005,14.594,-9.659,1,0,fiber_degradation,6,4
R02-ZA,2026-09-01 07:42:00,-1.7279999999999944,-10.174000000000003,14.191,-10.1,1,0,fiber_degradation,6,4
R02-ZA,2026-09-01 07:44:00,-2.319000000000001,-10.329,12.784,-12.55,1,1,fiber_degradation,6,4
R02-ZA,2026-09-01 07:46:00,-2.627000000000004,-9.799999999999997,12.934,-11.665,1,1,fiber_degradation,6,4
R02-ZA,2026-09-01 07:48:00,-1.9300000000000033,-11.147000000000002,12.337,-12.573,1,1,fiber_degradation,6,4
R02-ZA,2026-09-01 07:50:00,-2.8519999999999985,-15.383499999999996,9.926,-15.56,1,1,fiber_degradation,6,4
R02-ZA,2026-09-01 07:52:00,-1.9125000000000014,-12.833000000000007,10.422,-13.774,1,1,fiber_degradation,6,4
R02-ZA,2026-09-01 07:54:00,-2.8089999999999993,-13.722000000000005,8.949,-15.315,1,1,fiber_degradation,6,4
R02-ZA,2026-09-01 07:56:00,-1.8999999999999968,-14.307500000000012,9.506,-14.923,1,1,fiber_degradation,6,4
R02-ZA,2026-09-01 07:58:00,-2.095499999999996,-14.644000000000005,9.443,-15.068,1,1,fiber_degradation,6,4
R02-ZA,2026-09-01 08:00:00,-2.538000000000002,-14.288000000000004,9.057,-15.863,1,1,fiber_degradation,6,4
R02-ZA,2026-09-01 08:02:00,-2.724000000000002,-14.584000000000007,9.076,-16.278,1,1,fiber_degradation,6,4
R02-ZA,2026-09-01 08:04:00,-1.5984999999999925,-14.263000000000005,9.885,-15.089,1,1,fiber_degradation,6,4
R02-ZA,2026-09-01 08:06:00,-3.008500000000005,-16.022000000000006,8.385,-17.109,1,1,fiber_degradation,6,4
R02-ZA,2026-09-01 08:08:00,-1.6039999999999939,-14.233000000000004,9.395,-15.274,1,1,fiber_degradation,6,4
R02-ZA,2026-09-01 08:10:00,-2.9810000000000034,-12.973000000000006,9.503,-15.309,1,1,fiber_degradation,6,4
R02-ZA,2026-09-01 08:12:00,-3.038999999999996,-14.640000000000008,9.407,-15.671,1,1,fiber_degradation,6,4
R02-ZA,2026-09-01 08:14:00,-1.7399999999999949,-14.524000000000006,9.366,-15.234,1,1,fiber_degradation,6,4
R02-ZA,2026-09-01 08:16:00,-1.8355000000000068,-13.91,9.609,-15.149,1,1,fiber_degradation,6,4
R02-ZA,2026-09-01 08:18:00,-1.4810000000000034,-13.880999999999998,10.588,-13.772,1,1,fiber_degradation,6,4
R02-ZA,2026-09-01 08:20:00,-1.6330000000000044,-1.7900000000000045,19.779,-2.875,0,0,none,-1,-1
R02-ZA,2026-09-01 08:22:00,-2.799000000000003,-0.751000000000003,19.99,-2.385,0,0,none,-1,-1
R02-ZA,2026-09-01 08:24:00,-2.223999999999995,-1.7750000000000004,19.738,-3.607,0,0,none,-1,-1
R02-ZA,2026-09-01 08:26:00,-2.352000000000002,-2.3969999999999985,19.884,-2.697,0,0,none,-1,-1
R02-ZA,2026-09-01 08:28:00,-2.5720000000000045,-1.0970000000000102,19.985,-2.578,0,0,none,-1,-1
R02-ZA,2026-09-01 08:30:00,-1.4380000000000006,-2.172000000000004,19.817,-2.882,0,0,none,-1,-1
R02-ZA,2026-09-01 08:32:00,-2.0889999999999986,-2.511999999999997,19.785,-3.397,0,0,none,-1,-1
R02-ZA,2026-09-01 08:34:00,-1.8000000000000007,-2.5930000000000035,19.766,-3.184,0,0,none,-1,-1
R02-ZA,2026-09-01 08:36:00,-2.074,-2.080000000000002,19.932,-2.939,0,0,none,-1,-1
R02-ZA,2026-09-01 08:38:00,-3.2979999999999965,-2.8640000000000043,19.48,-4.661,0,0,none,-1,-1
R02-ZA,2026-09-01 08:40:00,-2.745999999999997,-2.2349999999999994,19.568,-4.524,0,0,none,-1,-1
R02-ZA,2026-09-01 08:42:00,-1.9469999999999974,-2.577999999999994,19.897,-2.556,0,0,none,-1,-1
R02-ZA,2026-09-01 08:44:00,-2.757999999999999,-0.8300000000000018,20.026,-2.193,0,0,none,-1,-1
R02-ZA,2026-09-01 08:46:00,-1.8840000000000074,-2.682000000000002,19.712,-2.724,0,0,none,-1,-1
R02-ZA,2026-09-01 08:48:00,-2.8099999999999987,-1.0490000000000048,19.89,-2.828,0,0,none,-1,-1
R02-ZA,2026-09-01 08:50:00,-2.269,-2.0140000000000065,19.859,-3.095,0,0,none,-1,-1
R02-ZA,2026-09-01 08:52:00,-1.6060000000000016,-1.5540000000000038,20.023,-1.829,0,0,none,-1,-1
R02-ZA,2026-09-01 08:54:00,-1.3710000000000058,-2.2150000000000034,19.9,-3.143,0,0,none,-1,-1
R02-ZA,2026-09-01 08:56:00,-1.5090000000000074,-2.4434999999999967,19.871,-3.406,0,0,none,-1,-1
R02-ZA,2026-09-01 08:58:00,-1.8019999999999996,-1.355999999999998,19.973,-2.24,0,0,none,-1,-1
R02-ZA,2026-09-01 09:00:00,-2.2319999999999975,-2.182000000000002,19.919,-2.351,0,0,none,-1,-1
R02-ZA,2026-09-01 09:02:00,-2.244000000000005,-2.1140000000000043,19.841,-2.803,0,0,none,-1,-1
R02-ZA,2026-09-01 09:04:00,-3.0680000000000014,-2.6819999999999986,19.584,-4.476,0,0,none,-1,-1
R02-ZA,2026-09-01 09:06:00,-2.370000000000001,-2.374000000000004,19.597,-4.241,0,0,none,-1,-1
R02-ZA,2026-09-01 09:08:00,-1.912999999999995,-0.29199999999999804,19.807,-0.933,0,0,none,-1,-1
R02-ZA,2026-09-01 09:10:00,-2.461000000000002,-1.706500000000002,19.93,-2.9,0,0,none,-1,-1
R02-ZA,2026-09-01 09:12:00,-2.2510000000000012,-0.9940000000000051,19.967,-2.289,0,0,none,-1,-1
R02-ZA,2026-09-01 09:14:00,-1.7940000000000023,-2.3650000000000038,20.054,-1.92,0,0,none,-1,-1
R02-ZA,2026-09-01 09:16:00,-1.5439999999999952,-2.550000000000008,19.709,-3.476,0,0,none,-1,-1
R02-ZA,2026-09-01 09:18:00,-1.1970000000000045,-1.9890000000000043,20.014,-2.173,0,0,none,-1,-1
R02-ZA,2026-09-01 09:20:00,-1.6009999999999973,-0.6709999999999958,20.005,-1.729,0,0,none,-1,-1
R02-ZA,2026-09-01 09:22:00,-2.3369999999999944,-2.5450000000000124,19.712,-3.559,0,0,none,-1,-1
R02-ZA,2026-09-01 09:24:00,-1.977999999999998,-1.5009999999999994,19.982,-2.13,0,0,none,-1,-1
R02-ZA,2026-09-01 09:26:00,-2.5389999999999944,-1.768000000000006,19.916,-3.175,0,0,none,-1,-1
R02-ZA,2026-09-01 09:28:00,-1.4754999999999967,-1.421999999999997,19.998,-2.38,0,0,none,-1,-1
R02-ZA,2026-09-01 09:30:00,-1.4389999999999983,-2.525000000000002,20.024,-2.124,0,0,none,-1,-1
R02-ZA,2026-09-01 09:32:00,-2.705,-2.745500000000007,19.961,-2.873,0,0,none,-1,-1
R02-ZA,2026-09-01 09:34:00,-2.3100000000000005,-1.6454999999999949,19.847,-3.019,0,0,none,-1,-1
R02-ZA,2026-09-01 09:36:00,-2.1469999999999967,-1.5650000000000066,19.95,-2.223,0,0,none,-1,-1
R02-ZA,2026-09-01 09:38:00,-1.9209999999999958,-1.8430000000000017,19.88,-1.894,0,0,none,-1,-1
R02-ZA,2026-09-01 09:40:00,-3.4090000000000042,-2.1290000000000013,19.66,-4.0,0,0,none,-1,-1
R02-ZA,2026-09-01 09:42:00,-1.7349999999999905,-2.9795000000000016,19.867,-2.972,0,0,none,-1,-1
R02-ZA,2026-09-01 09:44:00,-1.3804999999999978,-3.328000000000003,19.645,-3.836,0,0,none,-1,-1
R02-ZA,2026-09-01 09:46:00,-1.104000000000001,-1.9940000000000069,19.994,-1.838,0,0,none,-1,-1
R02-ZA,2026-09-01 09:48:00,-2.9269999999999943,-1.8550000000000022,19.872,-3.051,0,0,amplifier_degradation,14,5
R02-ZA,2026-09-01 09:50:00,-3.4490000000000016,-2.6555000000000053,19.481,-4.533,0,0,amplifier_degradation,14,5
R02-ZA,2026-09-01 09:52:00,-4.035000000000004,-1.1100000000000048,19.725,-4.2,0,0,amplifier_degradation,14,5
R02-ZA,2026-09-01 09:54:00,-3.2559999999999913,-1.575500000000007,19.575,-3.948,0,0,amplifier_degradation,14,5
R02-ZA,2026-09-01 09:56:00,-2.7799999999999994,-1.731500000000004,19.773,-3.496,0,0,amplifier_degradation,14,5
R02-ZA,2026-09-01 09:58:00,-2.772999999999998,-1.6170000000000044,19.655,-3.746,0,0,amplifier_degradation,14,5
R03-AZ,2026-09-01 00:00:00,-0.9939999999999944,0.02800000000000047,20.25,0.662,0,0,none,-1,-1
R03-AZ,2026-09-01 00:02:00,-0.4269999999999943,-1.6400000000000006,20.175,0.372,0,0,none,-1,-1
R03-AZ,2026-09-01 00:04:00,-0.4159999999999968,0.06700000000000017,20.269,0.382,0,0,none,-1,-1
R03-AZ,2026-09-01 00:06:00,-0.3479999999999972,-0.7239999999999984,20.1,0.622,0,0,none,-1,-1
R03-AZ,2026-09-01 00:08:00,-0.7969999999999988,-2.306499999999998,19.452,-2.113,0,0,none,-1,-1
R03-AZ,2026-09-01 00:10:00,0.10300000000000331,-1.4765000000000033,20.297,1.265,0,0,none,-1,-1
R03-AZ,2026-09-01 00:12:00,-0.09599999999999831,-1.9640000000000022,19.968,-0.09,0,0,none,-1,-1
R03-AZ,2026-09-01 00:14:00,-0.8739999999999988,-1.6470000000000056,19.993,-0.023,0,0,none,-1,-1
R03-AZ,2026-09-01 00:16:00,-0.6469999999999949,-1.8919999999999941,19.547,-1.329,0,0,none,-1,-1
R03-AZ,2026-09-01 00:18:00,-0.41399999999999615,-2.002000000000004,19.561,-0.864,0,0,none,-1,-1
R03-AZ,2026-09-01 00:20:00,-0.7539999999999925,0.2380000000000031,20.303,0.732,0,0,none,-1,-1
R03-AZ,2026-09-01 00:22:00,-0.5604999999999976,-1.7689999999999984,20.018,-0.512,0,0,none,-1,-1
R03-AZ,2026-09-01 00:24:00,-0.3289999999999971,-0.7110000000000056,20.277,0.798,0,0,none,-1,-1
R03-AZ,2026-09-01 00:26:00,-0.8124999999999947,0.5249999999999968,20.213,0.581,0,0,none,-1,-1
R03-AZ,2026-09-01 00:28:00,-0.8304999999999954,-1.653499999999994,19.677,-0.855,0,0,none,-1,-1
R03-AZ,2026-09-01 00:30:00,-0.6740000000000048,-0.34000000000000874,20.334,1.006,0,0,none,-1,-1
R03-AZ,2026-09-01 00:32:00,-0.5960000000000019,-0.5829999999999949,20.362,1.154,0,0,none,-1,-1
R03-AZ,2026-09-01 00:34:00,0.07500000000000817,-0.5449999999999982,20.12,0.03,0,0,none,-1,-1
R03-AZ,2026-09-01 00:36:00,-0.28000000000000114,-2.1799999999999997,20.118,0.105,0,0,none,-1,-1
R03-AZ,2026-09-01 00:38:00,-1.0839999999999925,-1.1039999999999992,20.289,0.567,0,0,none,-1,-1
R03-AZ,2026-09-01 00:40:00,-0.37799999999999656,-2.3569999999999975,20.177,0.254,0,0,none,-1,-1
R03-AZ,2026-09-01 00:42:00,0.7300000000000022,-2.155000000000001,19.813,-0.228,0,0,none,-1,-1
R03-AZ,2026-09-01 00:44:00,-0.4189999999999987,-0.38050000000000495,20.271,0.466,0,0,none,-1,-1
R03-AZ,2026-09-01 00:46:00,-0.10250000000000092,-0.5039999999999996,20.228,0.607,0,0,none,-1,-1
R03-AZ,2026-09-01 00:48:00,-1.0189999999999948,-1.9349999999999987,19.983,-0.816,0,0,none,-1,-1
R03-AZ,2026-09-01 00:50:00,-0.8840000000000003,-0.6829999999999963,20.325,0.894,0,0,none,-1,-1
R03-AZ,2026-09-01 00:52:00,-0.6009999999999991,-1.1980000000000022,19.913,-0.077,0,0,none,-1,-1
R03-AZ,2026-09-01 00:54:00,-8.029999999999998,-1.382000000000005,19.998,-7.98,1,0,amplifier_degradation,19,0
R03-AZ,2026-09-01 00:56:00,-9.114999999999993,0.24799999999999933,19.659,-8.306,1,0,amplifier_degradation,19,0
R03-AZ,2026-09-01 00:58:00,-8.065999999999995,-1.6430000000000007,20.023,-7.217,1,0,amplifier_degradation,19,0
R03-AZ,2026-09-01 01:00:00,-8.279999999999992,-0.5049999999999972,20.064,-6.856,1,0,amplifier_degradation,19,0
R03-AZ,2026-09-01 01:02:00,-7.734999999999999,-0.0940000000000012,20.134,-6.538,1,0,amplifier_degradation,19,0
R03-AZ,2026-09-01 01:04:00,-9.225999999999996,0.10549999999999393,19.775,-7.247,1,0,amplifier_degradation,19,0
R03-AZ,2026-09-01 01:06:00,-7.847999999999995,0.5850000000000026,20.264,-5.933,0,0,amplifier_degradation,19,0
R03-AZ,2026-09-01 01:08:00,-8.144999999999992,0.13699999999999868,20.243,-6.345,1,0,amplifier_degradation,19,0
R03-AZ,2026-09-01 01:10:00,-8.492999999999988,-1.2080000000000055,20.107,-7.333,1,0,amplifier_degradation,19,0
R03-AZ,2026-09-01 01:12:00,-8.936499999999995,-1.1370000000000005,19.824,-7.98,1,0,amplifier_degradation,19,0
R03-AZ,2026-09-01 01:14:00,-7.759,-0.0259999999999998,20.244,-6.301,1,0,amplifier_degradation,19,0
R03-AZ,2026-09-01 01:16:00,-8.694999999999988,0.5660000000000025,20.091,-6.591,1,0,amplifier_degradation,19,0
R03-AZ,2026-09-01 01:18:00,-8.072999999999995,-1.8740000000000006,19.916,-7.869,1,0,amplifier_degradation,19,0
R03-AZ,2026-09-01 01:20:00,-7.609999999999998,-0.9309999999999992,19.894,-7.567,1,0,amplifier_degradation,19,0
R03-AZ,2026-09-01 01:22:00,-8.034000000000004,-1.9539999999999953,19.81,-8.314,1,0,amplifier_degradation,19,0
R03-AZ,2026-09-01 01:24:00,-7.4196666666666555,-0.3750000000000071,20.105,-6.952,1,0,amplifier_degradation,19,0
R03-AZ,2026-09-01 01:26:00,-7.922333333333329,0.06600000000000072,20.214,-5.881,0,0,amplifier_degradation,19,0
R03-AZ,2026-09-01 01:28:00,-7.745000000000001,-0.41600000000000037,20.212,-6.356,1,0,amplifier_degradation,19,0
R03-AZ,2026-09-01 01:30:00,0.35500000000001286,-1.7520000000000042,20.243,0.862,0,0,none,-1,-1
R03-AZ,2026-09-01 01:32:00,-0.33799999999999564,1.0749999999999922,20.259,2.179,0,0,none,-1,-1
R03-AZ,2026-09-01 01:34:00,-1.3369999999999997,0.03600000000000492,20.188,0.412,0,0,none,-1,-1
R03-AZ,2026-09-01 01:36:00,0.07300000000001106,0.49600000000000044,20.303,1.942,0,0,none,-1,-1
R03-AZ,2026-09-01 01:38:00,0.6140000000000061,-0.5189999999999966,20.249,1.076,0,0,none,-1,-1
R03-AZ,2026-09-01 01:40:00,-0.6259999999999888,-0.9990000000000023,20.343,1.144,0,0,none,-1,-1
R03-AZ,2026-09-01 01:42:00,-0.26699999999999946,0.14850000000000385,20.271,1.211,0,0,none,-1,-1
R03-AZ,2026-09-01 01:44:00,-0.10999999999999588,-0.26000000000000156,20.288,1.356,0,0,none,-1,-1
R03-AZ,2026-09-01 01:46:00,-0.24199999999999022,0.07499999999999218,20.3,1.688,0,0,none,-1,-1
R03-AZ,2026-09-01 01:48:00,-0.6349999999999874,0.5299999999999976,20.318,1.127,0,0,none,-1,-1
R03-AZ,2026-09-01 01:50:00,-0.43199999999998795,-0.8839999999999986,20.286,1.012,0,0,none,-1,-1
R03-AZ,2026-09-01 01:52:00,-0.30699999999999505,-0.24499999999999744,20.256,0.784,0,0,none,-1,-1
R03-AZ,2026-09-01 01:54:00,-0.13599999999999568,-0.6360000000000028,20.259,0.816,0,0,none,-1,-1
R03-AZ,2026-09-01 01:56:00,-0.7620000000000005,0.45500000000000185,20.371,1.689,0,0,none,-1,-1
R03-AZ,2026-09-01 01:58:00,-0.402000000000001,0.4670000000000005,20.347,1.786,0,0,none,-1,-1
R03-AZ,2026-09-01 02:00:00,0.995000000000001,0.5274999999999981,20.326,2.912,0,0,none,-1,-1
R03-AZ,2026-09-01 02:02:00,-0.3439999999999941,-0.27100000000001145,20.09,0.145,0,0,none,-1,-1
R03-AZ,2026-09-01 02:04:00,-0.7750000000000021,-1.1099999999999994,20.258,0.424,0,0,none,-1,-1
R03-AZ,2026-09-01 02:06:00,-0.4569999999999972,0.03450000000000486,20.04,0.074,0,0,none,-1,-1
R03-AZ,2026-09-01 02:08:00,0.7630000000000106,-1.328000000000003,20.222,1.299,0,0,none,-1,-1
R03-AZ,2026-09-01 02:10:00,-1.656999999999993,-1.232000000000001,19.937,-0.879,0,0,none,-1,-1
R03-AZ,2026-09-01 02:12:00,-0.4159999999999915,-0.06300000000000061,20.114,0.953,0,0,none,-1,-1
R03-AZ,2026-09-01 02:14:00,-0.9529999999999941,0.5009999999999977,20.292,1.411,0,0,none,-1,-1
R03-AZ,2026-09-01 02:16:00,-0.2759999999999927,-0.38599999999999746,20.217,1.51,0,0,none,-1,-1
R03-AZ,2026-09-01 02:18:00,-0.7620000000000022,1.032999999999996,20.317,1.769,0,0,none,-1,-1
R03-AZ,2026-09-01 02:20:00,-0.38799999999999635,-0.8540000000000028,20.052,0.391,0,0,none,-1,-1
R03-AZ,2026-09-01 02:22:00,-0.7070000000000007,0.6479999999999997,20.288,1.814,0,0,none,-1,-1
R03-AZ,2026-09-01 02:24:00,-0.5549999999999926,0.5190000000000001,20.39,1.451,0,0,none,-1,-1
R03-AZ,2026-09-01 02:26:00,-0.08000000000000007,-1.0450000000000035,19.997,-0.023,0,0,none,-1,-1
R03-AZ,2026-09-01 02:28:00,-0.5929999999999964,0.33999999999999986,19.87,0.121,0,0,none,-1,-1
R03-AZ,2026-09-01 02:30:00,-0.8239999999999981,-0.9566666666666688,20.186,0.564,0,0,none,-1,-1
R03-AZ,2026-09-01 02:32:00,0.2110000000000003,-1.0933333333333373,20.33,1.245,0,0,none,-1,-1
R03-AZ,2026-09-01 02:34:00,-0.33599999999999497,-0.9230000000000018,20.28,0.809,0,0,none,-1,-1
R03-AZ,2026-09-01 02:36:00,0.11900000000000155,-0.4759999999999991,20.377,1.484,0,0,none,-1,-1
R03-AZ,2026-09-01 02:38:00,0.5900000000000052,-1.267000000000003,20.183,1.212,0,0,none,-1,-1
R03-AZ,2026-09-01 02:40:00,-1.093,-0.4350000000000023,20.323,0.969,0,0,none,-1,-1
R03-AZ,2026-09-01 02:42:00,-0.5079999999999973,0.33299999999999486,20.262,0.994,0,0,none,-1,-1
R03-AZ,2026-09-01 02:44:00,-0.7579999999999938,-0.49300000000000566,20.219,0.12,0,0,none,-1,-1
R03-AZ,2026-09-01 02:46:00,-0.2689999999999948,1.5335,20.348,2.06,0,0,none,-1,-1
R03-AZ,2026-09-01 02:48:00,-0.33399999999999785,0.07400000000000162,20.363,1.487,0,0,none,-1,-1
R03-AZ,2026-09-01 02:50:00,-1.2769999999999992,0.5260000000000034,20.381,1.551,0,0,none,-1,-1
R03-AZ,2026-09-01 02:52:00,-0.9814999999999987,-1.2970000000000041,20.15,0.577,0,0,none,-1,-1
R03-AZ,2026-09-01 02:54:00,-0.6639999999999944,0.3259999999999952,20.322,1.189,0,0,none,-1,-1
R03-AZ,2026-09-01 02:56:00,-1.1049999999999933,-0.8279999999999941,20.193,0.586,0,0,none,-1,-1
R03-AZ,2026-09-01 02:58:00,-0.03599999999999426,-0.16799999999999926,20.247,1.04,0,0,amplifier_degradation,10,1
R03-AZ,2026-09-01 03:00:00,-0.7829999999999995,0.46899999999999586,20.22,0.603,0,0,amplifier_degradation,10,1
R03-AZ,2026-09-01 03:02:00,-0.955999999999996,-1.3744999999999994,19.965,-0.212,0,0,amplifier_degradation,10,1
R03-AZ,2026-09-01 03:04:00,-1.1209999999999969,-0.8200000000000003,19.561,-0.897,0,0,amplifier_degradation,10,1
R03-AZ,2026-09-01 03:06:00,-0.9039999999999981,0.660499999999999,20.165,0.665,0,0,amplifier_degradation,10,1
R03-AZ,2026-09-01 03:08:00,-0.2819999999999965,-0.02099999999999902,20.248,1.436,0,0,amplifier_degradation,10,1
R03-AZ,2026-09-01 03:10:00,-0.21399999999999508,-1.9129999999999914,19.75,-0.201,0,0,amplifier_degradation,10,1
R03-AZ,2026-09-01 03:12:00,-1.0540000000000003,-0.35199999999999854,20.198,0.162,0,0,amplifier_degradation,10,1
R03-AZ,2026-09-01 03:14:00,-1.1549999999999976,-0.2610000000000028,19.937,0.032,0,0,amplifier_degradation,10,1
R03-AZ,2026-09-01 03:16:00,-0.0235000000000003,-2.0060000000000002,19.933,-0.25,0,0,amplifier_degradation,10,1
R03-AZ,2026-09-01 03:18:00,-0.9959999999999969,1.3750000000000036,20.177,1.289,0,0,amplifier_degradation,10,1
R03-AZ,2026-09-01 03:20:00,-2.0159999999999947,-0.8220000000000027,19.436,-1.313,0,0,amplifier_degradation,10,1
R03-AZ,2026-09-01 03:22:00,-1.6409999999999911,-1.5120000000000022,19.795,-0.503,0,0,amplifier_degradation,10,1
R03-AZ,2026-09-01 03:24:00,-1.7679999999999954,0.21099999999999142,20.12,-0.395,0,0,amplifier_degradation,10,1
R03-AZ,2026-09-01 03:26:00,-1.7259999999999902,0.09799999999999898,20.111,0.199,0,0,amplifier_degradation,10,1
R03-AZ,2026-09-01 03:28:00,-1.4659999999999869,-2.025000000000002,19.803,-1.052,0,0,amplifier_degradation,10,1
R03-AZ,2026-09-01 03:30:00,-0.8144999999999971,-0.08199999999999186,19.787,-0.868,0,0,amplifier_degradation,10,1
R03-AZ,2026-09-01 03:32:00,-2.503999999999998,-2.277499999999998,19.143,-2.156,0,0,amplifier_degradation,10,1
R03-AZ,2026-09-01 03:34:00,-1.4359999999999964,1.0240000000000027,20.202,1.255,0,0,amplifier_degradation,10,1
R03-AZ,2026-09-01 03:36:00,-1.8609999999999953,0.04899999999999771,19.645,-0.652,0,0,amplifier_degradation,10,1
R03-AZ,2026-09-01 03:38:00,-1.574999999999994,0.001999999999991786,19.797,-0.533,0,0,amplifier_degradation,10,1
R03-AZ,2026-09-01 03:40:00,-2.158999999999997,-1.291999999999998,19.541,-0.959,0,0,amplifier_degradation,10,1
R03-AZ,2026-09-01 03:42:00,-2.2209999999999948,-1.0499999999999972,19.336,-1.745,0,0,amplifier_degradation,10,1
R03-AZ,2026-09-01 03:44:00,-2.4269999999999943,-1.6400000000000023,18.636,-2.817,0,0,amplifier_degradation,10,1
R03-AZ,2026-09-01 03:46:00,-2.058499999999997,-1.3449999999999989,19.319,-1.533,0,0,amplifier_degradation,10,1
R03-AZ,2026-09-01 03:48:00,-2.632499999999995,-2.7859999999999925,18.975,-2.127,0,0,amplifier_degradation,10,1
R03-AZ,2026-09-01 03:50:00,-3.4874999999999936,-2.201999999999998,18.549,-3.691,0,0,amplifier_degradation,10,1
R03-AZ,2026-09-01 03:52:00,-1.796999999999997,-1.4339999999999975,19.377,-1.845,0,0,amplifier_degradation,10,1
R03-AZ,2026-09-01 03:54:00,-2.290999999999997,-0.45500000000000895,19.594,-1.328,0,0,amplifier_degradation,10,1
R03-AZ,2026-09-01 03:56:00,-2.7619999999999933,-0.8820000000000014,18.883,-2.407,0,0,amplifier_degradation,10,1
R03-AZ,2026-09-01 03:58:00,-2.3899999999999952,-2.399000000000001,18.151,-3.167,0,0,amplifier_degradation,10,1
R03-AZ,2026-09-01 04:00:00,-2.811999999999994,-0.19100000000000072,19.183,-1.824,0,0,amplifier_degradation,10,1
R03-AZ,2026-09-01 04:02:00,-3.030999999999997,-1.4174999999999969,18.568,-3.033,0,0,amplifier_degradation,10,1
R03-AZ,2026-09-01 04:04:00,-3.1039999999999885,0.13099999999999845,19.223,-2.103,0,0,amplifier_degradation,10,1
R03-AZ,2026-09-01 04:06:00,-2.3279999999999923,-1.175000000000006,19.368,-1.689,0,0,amplifier_degradation,10,1
R03-AZ,2026-09-01 04:08:00,-2.7279999999999944,-1.3675000000000015,18.665,-2.636,0,0,amplifier_degradation,10,1
R03-AZ,2026-09-01 04:10:00,-3.320999999999991,-0.6469999999999985,19.142,-2.468,0,0,amplifier_degradation,10,1
R03-AZ,2026-09-01 04:12:00,-3.230999999999998,-0.5219999999999985,18.703,-2.716,0,0,amplifier_degradation,10,1
R03-AZ,2026-09-01 04:14:00,-3.096000000000002,-1.2619999999999987,18.198,-3.484,0,0,amplifier_degradation,10,1
R03-AZ,2026-09-01 04:16:00,-2.7520000000000024,-1.203000000000003,19.166,-2.59,0,0,amplifier_degradation,10,1
R03-AZ,2026-09-01 04:18:00,-3.2449999999999957,-0.6150000000000073,19.409,-1.937,0,0,amplifier_degradation,10,1
R03-AZ,2026-09-01 04:20:00,-3.1930000000000014,-1.5610000000000017,18.938,-2.438,0,0,amplifier_degradation,10,1
R03-AZ,2026-09-01 04:22:00,-3.2579999999999902,-2.7740000000000045,17.427,-4.357,0,0,amplifier_degradation,10,1
R03-AZ,2026-09-01 04:24:00,-2.135999999999992,-1.1160000000000032,19.139,-1.944,0,0,amplifier_degradation,10,1
R03-AZ,2026-09-01 04:26:00,-3.144999999999996,-3.006000000000004,18.301,-3.203,0,0,amplifier_degradation,10,1
R03-AZ,2026-09-01 04:28:00,-2.3624999999999954,-3.6634999999999867,18.641,-3.423,0,0,amplifier_degradation,10,1
R03-AZ,2026-09-01 04:30:00,-3.0584999999999916,-2.4329999999999945,18.967,-2.778,0,0,amplifier_degradation,10,1
R03-AZ,2026-09-01 04:32:00,-3.299999999999992,-0.23699999999999832,18.907,-2.425,0,0,amplifier_degradation,10,1
R03-AZ,2026-09-01 04:34:00,-3.3489999999999984,-1.6530000000000005,18.277,-3.468,0,0,amplifier_degradation,10,1
R03-AZ,2026-09-01 04:36:00,-3.1709999999999923,-1.0050000000000008,18.776,-2.466,0,0,amplifier_degradation,10,1
R03-AZ,2026-09-01 04:38:00,-2.8480000000000008,-1.2810000000000006,19.04,-1.948,0,0,amplifier_degradation,10,1
R03-AZ,2026-09-01 04:40:00,0.04900000000000304,-2.1519999999999957,19.944,0.054,0,0,none,-1,-1
R03-AZ,2026-09-01 04:42:00,0.30000000000000604,-0.28249999999999886,20.249,0.5,0,0,none,-1,-1
R03-AZ,2026-09-01 04:44:00,-0.8470000000000013,-2.7150000000000016,19.771,-0.903,0,0,none,-1,-1
R03-AZ,2026-09-01 04:46:00,-0.554000000000002,-1.0450000000000035,20.059,0.088,0,0,none,-1,-1
R03-AZ,2026-09-01 04:48:00,-0.03199999999999115,-1.9429999999999943,19.836,-0.698,0,0,none,-1,-1
R03-AZ,2026-09-01 04:50:00,-0.8769999999999971,-1.1249999999999964,19.678,-0.137,0,0,none,-1,-1
R03-AZ,2026-09-01 04:52:00,-0.5229999999999979,-2.5909999999999993,19.472,-1.447,0,0,none,-1,-1
R03-AZ,2026-09-01 04:54:00,-0.7289999999999939,-2.2099999999999955,19.968,-0.427,0,0,none,-1,-1
R03-AZ,2026-09-01 04:56:00,-0.1409999999999929,-2.4399999999999995,20.216,-0.45,0,0,none,-1,-1
R03-AZ,2026-09-01 04:58:00,-0.3789999999999907,-0.634999999999998,20.242,0.431,0,0,none,-1,-1
R03-AZ,2026-09-01 05:00:00,-0.22999999999999154,-0.4969999999999981,20.088,0.898,0,0,none,-1,-1
R03-AZ,2026-09-01 05:02:00,-0.6990000000000016,-2.0125000000000046,19.554,-1.203,0,0,none,-1,-1
R03-AZ,2026-09-01 05:04:00,-1.2019999999999982,-3.1960000000000015,19.398,-2.037,0,0,none,-1,-1
R03-AZ,2026-09-01 05:06:00,-0.7094999999999985,-2.224000000000002,19.45,-0.987,0,0,none,-1,-1
R03-AZ,2026-09-01 05:08:00,-0.5679999999999978,-1.3690000000000015,19.974,-0.231,0,0,none,-1,-1
R03-AZ,2026-09-01 05:10:00,-0.7059999999999977,-1.5510000000000073,19.984,-0.59,0,0,none,-1,-1
R03-AZ,2026-09-01 05:12:00,-0.807999999999991,-2.567,19.704,-1.218,0,0,none,-1,-1
R03-AZ,2026-09-01 05:14:00,-0.16749999999999865,-2.550999999999995,19.44,-1.425,0,0,none,-1,-1
R03-AZ,2026-09-01 05:16:00,-0.9500000000000011,-2.0084999999999997,19.556,-1.64,0,0,none,-1,-1
R03-AZ,2026-09-01 05:18:00,-0.6309999999999949,-2.949999999999994,19.733,-0.909,0,0,none,-1,-1
R03-AZ,2026-09-01 05:20:00,0.11050000000000537,-2.248000000000003,19.84,-0.347,0,0,none,-1,-1
R03-AZ,2026-09-01 05:22:00,-0.33049999999999713,-1.4269999999999996,19.586,-1.053,0,0,none,-1,-1
R03-AZ,2026-09-01 05:24:00,-0.3319999999999972,-2.775999999999989,19.913,-0.742,0,0,none,-1,-1
R03-AZ,2026-09-01 05:26:00,-0.47249999999999837,-2.674999999999999,19.811,-0.472,0,0,none,-1,-1
R03-AZ,2026-09-01 05:28:00,-0.15199999999999392,-1.2950000000000053,20.184,0.904,0,0,none,-1,-1
R03-AZ,2026-09-01 05:30:00,-0.8859999999999957,-1.3149999999999942,19.72,-0.491,0,0,none,-1,-1
R03-AZ,2026-09-01 05:32:00,-0.3969999999999967,-2.2330000000000023,19.853,-0.895,0,0,none,-1,-1
R03-AZ,2026-09-01 05:34:00,-0.19499999999999673,-2.5540000000000056,20.052,-0.849,0,0,none,-1,-1
R03-AZ,2026-09-01 05:36:00,-0.47299999999999365,-2.656999999999986,19.491,-1.161,0,0,none,-1,-1
R03-AZ,2026-09-01 05:38:00,0.7540000000000102,-3.4395000000000024,19.77,-0.956,0,0,none,-1,-1
R03-AZ,2026-09-01 05:40:00,-0.3139999999999965,-1.6309999999999985,19.595,-0.809,0,0,none,-1,-1
R03-AZ,2026-09-01 05:42:00,-1.2359999999999989,-2.545,20.047,-0.414,0,0,none,-1,-1
R03-AZ,2026-09-01 05:44:00,-0.2010000000000005,-0.9929999999999932,19.932,0.241,0,0,none,-1,-1
R03-AZ,2026-09-01 05:46:00,-1.2179999999999929,-44.150999999999996,-6.769,-41.944,1,1,fiber_cut,19,2
R03-AZ,2026-09-01 05:48:00,-0.5669999999999913,-42.104,-5.609,-40.766,1,1,fiber_cut,19,2
R03-AZ,2026-09-01 05:50:00,-0.5905000000000022,-41.663,-5.876,-41.094,1,1,fiber_cut,19,2
R03-AZ,2026-09-01 05:52:00,-1.160999999999996,-40.282,-5.104,-40.308,1,1,fiber_cut,19,2
R03-AZ,2026-09-01 05:54:00,-0.34799999999999187,-41.397999999999996,-4.764,-39.782,1,1,fiber_cut,19,2
R03-AZ,2026-09-01 05:56:00,-0.7289999999999957,-42.36216666666666,-6.234,-41.426,1,1,fiber_cut,19,2
R03-AZ,2026-09-01 05:58:00,0.014000000000001123,-43.21833333333333,-5.736,-40.97,1,1,fiber_cut,19,2
R03-AZ,2026-09-01 06:00:00,-0.637999999999991,-42.354,-6.547,-41.738,1,1,fiber_cut,19,2
R03-AZ,2026-09-01 06:02:00,-0.08099999999999064,-41.532,-6.29,-41.331,1,1,fiber_cut,19,2
R03-AZ,2026-09-01 06:04:00,0.5009999999999994,-41.907,-4.628,-39.91,1,1,fiber_cut,19,2
R03-AZ,2026-09-01 06:06:00,-0.5019999999999882,-41.585,-5.71,-40.79,1,1,fiber_cut,19,2
R03-AZ,2026-09-01 06:08:00,-0.7529999999999966,-1.0020000000000078,20.026,-0.544,0,0,none,-1,-1
R03-AZ,2026-09-01 06:10:00,-1.2020000000000017,-0.9290000000000003,19.528,-0.923,0,0,none,-1,-1
R03-AZ,2026-09-01 06:12:00,-1.3029999999999973,-3.413000000000002,19.375,-1.769,0,0,none,-1,-1
R03-AZ,2026-09-01 06:14:00,-0.20600000000000662,-1.5239999999999956,19.964,-0.644,0,0,none,-1,-1
R03-AZ,2026-09-01 06:16:00,-0.5609999999999875,0.029499999999995197,20.021,-0.328,0,0,none,-1,-1
R03-AZ,2026-09-01 06:18:00,-0.7969999999999988,-2.534999999999995,19.875,-0.837,0,0,none,-1,-1
R03-AZ,2026-09-01 06:20:00,0.14050000000001006,-0.9539999999999988,20.1,0.478,0,0,none,-1,-1
R03-AZ,2026-09-01 06:22:00,-1.2269999999999932,-3.2569999999999997,19.644,-1.459,0,0,none,-1,-1
R03-AZ,2026-09-01 06:24:00,-0.3500000000000014,-2.541999999999998,19.73,-0.265,0,0,none,-1,-1
R03-AZ,2026-09-01 06:26:00,0.46650000000000524,-0.748999999999997,20.164,1.168,0,0,none,-1,-1
R03-AZ,2026-09-01 06:28:00,-0.12099999999999866,-1.7830000000000013,20.123,-0.323,0,0,none,-1,-1
R03-AZ,2026-09-01 06:30:00,-0.3959999999999866,-1.383999999999995,19.82,-0.599,0,0,none,-1,-1
R03-AZ,2026-09-01 06:32:00,0.7860000000000049,-1.7069999999999972,20.142,0.156,0,0,fiber_degradation,16,3
R03-AZ,2026-09-01 06:34:00,0.007500000000003837,-1.1100000000000012,20.056,0.01,0,0,fiber_degradation,16,3
R03-AZ,2026-09-01 06:36:00,-0.9559999999999977,-2.362833333333331,19.737,-1.745,0,0,fiber_degradation,16,3
R03-AZ,2026-09-01 06:38:00,-0.15299999999999336,-3.724166666666669,19.286,-2.45,0,0,fiber_degradation,16,3
R03-AZ,2026-09-01 06:40:00,-0.508499999999998,-0.7885000000000026,20.159,0.013,0,0,fiber_degradation,16,3
R03-AZ,2026-09-01 06:42:00,-0.49999999999999645,-1.1424999999999965,19.896,-0.895,0,0,fiber_degradation,16,3
R03-AZ,2026-09-01 06:44:00,-0.9999999999999947,-4.317,19.702,-1.774,0,0,fiber_degradation,16,3
R03-AZ,2026-09-01 06:46:00,-0.7859999999999943,-3.559000000000003,19.559,-2.292,0,0,fiber_degradation,16,3
R03-AZ,2026-09-01 06:48:00,-0.8789999999999942,-3.600999999999999,19.059,-3.008,0,0,fiber_degradation,16,3
R03-AZ,2026-09-01 06:50:00,0.015000000000004121,-3.2529999999999983,19.864,-1.253,0,0,fiber_degradation,16,3
R03-AZ,2026-09-01 06:52:00,-1.1449999999999942,-2.6249999999999982,19.073,-3.143,0,0,fiber_degradation,16,3
R03-AZ,2026-09-01 06:54:00,-0.5444999999999904,-4.211000000000004,19.142,-3.173,0,0,fiber_degradation,16,3
R03-AZ,2026-09-01 06:56:00,0.05600000000000627,-5.797000000000002,19.16,-3.312,0,0,fiber_degradation,16,3
R03-AZ,2026-09-01 06:58:00,-0.9989999999999934,-4.668999999999997,19.042,-3.623,0,0,fiber_degradation,16,3
R03-AZ,2026-09-01 07:00:00,-1.0669999999999984,-3.977000000000002,19.265,-3.571,0,0,fiber_degradation,16,3
R03-AZ,2026-09-01 07:02:00,-0.22299999999999898,-3.899000000000001,19.329,-3.021,0,0,fiber_degradation,16,3
R03-AZ,2026-09-01 07:04:00,-0.032499999999993534,-5.019999999999998,19.027,-3.751,0,0,fiber_degradation,16,3
R03-AZ,2026-09-01 07:06:00,0.22800000000000153,-5.7769999999999975,18.913,-3.742,0,0,fiber_degradation,16,3
R03-AZ,2026-09-01 07:08:00,-0.770999999999999,-4.473000000000001,19.148,-3.454,0,0,fiber_degradation,16,3
R03-AZ,2026-09-01 07:10:00,-0.47299999999999365,-4.577,19.139,-3.659,0,0,fiber_degradation,16,3
R03-AZ,2026-09-01 07:12:00,0.1700000000000106,-4.754,19.186,-3.594,0,0,fiber_degradation,16,3
R03-AZ,2026-09-01 07:14:00,1.0400000000000027,-4.986000000000001,19.453,-3.015,0,0,fiber_degradation,16,3
R03-AZ,2026-09-01 07:16:00,0.495000000000001,-5.565999999999997,19.063,-3.745,0,0,fiber_degradation,16,3
R03-AZ,2026-09-01 07:18:00,-0.3159999999999936,-5.747499999999997,18.694,-4.449,0,0,fiber_degradation,16,3
R03-AZ,2026-09-01 07:20:00,-0.1619999999999937,-7.1530000000000005,18.645,-5.2,0,0,fiber_degradation,16,3
R03-AZ,2026-09-01 07:22:00,-0.48900000000000077,-5.758000000000001,18.509,-5.064,0,0,fiber_degradation,16,3
R03-AZ,2026-09-01 07:24:00,0.11500000000000554,-5.901000000000003,18.896,-4.209,0,0,fiber_degradation,16,3
R03-AZ,2026-09-01 07:26:00,-1.4459999999999926,-7.119999999999996,17.834,-6.291,1,0,fiber_degradation,16,3
R03-AZ,2026-09-01 07:28:00,-0.1259999999999959,-7.338000000000003,18.232,-5.671,0,0,fiber_degradation,16,3
R03-AZ,2026-09-01 07:30:00,0.20199999999999996,-5.021999999999997,19.078,-3.683,0,0,fiber_degradation,16,3
R03-AZ,2026-09-01 07:32:00,-0.230999999999991,-5.828999999999999,19.044,-4.151,0,0,fiber_degradation,16,3
R03-AZ,2026-09-01 07:34:00,-0.24399999999999622,-6.078000000000001,19.199,-4.254,0,0,fiber_degradation,16,3
R03-AZ,2026-09-01 07:36:00,0.2700000000000049,-6.368000000000002,18.953,-4.198,0,0,fiber_degradation,16,3
R03-AZ,2026-09-01 07:38:00,0.004999999999999005,-7.558999999999999,18.753,-4.963,0,0,fiber_degradation,16,3
R03-AZ,2026-09-01 07:40:00,-2.110999999999997,-6.039999999999997,17.773,-6.783,1,0,fiber_degradation,16,3
R03-AZ,2026-09-01 07:42:00,-0.3329999999999984,-4.835999999999993,18.783,-3.734,0,0,fiber_degradation,16,3
R03-AZ,2026-09-01 07:44:00,0.08400000000000496,-7.379000000000003,18.228,-5.462,0,0,fiber_degradation,16,3
R03-AZ,2026-09-01 07:46:00,-1.1249999999999947,-7.355500000000003,18.158,-5.962,0,0,fiber_degradation,16,3
R03-AZ,2026-09-01 07:48:00,-0.6759999999999966,-6.199000000000009,18.308,-5.501,0,0,fiber_degradation,16,3
R03-AZ,2026-09-01 07:50:00,0.6449999999999996,-6.111000000000002,18.966,-3.886,0,0,fiber_degradation,16,3
R03-AZ,2026-09-01 07:52:00,-0.22599999999998666,-6.826500000000001,18.309,-5.577,0,0,fiber_degradation,16,3
R03-AZ,2026-09-01 07:54:00,-0.08299999999999308,-6.6949999999999985,17.852,-5.707,0,0,fiber_degradation,16,3
R03-AZ,2026-09-01 07:56:00,-1.045999999999994,-5.569999999999995,18.697,-4.587,0,0,fiber_degradation,16,3
R03-AZ,2026-09-01 07:58:00,-0.9219999999999953,-7.961000000000006,17.326,-6.715,1,0,fiber_degradation,16,3
R03-AZ,2026-09-01 08:00:00,-0.14599999999999902,-5.972999999999999,18.462,-5.487,0,0,fiber_degradation,16,3
R03-AZ,2026-09-01 08:02:00,-0.9919999999999973,-6.030999999999992,18.615,-4.829,0,0,fiber_degradation,16,3
R03-AZ,2026-09-01 08:04:00,-1.1059999999999928,-6.7690000000000055,18.537,-4.978,0,0,fiber_degradation,16,3
R03-AZ,2026-09-01 08:06:00,-0.4179999999999904,-4.956000000000001,19.259,-3.851,0,0,fiber_degradation,16,3
R03-AZ,2026-09-01 08:08:00,0.034000000000006025,-0.7725000000000026,20.236,1.47,0,0,none,-1,-1
R03-AZ,2026-09-01 08:10:00,-0.07000000000000028,-1.214999999999998,20.38,1.554,0,0,none,-1,-1
R03-AZ,2026-09-01 08:12:00,0.41900000000000936,0.41800000000000104,20.315,1.619,0,0,none,-1,-1
R03-AZ,2026-09-01 08:14:00,-0.28399999999999537,-1.006000000000002,20.281,1.076,0,0,none,-1,-1
R03-AZ,2026-09-01 08:16:00,-0.6919999999999895,-0.7759999999999962,20.05,-0.045,0,0,none,-1,-1
R03-AZ,2026-09-01 08:18:00,0.0720000000000045,0.05549999999999855,20.376,2.351,0,0,none,-1,-1
R03-AZ,2026-09-01 08:20:00,-0.05499999999999439,0.6420000000000012,20.34,1.713,0,0,none,-1,-1
R03-AZ,2026-09-01 08:22:00,-0.10899999999999288,-1.1270000000000007,20.272,0.966,0,0,none,-1,-1
R03-AZ,2026-09-01 08:24:00,0.5220000000000038,-1.0424999999999986,20.243,0.826,0,0,none,-1,-1
R03-AZ,2026-09-01 08:26:00,-0.7109999999999879,-0.1960000000000086,20.313,0.642,0,0,none,-1,-1
R03-AZ,2026-09-01 08:28:00,-0.2669999999999959,-0.8190000000000026,20.16,0.364,0,0,none,-1,-1
R03-AZ,2026-09-01 08:30:00,0.12200000000000344,3.552713678800501e-15,20.304,1.904,0,0,none,-1,-1
R03-AZ,2026-09-01 08:32:00,-0.2609999999999939,0.2280000000000051,20.255,1.037,0,0,none,-1,-1
R03-AZ,2026-09-01 08:34:00,-0.44699999999999207,-0.001999999999995339,20.291,2.323,0,0,none,-1,-1
R03-AZ,2026-09-01 08:36:00,-0.593,-1.254999999999999,20.377,0.915,0,0,none,-1,-1
R03-AZ,2026-09-01 08:38:00,-0.7889999999999908,-0.2130000000000063,20.379,1.557,0,0,none,-1,-1
R03-AZ,2026-09-01 08:40:00,-0.17399999999999238,0.10600000000000165,20.343,1.727,0,0,none,-1,-1
R03-AZ,2026-09-01 08:42:00,-1.0569999999999897,-0.6400000000000023,20.235,0.217,0,0,none,-1,-1
R03-AZ,2026-09-01 08:44:00,-0.9149999999999956,1.0219999999999985,20.344,1.4,0,0,none,-1,-1
R03-AZ,2026-09-01 08:46:00,-1.0839999999999979,-0.2049999999999912,20.16,0.888,0,0,none,-1,-1
R03-AZ,2026-09-01 08:48:00,0.06800000000000672,0.6360000000000046,20.337,2.684,0,0,none,-1,-1
R03-AZ,2026-09-01 08:50:00,0.08100000000000662,0.7070000000000007,20.272,2.657,0,0,none,-1,-1
R03-AZ,2026-09-01 08:52:00,-1.8629999999999924,0.9976666666666638,17.743,-2.966,0,0,amplifier_degradation,2,4
R03-AZ,2026-09-01 08:54:00,-3.8069999999999897,1.2883333333333322,19.133,-0.829,0,0,amplifier_degradation,2,4
R03-AZ,2026-09-01 08:56:00,-3.5459999999999994,2.5150000000000006,19.578,-0.311,0,0,amplifier_degradation,2,4
R03-AZ,2026-09-01 08:58:00,-3.2539999999999907,1.815000000000003,19.448,-0.335,0,0,amplifier_degradation,2,4
R03-AZ,2026-09-01 09:00:00,-3.821999999999994,-0.8719999999999999,17.769,-2.697,0,0,amplifier_degradation,2,4
R03-AZ,2026-09-01 09:02:00,-3.4879999999999978,-0.15199999999999747,18.14,-2.584,0,0,amplifier_degradation,2,4
R03-AZ,2026-09-01 09:04:00,-3.8230000000000004,0.5489999999999995,18.61,-1.938,0,0,amplifier_degradation,2,4
R03-AZ,2026-09-01 09:06:00,-4.474999999999998,-0.006000000000000227,18.285,-1.958,0,0,amplifier_degradation,2,4
R03-AZ,2026-09-01 09:08:00,-3.5699999999999985,0.617999999999995,18.693,-1.762,0,0,amplifier_degradation,2,4
R03-AZ,2026-09-01 09:10:00,-4.120499999999996,-0.610000000000003,17.701,-2.989,0,0,amplifier_degradation,2,4
R03-AZ,2026-09-01 09:12:00,-3.2309999999999928,0.5530000000000079,18.555,-1.612,0,0,amplifier_degradation,2,4
R03-AZ,2026-09-01 09:14:00,-2.5089999999999932,0.8499999999999943,19.101,-0.736,0,0,amplifier_degradation,2,4
R03-AZ,2026-09-01 09:16:00,-3.8729999999999905,-0.7399999999999984,17.551,-3.542,0,0,amplifier_degradation,2,4
R03-AZ,2026-09-01 09:18:00,-3.0469999999999935,0.10050000000000558,18.455,-1.632,0,0,amplifier_degradation,2,4
R03-AZ,2026-09-01 09:20:00,-3.609999999999996,-0.8210000000000051,18.028,-3.209,0,0,amplifier_degradation,2,4
R03-AZ,2026-09-01 09:22:00,-3.7619999999999933,-1.181000000000001,17.977,-3.326,0,0,amplifier_degradation,2,4
R03-AZ,2026-09-01 09:24:00,-2.4959999999999916,-0.5260000000000016,18.428,-1.741,0,0,amplifier_degradation,2,4
R03-AZ,2026-09-01 09:26:00,-3.5224999999999973,0.9320000000000022,19.29,-0.469,0,0,amplifier_degradation,2,4
R03-AZ,2026-09-01 09:28:00,-3.558,-0.7034999999999982,18.138,-2.766,0,0,amplifier_degradation,2,4
R03-AZ,2026-09-01 09:30:00,-2.629999999999992,-1.2905000000000033,19.121,-1.638,0,0,amplifier_degradation,2,4
R03-AZ,2026-09-01 09:32:00,-3.7009999999999987,0.04199999999999804,18.796,-1.503,0,0,amplifier_degradation,2,4
R03-AZ,2026-09-01 09:34:00,-4.198999999999996,0.12349999999999284,19.333,-0.852,0,0,amplifier_degradation,2,4
R03-AZ,2026-09-01 09:36:00,-3.6880000000000006,-1.3010000000000002,17.956,-2.895,0,0,amplifier_degradation,2,4
R03-AZ,2026-09-01 09:38:00,-3.337999999999994,0.06800000000000495,18.767,-1.253,0,0,amplifier_degradation,2,4
R03-AZ,2026-09-01 09:40:00,-3.252999999999993,-0.016000000000000014,18.082,-2.346,0,0,amplifier_degradation,2,4
R03-AZ,2026-09-01 09:42:00,-3.033999999999992,-1.277000000000001,17.749,-3.196,0,0,amplifier_degradation,2,4
R03-AZ,2026-09-01 09:44:00,-3.5299999999999905,-0.24799999999999933,18.66,-1.901,0,0,amplifier_degradation,2,4
R03-AZ,2026-09-01 09:46:00,-3.822999999999995,-1.5809999999999942,17.611,-2.81,0,0,amplifier_degradation,2,4
R03-AZ,2026-09-01 09:48:00,-3.858999999999998,-0.46999999999999176,18.708,-1.824,0,0,amplifier_degradation,2,4
R03-AZ,2026-09-01 09:50:00,-0.7849999999999948,-0.7580000000000044,20.063,-0.44,0,0,none,-1,-1
R03-AZ,2026-09-01 09:52:00,-0.707499999999996,-0.5009999999999959,20.108,0.086,0,0,none,-1,-1
R03-AZ,2026-09-01 09:54:00,-0.5269999999999957,-0.5970000000000013,20.288,1.116,0,0,none,-1,-1
R03-AZ,2026-09-01 09:56:00,-0.31150000000000055,0.026999999999999247,20.33,0.875,0,0,none,-1,-1
R03-AZ,2026-09-01 09:58:00,0.3320000000000114,0.4510000000000023,20.326,2.274,0,0,none,-1,-1
R03-ZA,2026-09-01 00:00:00,2.1869999999999976,0.03499999999999126,18.893,2.824,0,0,none,-1,-1
R03-ZA,2026-09-01 00:02:00,0.6094999999999988,-0.37500000000001243,19.296,2.186,0,0,none,-1,-1
R03-ZA,2026-09-01 00:04:00,1.152999999999997,-1.7070000000000114,19.648,1.035,0,0,none,-1,-1
R03-ZA,2026-09-01 00:06:00,1.128000000000002,0.37499999999998934,19.43,2.107,0,0,none,-1,-1
R03-ZA,2026-09-01 00:08:00,0.4530000000000065,-0.8750000000000036,19.215,2.369,0,0,none,-1,-1
R03-ZA,2026-09-01 00:10:00,0.48599999999999177,-0.05950000000000344,20.268,0.661,0,0,none,-1,-1
R03-ZA,2026-09-01 00:12:00,1.779999999999994,-1.0400000000000098,19.953,1.636,0,0,none,-1,-1
R03-ZA,2026-09-01 00:14:00,0.8290000000000006,-2.2620000000000147,20.033,0.323,0,0,none,-1,-1
R03-ZA,2026-09-01 00:16:00,1.5970000000000013,-0.4960000000000093,19.862,1.883,0,0,none,-1,-1
R03-ZA,2026-09-01 00:18:00,1.4080000000000084,0.09349999999999703,19.145,3.094,0,0,none,-1,-1
R03-ZA,2026-09-01 00:20:00,0.7650000000000023,-1.2560000000000162,20.303,0.469,0,0,none,-1,-1
R03-ZA,2026-09-01 00:22:00,0.4029999999999969,-1.0390000000000033,20.125,1.419,0,0,none,-1,-1
R03-ZA,2026-09-01 00:24:00,1.0349999999999966,-2.776500000000013,20.356,0.338,0,0,none,-1,-1
R03-ZA,2026-09-01 00:26:00,0.8959999999999955,0.2159999999999922,20.012,1.605,0,0,none,-1,-1
R03-ZA,2026-09-01 00:28:00,0.8869999999999933,-0.8150000000000119,19.931,1.511,0,0,none,-1,-1
R03-ZA,2026-09-01 00:30:00,0.5800000000000107,-0.14550000000000907,18.621,2.399,0,0,none,-1,-1
R03-ZA,2026-09-01 00:32:00,-0.08100000000000307,-1.3250000000000064,20.146,0.701,0,0,none,-1,-1
R03-ZA,2026-09-01 00:34:00,0.5549999999999944,-1.0070000000000068,20.029,0.949,0,0,none,-1,-1
R03-ZA,2026-09-01 00:36:00,1.4530000000000012,1.039999999999992,18.88,3.449,0,0,none,-1,-1
R03-ZA,2026-09-01 00:38:00,1.006000000000002,-0.151000000000014,19.457,2.096,0,0,none,-1,-1
R03-ZA,2026-09-01 00:40:00,1.0990000000000073,-1.1520000000000135,19.5,1.607,0,0,none,-1,-1
R03-ZA,2026-09-01 00:42:00,1.0719999999999992,-0.28950000000000564,19.419,2.756,0,0,none,-1,-1
R03-ZA,2026-09-01 00:44:00,1.3620000000000037,-0.25000000000000355,19.649,1.949,0,0,none,-1,-1
R03-ZA,2026-09-01 00:46:00,0.30299999999999727,-14.606000000000009,12.428,-11.848,1,1,flapping,7,0
R03-ZA,2026-09-01 00:48:00,0.7064999999999984,-0.25500000000000433,19.766,2.048,0,0,flapping,7,0
R03-ZA,2026-09-01 00:50:00,0.09499999999999531,-0.37100000000000577,20.206,1.353,0,0,flapping,7,0
R03-ZA,2026-09-01 00:52:00,0.6169999999999956,-13.675000000000006,12.172,-11.916,1,1,flapping,7,0
R03-ZA,2026-09-01 00:54:00,1.2440000000000015,2.2939999999999987,19.057,3.366,0,0,flapping,7,0
R03-ZA,2026-09-01 00:56:00,0.8329999999999984,-1.7620000000000147,20.289,0.919,0,0,flapping,7,0
R03-ZA,2026-09-01 00:58:00,1.593,-0.29050000000000686,19.653,1.941,0,0,flapping,7,0
R03-ZA,2026-09-01 01:00:00,1.154499999999997,-15.928000000000011,11.995,-12.521,1,1,flapping,7,0
R03-ZA,2026-09-01 01:02:00,0.8739999999999952,-0.8920000000000101,20.328,0.619,0,0,flapping,7,0
R03-ZA,2026-09-01 01:04:00,1.3009999999999966,-12.921000000000003,13.357,-10.221,1,0,flapping,7,0
R03-ZA,2026-09-01 01:06:00,0.579999999999993,-2.1880000000000006,19.901,0.81,0,0,flapping,7,0
R03-ZA,2026-09-01 01:08:00,1.4650000000000034,-15.144000000000007,12.371,-12.605,1,1,flapping,7,0
R03-ZA,2026-09-01 01:10:00,0.30900000000000105,0.10799999999999521,19.966,1.018,0,0,flapping,7,0
R03-ZA,2026-09-01 01:12:00,0.9160000000000039,-1.2810000000000095,20.063,1.045,0,0,flapping,7,0
R03-ZA,2026-09-01 01:14:00,1.5814999999999966,-1.103000000000005,19.615,1.67,0,0,flapping,7,0
R03-ZA,2026-09-01 01:16:00,1.0159999999999982,-1.680000000000005,12.66,-11.379,1,1,flapping,7,0
R03-ZA,2026-09-01 01:18:00,1.4600000000000044,-1.6280000000000072,19.452,2.356,0,0,flapping,7,0
R03-ZA,2026-09-01 01:20:00,0.9640000000000022,-1.7926666666666726,20.328,0.363,0,0,flapping,7,0
R03-ZA,2026-09-01 01:22:00,1.560000000000004,-1.6373333333333413,19.96,1.497,0,0,flapping,7,0
R03-ZA,2026-09-01 01:24:00,1.0459999999999958,-2.571000000000007,20.174,0.286,0,0,flapping,7,0
R03-ZA,2026-09-01 01:26:00,2.380999999999993,-14.368000000000006,13.159,-11.596,1,0,flapping,7,0
R03-ZA,2026-09-01 01:28:00,0.8069999999999986,-1.0020000000000095,19.879,1.534,0,0,flapping,7,0
R03-ZA,2026-09-01 01:30:00,2.487,-14.27600000000001,13.162,-9.89,1,0,flapping,7,0
R03-ZA,2026-09-01 01:32:00,1.303999999999995,-12.268000000000017,13.98,-9.962,1,0,flapping,7,0
R03-ZA,2026-09-01 01:34:00,1.7780000000000022,-0.7550000000000043,19.428,2.24,0,0,flapping,7,0
R03-ZA,2026-09-01 01:36:00,0.829999999999993,-0.45100000000001117,19.589,1.5,0,0,flapping,7,0
R03-ZA,2026-09-01 01:38:00,1.2260000000000009,-1.6969999999999992,19.937,0.566,0,0,flapping,7,0
R03-ZA,2026-09-01 01:40:00,1.4220000000000024,-1.6700000000000053,19.939,1.57,0,0,flapping,7,0
R03-ZA,2026-09-01 01:42:00,0.8909999999999982,-14.65950000000001,11.771,-12.514,1,1,flapping,7,0
R03-ZA,2026-09-01 01:44:00,1.0640000000000054,-13.524000000000004,12.994,-11.022,1,1,flapping,7,0
R03-ZA,2026-09-01 01:46:00,0.5729999999999968,-13.987000000000004,12.524,-12.26,1,1,flapping,7,0
R03-ZA,2026-09-01 01:48:00,0.6290000000000013,-2.1900000000000084,20.191,0.804,0,0,flapping,7,0
R03-ZA,2026-09-01 01:50:00,0.8020000000000049,-14.244000000000005,11.93,-12.474,1,1,flapping,7,0
R03-ZA,2026-09-01 01:52:00,1.1855000000000082,-14.963500000000007,12.276,-12.584,1,1,flapping,7,0
R03-ZA,2026-09-01 01:54:00,0.7880000000000003,-15.45800000000001,12.017,-12.373,1,1,flapping,7,0
R03-ZA,2026-09-01 01:56:00,-0.23499999999999588,-15.445000000000016,11.334,-13.841,1,1,flapping,7,0
R03-ZA,2026-09-01 01:58:00,0.023000000000005016,-13.975000000000007,12.201,-12.125,1,1,flapping,7,0
R03-ZA,2026-09-01 02:00:00,1.4569999999999972,-14.486500000000008,12.828,-11.313,1,1,flapping,7,0
R03-ZA,2026-09-01 02:02:00,1.0940000000000047,-14.320000000000007,12.484,-12.277,1,1,flapping,7,0
R03-ZA,2026-09-01 02:04:00,1.836999999999998,-13.311000000000007,13.242,-10.652,1,0,flapping,7,0
R03-ZA,2026-09-01 02:06:00,1.3404999999999987,-13.88800000000001,12.995,-11.739,1,1,flapping,7,0
R03-ZA,2026-09-01 02:08:00,2.074999999999994,-0.9670000000000076,19.305,2.01,0,0,flapping,7,0
R03-ZA,2026-09-01 02:10:00,0.7299999999999986,-0.7700000000000085,19.754,1.258,0,0,flapping,7,0
R03-ZA,2026-09-01 02:12:00,1.068000000000005,-13.82100000000001,13.353,-10.619,1,0,flapping,7,0
R03-ZA,2026-09-01 02:14:00,0.7289999999999992,0.11099999999999355,19.623,1.95,0,0,flapping,7,0
R03-ZA,2026-09-01 02:16:00,0.37699999999999356,-13.557000000000006,12.983,-11.452,1,1,flapping,7,0
R03-ZA,2026-09-01 02:18:00,1.4380000000000006,-0.6600000000000126,19.54,2.675,0,0,flapping,7,0
R03-ZA,2026-09-01 02:20:00,0.1120000000000001,-0.29700000000001303,19.79,1.619,0,0,flapping,7,0
R03-ZA,2026-09-01 02:22:00,0.7910000000000004,-13.6635,12.673,-11.382,1,1,flapping,7,0
R03-ZA,2026-09-01 02:24:00,0.8799999999999937,-1.2900000000000045,19.457,1.501,0,0,flapping,7,0
R03-ZA,2026-09-01 02:26:00,0.02499999999999858,-13.746500000000006,12.312,-12.255,1,1,flapping,7,0
R03-ZA,2026-09-01 02:28:00,1.809000000000001,-15.39300000000001,12.779,-11.929,1,1,flapping,7,0
R03-ZA,2026-09-01 02:30:00,1.186,0.03899999999999437,18.717,2.677,0,0,flapping,7,0
R03-ZA,2026-09-01 02:32:00,1.9979999999999993,-15.291000000000006,12.388,-11.882,1,1,flapping,7,0
R03-ZA,2026-09-01 02:34:00,1.2020000000000035,-14.774000000000001,12.432,-11.85,1,1,flapping,7,0
R03-ZA,2026-09-01 02:36:00,0.7749999999999932,-1.0330000000000048,19.891,1.407,0,0,flapping,7,0
R03-ZA,2026-09-01 02:38:00,0.6919999999999984,-12.021000000000008,13.047,-10.037,1,0,flapping,7,0
R03-ZA,2026-09-01 02:40:00,1.5845000000000038,-0.3340000000000103,19.275,2.583,0,0,none,-1,-1
R03-ZA,2026-09-01 02:42:00,1.294499999999994,-1.2150000000000105,19.674,1.878,0,0,none,-1,-1
R03-ZA,2026-09-01 02:44:00,0.09099999999999753,-1.0180000000000042,20.317,0.755,0,0,none,-1,-1
R03-ZA,2026-09-01 02:46:00,1.2920000000000034,-1.0250000000000128,19.698,1.831,0,0,none,-1,-1
R03-ZA,2026-09-01 02:48:00,1.7190000000000047,-1.3100000000000094,19.726,1.797,0,0,none,-1,-1
R03-ZA,2026-09-01 02:50:00,0.8079999999999927,-1.5725000000000087,20.253,0.994,0,0,none,-1,-1
R03-ZA,2026-09-01 02:52:00,1.3020000000000014,0.9119999999999955,19.226,3.196,0,0,none,-1,-1
R03-ZA,2026-09-01 02:54:00,0.11799999999999855,-1.4140000000000068,20.199,0.285,0,0,none,-1,-1
R03-ZA,2026-09-01 02:56:00,1.0459999999999994,-1.635000000000007,20.233,0.928,0,0,none,-1,-1
R03-ZA,2026-09-01 02:58:00,1.2500000000000036,-0.16000000000000902,19.573,2.155,0,0,none,-1,-1
R03-ZA,2026-09-01 03:00:00,1.7039999999999882,-2.0365000000000055,20.227,0.807,0,0,none,-1,-1
R03-ZA,2026-09-01 03:02:00,1.0554999999999986,-1.398000000000005,20.084,1.271,0,0,none,-1,-1
R03-ZA,2026-09-01 03:04:00,1.3829999999999938,-1.552500000000009,20.055,1.231,0,0,none,-1,-1
R03-ZA,2026-09-01 03:06:00,0.14649999999999785,-1.9550000000000125,20.251,0.563,0,0,none,-1,-1
R03-ZA,2026-09-01 03:08:00,0.4480000000000057,-0.8940000000000019,20.238,0.989,0,0,none,-1,-1
R03-ZA,2026-09-01 03:10:00,0.7089999999999996,-1.909000000000006,20.297,0.876,0,0,none,-1,-1
R03-ZA,2026-09-01 03:12:00,0.4040000000000017,-0.39250000000000895,20.222,1.226,0,0,none,-1,-1
R03-ZA,2026-09-01 03:14:00,1.125999999999996,-0.8720000000000123,19.934,1.588,0,0,none,-1,-1
R03-ZA,2026-09-01 03:16:00,1.2730000000000015,0.18599999999999461,19.327,2.425,0,0,none,-1,-1
R03-ZA,2026-09-01 03:18:00,1.008000000000001,-1.1875000000000089,19.878,0.944,0,0,none,-1,-1
R03-ZA,2026-09-01 03:20:00,0.8669999999999973,-1.5210000000000026,19.748,1.327,0,0,none,-1,-1
R03-ZA,2026-09-01 03:22:00,1.0810000000000013,-2.2970000000000113,20.111,0.62,0,0,none,-1,-1
R03-ZA,2026-09-01 03:24:00,0.8180000000000014,0.11499999999999844,19.916,1.729,0,0,none,-1,-1
R03-ZA,2026-09-01 03:26:00,0.4929999999999968,-1.7820000000000071,20.22,0.713,0,0,none,-1,-1
R03-ZA,2026-09-01 03:28:00,0.5229999999999961,-0.30850000000000577,20.049,1.262,0,0,none,-1,-1
R03-ZA,2026-09-01 03:30:00,0.6959999999999997,-1.471000000000009,19.82,0.944,0,0,none,-1,-1
R03-ZA,2026-09-01 03:32:00,1.9289999999999878,-1.5120000000000022,19.893,1.698,0,0,none,-1,-1
R03-ZA,2026-09-01 03:34:00,1.9040000000000017,-0.6220000000000052,19.295,2.669,0,0,none,-1,-1
R03-ZA,2026-09-01 03:36:00,-0.06099999999999639,0.45599999999999774,19.623,2.031,0,0,none,-1,-1
R03-ZA,2026-09-01 03:38:00,1.6259999999999977,-0.9320000000000022,19.989,1.473,0,0,none,-1,-1
R03-ZA,2026-09-01 03:40:00,1.163999999999998,0.0909999999999922,19.649,1.759,0,0,none,-1,-1
R03-ZA,2026-09-01 03:42:00,-0.17800000000000082,-0.3710000000000093,19.893,1.266,0,0,none,-1,-1
R03-ZA,2026-09-01 03:44:00,1.4480000000000004,-1.6050000000000129,19.803,1.935,0,0,none,-1,-1
R03-ZA,2026-09-01 03:46:00,0.7460000000000022,-2.391000000000007,20.417,-0.174,0,0,none,-1,-1
R03-ZA,2026-09-01 03:48:00,1.509999999999998,-1.588500000000007,19.414,2.046,0,0,none,-1,-1
R03-ZA,2026-09-01 03:50:00,1.201000000000004,0.16199999999999015,19.445,2.801,0,0,none,-1,-1
R03-ZA,2026-09-01 03:52:00,0.16899999999999693,-1.471000000000009,19.843,1.751,0,0,none,-1,-1
R03-ZA,2026-09-01 03:54:00,2.1400000000000095,0.5534999999999961,18.631,3.893,0,0,none,-1,-1
R03-ZA,2026-09-01 03:56:00,1.7300000000000022,-1.7230000000000043,19.967,1.515,0,0,fiber_degradation,17,1
R03-ZA,2026-09-01 03:58:00,1.1029999999999927,-2.806000000000008,20.155,-1.051,0,0,fiber_degradation,17,1
R03-ZA,2026-09-01 04:00:00,2.0529999999999884,-5.039000000000003,19.459,-1.593,0,0,fiber_degradation,17,1
R03-ZA,2026-09-01 04:02:00,1.3424999999999958,-8.554000000000006,19.346,-5.157,0,0,fiber_degradation,17,1
R03-ZA,2026-09-01 04:04:00,1.766999999999996,-10.108000000000013,18.892,-7.595,1,0,fiber_degradation,17,1
R03-ZA,2026-09-01 04:06:00,1.9819999999999975,-13.505000000000008,18.309,-9.07,1,0,fiber_degradation,17,1
R03-ZA,2026-09-01 04:08:00,2.11000000000001,-11.097000000000008,18.295,-8.227,1,0,fiber_degradation,17,1
R03-ZA,2026-09-01 04:10:00,1.3079999999999998,-13.175000000000004,18.21,-9.775,1,0,fiber_degradation,17,1
R03-ZA,2026-09-01 04:12:00,1.5410000000000004,-10.80400000000001,18.278,-8.679,1,0,fiber_degradation,17,1
R03-ZA,2026-09-01 04:14:00,1.3489999999999949,-12.665000000000008,18.19,-9.571,1,0,fiber_degradation,17,1
R03-ZA,2026-09-01 04:16:00,0.9050000000000029,-0.768000000000006,19.354,2.078,0,0,none,-1,-1
R03-ZA,2026-09-01 04:18:00,1.2629999999999946,-0.30800000000001226,19.648,2.707,0,0,none,-1,-1
R03-ZA,2026-09-01 04:20:00,0.6139999999999954,-2.0920000000000076,20.342,-0.002,0,0,none,-1,-1
R03-ZA,2026-09-01 04:22:00,0.6709999999999923,-1.0890000000000057,19.453,1.756,0,0,none,-1,-1
R03-ZA,2026-09-01 04:24:00,1.2629999999999981,1.0919999999999916,18.755,2.988,0,0,none,-1,-1
R03-ZA,2026-09-01 04:26:00,0.32200000000000095,0.4229999999999965,18.84,2.785,0,0,none,-1,-1
R03-ZA,2026-09-01 04:28:00,1.151999999999994,0.794999999999991,19.529,2.526,0,0,none,-1,-1
R03-ZA,2026-09-01 04:30:00,0.550999999999993,-2.2835000000000125,20.443,-0.267,0,0,none,-1,-1
R03-ZA,2026-09-01 04:32:00,1.3790000000000013,0.8389999999999898,19.017,3.124,0,0,none,-1,-1
R03-ZA,2026-09-01 04:34:00,1.2289999999999974,-1.3110000000000017,19.735,1.997,0,0,none,-1,-1
R03-ZA,2026-09-01 04:36:00,0.6834999999999987,-0.5380000000000127,19.975,1.497,0,0,none,-1,-1
R03-ZA,2026-09-01 04:38:00,1.7799999999999994,-0.7150000000000087,18.847,2.747,0,0,none,-1,-1
R03-ZA,2026-09-01 04:40:00,1.173,-0.942000000000009,19.455,2.427,0,0,none,-1,-1
R03-ZA,2026-09-01 04:42:00,1.276999999999994,-0.7180000000000053,19.244,2.603,0,0,none,-1,-1
R03-ZA,2026-09-01 04:44:00,1.1840000000000028,-0.960000000000008,19.572,1.751,0,0,none,-1,-1
R03-ZA,2026-09-01 04:46:00,1.367999999999995,0.6044999999999909,18.722,3.389,0,0,none,-1,-1
R03-ZA,2026-09-01 04:48:00,1.1000000000000032,0.33799999999999386,19.21,3.452,0,0,none,-1,-1
R03-ZA,2026-09-01 04:50:00,0.37499999999999467,0.22699999999999676,19.517,1.486,0,0,none,-1,-1
R03-ZA,2026-09-01 04:52:00,1.4870000000000019,0.3414999999999946,19.37,2.777,0,0,none,-1,-1
R03-ZA,2026-09-01 04:54:00,0.4110000000000049,-0.49000000000000377,19.806,1.721,0,0,none,-1,-1
R03-ZA,2026-09-01 04:56:00,0.6789999999999985,-0.4070000000000089,19.656,1.645,0,0,none,-1,-1
R03-ZA,2026-09-01 04:58:00,1.1139999999999954,0.4019999999999939,19.187,2.607,0,0,none,-1,-1
R03-ZA,2026-09-01 05:00:00,1.8490000000000038,-0.4370000000000047,19.29,2.934,0,0,none,-1,-1
R03-ZA,2026-09-01 05:02:00,0.6350000000000069,-0.14000000000000767,18.633,3.311,0,0,none,-1,-1
R03-ZA,2026-09-01 05:04:00,1.0899999999999999,-0.5395000000000127,19.462,2.07,0,0,none,-1,-1
R03-ZA,2026-09-01 05:06:00,0.4359999999999946,-0.8690000000000069,20.015,0.477,0,0,none,-1,-1
R03-ZA,2026-09-01 05:08:00,0.9539999999999988,-0.3310000000000066,19.531,2.282,0,0,none,-1,-1
R03-ZA,2026-09-01 05:10:00,1.8460000000000036,0.704999999999993,18.367,3.245,0,0,none,-1,-1
R03-ZA,2026-09-01 05:12:00,1.1299999999999972,0.5764999999999851,18.885,2.862,0,0,none,-1,-1
R03-ZA,2026-09-01 05:14:00,1.1819999999999915,-0.31100000000000705,19.375,2.912,0,0,none,-1,-1
R03-ZA,2026-09-01 05:16:00,0.7761666666666578,-0.03150000000000652,19.678,1.759,0,0,none,-1,-1
R03-ZA,2026-09-01 05:18:00,0.37033333333333474,0.24799999999999756,19.908,1.717,0,0,none,-1,-1
R03-ZA,2026-09-01 05:20:00,1.143000000000006,-0.08450000000000024,19.634,2.113,0,0,none,-1,-1
R03-ZA,2026-09-01 05:22:00,1.5709999999999997,-0.3590000000000071,19.283,2.833,0,0,none,-1,-1
R03-ZA,2026-09-01 05:24:00,0.862999999999996,-0.6600000000000072,19.591,2.447,0,0,none,-1,-1
R03-ZA,2026-09-01 05:26:00,1.4199999999999964,-1.7210000000000107,19.862,1.715,0,0,none,-1,-1
R03-ZA,2026-09-01 05:28:00,1.517999999999999,0.40499999999999226,19.074,2.831,0,0,none,-1,-1
R03-ZA,2026-09-01 05:30:00,0.6580000000000066,-0.8350000000000097,19.66,1.259,0,0,none,-1,-1
R03-ZA,2026-09-01 05:32:00,1.425000000000006,0.46599999999999575,18.428,2.889,0,0,none,-1,-1
R03-ZA,2026-09-01 05:34:00,1.938999999999993,0.13699999999998802,18.789,3.261,0,0,none,-1,-1
R03-ZA,2026-09-01 05:36:00,0.5379999999999985,-0.4410000000000114,19.611,1.927,0,0,none,-1,-1
R03-ZA,2026-09-01 05:38:00,2.1229999999999993,0.7329999999999828,18.157,3.269,0,0,none,-1,-1
R03-ZA,2026-09-01 05:40:00,0.7525000000000013,-0.9910000000000139,20.031,1.674,0,0,none,-1,-1
R03-ZA,2026-09-01 05:42:00,0.7300000000000022,-0.7310000000000034,20.156,1.117,0,0,none,-1,-1
R03-ZA,2026-09-01 05:44:00,0.7899999999999938,0.8339999999999979,18.645,3.463,0,0,none,-1,-1
R03-ZA,2026-09-01 05:46:00,0.7849999999999966,0.06399999999999295,19.45,3.294,0,0,none,-1,-1
R03-ZA,2026-09-01 05:48:00,1.3450000000000006,-1.0790000000000113,19.926,1.581,0,0,none,-1,-1
R03-ZA,2026-09-01 05:50:00,0.8709999999999969,0.059999999999991616,20.084,1.688,0,0,none,-1,-1
R03-ZA,2026-09-01 05:52:00,0.5019999999999971,-41.535999999999994,-13.378,-39.744,1,1,fiber_cut,10,2
R03-ZA,2026-09-01 05:54:00,1.1574999999999953,-41.229000000000006,-11.685,-38.156,1,1,fiber_cut,10,2
R03-ZA,2026-09-01 05:56:00,0.9760000000000026,-40.055000000000014,-10.315,-36.796,1,1,fiber_cut,10,2
R03-ZA,2026-09-01 05:58:00,0.5029999999999948,-38.96250000000002,-10.877,-37.222,1,1,fiber_cut,10,2
R03-ZA,2026-09-01 06:00:00,0.6970000000000027,-39.75500000000001,-11.177,-37.55,1,1,fiber_cut,10,2
R03-ZA,2026-09-01 06:02:00,0.8650000000000002,-38.766999999999996,-10.853,-37.249,1,1,fiber_cut,10,2
R03-ZA,2026-09-01 06:04:00,1.4440000000000008,-40.01400000000001,-11.09,-37.466,1,1,fiber_cut,10,2
R03-ZA,2026-09-01 06:06:00,0.4749999999999943,-40.10500000000002,-12.145,-38.539,1,1,fiber_cut,10,2
R03-ZA,2026-09-01 06:08:00,0.9399999999999924,-40.32500000000002,-10.765,-36.996,1,1,fiber_cut,10,2
R03-ZA,2026-09-01 06:10:00,1.1969999999999992,-39.172000000000004,-10.735,-36.837,1,1,fiber_cut,10,2
R03-ZA,2026-09-01 06:12:00,1.5199999999999978,-41.31100000000001,-11.739,-37.851,1,1,fiber_cut,10,2
R03-ZA,2026-09-01 06:14:00,1.8190000000000008,-39.028000000000006,-10.034,-36.123,1,1,fiber_cut,10,2
R03-ZA,2026-09-01 06:16:00,2.285999999999998,-41.24500000000001,-11.392,-38.023,1,1,fiber_cut,10,2
R03-ZA,2026-09-01 06:18:00,0.3279999999999994,-38.470000000000006,-10.404,-36.956,1,1,fiber_cut,10,2
R03-ZA,2026-09-01 06:20:00,1.5669999999999948,-39.93200000000001,-10.779,-36.533,1,1,fiber_cut,10,2
R03-ZA,2026-09-01 06:22:00,0.7199999999999989,-39.774,-11.192,-37.498,1,1,fiber_cut,10,2
R03-ZA,2026-09-01 06:24:00,1.7129999999999939,1.156999999999993,18.395,3.297,0,0,none,-1,-1
R03-ZA,2026-09-01 06:26:00,1.0360000000000014,-0.34700000000001197,19.668,1.882,0,0,none,-1,-1
R03-ZA,2026-09-01 06:28:00,1.112999999999996,0.08999999999999986,19.338,2.616,0,0,none,-1,-1
R03-ZA,2026-09-01 06:30:00,0.7630000000000017,1.1209999999999951,19.02,3.201,0,0,none,-1,-1
R03-ZA,2026-09-01 06:32:00,0.6429999999999954,-0.5820000000000078,19.821,2.243,0,0,none,-1,-1
R03-ZA,2026-09-01 06:34:00,0.41449999999999854,0.3139999999999965,19.428,2.647,0,0,none,-1,-1
R03-ZA,2026-09-01 06:36:00,0.2139999999999933,0.22299999999999187,19.103,2.76,0,0,none,-1,-1
R03-ZA,2026-09-01 06:38:00,1.0909999999999958,-0.013000000000003453,18.877,2.499,0,0,none,-1,-1
R03-ZA,2026-09-01 06:40:00,1.4150000000000027,-0.6770000000000103,19.562,3.206,0,0,none,-1,-1
R03-ZA,2026-09-01 06:42:00,1.0489999999999995,-0.043000000000006366,19.617,2.807,0,0,none,-1,-1
R03-ZA,2026-09-01 06:44:00,2.0450000000000053,0.003499999999991843,18.153,3.337,0,0,none,-1,-1
R03-ZA,2026-09-01 06:46:00,0.3230000000000022,0.17099999999998516,19.53,2.238,0,0,none,-1,-1
R03-ZA,2026-09-01 06:48:00,0.8339999999999961,0.7939999999999952,18.909,3.179,0,0,none,-1,-1
R03-ZA,2026-09-01 06:50:00,1.1569999999999983,2.097999999999997,18.679,3.327,0,0,none,-1,-1
R03-ZA,2026-09-01 06:52:00,0.6970000000000045,0.4029999999999898,19.778,2.511,0,0,none,-1,-1
R03-ZA,2026-09-01 06:54:00,1.0879999999999992,0.14299999999998825,19.523,2.463,0,0,none,-1,-1
R03-ZA,2026-09-01 06:56:00,0.37100000000000044,1.233999999999991,19.627,2.455,0,0,amplifier_degradation,7,3
R03-ZA,2026-09-01 06:58:00,0.4759999999999973,-0.17700000000000315,20.027,1.397,0,0,amplifier_degradation,7,3
R03-ZA,2026-09-01 07:00:00,0.1469999999999967,0.5979999999999901,19.81,2.381,0,0,amplifier_degradation,7,3
R03-ZA,2026-09-01 07:02:00,-0.7710000000000008,-0.28450000000000486,20.243,0.764,0,0,amplifier_degradation,7,3
R03-ZA,2026-09-01 07:04:00,-0.7939999999999969,1.135999999999994,20.118,1.901,0,0,amplifier_degradation,7,3
R03-ZA,2026-09-01 07:06:00,-1.505999999999995,0.3029999999999937,20.305,0.414,0,0,amplifier_degradation,7,3
R03-ZA,2026-09-01 07:08:00,-1.6290000000000067,1.2129999999999939,20.181,0.74,0,0,amplifier_degradation,7,3
R03-ZA,2026-09-01 07:10:00,-0.8150000000000048,-0.2700000000000049,20.313,0.239,0,0,amplifier_degradation,7,3
R03-ZA,2026-09-01 07:12:00,-2.123999999999997,1.0559999999999956,20.271,-0.114,0,0,amplifier_degradation,7,3
R03-ZA,2026-09-01 07:14:00,-4.2280000000000015,-1.8090000000000117,19.483,-3.124,0,0,amplifier_degradation,7,3
R03-ZA,2026-09-01 07:16:00,-3.351499999999998,0.4189999999999898,20.133,-1.908,0,0,amplifier_degradation,7,3
R03-ZA,2026-09-01 07:18:00,-4.3100000000000005,-0.21650000000000524,19.83,-2.185,0,0,amplifier_degradation,7,3
R03-ZA,2026-09-01 07:20:00,-4.054,0.7419999999999973,20.086,-1.52,0,0,amplifier_degradation,7,3
R03-ZA,2026-09-01 07:22:00,-4.661499999999998,1.9479999999999915,19.555,-2.035,0,0,amplifier_degradation,7,3
R03-ZA,2026-09-01 07:24:00,-5.6789999999999985,1.7969999999999953,19.477,-3.147,0,0,amplifier_degradation,7,3
R03-ZA,2026-09-01 07:26:00,-5.2499999999999964,2.017999999999999,19.628,-2.38,0,0,amplifier_degradation,7,3
R03-ZA,2026-09-01 07:28:00,-4.234000000000005,-1.2900000000000027,19.22,-3.014,0,0,amplifier_degradation,7,3
R03-ZA,2026-09-01 07:30:00,-5.618,-0.39600000000000435,18.88,-4.942,0,0,amplifier_degradation,7,3
R03-ZA,2026-09-01 07:32:00,-5.139000000000008,1.215999999999994,19.386,-2.497,0,0,amplifier_degradation,7,3
R03-ZA,2026-09-01 07:34:00,-6.011000000000005,0.056999999999995055,18.924,-4.598,0,0,amplifier_degradation,7,3
R03-ZA,2026-09-01 07:36:00,-5.333000000000004,0.563999999999993,19.111,-4.244,0,0,amplifier_degradation,7,3
R03-ZA,2026-09-01 07:38:00,-5.594999999999999,0.18649999999998812,18.627,-4.876,0,0,amplifier_degradation,7,3
R03-ZA,2026-09-01 07:40:00,-5.980999999999996,0.8469999999999942,18.867,-3.991,0,0,amplifier_degradation,7,3
R03-ZA,2026-09-01 07:42:00,-5.557000000000002,1.3119999999999958,19.365,-2.551,0,0,amplifier_degradation,7,3
R03-ZA,2026-09-01 07:44:00,-5.998000000000001,0.7599999999999909,18.948,-3.792,0,0,amplifier_degradation,7,3
R03-ZA,2026-09-01 07:46:00,0.20599999999999774,1.0979999999999919,19.036,3.168,0,0,none,-1,-1
R03-ZA,2026-09-01 07:48:00,0.6854999999999958,-0.45300000000000473,19.316,2.305,0,0,none,-1,-1
R03-ZA,2026-09-01 07:50:00,1.0864999999999974,0.22999999999999154,18.755,2.964,0,0,none,-1,-1
R03-ZA,2026-09-01 07:52:00,0.4049999999999958,0.5199999999999942,19.118,2.563,0,0,none,-1,-1
R03-ZA,2026-09-01 07:54:00,1.0220000000000002,1.4189999999999898,18.605,3.397,0,0,none,-1,-1
R03-ZA,2026-09-01 07:56:00,0.49900000000000233,-0.49000000000000377,19.282,2.793,0,0,none,-1,-1
R03-ZA,2026-09-01 07:58:00,1.3959999999999955,0.27799999999999514,19.227,2.446,0,0,none,-1,-1
R03-ZA,2026-09-01 08:00:00,1.0419999999999998,0.9329999999999892,18.58,3.186,0,0,none,-1,-1
R03-ZA,2026-09-01 08:02:00,0.39600000000000257,0.5700000000000003,19.582,2.244,0,0,none,-1,-1
R03-ZA,2026-09-01 08:04:00,-0.08099999999999774,0.0709999999999873,19.446,1.88,0,0,none,-1,-1
R03-ZA,2026-09-01 08:06:00,0.5289999999999981,1.0459999999999976,18.813,3.472,0,0,none,-1,-1
R03-ZA,2026-09-01 08:08:00,-0.06649999999999956,-1.674999999999999,20.388,-0.031,0,0,none,-1,-1
R03-ZA,2026-09-01 08:10:00,1.2049999999999965,0.7679999999999971,18.673,3.293,0,0,fiber_degradation,5,4
R03-ZA,2026-09-01 08:12:00,2.1789999999999967,1.422999999999993,18.207,3.526,0,0,fiber_degradation,5,4
R03-ZA,2026-09-01 08:14:00,1.392999999999999,0.32199999999999207,19.339,2.993,0,0,fiber_degradation,5,4
R03-ZA,2026-09-01 08:16:00,1.1799999999999997,-0.8960000000000115,20.237,1.233,0,0,fiber_degradation,5,4
R03-ZA,2026-09-01 08:18:00,1.9409999999999972,-0.5845000000000002,18.546,3.723,0,0,fiber_degradation,5,4
R03-ZA,2026-09-01 08:20:00,1.1920000000000037,-0.6240000000000094,18.875,2.654,0,0,fiber_degradation,5,4
R03-ZA,2026-09-01 08:22:00,2.495999999999995,0.6149999999999896,19.078,3.521,0,0,fiber_degradation,5,4
R03-ZA,2026-09-01 08:24:00,2.4330000000000016,-1.2250000000000068,19.112,2.71,0,0,fiber_degradation,5,4
R03-ZA,2026-09-01 08:26:00,1.6440000000000072,-0.283000000000003,18.361,3.134,0,0,fiber_degradation,5,4
R03-ZA,2026-09-01 08:28:00,3.098999999999995,-0.051000000000005485,18.359,3.833,0,0,fiber_degradation,5,4
R03-ZA,2026-09-01 08:30:00,2.6590000000000025,0.4279999999999884,18.352,3.716,0,0,fiber_degradation,5,4
R03-ZA,2026-09-01 08:32:00,2.6469999999999985,-1.2830000000000101,19.303,2.509,0,0,fiber_degradation,5,4
R03-ZA,2026-09-01 08:34:00,1.9749999999999943,-1.2160000000000082,19.219,2.758,0,0,fiber_degradation,5,4
R03-ZA,2026-09-01 08:36:00,2.4150000000000063,-1.9389999999999983,19.247,2.948,0,0,fiber_degradation,5,4
R03-ZA,2026-09-01 08:38:00,1.6100000000000012,-0.629000000000012,19.701,2.105,0,0,fiber_degradation,5,4
R03-ZA,2026-09-01 08:40:00,3.0559999999999956,-0.8530000000000069,18.503,3.184,0,0,fiber_degradation,5,4
R03-ZA,2026-09-01 08:42:00,1.8654999999999955,-1.5360000000000138,19.084,2.601,0,0,fiber_degradation,5,4
R03-ZA,2026-09-01 08:44:00,2.6969999999999974,-1.4620000000000033,19.389,3.108,0,0,fiber_degradation,5,4
R03-ZA,2026-09-01 08:46:00,2.067,-0.7570000000000068,19.555,2.66,0,0,fiber_degradation,5,4
R03-ZA,2026-09-01 08:48:00,2.087999999999999,-1.083000000000009,18.83,2.578,0,0,fiber_degradation,5,4
R03-ZA,2026-09-01 08:50:00,1.5119999999999916,-0.27600000000001046,19.391,2.625,0,0,none,-1,-1
R03-ZA,2026-09-01 08:52:00,1.156000000000006,1.5279999999999827,18.759,3.399,0,0,none,-1,-1
R03-ZA,2026-09-01 08:54:00,0.9820000000000029,2.576999999999991,18.283,3.474,0,0,none,-1,-1
R03-ZA,2026-09-01 08:56:00,2.1075,-0.5050000000000132,18.774,3.115,0,0,none,-1,-1
R03-ZA,2026-09-01 08:58:00,1.0715000000000021,0.9489999999999945,18.742,3.848,0,0,none,-1,-1
R03-ZA,2026-09-01 09:00:00,0.8379999999999974,0.540999999999995,19.485,2.858,0,0,none,-1,-1
R03-ZA,2026-09-01 09:02:00,0.7959999999999958,0.708999999999989,18.57,2.758,0,0,none,-1,-1
R03-ZA,2026-09-01 09:04:00,0.889999999999997,1.5319999999999947,18.919,3.231,0,0,none,-1,-1
R03-ZA,2026-09-01 09:06:00,1.258999999999995,0.6349999999999909,18.919,3.212,0,0,none,-1,-1
R03-ZA,2026-09-01 09:08:00,0.6109999999999971,0.586999999999998,19.228,3.152,0,0,none,-1,-1
R03-ZA,2026-09-01 09:10:00,0.8440000000000047,-1.0980000000000096,20.094,1.605,0,0,none,-1,-1
R03-ZA,2026-09-01 09:12:00,1.653500000000001,0.13399999999999146,19.225,3.878,0,0,none,-1,-1
R03-ZA,2026-09-01 09:14:00,1.086500000000001,0.4729999999999901,18.741,3.085,0,0,none,-1,-1
R03-ZA,2026-09-01 09:16:00,1.924000000000003,-0.27500000000000924,18.393,2.632,0,0,none,-1,-1
R03-ZA,2026-09-01 09:18:00,0.8819999999999961,0.774999999999995,19.59,2.44,0,0,none,-1,-1
R03-ZA,2026-09-01 09:20:00,1.5869999999999944,0.9484999999999904,18.75,3.144,0,0,none,-1,-1
R03-ZA,2026-09-01 09:22:00,0.9539999999999971,0.7619999999999933,18.832,3.143,0,0,none,-1,-1
R03-ZA,2026-09-01 09:24:00,2.2940000000000023,1.2799999999999923,18.704,3.241,0,0,none,-1,-1
R03-ZA,2026-09-01 09:26:00,0.16399999999998904,0.8889999999999993,19.922,1.768,0,0,none,-1,-1
R03-ZA,2026-09-01 09:28:00,1.5560000000000027,0.24399999999999267,18.319,3.022,0,0,none,-1,-1
R03-ZA,2026-09-01 09:30:00,0.3819999999999997,-0.694500000000005,20.189,1.414,0,0,none,-1,-1
R03-ZA,2026-09-01 09:32:00,0.14600000000000257,1.0894999999999975,19.254,3.042,0,0,none,-1,-1
R03-ZA,2026-09-01 09:34:00,1.8510000000000009,0.5819999999999865,18.446,3.611,0,0,none,-1,-1
R03-ZA,2026-09-01 09:36:00,0.48999999999999844,0.8199999999999861,19.587,2.238,0,0,none,-1,-1
R03-ZA,2026-09-01 09:38:00,1.1939999999999973,0.6089999999999911,18.437,3.716,0,0,none,-1,-1
R03-ZA,2026-09-01 09:40:00,1.093,0.5889999999999915,19.35,2.66,0,0,none,-1,-1
R03-ZA,2026-09-01 09:42:00,0.5180000000000042,0.5339999999999954,19.645,2.414,0,0,none,-1,-1
R03-ZA,2026-09-01 09:44:00,0.1164999999999985,1.5499999999999954,18.753,3.154,0,0,none,-1,-1
R03-ZA,2026-09-01 09:46:00,1.019999999999989,-0.7510000000000101,19.66,2.772,0,0,none,-1,-1
R03-ZA,2026-09-01 09:48:00,0.697000000000001,-0.8350000000000115,19.0,2.775,0,0,none,-1,-1
R03-ZA,2026-09-01 09:50:00,1.2764999999999933,0.05599999999999383,18.769,3.047,0,0,none,-1,-1
R03-ZA,2026-09-01 09:52:00,1.4419999999999966,0.9819999999999958,18.624,3.683,0,0,none,-1,-1
R03-ZA,2026-09-01 09:54:00,0.8679999999999986,1.3069999999999968,18.756,3.559,0,0,none,-1,-1
R03-ZA,2026-09-01 09:56:00,0.6289999999999978,0.13700000000000045,19.216,2.379,0,0,none,-1,-1
R03-ZA,2026-09-01 09:58:00,-0.2370000000000001,0.8389999999999933,19.399,2.325,0,0,none,-1,-1
R04-AZ,2026-09-01 00:00:00,-0.2820000000000089,-1.4380000000000024,20.519,0.171,0,0,none,-1,-1
R04-AZ,2026-09-01 00:02:00,0.2959999999999958,-1.5199999999999942,20.513,0.132,0,0,none,-1,-1
R04-AZ,2026-09-01 00:04:00,-0.2925000000000022,-1.227000000000002,20.396,-0.352,0,0,none,-1,-1
R04-AZ,2026-09-01 00:06:00,-0.4480000000000075,-1.8549999999999969,20.379,-0.522,0,0,none,-1,-1
R04-AZ,2026-09-01 00:08:00,-1.0685000000000127,-1.2784999999999975,20.536,-0.26,0,0,none,-1,-1
R04-AZ,2026-09-01 00:10:00,-1.1960000000000068,-1.1914999999999925,20.502,-0.682,0,0,none,-1,-1
R04-AZ,2026-09-01 00:12:00,-1.1940000000000008,-1.3859999999999992,20.367,-0.909,0,0,none,-1,-1
R04-AZ,2026-09-01 00:14:00,-0.8000000000000043,-1.9950000000000045,20.447,-0.677,0,0,none,-1,-1
R04-AZ,2026-09-01 00:16:00,-0.13700000000000045,-1.8510000000000009,20.435,-0.19,0,0,none,-1,-1
R04-AZ,2026-09-01 00:18:00,-0.6470000000000109,-1.5610000000000017,20.265,-0.868,0,0,none,-1,-1
R04-AZ,2026-09-01 00:20:00,-1.5060000000000002,-1.9970000000000088,20.104,-1.582,0,0,none,-1,-1
R04-AZ,2026-09-01 00:22:00,-1.4620000000000157,-0.5549999999999997,20.342,-0.71,0,0,none,-1,-1
R04-AZ,2026-09-01 00:24:00,-1.7260000000000097,-0.8790000000000067,20.354,-1.053,0,0,none,-1,-1
R04-AZ,2026-09-01 00:26:00,-0.799000000000003,-2.092000000000006,20.231,-1.414,0,0,none,-1,-1
R04-AZ,2026-09-01 00:28:00,-0.6470000000000073,-0.7630000000000035,20.712,0.729,0,0,none,-1,-1
R04-AZ,2026-09-01 00:30:00,-0.9030000000000022,-0.7719999999999985,20.259,-0.704,0,0,none,-1,-1
R04-AZ,2026-09-01 00:32:00,-0.5190000000000055,-2.388999999999994,20.254,-0.876,0,0,none,-1,-1
R04-AZ,2026-09-01 00:34:00,-0.0350000000000108,-0.9599999999999991,20.544,0.826,0,0,none,-1,-1
R04-AZ,2026-09-01 00:36:00,-0.7750000000000057,-0.496000000000004,20.703,0.956,0,0,none,-1,-1
R04-AZ,2026-09-01 00:38:00,-0.9960000000000075,-0.11850000000000094,20.476,-0.602,0,0,none,-1,-1
R04-AZ,2026-09-01 00:40:00,-0.8220000000000098,-1.1860000000000017,20.308,-0.598,0,0,none,-1,-1
R04-AZ,2026-09-01 00:42:00,-0.8425000000000029,-1.8449999999999989,20.435,-0.703,0,0,none,-1,-1
R04-AZ,2026-09-01 00:44:00,-0.27700000000000635,-0.8610000000000024,20.453,-0.339,0,0,none,-1,-1
R04-AZ,2026-09-01 00:46:00,-1.144000000000002,-0.03699999999999548,20.53,-0.178,0,0,none,-1,-1
R04-AZ,2026-09-01 00:48:00,-0.6230000000000064,-0.7459999999999969,20.607,0.32,0,0,none,-1,-1
R04-AZ,2026-09-01 00:50:00,-1.363500000000009,-0.29850000000000243,20.363,-0.826,0,0,none,-1,-1
R04-AZ,2026-09-01 00:52:00,0.13799999999999457,0.20199999999999996,20.615,0.293,0,0,fiber_degradation,17,0
R04-AZ,2026-09-01 00:54:00,-0.1400000000000059,-1.1519999999999975,20.556,-0.452,0,0,fiber_degradation,17,0
R04-AZ,2026-09-01 00:56:00,-0.6809999999999974,-3.3845000000000063,20.183,-1.72,0,0,fiber_degradation,17,0
R04-AZ,2026-09-01 00:58:00,-1.4950000000000063,-3.5400000000000045,20.07,-2.528,0,0,fiber_degradation,17,0
R04-AZ,2026-09-01 01:00:00,-0.545000000000007,-3.676999999999989,20.003,-2.935,0,0,fiber_degradation,17,0
R04-AZ,2026-09-01 01:02:00,-0.9970000000000088,-4.019666666666669,19.955,-3.342,0,0,fiber_degradation,17,0
R04-AZ,2026-09-01 01:04:00,-0.8255000000000159,-4.259333333333334,19.843,-3.904,0,0,fiber_degradation,17,0
R04-AZ,2026-09-01 01:06:00,-0.4790000000000081,-2.5799999999999983,20.277,-2.447,0,0,fiber_degradation,17,0
R04-AZ,2026-09-01 01:08:00,-1.1260000000000048,-4.791,19.921,-3.864,0,0,fiber_degradation,17,0
R04-AZ,2026-09-01 01:10:00,-0.8290000000000131,-5.430999999999999,19.895,-3.888,0,0,fiber_degradation,17,0
R04-AZ,2026-09-01 01:12:00,-0.5190000000000126,-4.891000000000005,20.149,-3.408,0,0,fiber_degradation,17,0
R04-AZ,2026-09-01 01:14:00,-0.5910000000000064,-4.324000000000007,19.88,-4.187,0,0,fiber_degradation,17,0
R04-AZ,2026-09-01 01:16:00,-0.8165000000000031,-5.6935,19.776,-4.21,0,0,fiber_degradation,17,0
R04-AZ,2026-09-01 01:18:00,-0.35200000000000564,-6.015999999999998,19.587,-4.908,0,0,fiber_degradation,17,0
R04-AZ,2026-09-01 01:20:00,-0.8370000000000015,-6.342499999999999,18.728,-6.409,1,0,fiber_degradation,17,0
R04-AZ,2026-09-01 01:22:00,-0.34850000000000314,-5.308,19.747,-4.603,0,0,fiber_degradation,17,0
R04-AZ,2026-09-01 01:24:00,-0.06850000000000911,-5.645,19.565,-4.817,0,0,fiber_degradation,17,0
R04-AZ,2026-09-01 01:26:00,-0.815000000000003,-6.502999999999997,19.326,-5.368,0,0,fiber_degradation,17,0
R04-AZ,2026-09-01 01:28:00,-0.6230000000000047,-5.589999999999996,19.725,-4.58,0,0,fiber_degradation,17,0
R04-AZ,2026-09-01 01:30:00,-0.37700000000000244,-6.231,19.472,-5.202,0,0,fiber_degradation,17,0
R04-AZ,2026-09-01 01:32:00,-0.5390000000000121,-0.6989999999999981,20.463,0.091,0,0,none,-1,-1
R04-AZ,2026-09-01 01:34:00,-0.460500000000005,-1.138000000000007,20.62,0.323,0,0,none,-1,-1
R04-AZ,2026-09-01 01:36:00,-0.6010000000000062,-0.933999999999994,20.351,-0.365,0,0,none,-1,-1
R04-AZ,2026-09-01 01:38:00,-0.6900000000000048,-1.8780000000000001,20.335,-1.193,0,0,none,-1,-1
R04-AZ,2026-09-01 01:40:00,-0.7070000000000078,-2.2680000000000007,20.47,-0.671,0,0,none,-1,-1
R04-AZ,2026-09-01 01:42:00,-0.7010000000000058,-0.5180000000000025,20.653,0.06,0,0,none,-1,-1
R04-AZ,2026-09-01 01:44:00,-1.2720000000000038,-0.9305000000000021,20.655,0.28,0,0,none,-1,-1
R04-AZ,2026-09-01 01:46:00,-0.27100000000000257,-0.023999999999999133,20.617,0.974,0,0,none,-1,-1
R04-AZ,2026-09-01 01:48:00,0.10449999999998916,-2.1359999999999957,20.389,-0.338,0,0,none,-1,-1
R04-AZ,2026-09-01 01:50:00,-0.7640000000000029,-0.01800000000000601,20.617,0.522,0,0,none,-1,-1
R04-AZ,2026-09-01 01:52:00,-0.4660000000000011,-0.7710000000000026,20.494,0.293,0,0,none,-1,-1
R04-AZ,2026-09-01 01:54:00,-0.058000000000006935,-0.677999999999999,20.661,0.878,0,0,none,-1,-1
R04-AZ,2026-09-01 01:56:00,-0.4020000000000046,-1.6190000000000015,20.731,0.816,0,0,none,-1,-1
R04-AZ,2026-09-01 01:58:00,-0.2880000000000056,-3.121000000000004,20.269,-0.945,0,0,fiber_degradation,14,1
R04-AZ,2026-09-01 02:00:00,-0.0940000000000083,-2.877999999999995,20.433,-0.324,0,0,fiber_degradation,14,1
R04-AZ,2026-09-01 02:02:00,-0.8630000000000049,-1.3820000000000032,20.545,-0.292,0,0,fiber_degradation,14,1
R04-AZ,2026-09-01 02:04:00,-0.3240000000000105,-1.5839999999999979,20.626,-0.183,0,0,fiber_degradation,14,1
R04-AZ,2026-09-01 02:06:00,0.22399999999999487,-0.974000000000002,20.637,0.492,0,0,fiber_degradation,14,1
R04-AZ,2026-09-01 02:08:00,-0.41750000000000576,-3.4124999999999925,20.108,-1.527,0,0,fiber_degradation,14,1
R04-AZ,2026-09-01 02:10:00,-0.7030000000000065,-0.02000000000000135,20.491,-0.024,0,0,fiber_degradation,14,1
R04-AZ,2026-09-01 02:12:00,-0.2850000000000037,-2.373000000000003,20.253,-1.068,0,0,fiber_degradation,14,1
R04-AZ,2026-09-01 02:14:00,-0.23300000000000232,-0.7299999999999951,20.501,0.963,0,0,fiber_degradation,14,1
R04-AZ,2026-09-01 02:16:00,-0.8500000000000032,-1.901999999999994,20.323,-1.2,0,0,fiber_degradation,14,1
R04-AZ,2026-09-01 02:18:00,-1.3070000000000075,-1.7200000000000024,20.441,-0.498,0,0,fiber_degradation,14,1
R04-AZ,2026-09-01 02:20:00,-0.732999999999997,-1.4850000000000012,20.295,-0.827,0,0,fiber_degradation,14,1
R04-AZ,2026-09-01 02:22:00,-0.6640000000000033,-1.8360000000000039,20.362,-1.033,0,0,fiber_degradation,14,1
R04-AZ,2026-09-01 02:24:00,0.1319999999999979,-2.4560000000000013,20.515,-0.335,0,0,fiber_degradation,14,1
R04-AZ,2026-09-01 02:26:00,-0.7140000000000004,-2.4130000000000003,19.933,-2.193,0,0,fiber_degradation,14,1
R04-AZ,2026-09-01 02:28:00,-0.5000000000000018,-2.650999999999998,20.027,-1.752,0,0,fiber_degradation,14,1
R04-AZ,2026-09-01 02:30:00,-0.6850000000000112,-1.6600000000000072,20.214,-0.948,0,0,fiber_degradation,14,1
R04-AZ,2026-09-01 02:32:00,0.231999999999994,-1.2170000000000005,20.37,0.132,0,0,fiber_degradation,14,1
R04-AZ,2026-09-01 02:34:00,-1.1065000000000058,-3.4124999999999996,19.876,-2.254,0,0,fiber_degradation,14,1
R04-AZ,2026-09-01 02:36:00,-1.1350000000000033,-2.6880000000000024,19.529,-3.212,0,0,fiber_degradation,14,1
R04-AZ,2026-09-01 02:38:00,-1.3060000000000027,-2.0230000000000032,19.952,-2.22,0,0,fiber_degradation,14,1
R04-AZ,2026-09-01 02:40:00,-0.3879999999999999,-3.1800000000000033,19.953,-1.554,0,0,fiber_degradation,14,1
R04-AZ,2026-09-01 02:42:00,-0.720000000000006,-2.485000000000003,20.33,-1.024,0,0,fiber_degradation,14,1
R04-AZ,2026-09-01 02:44:00,-0.8699999999999992,-2.127000000000004,20.177,-1.18,0,0,fiber_degradation,14,1
R04-AZ,2026-09-01 02:46:00,-0.6800000000000015,-2.1459999999999972,20.304,-0.983,0,0,fiber_degradation,14,1
R04-AZ,2026-09-01 02:48:00,-0.5669999999999984,-2.1960000000000015,20.219,-1.547,0,0,fiber_degradation,14,1
R04-AZ,2026-09-01 02:50:00,-0.8870000000000093,-2.9500000000000046,20.23,-1.449,0,0,fiber_degradation,14,1
R04-AZ,2026-09-01 02:52:00,-0.935000000000004,-2.6120000000000037,20.108,-1.944,0,0,fiber_degradation,14,1
R04-AZ,2026-09-01 02:54:00,-0.7139999999999969,-1.870000000000001,20.175,-1.027,0,0,fiber_degradation,14,1
R04-AZ,2026-09-01 02:56:00,-0.9920000000000062,-1.4019999999999975,20.352,-0.813,0,0,fiber_degradation,14,1
R04-AZ,2026-09-01 02:58:00,-1.7330000000000059,-2.1600000000000072,19.972,-2.167,0,0,fiber_degradation,14,1
R04-AZ,2026-09-01 03:00:00,-0.5510000000000073,-3.1560000000000024,20.281,-1.448,0,0,fiber_degradation,14,1
R04-AZ,2026-09-01 03:02:00,-0.7080000000000002,-3.968999999999996,19.714,-2.483,0,0,fiber_degradation,14,1
R04-AZ,2026-09-01 03:04:00,-0.2980000000000036,-2.195000000000004,20.373,-0.46,0,0,fiber_degradation,14,1
R04-AZ,2026-09-01 03:06:00,-0.1500000000000039,-3.967999999999998,19.898,-2.295,0,0,fiber_degradation,14,1
R04-AZ,2026-09-01 03:08:00,-0.38300000000000445,-1.2470000000000017,20.43,0.191,0,0,fiber_degradation,14,1
R04-AZ,2026-09-01 03:10:00,0.17849999999999433,-1.4460000000000033,20.447,-0.191,0,0,fiber_degradation,14,1
R04-AZ,2026-09-01 03:12:00,-0.19650000000000745,-1.263,20.463,0.371,0,0,fiber_degradation,14,1
R04-AZ,2026-09-01 03:14:00,-0.795000000000007,0.8305000000000025,20.681,0.778,0,0,none,-1,-1
R04-AZ,2026-09-01 03:16:00,-1.0445000000000064,0.2919999999999998,20.48,0.92,0,0,none,-1,-1
R04-AZ,2026-09-01 03:18:00,-1.5110000000000063,-0.3859999999999957,20.593,-0.277,0,0,none,-1,-1
R04-AZ,2026-09-01 03:20:00,-1.9060000000000024,-0.34400000000000297,20.464,-0.394,0,0,none,-1,-1
R04-AZ,2026-09-01 03:22:00,-0.7510000000000012,1.2889999999999997,20.566,1.766,0,0,none,-1,-1
R04-AZ,2026-09-01 03:24:00,-0.14400000000000013,0.3760000000000048,20.693,1.373,0,0,none,-1,-1
R04-AZ,2026-09-01 03:26:00,0.009999999999996234,0.5010000000000012,20.516,1.104,0,0,none,-1,-1
R04-AZ,2026-09-01 03:28:00,-0.6519999999999992,-1.5010000000000012,20.423,-0.726,0,0,none,-1,-1
R04-AZ,2026-09-01 03:30:00,-0.5530000000000097,-0.6540000000000017,20.51,0.54,0,0,none,-1,-1
R04-AZ,2026-09-01 03:32:00,-1.1190000000000087,0.6835000000000022,20.671,0.741,0,0,none,-1,-1
R04-AZ,2026-09-01 03:34:00,-1.1120000000000037,0.8850000000000033,20.659,1.429,0,0,none,-1,-1
R04-AZ,2026-09-01 03:36:00,-0.48100000000000165,-0.6234999999999999,20.677,0.691,0,0,none,-1,-1
R04-AZ,2026-09-01 03:38:00,-0.3905000000000083,0.3059999999999974,20.693,1.63,0,0,none,-1,-1
R04-AZ,2026-09-01 03:40:00,-0.5480000000000071,-1.5590000000000046,20.642,0.557,0,0,none,-1,-1
R04-AZ,2026-09-01 03:42:00,-0.920000000000007,0.2289999999999992,20.609,1.265,0,0,none,-1,-1
R04-AZ,2026-09-01 03:44:00,-0.6044999999999945,1.1339999999999968,20.621,2.06,0,0,none,-1,-1
R04-AZ,2026-09-01 03:46:00,-0.5600000000000094,0.8109999999999982,20.662,1.574,0,0,none,-1,-1
R04-AZ,2026-09-01 03:48:00,-0.648000000000005,0.502500000000003,20.669,1.634,0,0,none,-1,-1
R04-AZ,2026-09-01 03:50:00,0.3289999999999953,0.4504999999999999,20.276,2.678,0,0,none,-1,-1
R04-AZ,2026-09-01 03:52:00,-1.0330000000000084,0.6545000000000023,20.607,1.765,0,0,none,-1,-1
R04-AZ,2026-09-01 03:54:00,-0.4240000000000066,0.032999999999999474,20.655,1.355,0,0,none,-1,-1
R04-AZ,2026-09-01 03:56:00,-0.9870000000000019,-0.4529999999999976,20.637,-0.197,0,0,none,-1,-1
R04-AZ,2026-09-01 03:58:00,-1.5840000000000014,-0.37899999999999956,20.512,-0.157,0,0,none,-1,-1
R04-AZ,2026-09-01 04:00:00,-0.38049999999999784,0.9695000000000018,20.531,1.845,0,0,none,-1,-1
R04-AZ,2026-09-01 04:02:00,-2.093000000000007,1.4169999999999998,20.678,1.089,0,0,none,-1,-1
R04-AZ,2026-09-01 04:04:00,-0.47600000000000975,1.8639999999999972,20.598,2.287,0,0,none,-1,-1
R04-AZ,2026-09-01 04:06:00,-0.8840000000000003,2.501999999999999,20.443,3.083,0,0,none,-1,-1
R04-AZ,2026-09-01 04:08:00,-1.0265000000000075,0.7370000000000037,20.631,0.951,0,0,none,-1,-1
R04-AZ,2026-09-01 04:10:00,-0.31300000000000416,0.41649999999999743,20.601,1.596,0,0,none,-1,-1
R04-AZ,2026-09-01 04:12:00,-1.512000000000013,1.7949999999999964,20.311,2.333,0,0,none,-1,-1
R04-AZ,2026-09-01 04:14:00,-0.4159999999999986,2.298499999999999,20.546,2.532,0,0,none,-1,-1
R04-AZ,2026-09-01 04:16:00,-0.2950000000000035,1.6395000000000035,20.424,2.135,0,0,none,-1,-1
R04-AZ,2026-09-01 04:18:00,-1.1940000000000044,0.5469999999999988,20.657,0.698,0,0,none,-1,-1
R04-AZ,2026-09-01 04:20:00,0.24999999999999822,1.5799999999999983,20.637,2.133,0,0,none,-1,-1
R04-AZ,2026-09-01 04:22:00,-0.23000000000000043,1.2184999999999953,20.64,1.847,0,0,none,-1,-1
R04-AZ,2026-09-01 04:24:00,-1.738000000000003,0.35399999999999565,20.598,-0.19,0,0,none,-1,-1
R04-AZ,2026-09-01 04:26:00,0.03599999999999248,1.466000000000001,20.554,2.193,0,0,none,-1,-1
R04-AZ,2026-09-01 04:28:00,-0.6890000000000107,0.4499999999999993,20.705,1.16,0,0,none,-1,-1
R04-AZ,2026-09-01 04:30:00,0.2649999999999917,1.8790000000000013,20.163,2.756,0,0,none,-1,-1
R04-AZ,2026-09-01 04:32:00,-0.020000000000008455,0.769000000000009,20.678,1.475,0,0,none,-1,-1
R04-AZ,2026-09-01 04:34:00,-1.2210000000000036,0.8339999999999996,20.762,1.217,0,0,none,-1,-1
R04-AZ,2026-09-01 04:36:00,-0.0259999999999998,1.279,20.522,1.609,0,0,none,-1,-1
R04-AZ,2026-09-01 04:38:00,-0.622000000000007,1.7420000000000027,20.668,2.104,0,0,fiber_degradation,5,2
R04-AZ,2026-09-01 04:40:00,-0.583000000000002,-0.018000000000000682,20.682,1.001,0,0,fiber_degradation,5,2
R04-AZ,2026-09-01 04:42:00,-0.3830000000000062,-1.2120000000000033,20.543,-0.092,0,0,fiber_degradation,5,2
R04-AZ,2026-09-01 04:44:00,-0.700999999999997,-0.8500000000000032,20.658,0.281,0,0,fiber_degradation,5,2
R04-AZ,2026-09-01 04:46:00,-0.3185000000000038,0.5059999999999985,20.707,1.729,0,0,fiber_degradation,5,2
R04-AZ,2026-09-01 04:48:00,-0.7640000000000136,0.13599999999999746,20.672,0.808,0,0,fiber_degradation,5,2
R04-AZ,2026-09-01 04:50:00,-1.2569999999999997,-0.9669999999999952,20.016,-1.098,0,0,fiber_degradation,5,2
R04-AZ,2026-09-01 04:52:00,-0.6670000000000051,-0.507000000000005,20.588,0.566,0,0,fiber_degradation,5,2
R04-AZ,2026-09-01 04:54:00,-1.4790000000000045,-2.891999999999996,19.633,-2.045,0,0,fiber_degradation,5,2
R04-AZ,2026-09-01 04:56:00,0.4279999999999937,-2.1009999999999973,20.224,-0.073,0,0,fiber_degradation,5,2
R04-AZ,2026-09-01 04:58:00,-0.4760000000000062,-1.3849999999999998,20.344,-0.841,0,0,fiber_degradation,5,2
R04-AZ,2026-09-01 05:00:00,-0.32000000000000384,-2.657,20.003,-0.784,0,0,fiber_degradation,5,2
R04-AZ,2026-09-01 05:02:00,-0.049000000000006594,-2.086000000000004,20.282,-0.298,0,0,fiber_degradation,5,2
R04-AZ,2026-09-01 05:04:00,-0.39600000000001145,-1.2120000000000033,20.351,0.075,0,0,fiber_degradation,5,2
R04-AZ,2026-09-01 05:06:00,-1.0870000000000122,-2.336999999999996,19.586,-2.128,0,0,fiber_degradation,5,2
R04-AZ,2026-09-01 05:08:00,-1.2350000000000083,-2.4114999999999984,19.515,-1.765,0,0,fiber_degradation,5,2
R04-AZ,2026-09-01 05:10:00,-0.9425000000000043,-2.2645000000000017,19.926,-1.076,0,0,fiber_degradation,5,2
R04-AZ,2026-09-01 05:12:00,-1.4730000000000025,-2.0700000000000003,19.616,-2.168,0,0,fiber_degradation,5,2
R04-AZ,2026-09-01 05:14:00,-1.1740000000000084,-2.5389999999999997,19.591,-1.91,0,0,fiber_degradation,5,2
R04-AZ,2026-09-01 05:16:00,-1.323500000000001,-3.386500000000005,19.201,-2.33,0,0,fiber_degradation,5,2
R04-AZ,2026-09-01 05:18:00,0.2619999999999969,-2.8030000000000044,19.502,-1.628,0,0,fiber_degradation,5,2
R04-AZ,2026-09-01 05:20:00,-0.30500000000000327,-2.7940000000000005,19.69,-1.69,0,0,fiber_degradation,5,2
R04-AZ,2026-09-01 05:22:00,-0.5160000000000071,-3.817999999999998,18.852,-3.592,0,0,fiber_degradation,5,2
R04-AZ,2026-09-01 05:24:00,-0.32500000000000995,-4.833999999999994,19.152,-3.121,0,0,fiber_degradation,5,2
R04-AZ,2026-09-01 05:26:00,0.0069999999999961204,-2.5799999999999983,19.507,-1.875,0,0,fiber_degradation,5,2
R04-AZ,2026-09-01 05:28:00,-1.2880000000000038,-0.7129999999999974,20.579,-0.36,0,0,none,-1,-1
R04-AZ,2026-09-01 05:30:00,-0.2600000000000051,0.9279999999999955,20.506,1.987,0,0,none,-1,-1
R04-AZ,2026-09-01 05:32:00,-0.8800000000000008,0.3349999999999955,20.698,0.664,0,0,none,-1,-1
R04-AZ,2026-09-01 05:34:00,-0.6675000000000022,0.8480000000000079,20.608,-0.025,0,0,none,-1,-1
R04-AZ,2026-09-01 05:36:00,-1.4080000000000101,-0.4764999999999979,20.626,0.321,0,0,none,-1,-1
R04-AZ,2026-09-01 05:38:00,0.11899999999999444,-1.0860000000000056,20.688,1.029,0,0,none,-1,-1
R04-AZ,2026-09-01 05:40:00,0.2569999999999961,-1.0190000000000037,20.588,1.089,0,0,none,-1,-1
R04-AZ,2026-09-01 05:42:00,-0.51400000000001,-0.2020000000000035,20.6,0.844,0,0,none,-1,-1
R04-AZ,2026-09-01 05:44:00,-0.8070000000000022,0.2840000000000025,20.685,0.986,0,0,none,-1,-1
R04-AZ,2026-09-01 05:46:00,-0.8010000000000108,-0.16999999999999282,20.62,1.061,0,0,none,-1,-1
R04-AZ,2026-09-01 05:48:00,-0.010000000000001563,-0.8789999999999996,20.658,1.52,0,0,none,-1,-1
R04-AZ,2026-09-01 05:50:00,-6.511000000000012,-0.5539999999999985,19.784,-4.791,0,0,amplifier_degradation,16,3
R04-AZ,2026-09-01 05:52:00,-7.19000000000001,-1.3649999999999984,19.186,-5.8,0,0,amplifier_degradation,16,3
R04-AZ,2026-09-01 05:54:00,-5.716999999999997,0.30600000000000094,20.017,-3.584,0,0,amplifier_degradation,16,3
R04-AZ,2026-09-01 05:56:00,-6.246000000000006,-0.28000000000000647,19.712,-4.375,0,0,amplifier_degradation,16,3
R04-AZ,2026-09-01 05:58:00,-6.005000000000003,-0.06300000000000239,19.804,-4.518,0,0,amplifier_degradation,16,3
R04-AZ,2026-09-01 06:00:00,-6.259000000000009,-1.317000000000002,19.142,-6.203,1,0,amplifier_degradation,16,3
R04-AZ,2026-09-01 06:02:00,-6.702000000000002,0.41000000000000014,19.764,-4.697,0,0,amplifier_degradation,16,3
R04-AZ,2026-09-01 06:04:00,-5.654000000000005,0.20200000000001062,19.691,-4.451,0,0,amplifier_degradation,16,3
R04-AZ,2026-09-01 06:06:00,-6.7120000000000015,0.7060000000000031,19.872,-4.134,0,0,amplifier_degradation,16,3
R04-AZ,2026-09-01 06:08:00,-6.166,-0.8099999999999987,20.003,-4.11,0,0,amplifier_degradation,16,3
R04-AZ,2026-09-01 06:10:00,-6.4140000000000015,-1.008000000000001,19.076,-6.157,1,0,amplifier_degradation,16,3
R04-AZ,2026-09-01 06:12:00,-6.856000000000005,-0.01699999999999946,19.176,-5.867,0,0,amplifier_degradation,16,3
R04-AZ,2026-09-01 06:14:00,-6.221999999999998,1.2765000000000004,19.627,-4.874,0,0,amplifier_degradation,16,3
R04-AZ,2026-09-01 06:16:00,-6.452000000000011,0.7629999999999999,19.626,-4.987,0,0,amplifier_degradation,16,3
R04-AZ,2026-09-01 06:18:00,-6.932000000000009,-0.21949999999999648,19.422,-5.718,0,0,amplifier_degradation,16,3
R04-AZ,2026-09-01 06:20:00,-5.903000000000006,-0.9065000000000012,19.522,-5.354,0,0,amplifier_degradation,16,3
R04-AZ,2026-09-01 06:22:00,-6.626999999999997,-1.0000000000000053,18.93,-6.617,1,0,amplifier_degradation,16,3
R04-AZ,2026-09-01 06:24:00,-6.943000000000007,0.09600000000000897,19.41,-5.645,0,0,amplifier_degradation,16,3
R04-AZ,2026-09-01 06:26:00,-0.9395000000000149,-0.3170000000000073,20.599,0.367,0,0,none,-1,-1
R04-AZ,2026-09-01 06:28:00,-1.342000000000004,0.25999999999999446,20.615,0.667,0,0,none,-1,-1
R04-AZ,2026-09-01 06:30:00,-0.8530000000000033,0.5569999999999986,20.614,0.203,0,0,none,-1,-1
R04-AZ,2026-09-01 06:32:00,-1.3705000000000052,-0.4840000000000053,20.323,-0.483,0,0,none,-1,-1
R04-AZ,2026-09-01 06:34:00,-1.2185000000000024,-0.42500000000000604,20.665,0.323,0,0,none,-1,-1
R04-AZ,2026-09-01 06:36:00,-0.03700000000000969,0.48199999999999754,20.61,1.349,0,0,none,-1,-1
R04-AZ,2026-09-01 06:38:00,-0.3695000000000128,0.16749999999999687,20.659,0.598,0,0,fiber_degradation,2,4
R04-AZ,2026-09-01 06:40:00,-0.8380000000000027,-0.008999999999995012,20.678,-0.105,0,0,fiber_degradation,2,4
R04-AZ,2026-09-01 06:42:00,-0.7740000000000062,-0.04749999999999943,20.64,0.863,0,0,fiber_degradation,2,4
R04-AZ,2026-09-01 06:44:00,-0.26600000000000534,-0.3550000000000004,20.559,-0.159,0,0,fiber_degradation,2,4
R04-AZ,2026-09-01 06:46:00,0.5079999999999956,-1.6360000000000046,20.625,1.081,0,0,fiber_degradation,2,4
R04-AZ,2026-09-01 06:48:00,-0.33500000000000263,-1.8499999999999996,20.617,0.385,0,0,fiber_degradation,2,4
R04-AZ,2026-09-01 06:50:00,-0.577,-1.5559999999999974,20.501,-0.416,0,0,fiber_degradation,2,4
R04-AZ,2026-09-01 06:52:00,0.056999999999995055,-1.1780000000000062,20.42,-0.487,0,0,fiber_degradation,2,4
R04-AZ,2026-09-01 06:54:00,-0.7130000000000081,-2.549000000000003,20.256,-0.939,0,0,fiber_degradation,2,4
R04-AZ,2026-09-01 06:56:00,0.15199999999999037,-1.8129999999999953,20.446,0.487,0,0,fiber_degradation,2,4
R04-AZ,2026-09-01 06:58:00,0.026999999999995694,-1.998000000000001,20.541,0.274,0,0,fiber_degradation,2,4
R04-AZ,2026-09-01 07:00:00,1.0119999999999987,-0.42999999999999794,20.548,1.578,0,0,fiber_degradation,2,4
R04-AZ,2026-09-01 07:02:00,0.11199999999999477,-2.3939999999999984,20.451,-0.013,0,0,fiber_degradation,2,4
R04-AZ,2026-09-01 07:04:00,0.3959999999999919,-2.5150000000000112,20.171,-0.75,0,0,fiber_degradation,2,4
R04-AZ,2026-09-01 07:06:00,0.8329999999999949,-3.2150000000000016,20.27,-1.047,0,0,fiber_degradation,2,4
R04-AZ,2026-09-01 07:08:00,0.9799999999999915,-3.0260000000000016,20.419,-0.122,0,0,fiber_degradation,2,4
R04-AZ,2026-09-01 07:10:00,0.7299999999999969,-1.1359999999999992,20.573,0.36,0,0,fiber_degradation,2,4
R04-AZ,2026-09-01 07:12:00,0.24499999999998678,-2.2500000000000018,20.445,-0.354,0,0,fiber_degradation,2,4
R04-AZ,2026-09-01 07:14:00,0.3719999999999928,-2.882000000000007,20.398,-0.518,0,0,fiber_degradation,2,4
R04-AZ,2026-09-01 07:16:00,0.8989999999999974,-2.929500000000001,20.453,-0.724,0,0,fiber_degradation,2,4
R04-AZ,2026-09-01 07:18:00,0.06799999999999429,-2.7365000000000013,20.101,-1.879,0,0,fiber_degradation,2,4
R04-AZ,2026-09-01 07:20:00,-0.32850000000000357,-2.7340000000000035,20.309,-1.168,0,0,fiber_degradation,2,4
R04-AZ,2026-09-01 07:22:00,-0.11500000000000554,-3.2209999999999965,20.234,-1.005,0,0,fiber_degradation,2,4
R04-AZ,2026-09-01 07:24:00,0.4559999999999942,-2.3379999999999956,20.436,-0.714,0,0,fiber_degradation,2,4
R04-AZ,2026-09-01 07:26:00,0.6519999999999975,-2.5780000000000047,20.598,0.119,0,0,fiber_degradation,2,4
R04-AZ,2026-09-01 07:28:00,-0.25500000000000433,-4.42,19.786,-2.365,0,0,fiber_degradation,2,4
R04-AZ,2026-09-01 07:30:00,1.3964999999999907,-3.317,20.21,-0.778,0,0,fiber_degradation,2,4
R04-AZ,2026-09-01 07:32:00,1.327,-3.9650000000000016,19.593,-2.119,0,0,fiber_degradation,2,4
R04-AZ,2026-09-01 07:34:00,0.4410000000000007,-3.5360000000000067,20.223,-1.533,0,0,fiber_degradation,2,4
R04-AZ,2026-09-01 07:36:00,0.5159999999999929,-2.9049999999999994,20.235,-1.065,0,0,fiber_degradation,2,4
R04-AZ,2026-09-01 07:38:00,0.08599999999999319,-3.2449999999999974,20.158,-1.327,0,0,fiber_degradation,2,4
R04-AZ,2026-09-01 07:40:00,-0.005000000000004334,-2.054000000000004,20.059,-1.116,0,0,fiber_degradation,2,4
R04-AZ,2026-09-01 07:42:00,0.7499999999999982,-2.0219999999999985,20.149,-0.595,0,0,fiber_degradation,2,4
R04-AZ,2026-09-01 07:44:00,0.3034999999999979,-3.4720000000000013,19.576,-1.958,0,0,fiber_degradation,2,4
R04-AZ,2026-09-01 07:46:00,0.6129999999999978,-4.425999999999997,19.662,-2.228,0,0,fiber_degradation,2,4
R04-AZ,2026-09-01 07:48:00,0.5469999999999899,-3.397333333333334,19.691,-2.208,0,0,fiber_degradation,2,4
R04-AZ,2026-09-01 07:50:00,0.3879999999999928,-2.820666666666666,19.714,-2.041,0,0,fiber_degradation,2,4
R04-AZ,2026-09-01 07:52:00,0.918999999999988,-1.041999999999998,20.246,-0.437,0,0,fiber_degradation,2,4
R04-AZ,2026-09-01 07:54:00,1.1620000000000008,-3.218,19.82,-1.855,0,0,fiber_degradation,2,4
R04-AZ,2026-09-01 07:56:00,0.11099999999999,-2.4085,20.11,-1.397,0,0,fiber_degradation,2,4
R04-AZ,2026-09-01 07:58:00,-0.7610000000000028,-1.4380000000000024,20.353,-0.753,0,0,none,-1,-1
R04-AZ,2026-09-01 08:00:00,-1.5760000000000094,-1.2150000000000052,20.459,-0.872,0,0,none,-1,-1
R04-AZ,2026-09-01 08:02:00,-0.7539999999999978,-1.2609999999999921,20.526,-0.163,0,0,none,-1,-1
R04-AZ,2026-09-01 08:04:00,0.4369999999999976,-0.6759999999999948,20.669,0.199,0,0,none,-1,-1
R04-AZ,2026-09-01 08:06:00,-0.746000000000004,-0.20800000000000196,20.508,-0.103,0,0,none,-1,-1
R04-AZ,2026-09-01 08:08:00,-0.741000000000005,-1.731000000000007,20.107,-1.198,0,0,none,-1,-1
R04-AZ,2026-09-01 08:10:00,-1.0700000000000074,-0.7790000000000017,20.41,-0.131,0,0,none,-1,-1
R04-AZ,2026-09-01 08:12:00,-1.1300000000000008,-2.5269999999999957,20.276,-1.742,0,0,none,-1,-1
R04-AZ,2026-09-01 08:14:00,-1.5810000000000066,-2.1199999999999957,19.947,-1.906,0,0,none,-1,-1
R04-AZ,2026-09-01 08:16:00,-0.8624999999999972,-1.2539999999999996,20.302,-1.381,0,0,none,-1,-1
R04-AZ,2026-09-01 08:18:00,-1.586000000000002,-1.6365000000000034,20.125,-1.759,0,0,none,-1,-1
R04-AZ,2026-09-01 08:20:00,-0.19100000000000428,-2.8509999999999973,20.342,-0.679,0,0,none,-1,-1
R04-AZ,2026-09-01 08:22:00,-0.7159999999999993,-0.41600000000000925,20.509,0.138,0,0,none,-1,-1
R04-AZ,2026-09-01 08:24:00,-0.37300000000000644,-1.8579999999999934,20.369,-0.677,0,0,none,-1,-1
R04-AZ,2026-09-01 08:26:00,-1.3315000000000001,-1.0709999999999997,19.853,-1.707,0,0,none,-1,-1
R04-AZ,2026-09-01 08:28:00,-0.49800000000000466,-0.6840000000000082,20.542,0.629,0,0,none,-1,-1
R04-AZ,2026-09-01 08:30:00,-0.8900000000000112,-1.135000000000007,20.699,-0.115,0,0,none,-1,-1
R04-AZ,2026-09-01 08:32:00,-0.894000000000009,-3.003999999999998,20.197,-1.713,0,0,none,-1,-1
R04-AZ,2026-09-01 08:34:00,-0.4780000000000033,-1.9289999999999967,20.575,-0.222,0,0,none,-1,-1
R04-AZ,2026-09-01 08:36:00,-0.636000000000001,-0.6429999999999936,20.596,-0.193,0,0,none,-1,-1
R04-AZ,2026-09-01 08:38:00,-0.11600000000000499,-1.98899999999999,20.506,-0.217,0,0,none,-1,-1
R04-AZ,2026-09-01 08:40:00,0.2939999999999934,-1.0779999999999994,20.513,-0.46,0,0,none,-1,-1
R04-AZ,2026-09-01 08:42:00,-0.5330000000000084,-1.8305000000000007,20.052,-1.031,0,0,none,-1,-1
R04-AZ,2026-09-01 08:44:00,-0.3630000000000031,-2.3225,20.274,-0.886,0,0,none,-1,-1
R04-AZ,2026-09-01 08:46:00,-1.2110000000000039,-0.6750000000000007,20.563,-0.216,0,0,none,-1,-1
R04-AZ,2026-09-01 08:48:00,-0.5260000000000051,-0.7874999999999996,20.401,-0.41,0,0,none,-1,-1
R04-AZ,2026-09-01 08:50:00,-0.9635000000000051,-1.413999999999998,20.257,-1.45,0,0,none,-1,-1
R04-AZ,2026-09-01 08:52:00,-1.5570000000000004,-0.6539999999999999,20.325,-0.724,0,0,none,-1,-1
R04-AZ,2026-09-01 08:54:00,-0.7860000000000031,-2.462999999999999,20.096,-1.643,0,0,none,-1,-1
R04-AZ,2026-09-01 08:56:00,-1.1150000000000073,-2.577,20.121,-1.728,0,0,none,-1,-1
R04-AZ,2026-09-01 08:58:00,-0.7095000000000056,-0.6419999999999995,20.467,-0.163,0,0,none,-1,-1
R04-AZ,2026-09-01 09:00:00,-0.6270000000000042,-0.44000000000001016,20.233,-0.576,0,0,none,-1,-1
R04-AZ,2026-09-01 09:02:00,-0.8860000000000063,-0.9234999999999953,20.476,-0.296,0,0,none,-1,-1
R04-AZ,2026-09-01 09:04:00,-1.2220000000000013,-1.3620000000000037,20.354,-0.821,0,0,none,-1,-1
R04-AZ,2026-09-01 09:06:00,-1.6410000000000071,-1.0030000000000037,20.126,-1.41,0,0,none,-1,-1
R04-AZ,2026-09-01 09:08:00,-1.5080000000000044,0.23550000000000004,20.635,0.211,0,0,none,-1,-1
R04-AZ,2026-09-01 09:10:00,-0.8730000000000047,-0.7029999999999994,20.365,-0.674,0,0,none,-1,-1
R04-AZ,2026-09-01 09:12:00,-0.26700000000000124,-2.1660000000000075,20.471,-0.762,0,0,none,-1,-1
R04-AZ,2026-09-01 09:14:00,-0.11149999999999594,-1.628000000000002,20.365,-0.262,0,0,none,-1,-1
R04-AZ,2026-09-01 09:16:00,-0.4380000000000077,-1.2940000000000023,20.432,-0.197,0,0,none,-1,-1
R04-AZ,2026-09-01 09:18:00,-0.6320000000000014,-0.9609999999999985,20.657,0.282,0,0,none,-1,-1
R04-AZ,2026-09-01 09:20:00,0.32999999999999474,-1.6420000000000012,20.492,-0.277,0,0,none,-1,-1
R04-AZ,2026-09-01 09:22:00,-0.8570000000000046,-0.04499999999999993,20.601,0.887,0,0,none,-1,-1
R04-AZ,2026-09-01 09:24:00,-0.5890000000000057,-0.5189999999999966,20.58,0.191,0,0,none,-1,-1
R04-AZ,2026-09-01 09:26:00,-0.9889999999999972,-0.6029999999999998,20.484,-0.292,0,0,none,-1,-1
R04-AZ,2026-09-01 09:28:00,-0.9735000000000031,-0.6440000000000001,20.694,0.809,0,0,none,-1,-1
R04-AZ,2026-09-01 09:30:00,-0.5220000000000073,-1.9804999999999993,20.56,0.075,0,0,none,-1,-1
R04-AZ,2026-09-01 09:32:00,-1.0889999999999986,-0.8575000000000035,20.596,0.051,0,0,none,-1,-1
R04-AZ,2026-09-01 09:34:00,0.28099999999999525,-1.7780000000000022,20.356,-0.348,0,0,none,-1,-1
R04-AZ,2026-09-01 09:36:00,-0.9710000000000072,-0.8300000000000018,20.608,-0.034,0,0,none,-1,-1
R04-AZ,2026-09-01 09:38:00,-1.0370000000000044,-1.8970000000000002,20.599,-0.056,0,0,none,-1,-1
R04-AZ,2026-09-01 09:40:00,-0.9380000000000095,-1.6971666666666678,20.268,-1.167,0,0,none,-1,-1
R04-AZ,2026-09-01 09:42:00,-0.8390000000000022,-1.49733333333333,20.348,-0.338,0,0,none,-1,-1
R04-AZ,2026-09-01 09:44:00,-0.2510000000000101,-1.1990000000000016,20.488,-0.149,0,0,none,-1,-1
R04-AZ,2026-09-01 09:46:00,-1.099000000000009,-1.1580000000000013,20.643,0.573,0,0,none,-1,-1
R04-AZ,2026-09-01 09:48:00,-1.0000000000000018,0.3730000000000029,20.579,-0.237,0,0,none,-1,-1
R04-AZ,2026-09-01 09:50:00,-0.4650000000000105,-0.3440000000000083,20.618,0.227,0,0,none,-1,-1
R04-AZ,2026-09-01 09:52:00,-0.8440000000000012,-0.05500000000000149,20.688,0.971,0,0,none,-1,-1
R04-AZ,2026-09-01 09:54:00,-0.6355000000000022,-0.46050000000000324,20.348,-1.168,0,0,none,-1,-1
R04-AZ,2026-09-01 09:56:00,-0.16200000000000792,-1.2264999999999961,20.564,0.332,0,0,none,-1,-1
R04-AZ,2026-09-01 09:58:00,-0.8590000000000071,-0.02900000000000169,20.419,-0.538,0,0,none,-1,-1
R04-ZA,2026-09-01 00:00:00,-1.4689999999999994,-0.9509999999999863,20.14,-2.016,0,0,none,-1,-1
R04-ZA,2026-09-01 00:02:00,-1.8140000000000072,-1.5179999999999936,19.986,-2.71,0,0,none,-1,-1
R04-ZA,2026-09-01 00:04:00,-1.8790000000000013,-1.836999999999998,20.495,-1.253,0,0,none,-1,-1
R04-ZA,2026-09-01 00:06:00,-1.7960000000000065,-1.5989999999999966,19.968,-2.795,0,0,none,-1,-1
R04-ZA,2026-09-01 00:08:00,-2.1249999999999982,-1.9629999999999992,19.995,-2.324,0,0,none,-1,-1
R04-ZA,2026-09-01 00:10:00,-1.404,-1.9439999999999955,19.964,-2.571,0,0,none,-1,-1
R04-ZA,2026-09-01 00:12:00,-1.1500000000000021,-1.3294999999999941,20.415,-1.227,0,0,none,-1,-1
R04-ZA,2026-09-01 00:14:00,-2.209000000000005,-1.572999999999995,19.595,-3.557,0,0,none,-1,-1
R04-ZA,2026-09-01 00:16:00,-1.2330000000000005,-1.887999999999991,20.102,-1.774,0,0,none,-1,-1
R04-ZA,2026-09-01 00:18:00,-1.4959999999999951,-1.9459999999999944,20.064,-1.89,0,0,none,-1,-1
R04-ZA,2026-09-01 00:20:00,-1.7870000000000061,-3.0499999999999954,19.397,-3.302,0,0,none,-1,-1
R04-ZA,2026-09-01 00:22:00,-1.6030000000000033,-0.4029999999999969,20.518,-0.751,0,0,none,-1,-1
R04-ZA,2026-09-01 00:24:00,-2.135000000000005,-1.1409999999999965,19.877,-2.17,0,0,none,-1,-1
R04-ZA,2026-09-01 00:26:00,-0.6739999999999942,-0.7440000000000015,20.343,-0.772,0,0,none,-1,-1
R04-ZA,2026-09-01 00:28:00,-1.4160000000000021,-3.102499999999994,19.686,-2.936,0,0,none,-1,-1
R04-ZA,2026-09-01 00:30:00,-1.043000000000001,-0.16999999999999105,20.37,-0.899,0,0,none,-1,-1
R04-ZA,2026-09-01 00:32:00,-1.8920000000000048,0.6910000000000025,20.512,-0.372,0,0,none,-1,-1
R04-ZA,2026-09-01 00:34:00,-1.3510000000000044,-1.1929999999999996,20.414,-0.816,0,0,none,-1,-1
R04-ZA,2026-09-01 00:36:00,-1.5070000000000032,-1.2099999999999973,20.361,-1.772,0,0,none,-1,-1
R04-ZA,2026-09-01 00:38:00,-1.2769999999999992,-0.34799999999999365,20.298,-1.432,0,0,fiber_degradation,14,0
R04-ZA,2026-09-01 00:40:00,-0.9044999999999987,-2.2849999999999913,19.894,-2.629,0,0,fiber_degradation,14,0
R04-ZA,2026-09-01 00:42:00,-2.421999999999997,-3.162999999999993,19.361,-4.343,0,0,fiber_degradation,14,0
R04-ZA,2026-09-01 00:44:00,-1.2759999999999962,-2.0099999999999962,20.002,-2.147,0,0,fiber_degradation,14,0
R04-ZA,2026-09-01 00:46:00,-1.0139999999999993,-3.987999999999996,19.638,-4.053,0,0,fiber_degradation,14,0
R04-ZA,2026-09-01 00:48:00,-1.9230000000000054,-2.4974999999999934,19.185,-3.807,0,0,fiber_degradation,14,0
R04-ZA,2026-09-01 00:50:00,-1.1499999999999968,-4.259999999999991,19.798,-3.425,0,0,fiber_degradation,14,0
R04-ZA,2026-09-01 00:52:00,-0.7899999999999991,-4.566999999999995,19.2,-4.331,0,0,fiber_degradation,14,0
R04-ZA,2026-09-01 00:54:00,-1.8970000000000038,-4.932999999999998,18.917,-5.39,0,0,fiber_degradation,14,0
R04-ZA,2026-09-01 00:56:00,-1.2820000000000071,-4.848999999999995,19.277,-4.604,0,0,fiber_degradation,14,0
R04-ZA,2026-09-01 00:58:00,-0.3009999999999984,-6.660999999999991,18.619,-5.86,0,0,fiber_degradation,14,0
R04-ZA,2026-09-01 01:00:00,-2.1220000000000017,-4.15,18.267,-6.282,1,0,fiber_degradation,14,0
R04-ZA,2026-09-01 01:02:00,-1.2885000000000026,-6.620999999999995,17.673,-7.041,1,0,fiber_degradation,14,0
R04-ZA,2026-09-01 01:04:00,-1.5690000000000008,-5.657999999999987,18.281,-6.461,1,0,fiber_degradation,14,0
R04-ZA,2026-09-01 01:06:00,-0.6165000000000003,-5.3229999999999915,18.996,-5.29,0,0,fiber_degradation,14,0
R04-ZA,2026-09-01 01:08:00,-1.1210000000000004,-6.121499999999994,18.297,-6.712,1,0,fiber_degradation,14,0
R04-ZA,2026-09-01 01:10:00,-0.7569999999999961,-7.171999999999999,18.573,-6.333,1,0,fiber_degradation,14,0
R04-ZA,2026-09-01 01:12:00,-1.5110000000000028,-5.0679999999999925,18.574,-6.424,1,0,fiber_degradation,14,0
R04-ZA,2026-09-01 01:14:00,-1.8694999999999968,-5.0529999999999955,18.811,-5.88,0,0,fiber_degradation,14,0
R04-ZA,2026-09-01 01:16:00,-1.4159999999999968,-2.2839999999999936,19.721,-3.04,0,0,none,-1,-1
R04-ZA,2026-09-01 01:18:00,-0.8929999999999971,-0.6010000000000026,20.273,-1.125,0,0,none,-1,-1
R04-ZA,2026-09-01 01:20:00,-1.5460000000000012,-1.315999999999999,19.941,-1.907,0,0,none,-1,-1
R04-ZA,2026-09-01 01:22:00,-1.0130000000000052,-2.5389999999999944,20.044,-2.976,0,0,none,-1,-1
R04-ZA,2026-09-01 01:24:00,-1.4189999999999987,-2.6419999999999924,19.292,-3.591,0,0,none,-1,-1
R04-ZA,2026-09-01 01:26:00,-2.0260000000000034,-1.9410000000000007,20.112,-2.974,0,0,none,-1,-1
R04-ZA,2026-09-01 01:28:00,-0.1070000000000011,-0.47499999999999076,20.558,0.273,0,0,none,-1,-1
R04-ZA,2026-09-01 01:30:00,-1.8080000000000016,-1.7459999999999898,19.583,-3.332,0,0,none,-1,-1
R04-ZA,2026-09-01 01:32:00,-1.5505000000000013,-2.9459999999999944,19.469,-3.45,0,0,none,-1,-1
R04-ZA,2026-09-01 01:34:00,-0.785999999999996,-1.270999999999999,20.234,-1.553,0,0,none,-1,-1
R04-ZA,2026-09-01 01:36:00,-1.5370000000000026,-4.466999999999993,19.145,-4.074,0,0,none,-1,-1
R04-ZA,2026-09-01 01:38:00,-1.763999999999994,-1.512999999999991,20.189,-1.76,0,0,none,-1,-1
R04-ZA,2026-09-01 01:40:00,-1.5239999999999991,-3.5724999999999945,19.351,-3.887,0,0,none,-1,-1
R04-ZA,2026-09-01 01:42:00,-1.689,-1.8619999999999948,19.899,-2.204,0,0,none,-1,-1
R04-ZA,2026-09-01 01:44:00,-1.5919999999999952,-0.6144999999999925,19.96,-2.456,0,0,none,-1,-1
R04-ZA,2026-09-01 01:46:00,-1.0929999999999946,-2.5969999999999906,19.584,-3.123,0,0,none,-1,-1
R04-ZA,2026-09-01 01:48:00,-1.9129999999999967,-0.9429999999999925,20.092,-2.261,0,0,none,-1,-1
R04-ZA,2026-09-01 01:50:00,-1.6690000000000005,-42.30549999999999,-18.993,-43.142,1,1,fiber_cut,8,1
R04-ZA,2026-09-01 01:52:00,-0.6729999999999965,-43.17249999999999,-17.768,-42.352,1,1,fiber_cut,8,1
R04-ZA,2026-09-01 01:54:00,-1.7190000000000012,-42.156,-17.933,-42.921,1,1,fiber_cut,8,1
R04-ZA,2026-09-01 01:56:00,-2.1599999999999966,-42.010000000000005,-18.637,-42.947,1,1,fiber_cut,8,1
R04-ZA,2026-09-01 01:58:00,-1.721,-43.129,-19.014,-43.538,1,1,fiber_cut,8,1
R04-ZA,2026-09-01 02:00:00,-1.9370000000000065,-43.012,-18.291,-43.151,1,1,fiber_cut,8,1
R04-ZA,2026-09-01 02:02:00,-1.6080000000000076,-42.35199999999999,-17.771,-42.258,1,1,fiber_cut,8,1
R04-ZA,2026-09-01 02:04:00,-0.7979999999999965,-41.462,-17.474,-41.607,1,1,fiber_cut,8,1
R04-ZA,2026-09-01 02:06:00,-1.2044999999999995,-42.92699999999999,-18.61,-43.074,1,1,fiber_cut,8,1
R04-ZA,2026-09-01 02:08:00,-1.165000000000001,-42.53099999999999,-18.429,-43.044,1,1,fiber_cut,8,1
R04-ZA,2026-09-01 02:10:00,-1.6939999999999955,-42.471000000000004,-18.427,-42.717,1,1,fiber_cut,8,1
R04-ZA,2026-09-01 02:12:00,-2.094999999999997,-3.5749999999999957,19.144,-4.238,0,0,none,-1,-1
R04-ZA,2026-09-01 02:14:00,-1.5440000000000005,-2.6399999999999935,19.637,-3.145,0,0,none,-1,-1
R04-ZA,2026-09-01 02:16:00,-1.9799999999999969,-2.6299999999999972,19.933,-2.701,0,0,none,-1,-1
R04-ZA,2026-09-01 02:18:00,-1.327000000000007,-0.920999999999994,20.247,-2.044,0,0,none,-1,-1
R04-ZA,2026-09-01 02:20:00,-1.7460000000000022,-1.830999999999996,20.137,-2.792,0,0,none,-1,-1
R04-ZA,2026-09-01 02:22:00,-1.323999999999998,-1.4329999999999945,20.142,-1.516,0,0,none,-1,-1
R04-ZA,2026-09-01 02:24:00,-3.0180000000000025,-0.24699999999998745,20.166,-2.902,0,0,none,-1,-1
R04-ZA,2026-09-01 02:26:00,-0.9269999999999996,-3.2179999999999875,19.965,-2.65,0,0,none,-1,-1
R04-ZA,2026-09-01 02:28:00,-0.7160000000000046,-2.6509999999999927,19.791,-2.516,0,0,none,-1,-1
R04-ZA,2026-09-01 02:30:00,-1.3599999999999994,-1.9199999999999857,19.739,-2.797,0,0,none,-1,-1
R04-ZA,2026-09-01 02:32:00,-1.7399999999999967,-3.378999999999998,19.574,-3.842,0,0,none,-1,-1
R04-ZA,2026-09-01 02:34:00,-2.006999999999996,-3.195999999999996,19.381,-3.8,0,0,none,-1,-1
R04-ZA,2026-09-01 02:36:00,-0.6500000000000039,-0.2869999999999937,20.394,-1.232,0,0,none,-1,-1
R04-ZA,2026-09-01 02:38:00,-2.1895000000000078,-2.4049999999999923,19.736,-3.331,0,0,none,-1,-1
R04-ZA,2026-09-01 02:40:00,-0.6050000000000058,-2.7099999999999937,19.667,-2.858,0,0,none,-1,-1
R04-ZA,2026-09-01 02:42:00,-1.1085000000000065,-4.363499999999995,19.64,-3.497,0,0,none,-1,-1
R04-ZA,2026-09-01 02:44:00,-1.2030000000000012,-3.314999999999996,19.659,-3.198,0,0,none,-1,-1
R04-ZA,2026-09-01 02:46:00,-2.2925000000000004,-2.4434999999999967,19.807,-3.279,0,0,none,-1,-1
R04-ZA,2026-09-01 02:48:00,-1.7100000000000026,-2.40899999999999,19.399,-4.018,0,0,none,-1,-1
R04-ZA,2026-09-01 02:50:00,-0.7619999999999933,-3.0099999999999927,19.755,-3.113,0,0,none,-1,-1
R04-ZA,2026-09-01 02:52:00,-1.820000000000002,-0.6679999999999975,20.079,-2.661,0,0,none,-1,-1
R04-ZA,2026-09-01 02:54:00,-0.9930000000000003,-3.818000000000005,19.413,-4.185,0,0,none,-1,-1
R04-ZA,2026-09-01 02:56:00,-1.1379999999999981,-2.7759999999999927,19.771,-2.791,0,0,none,-1,-1
R04-ZA,2026-09-01 02:58:00,-1.1484999999999985,-2.116999999999992,19.613,-3.005,0,0,none,-1,-1
R04-ZA,2026-09-01 03:00:00,-1.8920000000000066,-1.9879999999999889,19.511,-3.442,0,0,none,-1,-1
R04-ZA,2026-09-01 03:02:00,-1.753000000000002,-2.603999999999994,19.716,-2.991,0,0,none,-1,-1
R04-ZA,2026-09-01 03:04:00,-1.7570000000000014,-2.3344999999999985,19.704,-3.157,0,0,none,-1,-1
R04-ZA,2026-09-01 03:06:00,-1.8100000000000005,-3.997999999999996,19.051,-4.869,0,0,none,-1,-1
R04-ZA,2026-09-01 03:08:00,-1.745000000000001,-1.4629999999999903,20.043,-2.378,0,0,none,-1,-1
R04-ZA,2026-09-01 03:10:00,-1.4590000000000032,-1.074999999999994,20.161,-1.869,0,0,none,-1,-1
R04-ZA,2026-09-01 03:12:00,-1.596999999999996,-3.0109999999999957,19.513,-3.755,0,0,none,-1,-1
R04-ZA,2026-09-01 03:14:00,-0.833000000000002,-2.9379999999999953,20.098,-2.18,0,0,none,-1,-1
R04-ZA,2026-09-01 03:16:00,-0.8490000000000038,-0.7164999999999946,20.135,-1.882,0,0,none,-1,-1
R04-ZA,2026-09-01 03:18:00,-1.4360000000000017,-1.8539999999999974,19.987,-2.42,0,0,none,-1,-1
R04-ZA,2026-09-01 03:20:00,-1.0170000000000066,-2.2089999999999907,19.496,-3.496,0,0,none,-1,-1
R04-ZA,2026-09-01 03:22:00,-1.1699999999999982,-4.1499999999999915,19.625,-2.964,0,0,none,-1,-1
R04-ZA,2026-09-01 03:24:00,-1.0409999999999986,-2.0429999999999993,19.629,-3.022,0,0,none,-1,-1
R04-ZA,2026-09-01 03:26:00,-1.9780000000000015,-2.4739999999999913,19.852,-3.326,0,0,none,-1,-1
R04-ZA,2026-09-01 03:28:00,-1.3640000000000043,-3.7989999999999924,19.544,-3.39,0,0,none,-1,-1
R04-ZA,2026-09-01 03:30:00,-0.982999999999997,-3.3529999999999927,19.937,-3.483,0,0,none,-1,-1
R04-ZA,2026-09-01 03:32:00,-0.5549999999999944,-3.6129999999999978,19.599,-2.913,0,0,none,-1,-1
R04-ZA,2026-09-01 03:34:00,-2.216000000000001,-3.4459999999999926,19.322,-3.957,0,0,none,-1,-1
R04-ZA,2026-09-01 03:36:00,-0.3100000000000058,-1.4599999999999902,19.88,-2.605,0,0,none,-1,-1
R04-ZA,2026-09-01 03:38:00,-1.5319999999999965,-2.163999999999998,19.139,-3.847,0,0,amplifier_degradation,5,2
R04-ZA,2026-09-01 03:40:00,-1.9169999999999998,-1.326999999999991,19.296,-3.498,0,0,amplifier_degradation,5,2
R04-ZA,2026-09-01 03:42:00,-1.9080000000000013,-3.5219999999999914,18.446,-4.639,0,0,amplifier_degradation,5,2
R04-ZA,2026-09-01 03:44:00,-3.8985000000000074,-2.969999999999999,18.04,-5.463,0,0,amplifier_degradation,5,2
R04-ZA,2026-09-01 03:46:00,-4.207999999999998,-4.220999999999988,17.334,-6.857,1,0,amplifier_degradation,5,2
R04-ZA,2026-09-01 03:48:00,-3.858000000000004,-2.652999999999997,17.313,-6.413,1,0,amplifier_degradation,5,2
R04-ZA,2026-09-01 03:50:00,-4.898,-3.3459999999999965,17.264,-6.995,1,0,amplifier_degradation,5,2
R04-ZA,2026-09-01 03:52:00,-5.677000000000001,-1.6209999999999933,17.431,-5.623,0,0,amplifier_degradation,5,2
R04-ZA,2026-09-01 03:54:00,-6.053000000000001,-2.1960000000000015,16.931,-7.343,1,0,amplifier_degradation,5,2
R04-ZA,2026-09-01 03:56:00,-6.8735000000000035,-3.7989999999999995,15.232,-9.24,1,0,amplifier_degradation,5,2
R04-ZA,2026-09-01 03:58:00,-5.223000000000001,-2.9579999999999878,15.926,-7.547,1,0,amplifier_degradation,5,2
R04-ZA,2026-09-01 04:00:00,-6.789000000000003,-2.279999999999994,16.057,-8.01,1,0,amplifier_degradation,5,2
R04-ZA,2026-09-01 04:02:00,-6.446500000000002,-2.656999999999993,14.408,-9.22,1,0,amplifier_degradation,5,2
R04-ZA,2026-09-01 04:04:00,-7.702500000000006,-1.692999999999989,14.317,-9.782,1,0,amplifier_degradation,5,2
R04-ZA,2026-09-01 04:06:00,-7.944000000000006,-2.1259999999999994,14.496,-9.075,1,0,amplifier_degradation,5,2
R04-ZA,2026-09-01 04:08:00,-7.993,-5.441999999999993,12.379,-11.671,1,1,amplifier_degradation,5,2
R04-ZA,2026-09-01 04:10:00,-7.9680000000000035,-2.5259999999999927,13.811,-9.984,1,0,amplifier_degradation,5,2
R04-ZA,2026-09-01 04:12:00,-9.387000000000004,-0.6434999999999942,13.502,-9.798,1,0,amplifier_degradation,5,2
R04-ZA,2026-09-01 04:14:00,-9.623000000000003,-2.317999999999989,12.297,-12.012,1,1,amplifier_degradation,5,2
R04-ZA,2026-09-01 04:16:00,-10.726000000000008,-3.5559999999999956,11.548,-12.725,1,1,amplifier_degradation,5,2
R04-ZA,2026-09-01 04:18:00,-10.846,-1.4499999999999922,11.763,-11.991,1,1,amplifier_degradation,5,2
R04-ZA,2026-09-01 04:20:00,-11.355000000000006,-2.927999999999992,11.17,-13.072,1,1,amplifier_degradation,5,2
R04-ZA,2026-09-01 04:22:00,-11.702999999999994,-4.223999999999995,10.021,-15.261,1,1,amplifier_degradation,5,2
R04-ZA,2026-09-01 04:24:00,-12.545,-2.2609999999999992,10.129,-14.118,1,1,amplifier_degradation,5,2
R04-ZA,2026-09-01 04:26:00,-13.625999999999996,-3.051999999999996,9.294,-15.375,1,1,amplifier_degradation,5,2
R04-ZA,2026-09-01 04:28:00,-12.733999999999998,-2.4780000000000015,9.959,-14.321,1,1,amplifier_degradation,5,2
R04-ZA,2026-09-01 04:30:00,-11.708999999999994,-3.2829999999999977,9.993,-14.485,1,1,amplifier_degradation,5,2
R04-ZA,2026-09-01 04:32:00,-12.553999999999998,-1.9484999999999921,9.4,-14.53,1,1,amplifier_degradation,5,2
R04-ZA,2026-09-01 04:34:00,-11.823000000000006,-2.728999999999992,10.407,-14.0,1,1,amplifier_degradation,5,2
R04-ZA,2026-09-01 04:36:00,-12.348999999999995,-2.0469999999999953,10.5,-13.425,1,1,amplifier_degradation,5,2
R04-ZA,2026-09-01 04:38:00,-12.848999999999997,-3.1069999999999975,9.421,-14.426,1,1,amplifier_degradation,5,2
R04-ZA,2026-09-01 04:40:00,-12.151000000000003,-0.7549999999999901,10.605,-13.358,1,1,amplifier_degradation,5,2
R04-ZA,2026-09-01 04:42:00,-12.009999999999998,-2.92799999999999,10.249,-14.166,1,1,amplifier_degradation,5,2
R04-ZA,2026-09-01 04:44:00,-12.6055,-2.3559999999999928,10.383,-13.688,1,1,amplifier_degradation,5,2
R04-ZA,2026-09-01 04:46:00,-13.291,-1.597499999999993,9.304,-15.075,1,1,amplifier_degradation,5,2
R04-ZA,2026-09-01 04:48:00,-11.982000000000003,-2.711999999999991,10.843,-12.855,1,1,amplifier_degradation,5,2
R04-ZA,2026-09-01 04:50:00,-13.026499999999999,-2.0659999999999865,9.901,-14.743,1,1,amplifier_degradation,5,2
R04-ZA,2026-09-01 04:52:00,-12.4255,-0.8739999999999863,10.293,-13.576,1,1,amplifier_degradation,5,2
R04-ZA,2026-09-01 04:54:00,-12.32,-3.5369999999999973,9.822,-14.37,1,1,amplifier_degradation,5,2
R04-ZA,2026-09-01 04:56:00,-11.699,-0.9029999999999951,10.27,-13.131,1,1,amplifier_degradation,5,2
R04-ZA,2026-09-01 04:58:00,-13.071000000000005,-4.304999999999996,8.75,-15.916,1,1,amplifier_degradation,5,2
R04-ZA,2026-09-01 05:00:00,-12.482000000000001,-1.929999999999989,10.166,-13.787,1,1,amplifier_degradation,5,2
R04-ZA,2026-09-01 05:02:00,-14.070000000000002,-0.5109999999999868,9.773,-14.417,1,1,amplifier_degradation,5,2
R04-ZA,2026-09-01 05:04:00,-1.6635000000000026,-2.9854999999999983,19.257,-4.538,0,0,none,-1,-1
R04-ZA,2026-09-01 05:06:00,-1.7260000000000026,-2.4994999999999923,20.072,-2.664,0,0,none,-1,-1
R04-ZA,2026-09-01 05:08:00,-1.3200000000000038,-3.180999999999992,19.678,-3.636,0,0,none,-1,-1
R04-ZA,2026-09-01 05:10:00,-0.7509999999999977,-3.170999999999994,19.704,-2.951,0,0,none,-1,-1
R04-ZA,2026-09-01 05:12:00,-2.530000000000003,-2.385499999999995,19.455,-3.768,0,0,none,-1,-1
R04-ZA,2026-09-01 05:14:00,-0.7590000000000021,-1.823999999999991,19.994,-2.043,0,0,none,-1,-1
R04-ZA,2026-09-01 05:16:00,-1.565999999999999,-0.9269999999999978,19.893,-2.603,0,0,none,-1,-1
R04-ZA,2026-09-01 05:18:00,-2.125999999999996,-1.2699999999999942,20.085,-2.154,0,0,none,-1,-1
R04-ZA,2026-09-01 05:20:00,-1.6359999999999992,-2.8049999999999926,19.464,-3.98,0,0,none,-1,-1
R04-ZA,2026-09-01 05:22:00,-1.5630000000000042,-4.255999999999997,18.75,-4.802,0,0,none,-1,-1
R04-ZA,2026-09-01 05:24:00,-1.552999999999999,-3.3829999999999973,19.565,-3.874,0,0,none,-1,-1
R04-ZA,2026-09-01 05:26:00,-1.7429999999999968,-1.8814999999999937,20.017,-2.353,0,0,none,-1,-1
R04-ZA,2026-09-01 05:28:00,-0.7519999999999953,-3.077999999999994,19.649,-3.034,0,0,none,-1,-1
R04-ZA,2026-09-01 05:30:00,-1.6254999999999988,-3.0159999999999894,19.622,-3.326,0,0,none,-1,-1
R04-ZA,2026-09-01 05:32:00,-1.7359999999999953,-1.821999999999992,19.734,-2.808,0,0,none,-1,-1
R04-ZA,2026-09-01 05:34:00,-2.162000000000001,-2.7209999999999983,19.697,-3.54,0,0,none,-1,-1
R04-ZA,2026-09-01 05:36:00,-2.159500000000005,-1.3259999999999952,20.006,-2.419,0,0,none,-1,-1
R04-ZA,2026-09-01 05:38:00,-2.1930000000000067,-2.5359999999999925,19.541,-3.954,0,0,none,-1,-1
R04-ZA,2026-09-01 05:40:00,-1.1929999999999978,-2.372999999999996,20.014,-2.603,0,0,none,-1,-1
R04-ZA,2026-09-01 05:42:00,-1.7404999999999973,-3.0149999999999917,19.671,-3.085,0,0,none,-1,-1
R04-ZA,2026-09-01 05:44:00,-2.1375000000000046,-1.8759999999999977,19.479,-3.531,0,0,none,-1,-1
R04-ZA,2026-09-01 05:46:00,-0.8974999999999937,-1.729999999999995,20.326,-1.586,0,0,none,-1,-1
R04-ZA,2026-09-01 05:48:00,-1.1530000000000022,-1.9239999999999924,19.693,-2.659,0,0,none,-1,-1
R04-ZA,2026-09-01 05:50:00,-1.4579999999999984,-2.214999999999998,20.121,-2.101,0,0,none,-1,-1
R04-ZA,2026-09-01 05:52:00,-1.0049999999999955,-1.7889999999999961,19.846,-2.405,0,0,none,-1,-1
R04-ZA,2026-09-01 05:54:00,-1.9530000000000012,-2.032999999999989,19.28,-3.733,0,0,none,-1,-1
R04-ZA,2026-09-01 05:56:00,-1.4085000000000054,-1.1829999999999945,19.979,-2.325,0,0,none,-1,-1
R04-ZA,2026-09-01 05:58:00,-1.3179999999999996,-2.3904999999999905,19.628,-2.924,0,0,none,-1,-1
R04-ZA,2026-09-01 06:00:00,-2.316999999999993,-1.9109999999999978,19.93,-2.659,0,0,none,-1,-1
R04-ZA,2026-09-01 06:02:00,-1.3949999999999996,-0.8454999999999977,20.293,-1.852,0,0,none,-1,-1
R04-ZA,2026-09-01 06:04:00,-1.2269999999999968,-2.0219999999999896,19.833,-2.447,0,0,none,-1,-1
R04-ZA,2026-09-01 06:06:00,-1.8129999999999988,-2.8499999999999925,20.146,-2.256,0,0,none,-1,-1
R04-ZA,2026-09-01 06:08:00,-1.6960000000000068,-2.623000000000001,19.79,-3.365,0,0,none,-1,-1
R04-ZA,2026-09-01 06:10:00,-0.4880000000000031,-0.8819999999999961,20.531,-0.494,0,0,none,-1,-1
R04-ZA,2026-09-01 06:12:00,-1.3219999999999956,-2.399999999999995,19.488,-3.361,0,0,amplifier_degradation,11,3
R04-ZA,2026-09-01 06:14:00,-2.5070000000000103,-0.7349999999999905,19.923,-2.061,0,0,amplifier_degradation,11,3
R04-ZA,2026-09-01 06:16:00,-2.1530000000000022,0.08250000000000135,20.139,-2.12,0,0,amplifier_degradation,11,3
R04-ZA,2026-09-01 06:18:00,-1.5570000000000075,-1.6349999999999891,19.651,-2.58,0,0,amplifier_degradation,11,3
R04-ZA,2026-09-01 06:20:00,-2.0294999999999934,-2.0419999999999963,19.217,-3.715,0,0,amplifier_degradation,11,3
R04-ZA,2026-09-01 06:22:00,-2.4949999999999974,-1.3669999999999902,19.146,-3.641,0,0,amplifier_degradation,11,3
R04-ZA,2026-09-01 06:24:00,-1.631999999999998,-1.8334999999999937,20.029,-2.004,0,0,amplifier_degradation,11,3
R04-ZA,2026-09-01 06:26:00,-2.7009999999999987,-2.028999999999993,19.359,-3.741,0,0,amplifier_degradation,11,3
R04-ZA,2026-09-01 06:28:00,-3.411999999999999,-2.5559999999999956,19.045,-4.711,0,0,amplifier_degradation,11,3
R04-ZA,2026-09-01 06:30:00,-3.180999999999999,-1.4179999999999975,19.804,-3.152,0,0,amplifier_degradation,11,3
R04-ZA,2026-09-01 06:32:00,-4.162500000000005,-1.7719999999999967,19.065,-4.56,0,0,amplifier_degradation,11,3
R04-ZA,2026-09-01 06:34:00,-2.999500000000001,-2.187999999999988,18.961,-4.01,0,0,amplifier_degradation,11,3
R04-ZA,2026-09-01 06:36:00,-3.8634999999999966,-2.0554999999999914,18.779,-4.891,0,0,amplifier_degradation,11,3
R04-ZA,2026-09-01 06:38:00,-3.6340000000000003,-1.407999999999987,19.058,-3.8,0,0,amplifier_degradation,11,3
R04-ZA,2026-09-01 06:40:00,-3.548000000000007,-0.9334999999999933,19.501,-3.548,0,0,amplifier_degradation,11,3
R04-ZA,2026-09-01 06:42:00,-1.9730000000000043,-1.088999999999995,19.704,-3.003,0,0,amplifier_degradation,11,3
R04-ZA,2026-09-01 06:44:00,-3.5709999999999997,-2.0520000000000014,18.948,-4.415,0,0,amplifier_degradation,11,3
R04-ZA,2026-09-01 06:46:00,-3.820999999999996,-2.3609999999999935,18.758,-5.205,0,0,amplifier_degradation,11,3
R04-ZA,2026-09-01 06:48:00,-3.3219999999999974,-2.2124999999999915,19.198,-4.383,0,0,amplifier_degradation,11,3
R04-ZA,2026-09-01 06:50:00,-3.203000000000001,-0.7869999999999973,20.005,-2.786,0,0,amplifier_degradation,11,3
R04-ZA,2026-09-01 06:52:00,-3.5080000000000133,-1.4159999999999897,19.358,-4.302,0,0,amplifier_degradation,11,3
R04-ZA,2026-09-01 06:54:00,-3.0180000000000007,0.14700000000000912,19.748,-2.607,0,0,amplifier_degradation,11,3
R04-ZA,2026-09-01 06:56:00,-0.856500000000004,-0.8379999999999921,20.243,-1.648,0,0,none,-1,-1
R04-ZA,2026-09-01 06:58:00,-1.211000000000011,-0.40399999999999103,20.493,-0.665,0,0,none,-1,-1
R04-ZA,2026-09-01 07:00:00,-1.3840000000000003,-0.9889999999999937,20.249,-1.374,0,0,none,-1,-1
R04-ZA,2026-09-01 07:02:00,-0.8010000000000055,-0.7939999999999969,20.005,-2.423,0,0,none,-1,-1
R04-ZA,2026-09-01 07:04:00,-2.7049999999999983,-1.4889999999999883,19.353,-3.436,0,0,none,-1,-1
R04-ZA,2026-09-01 07:06:00,-1.9259999999999984,-0.9049999999999976,19.862,-2.392,0,0,none,-1,-1
R04-ZA,2026-09-01 07:08:00,-1.4509999999999987,-1.2449999999999903,20.122,-1.621,0,0,none,-1,-1
R04-ZA,2026-09-01 07:10:00,-2.009000000000002,-0.8299999999999894,20.367,-2.004,0,0,none,-1,-1
R04-ZA,2026-09-01 07:12:00,-1.9979999999999958,-1.70549999999999,19.695,-2.291,0,0,none,-1,-1
R04-ZA,2026-09-01 07:14:00,-1.6110000000000007,-1.589999999999991,19.746,-3.27,0,0,none,-1,-1
R04-ZA,2026-09-01 07:16:00,-0.5729999999999968,-1.151999999999994,20.504,-0.335,0,0,none,-1,-1
R04-ZA,2026-09-01 07:18:00,-0.9324999999999974,-0.393999999999993,20.233,-1.723,0,0,none,-1,-1
R04-ZA,2026-09-01 07:20:00,-1.1660000000000021,-2.1429999999999882,20.331,-1.996,0,0,fiber_degradation,13,4
R04-ZA,2026-09-01 07:22:00,-1.494000000000005,-2.6549999999999887,19.511,-3.362,0,0,fiber_degradation,13,4
R04-ZA,2026-09-01 07:24:00,-0.847999999999999,-2.658999999999997,20.168,-1.787,0,0,fiber_degradation,13,4
R04-ZA,2026-09-01 07:26:00,-0.8965000000000032,-2.248999999999997,19.819,-3.006,0,0,fiber_degradation,13,4
R04-ZA,2026-09-01 07:28:00,-0.7200000000000006,-3.471999999999989,19.381,-3.432,0,0,fiber_degradation,13,4
R04-ZA,2026-09-01 07:30:00,-1.5270000000000064,-3.270999999999992,18.892,-4.568,0,0,fiber_degradation,13,4
R04-ZA,2026-09-01 07:32:00,-1.4549999999999965,-3.492999999999988,18.982,-4.597,0,0,fiber_degradation,13,4
R04-ZA,2026-09-01 07:34:00,-1.290000000000001,-4.4634999999999945,18.325,-5.745,0,0,fiber_degradation,13,4
R04-ZA,2026-09-01 07:36:00,-0.8620000000000001,-3.5879999999999956,18.887,-4.519,0,0,fiber_degradation,13,4
R04-ZA,2026-09-01 07:38:00,-2.1880000000000006,-8.317999999999994,16.762,-8.408,1,0,fiber_degradation,13,4
R04-ZA,2026-09-01 07:40:00,-0.9420000000000002,-6.178000000000001,18.006,-6.414,1,0,fiber_degradation,13,4
R04-ZA,2026-09-01 07:42:00,-1.836000000000002,-7.737499999999994,16.569,-9.17,1,0,fiber_degradation,13,4
R04-ZA,2026-09-01 07:44:00,-2.0779999999999994,-7.992999999999997,16.675,-8.945,1,0,fiber_degradation,13,4
R04-ZA,2026-09-01 07:46:00,-0.6960000000000015,-7.462999999999992,16.758,-7.999,1,0,fiber_degradation,13,4
R04-ZA,2026-09-01 07:48:00,-1.5019999999999953,-7.0249999999999915,16.578,-8.279,1,0,fiber_degradation,13,4
R04-ZA,2026-09-01 07:50:00,-2.5465000000000053,-8.304999999999989,15.841,-9.56,1,0,fiber_degradation,13,4
R04-ZA,2026-09-01 07:52:00,-1.8029999999999955,-9.658999999999992,14.779,-10.929,1,0,fiber_degradation,13,4
R04-ZA,2026-09-01 07:54:00,-1.3305000000000007,-10.262999999999995,14.655,-10.834,1,0,fiber_degradation,13,4
R04-ZA,2026-09-01 07:56:00,-1.8940000000000037,-12.391999999999996,13.386,-12.925,1,0,fiber_degradation,13,4
R04-ZA,2026-09-01 07:58:00,-1.158999999999999,-11.268999999999991,14.123,-11.64,1,0,fiber_degradation,13,4
R04-ZA,2026-09-01 08:00:00,-0.4580000000000055,-13.842499999999992,13.508,-12.257,1,0,fiber_degradation,13,4
R04-ZA,2026-09-01 08:02:00,-1.163000000000002,-12.316999999999991,12.53,-13.133,1,1,fiber_degradation,13,4
R04-ZA,2026-09-01 08:04:00,-1.7450000000000028,-11.943999999999988,12.35,-13.253,1,1,fiber_degradation,13,4
R04-ZA,2026-09-01 08:06:00,-1.3140000000000018,-12.385999999999997,12.247,-12.998,1,1,fiber_degradation,13,4
R04-ZA,2026-09-01 08:08:00,-0.524000000000008,-13.440999999999995,11.697,-13.804,1,1,fiber_degradation,13,4
R04-ZA,2026-09-01 08:10:00,-0.938500000000003,-11.750999999999996,12.311,-13.191,1,1,fiber_degradation,13,4
R04-ZA,2026-09-01 08:12:00,-2.341999999999997,-14.129999999999992,10.684,-14.822,1,1,fiber_degradation,13,4
R04-ZA,2026-09-01 08:14:00,-0.9080000000000013,-14.507999999999988,11.855,-14.128,1,1,fiber_degradation,13,4
R04-ZA,2026-09-01 08:16:00,-1.5940000000000012,-13.75599999999999,11.046,-15.042,1,1,fiber_degradation,13,4
R04-ZA,2026-09-01 08:18:00,-2.057999999999998,-14.355999999999995,10.813,-14.95,1,1,fiber_degradation,13,4
R04-ZA,2026-09-01 08:20:00,-2.196000000000005,-13.475499999999997,11.337,-14.5,1,1,fiber_degradation,13,4
R04-ZA,2026-09-01 08:22:00,-1.2330000000000094,-15.847999999999994,10.906,-15.281,1,1,fiber_degradation,13,4
R04-ZA,2026-09-01 08:24:00,-2.0340000000000042,-13.818999999999996,11.116,-14.8,1,1,fiber_degradation,13,4
R04-ZA,2026-09-01 08:26:00,-0.8850000000000087,-14.656999999999991,11.27,-14.87,1,1,fiber_degradation,13,4
R04-ZA,2026-09-01 08:28:00,-0.5870000000000033,-13.446999999999997,11.777,-13.738,1,1,fiber_degradation,13,4
R04-ZA,2026-09-01 08:30:00,-0.8219999999999992,-13.479999999999999,12.135,-13.542,1,1,fiber_degradation,13,4
R04-ZA,2026-09-01 08:32:00,-0.679000000000002,-13.706999999999992,12.096,-13.826,1,1,fiber_degradation,13,4
R04-ZA,2026-09-01 08:34:00,-1.211000000000002,-14.17,11.696,-14.188,1,1,fiber_degradation,13,4
R04-ZA,2026-09-01 08:36:00,-2.253000000000002,-13.404999999999989,11.341,-14.263,1,1,fiber_degradation,13,4
R04-ZA,2026-09-01 08:38:00,-0.38000000000000256,-13.130999999999991,11.87,-13.563,1,1,fiber_degradation,13,4
R04-ZA,2026-09-01 08:40:00,-1.490999999999996,-1.1159999999999979,20.141,-1.613,0,0,none,-1,-1
R04-ZA,2026-09-01 08:42:00,-1.2300000000000093,-1.255999999999995,20.297,-1.706,0,0,none,-1,-1
R04-ZA,2026-09-01 08:44:00,-1.3059999999999974,-0.5609999999999893,20.178,-1.727,0,0,none,-1,-1
R04-ZA,2026-09-01 08:46:00,-2.472999999999997,-0.3769999999999918,20.013,-2.306,0,0,none,-1,-1
R04-ZA,2026-09-01 08:48:00,-1.3280000000000012,-1.7149999999999945,20.18,-1.699,0,0,none,-1,-1
R04-ZA,2026-09-01 08:50:00,-1.0369999999999973,-1.1019999999999914,19.719,-2.861,0,0,none,-1,-1
R04-ZA,2026-09-01 08:52:00,-2.277000000000001,-0.9599999999999955,19.863,-2.315,0,0,none,-1,-1
R04-ZA,2026-09-01 08:54:00,-1.3319999999999954,-1.3379999999999939,20.104,-1.646,0,0,none,-1,-1
R04-ZA,2026-09-01 08:56:00,-1.8940000000000037,-1.8229999999999897,20.38,-1.969,0,0,none,-1,-1
R04-ZA,2026-09-01 08:58:00,-1.5169999999999995,-1.3529999999999838,20.005,-1.808,0,0,none,-1,-1
R04-ZA,2026-09-01 09:00:00,-1.4260000000000002,-1.3819999999999997,20.184,-1.982,0,0,none,-1,-1
R04-ZA,2026-09-01 09:02:00,-1.7969999999999935,-0.10999999999999588,20.286,-1.293,0,0,none,-1,-1
R04-ZA,2026-09-01 09:04:00,-1.533000000000003,-0.4179999999999868,20.168,-1.855,0,0,none,-1,-1
R04-ZA,2026-09-01 09:06:00,-0.8149999999999995,-0.8629999999999942,20.463,-0.63,0,0,none,-1,-1
R04-ZA,2026-09-01 09:08:00,-1.434999999999997,0.5600000000000076,20.322,-0.818,0,0,none,-1,-1
R04-ZA,2026-09-01 09:10:00,-1.6629999999999985,0.4260000000000055,20.428,-0.7,0,0,none,-1,-1
R04-ZA,2026-09-01 09:12:00,-1.3300000000000072,-1.0299999999999958,20.224,-1.76,0,0,none,-1,-1
R04-ZA,2026-09-01 09:14:00,-0.2650000000000059,-0.4429999999999943,20.355,-0.799,0,0,none,-1,-1
R04-ZA,2026-09-01 09:16:00,-2.1679999999999975,0.37050000000000516,20.408,-1.683,0,0,none,-1,-1
R04-ZA,2026-09-01 09:18:00,-0.8430000000000035,-0.12299999999999223,20.542,0.129,0,0,none,-1,-1
R04-ZA,2026-09-01 09:20:00,-1.652000000000001,-0.6369999999999916,19.918,-1.738,0,0,none,-1,-1
R04-ZA,2026-09-01 09:22:00,-0.8549999999999986,-0.14899999999999736,20.282,-1.468,0,0,none,-1,-1
R04-ZA,2026-09-01 09:24:00,-1.652999999999997,-2.0469999999999935,20.135,-2.492,0,0,none,-1,-1
R04-ZA,2026-09-01 09:26:00,-0.5576666666666714,-1.3459999999999912,20.408,-0.677,0,0,none,-1,-1
R04-ZA,2026-09-01 09:28:00,-1.034333333333338,-0.8324999999999854,20.401,-1.179,0,0,none,-1,-1
R04-ZA,2026-09-01 09:30:00,-1.8990000000000027,-0.4669999999999934,20.248,-1.818,0,0,none,-1,-1
R04-ZA,2026-09-01 09:32:00,-1.381000000000002,-1.8959999999999972,19.865,-2.256,0,0,none,-1,-1
R04-ZA,2026-09-01 09:34:00,-0.8825000000000038,-1.8129999999999988,20.378,-1.117,0,0,none,-1,-1
R04-ZA,2026-09-01 09:36:00,-1.5845000000000002,0.022000000000002018,20.403,-1.091,0,0,none,-1,-1
R04-ZA,2026-09-01 09:38:00,-1.004999999999999,-1.4709999999999948,20.167,-1.887,0,0,none,-1,-1
R04-ZA,2026-09-01 09:40:00,-1.2000000000000064,0.0690000000000115,20.386,-0.957,0,0,none,-1,-1
R04-ZA,2026-09-01 09:42:00,-1.4530000000000047,-2.267999999999992,19.618,-2.458,0,0,none,-1,-1
R04-ZA,2026-09-01 09:44:00,-1.6220000000000017,-1.4399999999999906,20.102,-2.315,0,0,none,-1,-1
R04-ZA,2026-09-01 09:46:00,-1.853000000000005,-0.679499999999992,20.067,-1.781,0,0,none,-1,-1
R04-ZA,2026-09-01 09:48:00,-1.1430000000000042,-0.8619999999999983,20.347,-1.601,0,0,none,-1,-1
R04-ZA,2026-09-01 09:50:00,-0.7370000000000019,-1.5329999999999977,20.253,-1.592,0,0,none,-1,-1
R04-ZA,2026-09-01 09:52:00,-1.4810000000000016,-1.0639999999999965,20.029,-2.207,0,0,none,-1,-1
R04-ZA,2026-09-01 09:54:00,-1.4220000000000024,-0.6609999999999854,20.033,-1.79,0,0,none,-1,-1
R04-ZA,2026-09-01 09:56:00,-1.418999999999997,-0.8194999999999926,20.305,-1.163,0,0,none,-1,-1
R04-ZA,2026-09-01 09:58:00,-1.9730000000000008,-0.09299999999999109,20.029,-2.153,0,0,none,-1,-1
R05-AZ,2026-09-01 00:00:00,-0.02999999999999936,0.5700000000000003,19.585,2.298,0,0,none,-1,-1
R05-AZ,2026-09-01 00:02:00,-0.43699999999999584,1.4130000000000091,18.599,3.544,0,0,none,-1,-1
R05-AZ,2026-09-01 00:04:00,-0.10599999999999277,-0.2439999999999909,20.33,0.843,0,0,none,-1,-1
R05-AZ,2026-09-01 00:06:00,-0.6060000000000034,0.28300000000001013,19.909,2.069,0,0,none,-1,-1
R05-AZ,2026-09-01 00:08:00,0.36200000000000543,0.7080000000000037,20.058,1.651,0,0,none,-1,-1
R05-AZ,2026-09-01 00:10:00,0.8999999999999932,2.807000000000002,18.33,3.992,0,0,none,-1,-1
R05-AZ,2026-09-01 00:12:00,-0.138000000000007,-0.7439999999999944,20.315,0.182,0,0,none,-1,-1
R05-AZ,2026-09-01 00:14:00,0.1859999999999964,2.7970000000000077,18.805,3.643,0,0,none,-1,-1
R05-AZ,2026-09-01 00:16:00,-0.7129999999999956,1.3110000000000088,20.205,1.181,0,0,none,-1,-1
R05-AZ,2026-09-01 00:18:00,0.8065000000000033,1.0530000000000097,18.813,3.018,0,0,none,-1,-1
R05-AZ,2026-09-01 00:20:00,-0.5129999999999946,0.16600000000000392,19.941,1.669,0,0,amplifier_degradation,18,0
R05-AZ,2026-09-01 00:22:00,-0.1889999999999965,1.7275000000000045,19.099,1.835,0,0,amplifier_degradation,18,0
R05-AZ,2026-09-01 00:24:00,-0.7989999999999942,1.781000000000013,19.247,1.906,0,0,amplifier_degradation,18,0
R05-AZ,2026-09-01 00:26:00,-0.6510000000000034,-0.778999999999991,19.758,0.045,0,0,amplifier_degradation,18,0
R05-AZ,2026-09-01 00:28:00,-1.834000000000005,-0.32399999999999984,20.067,-0.271,0,0,amplifier_degradation,18,0
R05-AZ,2026-09-01 00:30:00,-1.8250000000000028,1.4130000000000038,19.225,1.764,0,0,amplifier_degradation,18,0
R05-AZ,2026-09-01 00:32:00,-2.4239999999999906,-0.03199999999999115,19.621,-0.233,0,0,amplifier_degradation,18,0
R05-AZ,2026-09-01 00:34:00,-2.640000000000004,1.0390000000000086,19.653,0.014,0,0,amplifier_degradation,18,0
R05-AZ,2026-09-01 00:36:00,-2.517999999999999,2.018000000000008,19.299,-0.078,0,0,amplifier_degradation,18,0
R05-AZ,2026-09-01 00:38:00,-4.402000000000003,0.9235000000000131,20.219,-2.584,0,0,amplifier_degradation,18,0
R05-AZ,2026-09-01 00:40:00,-4.0,-0.03199999999998937,19.497,-1.684,0,0,amplifier_degradation,18,0
R05-AZ,2026-09-01 00:42:00,-4.688999999999995,-0.17999999999999616,20.175,-2.85,0,0,amplifier_degradation,18,0
R05-AZ,2026-09-01 00:44:00,-5.318999999999999,0.7500000000000071,20.205,-3.604,0,0,amplifier_degradation,18,0
R05-AZ,2026-09-01 00:46:00,-5.273999999999994,1.5210000000000043,19.657,-2.344,0,0,amplifier_degradation,18,0
R05-AZ,2026-09-01 00:48:00,-4.4179999999999975,0.2940000000000076,19.392,-3.13,0,0,amplifier_degradation,18,0
R05-AZ,2026-09-01 00:50:00,-5.609000000000007,1.3980000000000103,19.246,-2.359,0,0,amplifier_degradation,18,0
R05-AZ,2026-09-01 00:52:00,-4.169999999999991,-0.7079999999999931,19.488,-2.822,0,0,amplifier_degradation,18,0
R05-AZ,2026-09-01 00:54:00,-4.447999999999997,0.4245000000000072,18.518,-1.396,0,0,amplifier_degradation,18,0
R05-AZ,2026-09-01 00:56:00,-5.021000000000003,0.40100000000000335,19.976,-3.812,0,0,amplifier_degradation,18,0
R05-AZ,2026-09-01 00:58:00,-5.363499999999998,1.8270000000000088,19.31,-2.281,0,0,amplifier_degradation,18,0
R05-AZ,2026-09-01 01:00:00,-5.7019999999999955,0.849000000000002,19.69,-3.633,0,0,amplifier_degradation,18,0
R05-AZ,2026-09-01 01:02:00,-5.945999999999995,1.8820000000000086,19.546,-2.751,0,0,amplifier_degradation,18,0
R05-AZ,2026-09-01 01:04:00,-5.048000000000002,1.261000000000001,19.081,-1.814,0,0,amplifier_degradation,18,0
R05-AZ,2026-09-01 01:06:00,-5.143999999999997,0.35600000000001053,19.41,-2.746,0,0,amplifier_degradation,18,0
R05-AZ,2026-09-01 01:08:00,-5.033499999999998,-1.429999999999989,20.215,-4.357,0,0,amplifier_degradation,18,0
R05-AZ,2026-09-01 01:10:00,-5.3089999999999975,1.5585000000000075,19.541,-2.694,0,0,amplifier_degradation,18,0
R05-AZ,2026-09-01 01:12:00,0.4460000000000033,0.5120000000000076,19.607,2.451,0,0,none,-1,-1
R05-AZ,2026-09-01 01:14:00,0.17999999999999616,-0.4104999999999972,19.838,1.465,0,0,none,-1,-1
R05-AZ,2026-09-01 01:16:00,-0.182500000000001,1.3460000000000072,18.976,2.774,0,0,none,-1,-1
R05-AZ,2026-09-01 01:18:00,-0.12099999999999511,0.9470000000000081,19.766,2.207,0,0,none,-1,-1
R05-AZ,2026-09-01 01:20:00,0.6969999999999938,1.8540000000000063,18.037,4.0,0,0,none,-1,-1
R05-AZ,2026-09-01 01:22:00,0.20199999999999818,0.6340000000000074,19.493,2.449,0,0,none,-1,-1
R05-AZ,2026-09-01 01:24:00,-0.2350000000000012,1.5205000000000055,19.371,2.913,0,0,none,-1,-1
R05-AZ,2026-09-01 01:26:00,0.3640000000000061,2.943000000000003,17.847,3.81,0,0,none,-1,-1
R05-AZ,2026-09-01 01:28:00,-0.1509999999999927,-0.1909999999999954,19.682,1.969,0,0,none,-1,-1
R05-AZ,2026-09-01 01:30:00,0.398000000000005,1.5100000000000051,19.343,3.069,0,0,none,-1,-1
R05-AZ,2026-09-01 01:32:00,0.977999999999998,0.33450000000000735,19.034,3.251,0,0,none,-1,-1
R05-AZ,2026-09-01 01:34:00,-0.3739999999999952,0.02600000000001046,19.259,1.947,0,0,none,-1,-1
R05-AZ,2026-09-01 01:36:00,0.07100000000000506,1.7600000000000033,18.986,3.644,0,0,none,-1,-1
R05-AZ,2026-09-01 01:38:00,0.20200000000000173,1.773000000000005,19.112,2.872,0,0,none,-1,-1
R05-AZ,2026-09-01 01:40:00,-0.5379999999999985,-0.13200000000000323,20.155,1.565,0,0,none,-1,-1
R05-AZ,2026-09-01 01:42:00,-0.04049999999999798,1.5320000000000071,19.767,2.577,0,0,none,-1,-1
R05-AZ,2026-09-01 01:44:00,0.19900000000000162,0.23400000000000531,19.67,2.398,0,0,none,-1,-1
R05-AZ,2026-09-01 01:46:00,0.27699999999999925,0.44900000000000695,18.885,2.964,0,0,none,-1,-1
R05-AZ,2026-09-01 01:48:00,0.3544999999999998,2.907000000000002,18.973,3.539,0,0,none,-1,-1
R05-AZ,2026-09-01 01:50:00,0.41999999999999815,2.2310000000000088,18.708,3.703,0,0,none,-1,-1
R05-AZ,2026-09-01 01:52:00,0.3780000000000001,1.4630000000000027,19.42,2.646,0,0,none,-1,-1
R05-AZ,2026-09-01 01:54:00,0.3360000000000021,0.6950000000000021,19.802,1.774,0,0,none,-1,-1
R05-AZ,2026-09-01 01:56:00,0.24300000000000566,1.6840000000000082,19.134,2.95,0,0,none,-1,-1
R05-AZ,2026-09-01 01:58:00,0.2170000000000023,0.7850000000000055,18.851,3.645,0,0,none,-1,-1
R05-AZ,2026-09-01 02:00:00,0.7209999999999983,0.38299999999999557,19.016,2.915,0,0,none,-1,-1
R05-AZ,2026-09-01 02:02:00,0.7110000000000021,0.6235000000000017,19.12,2.642,0,0,none,-1,-1
R05-AZ,2026-09-01 02:04:00,0.7710000000000061,0.5480000000000107,18.855,2.996,0,0,none,-1,-1
R05-AZ,2026-09-01 02:06:00,0.10700000000000287,1.8830000000000062,19.506,2.95,0,0,none,-1,-1
R05-AZ,2026-09-01 02:08:00,0.04600000000000115,1.1580000000000013,19.344,2.589,0,0,none,-1,-1
R05-AZ,2026-09-01 02:10:00,-0.5359999999999978,0.5360000000000067,20.055,1.359,0,0,none,-1,-1
R05-AZ,2026-09-01 02:12:00,0.6375000000000046,1.8420000000000094,18.02,4.0,0,0,none,-1,-1
R05-AZ,2026-09-01 02:14:00,0.46000000000000263,1.2870000000000061,19.111,3.222,0,0,none,-1,-1
R05-AZ,2026-09-01 02:16:00,0.15100000000001046,2.0820000000000043,18.866,3.963,0,0,none,-1,-1
R05-AZ,2026-09-01 02:18:00,0.8980000000000032,1.2320000000000046,19.329,3.385,0,0,none,-1,-1
R05-AZ,2026-09-01 02:20:00,-0.4069999999999965,2.0050000000000097,19.706,2.663,0,0,none,-1,-1
R05-AZ,2026-09-01 02:22:00,-0.2554999999999996,0.7333333333333343,19.702,2.323,0,0,none,-1,-1
R05-AZ,2026-09-01 02:24:00,0.7200000000000006,1.7236666666666718,18.772,3.312,0,0,none,-1,-1
R05-AZ,2026-09-01 02:26:00,-0.20150000000000112,2.2860000000000067,18.761,4.0,0,0,none,-1,-1
R05-AZ,2026-09-01 02:28:00,0.7330000000000023,0.9940000000000087,19.459,3.278,0,0,none,-1,-1
R05-AZ,2026-09-01 02:30:00,0.029999999999995808,0.6670000000000105,19.86,2.184,0,0,none,-1,-1
R05-AZ,2026-09-01 02:32:00,0.013000000000001677,2.072000000000015,19.543,3.133,0,0,none,-1,-1
R05-AZ,2026-09-01 02:34:00,0.019000000000000128,2.5390000000000086,18.964,3.57,0,0,none,-1,-1
R05-AZ,2026-09-01 02:36:00,0.8520000000000039,1.5160000000000036,18.459,4.0,0,0,none,-1,-1
R05-AZ,2026-09-01 02:38:00,0.6270000000000024,1.2900000000000045,19.078,3.703,0,0,none,-1,-1
R05-AZ,2026-09-01 02:40:00,1.2080000000000037,1.7775000000000052,18.377,4.0,0,0,none,-1,-1
R05-AZ,2026-09-01 02:42:00,0.015000000000000568,2.2190000000000083,18.375,3.835,0,0,none,-1,-1
R05-AZ,2026-09-01 02:44:00,0.3549999999999969,1.037000000000015,19.628,2.958,0,0,none,-1,-1
R05-AZ,2026-09-01 02:46:00,0.12200000000000166,1.8380000000000063,19.369,3.209,0,0,none,-1,-1
R05-AZ,2026-09-01 02:48:00,0.8010000000000037,1.2270000000000003,19.385,2.807,0,0,none,-1,-1
R05-AZ,2026-09-01 02:50:00,0.01700000000000479,2.022000000000004,19.418,3.154,0,0,none,-1,-1
R05-AZ,2026-09-01 02:52:00,0.2209999999999983,1.1240000000000077,19.179,3.289,0,0,none,-1,-1
R05-AZ,2026-09-01 02:54:00,0.5579999999999998,0.8759999999999994,19.861,2.549,0,0,none,-1,-1
R05-AZ,2026-09-01 02:56:00,0.4620000000000051,1.34100000000001,19.454,2.975,0,0,none,-1,-1
R05-AZ,2026-09-01 02:58:00,0.02250000000000618,1.4490000000000034,18.534,3.922,0,0,none,-1,-1
R05-AZ,2026-09-01 03:00:00,0.5090000000000128,1.1470000000000127,19.611,2.784,0,0,none,-1,-1
R05-AZ,2026-09-01 03:02:00,0.284000000000006,1.456000000000003,19.208,2.855,0,0,none,-1,-1
R05-AZ,2026-09-01 03:04:00,0.4870000000000001,0.8290000000000095,19.823,2.45,0,0,none,-1,-1
R05-AZ,2026-09-01 03:06:00,0.6480000000000086,1.323000000000004,19.416,2.949,0,0,none,-1,-1
R05-AZ,2026-09-01 03:08:00,-0.6655000000000015,1.8870000000000058,19.271,3.007,0,0,none,-1,-1
R05-AZ,2026-09-01 03:10:00,0.5739999999999981,2.0370000000000044,18.591,4.0,0,0,none,-1,-1
R05-AZ,2026-09-01 03:12:00,-0.42799999999999194,2.9935000000000116,19.388,3.484,0,0,none,-1,-1
R05-AZ,2026-09-01 03:14:00,0.6280000000000054,1.077000000000007,19.157,3.412,0,0,none,-1,-1
R05-AZ,2026-09-01 03:16:00,0.18900000000000006,0.4629999999999992,19.913,2.07,0,0,none,-1,-1
R05-AZ,2026-09-01 03:18:00,1.4020000000000046,1.403000000000004,18.745,4.0,0,0,none,-1,-1
R05-AZ,2026-09-01 03:20:00,1.0749999999999993,0.7490000000000059,19.357,3.164,0,0,none,-1,-1
R05-AZ,2026-09-01 03:22:00,-0.12549999999999706,2.4890000000000114,19.37,3.34,0,0,none,-1,-1
R05-AZ,2026-09-01 03:24:00,-0.0589999999999975,2.189000000000002,18.943,4.0,0,0,none,-1,-1
R05-AZ,2026-09-01 03:26:00,0.12799999999999656,1.1500000000000021,19.227,3.157,0,0,none,-1,-1
R05-AZ,2026-09-01 03:28:00,0.2770000000000028,1.5775000000000006,19.224,2.671,0,0,none,-1,-1
R05-AZ,2026-09-01 03:30:00,1.093,0.011000000000002785,18.993,3.012,0,0,none,-1,-1
R05-AZ,2026-09-01 03:32:00,0.6525000000000105,0.4190000000000058,19.068,3.071,0,0,none,-1,-1
R05-AZ,2026-09-01 03:34:00,0.3579999999999952,1.6555,18.894,3.143,0,0,none,-1,-1
R05-AZ,2026-09-01 03:36:00,0.7350000000000048,-15.060999999999998,15.456,-13.577,1,0,flapping,17,1
R05-AZ,2026-09-01 03:38:00,-0.45599999999998886,-17.680500000000002,14.83,-15.034,1,1,flapping,17,1
R05-AZ,2026-09-01 03:40:00,-0.8504999999999985,-16.92049999999999,14.288,-16.111,1,1,flapping,17,1
R05-AZ,2026-09-01 03:42:00,0.9559999999999977,1.907500000000006,18.743,4.0,0,0,flapping,17,1
R05-AZ,2026-09-01 03:44:00,0.17400000000000482,-16.408999999999995,14.846,-14.747,1,1,flapping,17,1
R05-AZ,2026-09-01 03:46:00,0.1720000000000006,-16.81399999999998,14.909,-14.748,1,1,flapping,17,1
R05-AZ,2026-09-01 03:48:00,0.08900000000000041,-15.4475,15.282,-14.124,1,1,flapping,17,1
R05-AZ,2026-09-01 03:50:00,1.100000000000005,0.047000000000011255,19.341,3.05,0,0,flapping,17,1
R05-AZ,2026-09-01 03:52:00,0.6140000000000008,-16.73599999999999,14.944,-14.651,1,1,flapping,17,1
R05-AZ,2026-09-01 03:54:00,0.3420000000000023,-16.429999999999993,15.263,-13.634,1,0,flapping,17,1
R05-AZ,2026-09-01 03:56:00,0.9310000000000045,-17.537499999999998,14.601,-15.385,1,1,flapping,17,1
R05-AZ,2026-09-01 03:58:00,-0.551999999999996,-15.692999999999987,14.903,-14.915,1,1,flapping,17,1
R05-AZ,2026-09-01 04:00:00,0.2799999999999976,1.2215000000000025,19.336,3.431,0,0,flapping,17,1
R05-AZ,2026-09-01 04:02:00,0.7409999999999979,0.8830000000000062,19.492,2.909,0,0,flapping,17,1
R05-AZ,2026-09-01 04:04:00,0.6319999999999997,2.4600000000000097,17.796,3.923,0,0,flapping,17,1
R05-AZ,2026-09-01 04:06:00,1.1770000000000032,-16.186999999999998,14.916,-14.61,1,1,flapping,17,1
R05-AZ,2026-09-01 04:08:00,0.5340000000000007,-16.512499999999996,14.953,-14.712,1,1,flapping,17,1
R05-AZ,2026-09-01 04:10:00,-0.40099999999999625,-15.327999999999996,15.231,-14.689,1,1,flapping,17,1
R05-AZ,2026-09-01 04:12:00,0.388000000000007,-15.844499999999993,14.947,-14.917,1,1,flapping,17,1
R05-AZ,2026-09-01 04:14:00,0.12300000000000288,-16.674999999999983,15.043,-14.876,1,1,flapping,17,1
R05-AZ,2026-09-01 04:16:00,1.0405000000000033,-17.677999999999997,14.668,-15.134,1,1,flapping,17,1
R05-AZ,2026-09-01 04:18:00,1.9430000000000032,-15.970499999999996,15.292,-13.616,1,0,flapping,17,1
R05-AZ,2026-09-01 04:20:00,-0.3760000000000012,-17.00099999999999,14.615,-15.654,1,1,flapping,17,1
R05-AZ,2026-09-01 04:22:00,-0.4524999999999988,-15.826999999999995,15.064,-15.037,1,1,flapping,17,1
R05-AZ,2026-09-01 04:24:00,0.009000000000003894,-16.395999999999994,14.985,-14.742,1,1,flapping,17,1
R05-AZ,2026-09-01 04:26:00,1.2639999999999993,1.0820000000000043,18.022,4.0,0,0,flapping,17,1
R05-AZ,2026-09-01 04:28:00,0.6334999999999962,-15.861999999999997,15.091,-13.829,1,0,flapping,17,1
R05-AZ,2026-09-01 04:30:00,0.872000000000007,-18.149,14.603,-15.494,1,1,flapping,17,1
R05-AZ,2026-09-01 04:32:00,-0.6689999999999987,1.925000000000006,19.476,2.606,0,0,flapping,17,1
R05-AZ,2026-09-01 04:34:00,0.23550000000000004,-17.29399999999999,14.812,-15.19,1,1,flapping,17,1
R05-AZ,2026-09-01 04:36:00,-0.062000000000001165,0.23400000000000354,19.795,1.91,0,0,flapping,17,1
R05-AZ,2026-09-01 04:38:00,0.5645000000000007,0.04900000000000482,20.042,2.55,0,0,none,-1,-1
R05-AZ,2026-09-01 04:40:00,0.15099999999999802,1.4790000000000063,19.291,2.943,0,0,none,-1,-1
R05-AZ,2026-09-01 04:42:00,-0.09100000000000286,0.6820000000000075,19.796,2.187,0,0,none,-1,-1
R05-AZ,2026-09-01 04:44:00,0.347999999999999,1.7650000000000077,19.073,3.553,0,0,none,-1,-1
R05-AZ,2026-09-01 04:46:00,-0.2879999999999914,0.9000000000000021,20.171,1.101,0,0,none,-1,-1
R05-AZ,2026-09-01 04:48:00,0.9890000000000025,1.720000000000006,19.11,3.058,0,0,none,-1,-1
R05-AZ,2026-09-01 04:50:00,0.7309999999999963,1.0480000000000071,19.261,3.491,0,0,none,-1,-1
R05-AZ,2026-09-01 04:52:00,0.8085000000000075,0.5990000000000073,19.333,2.866,0,0,none,-1,-1
R05-AZ,2026-09-01 04:54:00,0.7230000000000008,1.8640000000000114,18.722,3.358,0,0,none,-1,-1
R05-AZ,2026-09-01 04:56:00,0.384999999999998,1.8730000000000064,18.736,3.388,0,0,none,-1,-1
R05-AZ,2026-09-01 04:58:00,0.5680000000000085,1.303000000000008,19.195,2.721,0,0,none,-1,-1
R05-AZ,2026-09-01 05:00:00,0.21750000000000114,1.4185000000000016,19.748,2.634,0,0,none,-1,-1
R05-AZ,2026-09-01 05:02:00,-0.2349999999999941,1.951000000000004,19.235,2.509,0,0,none,-1,-1
R05-AZ,2026-09-01 05:04:00,-0.07699999999999108,1.4990000000000112,19.702,2.36,0,0,none,-1,-1
R05-AZ,2026-09-01 05:06:00,0.6675000000000058,-0.05900000000000105,19.076,2.597,0,0,none,-1,-1
R05-AZ,2026-09-01 05:08:00,0.27900000000000347,-0.8904999999999976,20.178,1.672,0,0,none,-1,-1
R05-AZ,2026-09-01 05:10:00,0.5649999999999924,-0.5199999999999942,20.083,1.388,0,0,none,-1,-1
R05-AZ,2026-09-01 05:12:00,0.32599999999999874,1.176000000000009,19.414,3.133,0,0,none,-1,-1
R05-AZ,2026-09-01 05:14:00,0.2905000000000051,-0.33799999999999564,20.201,1.453,0,0,none,-1,-1
R05-AZ,2026-09-01 05:16:00,0.7859999999999996,1.0310000000000095,19.325,3.176,0,0,none,-1,-1
R05-AZ,2026-09-01 05:18:00,-0.4399999999999924,0.08700000000000685,20.208,0.439,0,0,none,-1,-1
R05-AZ,2026-09-01 05:20:00,-0.479000000000001,-1.1489999999999867,20.206,0.979,0,0,none,-1,-1
R05-AZ,2026-09-01 05:22:00,0.37700000000000067,0.09800000000000786,19.758,2.268,0,0,none,-1,-1
R05-AZ,2026-09-01 05:24:00,0.8919999999999977,0.5010000000000083,19.365,2.521,0,0,none,-1,-1
R05-AZ,2026-09-01 05:26:00,0.5810000000000066,0.38400000000000745,19.493,2.801,0,0,none,-1,-1
R05-AZ,2026-09-01 05:28:00,1.0939999999999994,-0.013999999999992241,19.89,2.183,0,0,none,-1,-1
R05-AZ,2026-09-01 05:30:00,1.1239999999999988,-0.16499999999999204,19.365,2.795,0,0,none,-1,-1
R05-AZ,2026-09-01 05:32:00,0.7895000000000056,0.30000000000001137,19.279,2.225,0,0,none,-1,-1
R05-AZ,2026-09-01 05:34:00,0.6690000000000023,-0.41699999999998916,19.973,1.493,0,0,none,-1,-1
R05-AZ,2026-09-01 05:36:00,-0.14799999999999613,0.48099999999999987,20.124,1.845,0,0,none,-1,-1
R05-AZ,2026-09-01 05:38:00,-0.033999999999991815,-1.6439999999999912,20.233,0.544,0,0,none,-1,-1
R05-AZ,2026-09-01 05:40:00,0.03899999999999437,-1.4429999999999872,19.925,1.261,0,0,none,-1,-1
R05-AZ,2026-09-01 05:42:00,0.5700000000000074,0.13600000000000811,19.793,2.059,0,0,none,-1,-1
R05-AZ,2026-09-01 05:44:00,-0.19699999999999207,1.1340000000000003,19.403,2.523,0,0,none,-1,-1
R05-AZ,2026-09-01 05:46:00,0.7680000000000007,-0.5179999999999936,19.289,2.023,0,0,none,-1,-1
R05-AZ,2026-09-01 05:48:00,0.5760000000000023,0.121000000000004,19.739,1.875,0,0,none,-1,-1
R05-AZ,2026-09-01 05:50:00,0.548,0.3090000000000117,19.383,2.931,0,0,none,-1,-1
R05-AZ,2026-09-01 05:52:00,0.10800000000000054,0.8790000000000084,20.039,1.892,0,0,none,-1,-1
R05-AZ,2026-09-01 05:54:00,0.7700000000000031,0.645999999999999,19.565,2.253,0,0,none,-1,-1
R05-AZ,2026-09-01 05:56:00,0.33199999999999896,0.1280000000000001,19.68,1.912,0,0,none,-1,-1
R05-AZ,2026-09-01 05:58:00,-0.482999999999997,0.2675000000000054,19.862,1.882,0,0,none,-1,-1
R05-AZ,2026-09-01 06:00:00,0.5409999999999986,-0.3579999999999952,20.179,1.122,0,0,none,-1,-1
R05-AZ,2026-09-01 06:02:00,0.25900000000000745,-0.10099999999999731,19.678,2.229,0,0,none,-1,-1
R05-AZ,2026-09-01 06:04:00,1.5349999999999984,0.12600000000000833,19.16,2.812,0,0,fiber_degradation,12,2
R05-AZ,2026-09-01 06:06:00,0.44700000000000095,-1.1429999999999954,19.831,1.369,0,0,fiber_degradation,12,2
R05-AZ,2026-09-01 06:08:00,1.8010000000000055,-0.8949999999999871,19.95,1.704,0,0,fiber_degradation,12,2
R05-AZ,2026-09-01 06:10:00,0.5930000000000071,-1.688999999999984,20.01,0.132,0,0,fiber_degradation,12,2
R05-AZ,2026-09-01 06:12:00,0.32500000000000107,-2.9489999999999963,20.15,-1.168,0,0,fiber_degradation,12,2
R05-AZ,2026-09-01 06:14:00,1.3200000000000056,-4.009999999999993,20.023,-0.734,0,0,fiber_degradation,12,2
R05-AZ,2026-09-01 06:16:00,1.423999999999996,-2.6519999999999904,19.982,-0.289,0,0,fiber_degradation,12,2
R05-AZ,2026-09-01 06:18:00,0.9539999999999988,-3.0529999999999955,19.895,-0.789,0,0,fiber_degradation,12,2
R05-AZ,2026-09-01 06:20:00,1.4460000000000015,-5.037999999999997,19.741,-2.299,0,0,fiber_degradation,12,2
R05-AZ,2026-09-01 06:22:00,2.014999999999999,-3.454999999999993,19.63,-1.669,0,0,fiber_degradation,12,2
R05-AZ,2026-09-01 06:24:00,1.463000000000001,-6.074,19.467,-2.781,0,0,fiber_degradation,12,2
R05-AZ,2026-09-01 06:26:00,0.9340000000000117,-8.196999999999987,18.376,-5.73,0,0,fiber_degradation,12,2
R05-AZ,2026-09-01 06:28:00,1.2770000000000081,-5.968,19.021,-3.96,0,0,fiber_degradation,12,2
R05-AZ,2026-09-01 06:30:00,1.8499999999999925,-6.7079999999999895,19.004,-3.424,0,0,fiber_degradation,12,2
R05-AZ,2026-09-01 06:32:00,1.5359999999999996,-8.839999999999998,18.09,-5.84,0,0,fiber_degradation,12,2
R05-AZ,2026-09-01 06:34:00,1.3130000000000042,-8.440999999999988,18.007,-6.025,1,0,fiber_degradation,12,2
R05-AZ,2026-09-01 06:36:00,0.5680000000000067,-8.742999999999999,17.77,-6.488,1,0,fiber_degradation,12,2
R05-AZ,2026-09-01 06:38:00,1.519000000000002,-10.141999999999992,17.103,-7.206,1,0,fiber_degradation,12,2
R05-AZ,2026-09-01 06:40:00,1.3860000000000063,-9.298499999999992,17.79,-5.184,0,0,fiber_degradation,12,2
R05-AZ,2026-09-01 06:42:00,1.1490000000000045,-11.58099999999999,16.682,-8.495,1,0,fiber_degradation,12,2
R05-AZ,2026-09-01 06:44:00,1.1175000000000068,-9.128999999999998,17.576,-6.585,1,0,fiber_degradation,12,2
R05-AZ,2026-09-01 06:46:00,1.1349999999999945,-10.56099999999999,16.887,-7.823,1,0,fiber_degradation,12,2
R05-AZ,2026-09-01 06:48:00,0.17600000000000549,-9.764999999999992,17.245,-7.525,1,0,fiber_degradation,12,2
R05-AZ,2026-09-01 06:50:00,1.156000000000006,-7.731999999999992,17.453,-6.266,1,0,fiber_degradation,12,2
R05-AZ,2026-09-01 06:52:00,1.0329999999999995,-10.39799999999999,16.666,-8.034,1,0,fiber_degradation,12,2
R05-AZ,2026-09-01 06:54:00,1.1099999999999977,-9.36899999999999,17.242,-6.891,1,0,fiber_degradation,12,2
R05-AZ,2026-09-01 06:56:00,0.9609999999999985,-8.384999999999991,17.656,-6.113,1,0,fiber_degradation,12,2
R05-AZ,2026-09-01 06:58:00,1.8064999999999962,-8.770999999999999,17.235,-6.698,1,0,fiber_degradation,12,2
R05-AZ,2026-09-01 07:00:00,1.0705000000000062,-11.635999999999987,17.156,-7.641,1,0,fiber_degradation,12,2
R05-AZ,2026-09-01 07:02:00,1.3850000000000033,-10.742999999999995,16.988,-7.782,1,0,fiber_degradation,12,2
R05-AZ,2026-09-01 07:04:00,0.8510000000000009,-9.621499999999994,17.03,-7.321,1,0,fiber_degradation,12,2
R05-AZ,2026-09-01 07:06:00,1.0209999999999972,-9.824999999999989,17.432,-6.649,1,0,fiber_degradation,12,2
R05-AZ,2026-09-01 07:08:00,0.5460000000000012,-10.493499999999989,17.11,-7.269,1,0,fiber_degradation,12,2
R05-AZ,2026-09-01 07:10:00,-0.2519999999999989,0.18800000000000594,20.09,0.966,0,0,none,-1,-1
R05-AZ,2026-09-01 07:12:00,0.695999999999998,-0.21699999999998454,20.073,1.496,0,0,none,-1,-1
R05-AZ,2026-09-01 07:14:00,0.7090000000000014,0.5330000000000066,19.826,1.319,0,0,none,-1,-1
R05-AZ,2026-09-01 07:16:00,0.10899999999999643,0.6650000000000063,19.387,2.114,0,0,none,-1,-1
R05-AZ,2026-09-01 07:18:00,-0.6129999999999942,1.3030000000000044,19.906,1.786,0,0,none,-1,-1
R05-AZ,2026-09-01 07:20:00,0.5085000000000015,0.3750000000000071,19.803,1.735,0,0,none,-1,-1
R05-AZ,2026-09-01 07:22:00,0.30599999999999916,-2.0909999999999975,20.071,0.619,0,0,none,-1,-1
R05-AZ,2026-09-01 07:24:00,-0.2890000000000015,1.1520000000000081,19.745,1.958,0,0,none,-1,-1
R05-AZ,2026-09-01 07:26:00,0.18050000000000566,-1.326499999999994,20.108,0.682,0,0,none,-1,-1
R05-AZ,2026-09-01 07:28:00,-0.3470000000000031,-0.18399999999999217,20.318,0.489,0,0,none,-1,-1
R05-AZ,2026-09-01 07:30:00,0.10900000000000354,-0.06999999999998607,20.093,0.98,0,0,none,-1,-1
R05-AZ,2026-09-01 07:32:00,-0.40599999999999703,0.9930000000000163,19.164,2.131,0,0,none,-1,-1
R05-AZ,2026-09-01 07:34:00,-0.03999999999999915,0.5900000000000087,19.513,1.755,0,0,none,-1,-1
R05-AZ,2026-09-01 07:36:00,0.47099999999999653,-0.6624999999999908,19.822,1.752,0,0,none,-1,-1
R05-AZ,2026-09-01 07:38:00,-0.8879999999999946,-0.5099999999999838,19.941,0.863,0,0,none,-1,-1
R05-AZ,2026-09-01 07:40:00,0.5755000000000035,-0.9659999999999922,20.175,0.774,0,0,none,-1,-1
R05-AZ,2026-09-01 07:42:00,-0.22999999999999332,-3.3009999999999895,20.332,-0.915,0,0,none,-1,-1
R05-AZ,2026-09-01 07:44:00,0.5860000000000021,-1.2559999999999931,20.101,0.908,0,0,none,-1,-1
R05-AZ,2026-09-01 07:46:00,0.17700000000000315,-0.21500000000000163,20.005,1.041,0,0,none,-1,-1
R05-AZ,2026-09-01 07:48:00,0.9395000000000042,-0.2669999999999977,19.756,1.873,0,0,none,-1,-1
R05-AZ,2026-09-01 07:50:00,0.22300000000000253,-0.001499999999991175,19.852,1.309,0,0,none,-1,-1
R05-AZ,2026-09-01 07:52:00,0.19600000000000684,-0.037999999999991374,19.878,1.382,0,0,none,-1,-1
R05-AZ,2026-09-01 07:54:00,-0.5549999999999944,-0.6089999999999911,20.176,1.0,0,0,none,-1,-1
R05-AZ,2026-09-01 07:56:00,0.21800000000000352,1.1875000000000124,19.839,2.299,0,0,none,-1,-1
R05-AZ,2026-09-01 07:58:00,0.5810000000000048,-0.809999999999997,20.23,0.976,0,0,none,-1,-1
R05-AZ,2026-09-01 08:00:00,-0.026999999999999247,0.41500000000000625,19.915,2.029,0,0,none,-1,-1
R05-AZ,2026-09-01 08:02:00,0.5559999999999992,-0.23999999999999133,20.21,1.394,0,0,none,-1,-1
R05-AZ,2026-09-01 08:04:00,0.6090000000000018,-0.6810000000000009,20.02,0.833,0,0,none,-1,-1
R05-AZ,2026-09-01 08:06:00,-0.40000000000000036,0.0694999999999979,19.832,1.029,0,0,none,-1,-1
R05-AZ,2026-09-01 08:08:00,0.6930000000000032,-0.3209999999999962,19.933,1.814,0,0,none,-1,-1
R05-AZ,2026-09-01 08:10:00,0.6509999999999998,-0.13900000000000112,19.386,2.594,0,0,none,-1,-1
R05-AZ,2026-09-01 08:12:00,0.23950000000000138,0.2280000000000051,19.538,2.383,0,0,none,-1,-1
R05-AZ,2026-09-01 08:14:00,0.2519999999999971,-1.2709999999999937,20.107,0.909,0,0,none,-1,-1
R05-AZ,2026-09-01 08:16:00,-0.15800000000000125,1.1670000000000034,19.784,2.278,0,0,none,-1,-1
R05-AZ,2026-09-01 08:18:00,-0.6720000000000024,1.2680000000000096,19.516,2.024,0,0,none,-1,-1
R05-AZ,2026-09-01 08:20:00,-0.2939999999999987,-0.3479999999999901,19.996,1.181,0,0,none,-1,-1
R05-AZ,2026-09-01 08:22:00,-0.27699999999999747,-1.398999999999992,20.17,0.764,0,0,none,-1,-1
R05-AZ,2026-09-01 08:24:00,-0.8519999999999968,-1.3349999999999973,20.244,-0.35,0,0,none,-1,-1
R05-AZ,2026-09-01 08:26:00,0.05200000000000138,-0.9439999999999973,19.893,0.914,0,0,none,-1,-1
R05-AZ,2026-09-01 08:28:00,0.7340000000000089,-0.7729999999999944,19.667,2.433,0,0,none,-1,-1
R05-AZ,2026-09-01 08:30:00,0.24499999999999922,0.665000000000008,18.793,2.662,0,0,none,-1,-1
R05-AZ,2026-09-01 08:32:00,0.530999999999997,-2.16899999999999,20.298,0.013,0,0,none,-1,-1
R05-AZ,2026-09-01 08:34:00,0.08000000000000007,-0.8389999999999915,20.077,1.016,0,0,none,-1,-1
R05-AZ,2026-09-01 08:36:00,-0.045000000000001705,-1.2489999999999952,20.225,0.851,0,0,none,-1,-1
R05-AZ,2026-09-01 08:38:00,-0.29399999999999693,-0.15699999999999648,20.131,1.324,0,0,none,-1,-1
R05-AZ,2026-09-01 08:40:00,0.6315000000000008,-0.47600000000000087,19.422,2.117,0,0,none,-1,-1
R05-AZ,2026-09-01 08:42:00,-0.2259999999999991,-0.5819999999999883,20.315,0.244,0,0,none,-1,-1
R05-AZ,2026-09-01 08:44:00,-0.3299999999999965,0.28000000000000647,19.839,1.306,0,0,none,-1,-1
R05-AZ,2026-09-01 08:46:00,0.42700000000000493,-0.9204999999999899,20.257,0.86,0,0,none,-1,-1
R05-AZ,2026-09-01 08:48:00,0.6270000000000095,0.5580000000000052,19.33,2.692,0,0,none,-1,-1
R05-AZ,2026-09-01 08:50:00,0.48699999999999655,0.034000000000016684,19.485,3.121,0,0,none,-1,-1
R05-AZ,2026-09-01 08:52:00,-0.5060000000000002,-0.6769999999999907,20.392,0.652,0,0,none,-1,-1
R05-AZ,2026-09-01 08:54:00,0.5129999999999999,-0.8299999999999965,20.278,0.586,0,0,none,-1,-1
R05-AZ,2026-09-01 08:56:00,1.090000000000007,0.10700000000000642,19.414,2.245,0,0,fiber_degradation,19,3
R05-AZ,2026-09-01 08:58:00,0.4620000000000033,-0.035999999999990706,19.821,2.165,0,0,fiber_degradation,19,3
R05-AZ,2026-09-01 09:00:00,1.950999999999997,-0.8104999999999905,19.841,1.584,0,0,fiber_degradation,19,3
R05-AZ,2026-09-01 09:02:00,1.3350000000000062,-1.4024999999999928,19.713,1.936,0,0,fiber_degradation,19,3
R05-AZ,2026-09-01 09:04:00,1.2520000000000078,-3.4249999999999954,20.136,-0.132,0,0,fiber_degradation,19,3
R05-AZ,2026-09-01 09:06:00,1.8689999999999998,-1.9789999999999885,20.073,0.575,0,0,fiber_degradation,19,3
R05-AZ,2026-09-01 09:08:00,2.2249999999999943,-2.8299999999999947,19.97,0.915,0,0,fiber_degradation,19,3
R05-AZ,2026-09-01 09:10:00,2.492499999999998,-2.163999999999996,19.838,0.023,0,0,fiber_degradation,19,3
R05-AZ,2026-09-01 09:12:00,1.9320000000000022,-2.7949999999999857,19.47,0.835,0,0,fiber_degradation,19,3
R05-AZ,2026-09-01 09:14:00,3.097499999999995,-3.926999999999989,19.852,-0.023,0,0,fiber_degradation,19,3
R05-AZ,2026-09-01 09:16:00,1.2390000000000043,-2.32899999999999,19.782,-0.703,0,0,fiber_degradation,19,3
R05-AZ,2026-09-01 09:18:00,2.045,-4.663999999999991,19.721,-1.052,0,0,fiber_degradation,19,3
R05-AZ,2026-09-01 09:20:00,1.7310000000000016,-3.5909999999999958,18.394,-0.13,0,0,fiber_degradation,19,3
R05-AZ,2026-09-01 09:22:00,1.1960000000000015,-5.327999999999989,19.908,-2.403,0,0,fiber_degradation,19,3
R05-AZ,2026-09-01 09:24:00,1.8270000000000017,-5.95399999999999,19.602,-2.192,0,0,fiber_degradation,19,3
R05-AZ,2026-09-01 09:26:00,1.6200000000000028,-5.777999999999999,19.799,-2.793,0,0,fiber_degradation,19,3
R05-AZ,2026-09-01 09:28:00,1.5860000000000039,-5.810999999999995,20.073,-3.646,0,0,fiber_degradation,19,3
R05-AZ,2026-09-01 09:30:00,1.7599999999999962,-6.9269999999999925,19.596,-3.296,0,0,fiber_degradation,19,3
R05-AZ,2026-09-01 09:32:00,1.6570000000000036,-6.71399999999999,18.672,-2.587,0,0,fiber_degradation,19,3
R05-AZ,2026-09-01 09:34:00,1.9600000000000026,-7.933999999999985,19.755,-4.138,0,0,fiber_degradation,19,3
R05-AZ,2026-09-01 09:36:00,2.904500000000006,-7.523999999999992,19.69,-3.137,0,0,fiber_degradation,19,3
R05-AZ,2026-09-01 09:38:00,2.962500000000004,-7.470999999999988,19.732,-3.602,0,0,fiber_degradation,19,3
R05-AZ,2026-09-01 09:40:00,2.567,-7.270499999999991,19.643,-3.597,0,0,fiber_degradation,19,3
R05-AZ,2026-09-01 09:42:00,1.9009999999999998,-7.493999999999994,19.641,-3.703,0,0,fiber_degradation,19,3
R05-AZ,2026-09-01 09:44:00,1.983500000000003,-6.562999999999985,18.714,-2.085,0,0,fiber_degradation,19,3
R05-AZ,2026-09-01 09:46:00,2.8670000000000044,-7.0199999999999925,18.836,-2.611,0,0,fiber_degradation,19,3
R05-AZ,2026-09-01 09:48:00,2.2729999999999997,-5.263499999999997,18.534,-2.319,0,0,fiber_degradation,19,3
R05-AZ,2026-09-01 09:50:00,1.7790000000000017,-7.485999999999988,20.056,-4.647,0,0,fiber_degradation,19,3
R05-AZ,2026-09-01 09:52:00,1.1690000000000058,-6.691999999999988,19.875,-3.842,0,0,fiber_degradation,19,3
R05-AZ,2026-09-01 09:54:00,2.575000000000008,-6.904999999999996,18.52,-2.751,0,0,fiber_degradation,19,3
R05-AZ,2026-09-01 09:56:00,2.732999999999997,-7.93499999999999,19.165,-3.125,0,0,fiber_degradation,19,3
R05-AZ,2026-09-01 09:58:00,2.9570000000000025,-6.268999999999998,19.211,-2.09,0,0,fiber_degradation,19,3
R05-ZA,2026-09-01 00:00:00,-1.4429999999999943,0.6600000000000037,20.252,-1.128,0,0,none,-1,-1
R05-ZA,2026-09-01 00:02:00,-1.782999999999987,1.1890000000000018,20.255,-1.229,0,0,none,-1,-1
R05-ZA,2026-09-01 00:04:00,-1.138999999999994,0.707499999999996,20.271,-0.665,0,0,none,-1,-1
R05-ZA,2026-09-01 00:06:00,-0.38199999999999257,1.4089999999999918,20.293,-0.448,0,0,none,-1,-1
R05-ZA,2026-09-01 00:08:00,-1.2339999999999964,2.1765000000000008,20.126,0.156,0,0,none,-1,-1
R05-ZA,2026-09-01 00:10:00,-1.2119999999999962,-0.1799999999999926,20.181,-1.575,0,0,none,-1,-1
R05-ZA,2026-09-01 00:12:00,-1.6059999999999928,1.1680000000000028,20.337,-0.473,0,0,none,-1,-1
R05-ZA,2026-09-01 00:14:00,-1.911999999999992,0.07399999999999807,20.237,-1.642,0,0,none,-1,-1
R05-ZA,2026-09-01 00:16:00,-0.6079999999999988,1.768999999999993,20.023,0.233,0,0,none,-1,-1
R05-ZA,2026-09-01 00:18:00,-0.8329999999999878,1.4499999999999957,20.151,0.369,0,0,none,-1,-1
R05-ZA,2026-09-01 00:20:00,-0.3240000000000034,1.1315000000000062,19.925,0.328,0,0,none,-1,-1
R05-ZA,2026-09-01 00:22:00,-1.3669999999999956,1.457000000000006,20.259,-0.628,0,0,none,-1,-1
R05-ZA,2026-09-01 00:24:00,-0.6060000000000016,-38.785,-15.481,-39.663,1,1,fiber_cut,6,0
R05-ZA,2026-09-01 00:26:00,-2.110000000000003,-36.926,-16.284,-40.845,1,1,fiber_cut,6,0
R05-ZA,2026-09-01 00:28:00,-0.5839999999999996,-38.766999999999996,-16.303,-40.407,1,1,fiber_cut,6,0
R05-ZA,2026-09-01 00:30:00,-1.565999999999983,-37.952,-16.005,-40.336,1,1,fiber_cut,6,0
R05-ZA,2026-09-01 00:32:00,-1.5230000000000015,-37.531,-15.066,-39.534,1,1,fiber_cut,6,0
R05-ZA,2026-09-01 00:34:00,-0.8109999999999946,-37.733,-16.16,-40.374,1,1,fiber_cut,6,0
R05-ZA,2026-09-01 00:36:00,-1.2929999999999975,-39.778000000000006,-16.603,-41.824,1,1,fiber_cut,6,0
R05-ZA,2026-09-01 00:38:00,-2.3229999999999897,-38.986000000000004,-16.025,-40.805,1,1,fiber_cut,6,0
R05-ZA,2026-09-01 00:40:00,-1.1089999999999982,-39.11,-16.153,-40.263,1,1,fiber_cut,6,0
R05-ZA,2026-09-01 00:42:00,-0.955999999999996,-36.821000000000005,-14.645,-39.078,1,1,fiber_cut,6,0
R05-ZA,2026-09-01 00:44:00,-1.2379999999999978,-38.8195,-16.154,-40.609,1,1,fiber_cut,6,0
R05-ZA,2026-09-01 00:46:00,-0.6809999999999956,-37.748000000000005,-15.282,-39.336,1,1,fiber_cut,6,0
R05-ZA,2026-09-01 00:48:00,-1.523999999999992,-38.59750000000001,-16.23,-40.418,1,1,fiber_cut,6,0
R05-ZA,2026-09-01 00:50:00,-1.3549999999999969,-38.724,-15.366,-40.01,1,1,fiber_cut,6,0
R05-ZA,2026-09-01 00:52:00,-1.406499999999994,-39.3705,-16.506,-40.984,1,1,fiber_cut,6,0
R05-ZA,2026-09-01 00:54:00,-1.558999999999994,-38.544,-15.625,-40.627,1,1,fiber_cut,6,0
R05-ZA,2026-09-01 00:56:00,-2.0,-40.301500000000004,-16.625,-41.529,1,1,fiber_cut,6,0
R05-ZA,2026-09-01 00:58:00,-0.8030000000000062,-38.88,-15.871,-39.961,1,1,fiber_cut,6,0
R05-ZA,2026-09-01 01:00:00,-0.6589999999999989,1.9259999999999984,20.012,0.137,0,0,none,-1,-1
R05-ZA,2026-09-01 01:02:00,-1.875666666666655,2.124000000000004,20.241,-0.581,0,0,none,-1,-1
R05-ZA,2026-09-01 01:04:00,-1.4313333333333311,1.6349999999999998,19.97,-0.16,0,0,none,-1,-1
R05-ZA,2026-09-01 01:06:00,-0.08899999999999864,0.3990000000000027,19.749,1.227,0,0,none,-1,-1
R05-ZA,2026-09-01 01:08:00,-1.1724999999999959,1.8919999999999941,20.142,-0.189,0,0,none,-1,-1
R05-ZA,2026-09-01 01:10:00,-1.3719999999999946,4.5959999999999965,19.654,1.883,0,0,none,-1,-1
R05-ZA,2026-09-01 01:12:00,-0.6449999999999925,2.3635,20.166,0.156,0,0,none,-1,-1
R05-ZA,2026-09-01 01:14:00,-1.1269999999999953,2.930999999999999,20.167,0.382,0,0,none,-1,-1
R05-ZA,2026-09-01 01:16:00,-1.1530000000000005,0.3350000000000044,20.061,-0.132,0,0,none,-1,-1
R05-ZA,2026-09-01 01:18:00,-1.5530000000000008,0.940000000000003,20.242,-0.91,0,0,none,-1,-1
R05-ZA,2026-09-01 01:20:00,-2.1094999999999917,1.5790000000000006,20.264,-0.831,0,0,amplifier_degradation,10,1
R05-ZA,2026-09-01 01:22:00,-3.0219999999999985,2.835999999999995,20.182,-1.332,0,0,amplifier_degradation,10,1
R05-ZA,2026-09-01 01:24:00,-2.8549999999999915,1.300500000000003,20.075,-2.444,0,0,amplifier_degradation,10,1
R05-ZA,2026-09-01 01:26:00,-2.930999999999992,1.040499999999998,20.131,-2.08,0,0,amplifier_degradation,10,1
R05-ZA,2026-09-01 01:28:00,-3.9709999999999965,1.5199999999999978,20.109,-2.038,0,0,amplifier_degradation,10,1
R05-ZA,2026-09-01 01:30:00,-3.1859999999999946,3.448999999999998,19.991,-1.862,0,0,amplifier_degradation,10,1
R05-ZA,2026-09-01 01:32:00,-3.566999999999995,1.6459999999999972,19.938,-2.214,0,0,amplifier_degradation,10,1
R05-ZA,2026-09-01 01:34:00,-3.4669999999999934,1.6420000000000048,19.852,-2.691,0,0,amplifier_degradation,10,1
R05-ZA,2026-09-01 01:36:00,-3.8204999999999867,0.5200000000000014,19.705,-3.065,0,0,amplifier_degradation,10,1
R05-ZA,2026-09-01 01:38:00,-5.089999999999993,2.3210000000000033,19.714,-3.075,0,0,amplifier_degradation,10,1
R05-ZA,2026-09-01 01:40:00,-4.348000000000001,0.9730000000000025,19.079,-4.218,0,0,amplifier_degradation,10,1
R05-ZA,2026-09-01 01:42:00,-5.347999999999992,3.4200000000000053,19.302,-3.874,0,0,amplifier_degradation,10,1
R05-ZA,2026-09-01 01:44:00,-6.017499999999989,1.5469999999999988,18.895,-4.822,0,0,amplifier_degradation,10,1
R05-ZA,2026-09-01 01:46:00,-6.0764999999999905,1.123000000000001,18.507,-5.039,0,0,amplifier_degradation,10,1
R05-ZA,2026-09-01 01:48:00,-6.676499999999995,1.182999999999998,18.374,-5.714,0,0,amplifier_degradation,10,1
R05-ZA,2026-09-01 01:50:00,-7.079999999999988,2.5699999999999985,18.375,-6.016,1,0,amplifier_degradation,10,1
R05-ZA,2026-09-01 01:52:00,-6.606999999999996,0.12100000000000044,17.982,-6.243,1,0,amplifier_degradation,10,1
R05-ZA,2026-09-01 01:54:00,-7.699000000000002,3.0884999999999962,18.542,-5.185,0,0,amplifier_degradation,10,1
R05-ZA,2026-09-01 01:56:00,-7.6239999999999934,2.6629999999999914,18.323,-5.753,0,0,amplifier_degradation,10,1
R05-ZA,2026-09-01 01:58:00,-8.396999999999993,3.043999999999997,17.627,-6.43,1,0,amplifier_degradation,10,1
R05-ZA,2026-09-01 02:00:00,-8.611999999999998,0.9849999999999994,16.648,-7.954,1,0,amplifier_degradation,10,1
R05-ZA,2026-09-01 02:02:00,-9.024999999999991,1.6769999999999943,16.585,-8.077,1,0,amplifier_degradation,10,1
R05-ZA,2026-09-01 02:04:00,-9.209999999999994,2.4789999999999974,16.859,-7.618,1,0,amplifier_degradation,10,1
R05-ZA,2026-09-01 02:06:00,-9.713499999999996,2.762999999999998,16.983,-7.99,1,0,amplifier_degradation,10,1
R05-ZA,2026-09-01 02:08:00,-9.444999999999983,0.9919999999999938,16.045,-8.852,1,0,amplifier_degradation,10,1
R05-ZA,2026-09-01 02:10:00,-11.12999999999999,2.668000000000003,16.341,-8.575,1,0,amplifier_degradation,10,1
R05-ZA,2026-09-01 02:12:00,-9.932000000000004,2.8400000000000016,16.361,-8.127,1,0,amplifier_degradation,10,1
R05-ZA,2026-09-01 02:14:00,-11.103999999999997,1.7240000000000002,14.999,-10.139,1,0,amplifier_degradation,10,1
R05-ZA,2026-09-01 02:16:00,-11.907999999999992,0.48100000000000165,13.508,-11.891,1,0,amplifier_degradation,10,1
R05-ZA,2026-09-01 02:18:00,-13.273999999999994,3.076999999999993,14.475,-10.763,1,0,amplifier_degradation,10,1
R05-ZA,2026-09-01 02:20:00,-12.762999999999993,2.1850000000000023,13.933,-11.78,1,0,amplifier_degradation,10,1
R05-ZA,2026-09-01 02:22:00,-12.637999999999996,0.7750000000000039,13.447,-12.377,1,0,amplifier_degradation,10,1
R05-ZA,2026-09-01 02:24:00,-13.928999999999998,4.549000000000005,14.594,-10.611,1,0,amplifier_degradation,10,1
R05-ZA,2026-09-01 02:26:00,-12.784999999999991,1.287999999999995,13.057,-12.313,1,0,amplifier_degradation,10,1
R05-ZA,2026-09-01 02:28:00,-12.670999999999996,1.4400000000000048,13.632,-11.366,1,0,amplifier_degradation,10,1
R05-ZA,2026-09-01 02:30:00,-11.167999999999994,1.785000000000002,13.782,-11.803,1,0,amplifier_degradation,10,1
R05-ZA,2026-09-01 02:32:00,-13.015999999999995,3.980999999999998,14.998,-9.658,1,0,amplifier_degradation,10,1
R05-ZA,2026-09-01 02:34:00,-12.230000000000002,3.0339999999999847,15.098,-9.476,1,0,amplifier_degradation,10,1
R05-ZA,2026-09-01 02:36:00,-13.338999999999995,2.0580000000000016,13.696,-12.171,1,0,amplifier_degradation,10,1
R05-ZA,2026-09-01 02:38:00,-12.233999999999993,2.006000000000002,14.244,-11.044,1,0,amplifier_degradation,10,1
R05-ZA,2026-09-01 02:40:00,-11.79199999999999,2.6260000000000083,14.776,-9.906,1,0,amplifier_degradation,10,1
R05-ZA,2026-09-01 02:42:00,-12.723000000000003,1.8610000000000024,13.584,-11.727,1,0,amplifier_degradation,10,1
R05-ZA,2026-09-01 02:44:00,-13.028999999999987,2.8200000000000003,14.263,-11.095,1,0,amplifier_degradation,10,1
R05-ZA,2026-09-01 02:46:00,-12.616999999999999,1.7979999999999965,14.093,-11.247,1,0,amplifier_degradation,10,1
R05-ZA,2026-09-01 02:48:00,-12.557999999999996,0.09000000000000519,13.487,-12.153,1,0,amplifier_degradation,10,1
R05-ZA,2026-09-01 02:50:00,-12.235999999999997,2.622000000000005,13.449,-11.819,1,0,amplifier_degradation,10,1
R05-ZA,2026-09-01 02:52:00,-12.529999999999994,2.0479999999999965,14.337,-11.453,1,0,amplifier_degradation,10,1
R05-ZA,2026-09-01 02:54:00,-13.409999999999993,1.9970000000000034,13.32,-12.533,1,0,amplifier_degradation,10,1
R05-ZA,2026-09-01 02:56:00,-12.724999999999996,-0.08100000000000485,13.218,-12.577,1,0,amplifier_degradation,10,1
R05-ZA,2026-09-01 02:58:00,-12.559999999999993,3.2399999999999984,14.878,-10.061,1,0,amplifier_degradation,10,1
R05-ZA,2026-09-01 03:00:00,-12.519999999999992,0.9699999999999971,13.428,-11.987,1,0,amplifier_degradation,10,1
R05-ZA,2026-09-01 03:02:00,-12.575999999999993,1.1995000000000076,13.936,-11.777,1,0,amplifier_degradation,10,1
R05-ZA,2026-09-01 03:04:00,-12.173999999999996,3.1704999999999988,14.13,-10.986,1,0,amplifier_degradation,10,1
R05-ZA,2026-09-01 03:06:00,-12.428999999999995,1.758000000000001,14.123,-11.373,1,0,amplifier_degradation,10,1
R05-ZA,2026-09-01 03:08:00,-1.8940000000000001,2.064999999999994,20.223,0.507,0,0,none,-1,-1
R05-ZA,2026-09-01 03:10:00,-2.028999999999998,2.5459999999999923,19.974,0.947,0,0,none,-1,-1
R05-ZA,2026-09-01 03:12:00,-1.5219999999999985,2.105999999999998,20.257,-0.833,0,0,none,-1,-1
R05-ZA,2026-09-01 03:14:00,-0.979999999999988,2.005499999999998,19.877,0.315,0,0,none,-1,-1
R05-ZA,2026-09-01 03:16:00,-1.1679999999999957,2.2170000000000005,20.237,0.193,0,0,none,-1,-1
R05-ZA,2026-09-01 03:18:00,-1.3259999999999952,2.7920000000000034,20.159,0.542,0,0,none,-1,-1
R05-ZA,2026-09-01 03:20:00,-0.9659999999999922,0.7519999999999971,20.282,-1.108,0,0,none,-1,-1
R05-ZA,2026-09-01 03:22:00,-1.2889999999999997,1.5269999999999992,20.21,-0.362,0,0,none,-1,-1
R05-ZA,2026-09-01 03:24:00,-0.5749999999999904,1.3069999999999986,20.217,0.492,0,0,none,-1,-1
R05-ZA,2026-09-01 03:26:00,-0.19700000000000095,1.8779999999999983,19.971,0.833,0,0,none,-1,-1
R05-ZA,2026-09-01 03:28:00,-1.3914999999999917,2.6519999999999992,20.126,-0.314,0,0,none,-1,-1
R05-ZA,2026-09-01 03:30:00,-1.7239999999999913,2.853000000000005,20.271,0.05,0,0,none,-1,-1
R05-ZA,2026-09-01 03:32:00,-1.5269999999999975,0.21799999999999642,20.168,-0.744,0,0,none,-1,-1
R05-ZA,2026-09-01 03:34:00,-1.691999999999993,3.0559999999999956,20.268,1.199,0,0,none,-1,-1
R05-ZA,2026-09-01 03:36:00,-0.6800000000000015,1.0650000000000013,20.173,-0.719,0,0,none,-1,-1
R05-ZA,2026-09-01 03:38:00,-1.3989999999999974,1.226999999999995,20.212,-0.632,0,0,none,-1,-1
R05-ZA,2026-09-01 03:40:00,-0.9269999999999943,1.7030000000000083,20.003,0.635,0,0,none,-1,-1
R05-ZA,2026-09-01 03:42:00,-0.44099999999999717,2.363000000000003,19.988,0.777,0,0,none,-1,-1
R05-ZA,2026-09-01 03:44:00,-1.368999999999998,1.4209999999999976,20.313,-0.53,0,0,none,-1,-1
R05-ZA,2026-09-01 03:46:00,-1.874999999999993,1.8269999999999946,20.15,-0.21,0,0,none,-1,-1
R05-ZA,2026-09-01 03:48:00,-0.745499999999991,2.0649999999999995,19.783,1.399,0,0,none,-1,-1
R05-ZA,2026-09-01 03:50:00,-0.8089999999999957,2.4069999999999965,20.025,-0.081,0,0,none,-1,-1
R05-ZA,2026-09-01 03:52:00,-0.8909999999999965,2.5070000000000032,20.092,0.715,0,0,none,-1,-1
R05-ZA,2026-09-01 03:54:00,-1.1409999999999965,1.8580000000000023,20.118,-0.419,0,0,none,-1,-1
R05-ZA,2026-09-01 03:56:00,-1.2869999999999937,2.038999999999989,20.131,-0.162,0,0,none,-1,-1
R05-ZA,2026-09-01 03:58:00,-1.5109999999999921,1.421999999999997,20.345,-0.752,0,0,none,-1,-1
R05-ZA,2026-09-01 04:00:00,-0.9579999999999949,2.1240000000000023,20.159,0.587,0,0,none,-1,-1
R05-ZA,2026-09-01 04:02:00,-1.0169999999999941,-0.015999999999998238,20.182,-2.088,0,0,none,-1,-1
R05-ZA,2026-09-01 04:04:00,-1.76499999999999,1.5879999999999992,20.244,-0.501,0,0,none,-1,-1
R05-ZA,2026-09-01 04:06:00,-1.6899999999999924,1.4390000000000054,20.21,-0.902,0,0,none,-1,-1
R05-ZA,2026-09-01 04:08:00,-1.6969999999999956,2.263499999999995,20.225,-0.744,0,0,none,-1,-1
R05-ZA,2026-09-01 04:10:00,-1.7349999999999994,1.5164999999999988,20.24,-0.363,0,0,none,-1,-1
R05-ZA,2026-09-01 04:12:00,-1.3899999999999952,2.8509999999999973,20.212,0.028,0,0,none,-1,-1
R05-ZA,2026-09-01 04:14:00,-1.7699999999999907,1.389000000000003,20.305,-0.52,0,0,none,-1,-1
R05-ZA,2026-09-01 04:16:00,-1.1449999999999942,0.3269999999999964,20.222,-1.529,0,0,none,-1,-1
R05-ZA,2026-09-01 04:18:00,-0.9034999999999922,1.5149999999999952,20.327,-0.48,0,0,none,-1,-1
R05-ZA,2026-09-01 04:20:00,-1.6689999999999952,1.8059999999999974,20.295,-1.037,0,0,none,-1,-1
R05-ZA,2026-09-01 04:22:00,-1.1984999999999904,1.7089999999999979,20.296,-1.049,0,0,none,-1,-1
R05-ZA,2026-09-01 04:24:00,-0.7469999999999981,0.6920000000000037,20.217,-1.339,0,0,none,-1,-1
R05-ZA,2026-09-01 04:26:00,-0.3119999999999905,2.0070000000000014,20.032,0.805,0,0,none,-1,-1
R05-ZA,2026-09-01 04:28:00,-0.4829999999999952,0.27899999999999103,20.204,-0.446,0,0,none,-1,-1
R05-ZA,2026-09-01 04:30:00,-1.4259999999999895,2.2379999999999995,20.132,0.155,0,0,none,-1,-1
R05-ZA,2026-09-01 04:32:00,0.14200000000001012,0.719000000000003,20.186,-0.217,0,0,none,-1,-1
R05-ZA,2026-09-01 04:34:00,-0.6579999999999924,0.5430000000000028,20.227,0.123,0,0,none,-1,-1
R05-ZA,2026-09-01 04:36:00,-0.6899999999999995,0.36000000000000654,20.236,-0.372,0,0,none,-1,-1
R05-ZA,2026-09-01 04:38:00,-0.8249999999999886,0.06250000000000533,20.231,-1.564,0,0,none,-1,-1
R05-ZA,2026-09-01 04:40:00,-1.7829999999999924,0.2980000000000018,20.153,-1.399,0,0,none,-1,-1
R05-ZA,2026-09-01 04:42:00,-1.292999999999994,0.5750000000000011,20.208,-1.453,0,0,none,-1,-1
R05-ZA,2026-09-01 04:44:00,-1.0169999999999977,0.8770000000000042,20.206,-1.264,0,0,none,-1,-1
R05-ZA,2026-09-01 04:46:00,-2.2759999999999962,1.8665000000000003,20.303,-0.114,0,0,none,-1,-1
R05-ZA,2026-09-01 04:48:00,-1.3909999999999965,0.7750000000000004,20.119,-1.684,0,0,none,-1,-1
R05-ZA,2026-09-01 04:50:00,-1.9319999999999933,1.0509999999999948,20.243,-0.568,0,0,none,-1,-1
R05-ZA,2026-09-01 04:52:00,-1.4939999999999998,1.9860000000000042,20.216,-1.17,0,0,none,-1,-1
R05-ZA,2026-09-01 04:54:00,-0.7480000000000011,1.3620000000000054,19.999,-0.676,0,0,fiber_degradation,18,2
R05-ZA,2026-09-01 04:56:00,-1.6629999999999985,0.9189999999999969,20.268,-1.643,0,0,fiber_degradation,18,2
R05-ZA,2026-09-01 04:58:00,-1.3639999999999919,-0.14399999999999835,20.237,-1.9,0,0,fiber_degradation,18,2
R05-ZA,2026-09-01 05:00:00,-0.868999999999998,0.940999999999999,19.7,-0.562,0,0,fiber_degradation,18,2
R05-ZA,2026-09-01 05:02:00,-1.103499999999995,1.090500000000013,20.036,-1.165,0,0,fiber_degradation,18,2
R05-ZA,2026-09-01 05:04:00,-0.9369999999999923,-0.7849999999999948,19.981,-3.329,0,0,fiber_degradation,18,2
R05-ZA,2026-09-01 05:06:00,-1.888499999999997,0.394999999999996,19.912,-1.71,0,0,fiber_degradation,18,2
R05-ZA,2026-09-01 05:08:00,-0.9459999999999997,-2.3880000000000017,19.73,-3.914,0,0,fiber_degradation,18,2
R05-ZA,2026-09-01 05:10:00,-1.148499999999995,-0.9340000000000046,20.035,-2.367,0,0,fiber_degradation,18,2
R05-ZA,2026-09-01 05:12:00,0.005000000000009663,-0.4930000000000092,20.061,-1.928,0,0,fiber_degradation,18,2
R05-ZA,2026-09-01 05:14:00,-1.124000000000004,-0.7680000000000007,20.029,-2.618,0,0,fiber_degradation,18,2
R05-ZA,2026-09-01 05:16:00,-1.8129999999999953,-2.037999999999993,19.923,-3.561,0,0,fiber_degradation,18,2
R05-ZA,2026-09-01 05:18:00,-0.716999999999997,-0.9514999999999958,19.924,-3.192,0,0,fiber_degradation,18,2
R05-ZA,2026-09-01 05:20:00,-1.5019999999999847,-1.8769999999999953,19.889,-3.876,0,0,fiber_degradation,18,2
R05-ZA,2026-09-01 05:22:00,-1.3914999999999882,-2.0940000000000083,19.988,-3.279,0,0,fiber_degradation,18,2
R05-ZA,2026-09-01 05:24:00,-1.3489999999999966,-1.6609999999999978,19.88,-4.113,0,0,fiber_degradation,18,2
R05-ZA,2026-09-01 05:26:00,-1.2099999999999955,-1.5920000000000005,20.011,-2.433,0,0,fiber_degradation,18,2
R05-ZA,2026-09-01 05:28:00,-1.7659999999999965,-2.1060000000000016,19.759,-4.571,0,0,fiber_degradation,18,2
R05-ZA,2026-09-01 05:30:00,-1.3249999999999886,-0.30499999999999794,19.843,-3.165,0,0,fiber_degradation,18,2
R05-ZA,2026-09-01 05:32:00,-1.4799999999999969,-2.3748333333333314,19.73,-4.45,0,0,fiber_degradation,18,2
R05-ZA,2026-09-01 05:34:00,-1.3869999999999933,0.7908333333333317,20.189,-1.248,0,0,none,-1,-1
R05-ZA,2026-09-01 05:36:00,-0.8859999999999921,0.5219999999999967,20.27,-0.864,0,0,none,-1,-1
R05-ZA,2026-09-01 05:38:00,-1.2479999999999958,1.388,20.301,-0.431,0,0,none,-1,-1
R05-ZA,2026-09-01 05:40:00,-1.2040000000000006,0.6010000000000009,20.164,-0.958,0,0,none,-1,-1
R05-ZA,2026-09-01 05:42:00,-1.3119999999999923,0.4844999999999917,20.236,-0.935,0,0,none,-1,-1
R05-ZA,2026-09-01 05:44:00,-1.9580000000000002,1.7049999999999983,20.303,-1.131,0,0,none,-1,-1
R05-ZA,2026-09-01 05:46:00,-1.4714999999999918,0.7720000000000002,20.144,-1.949,0,0,none,-1,-1
R05-ZA,2026-09-01 05:48:00,-1.7309999999999945,1.5059999999999985,20.21,-1.48,0,0,none,-1,-1
R05-ZA,2026-09-01 05:50:00,-1.4699999999999882,1.7250000000000032,20.207,-1.166,0,0,none,-1,-1
R05-ZA,2026-09-01 05:52:00,-1.5929999999999929,1.9109999999999943,20.179,-0.843,0,0,none,-1,-1
R05-ZA,2026-09-01 05:54:00,-0.8119999999999994,0.35099999999999554,20.145,-0.991,0,0,none,-1,-1
R05-ZA,2026-09-01 05:56:00,-1.1069999999999922,-0.511000000000001,20.22,-1.83,0,0,none,-1,-1
R05-ZA,2026-09-01 05:58:00,-1.8319999999999919,0.06800000000000139,20.264,-1.707,0,0,none,-1,-1
R05-ZA,2026-09-01 06:00:00,-0.747999999999994,-0.7309999999999999,20.194,-1.47,0,0,none,-1,-1
R05-ZA,2026-09-01 06:02:00,-1.1589999999999954,0.8379999999999992,20.276,-0.754,0,0,none,-1,-1
R05-ZA,2026-09-01 06:04:00,-1.1259999999999977,0.6279999999999966,20.252,-0.734,0,0,none,-1,-1
R05-ZA,2026-09-01 06:06:00,-1.625999999999996,0.2469999999999981,20.254,-1.521,0,0,none,-1,-1
R05-ZA,2026-09-01 06:08:00,-0.3369999999999944,0.862000000000009,20.263,-0.669,0,0,none,-1,-1
R05-ZA,2026-09-01 06:10:00,-1.530999999999997,1.0365000000000055,20.215,-2.077,0,0,none,-1,-1
R05-ZA,2026-09-01 06:12:00,-0.957499999999996,0.06499999999999595,20.1,-2.345,0,0,none,-1,-1
R05-ZA,2026-09-01 06:14:00,-1.8799999999999937,0.47999999999999865,20.11,-2.469,0,0,none,-1,-1
R05-ZA,2026-09-01 06:16:00,-0.8694999999999933,2.7170000000000023,20.125,0.853,0,0,none,-1,-1
R05-ZA,2026-09-01 06:18:00,-2.0059999999999985,0.9779999999999998,20.28,-1.518,0,0,amplifier_degradation,18,3
R05-ZA,2026-09-01 06:20:00,-2.2019999999999946,0.6400000000000006,20.142,-2.826,0,0,amplifier_degradation,18,3
R05-ZA,2026-09-01 06:22:00,-2.813499999999989,-0.7930000000000028,19.797,-4.401,0,0,amplifier_degradation,18,3
R05-ZA,2026-09-01 06:24:00,-3.034999999999995,2.0770000000000035,20.099,-2.719,0,0,amplifier_degradation,18,3
R05-ZA,2026-09-01 06:26:00,-3.5759999999999934,-0.1110000000000042,19.878,-4.689,0,0,amplifier_degradation,18,3
R05-ZA,2026-09-01 06:28:00,-4.215999999999992,-0.4839999999999982,19.674,-5.629,0,0,amplifier_degradation,18,3
R05-ZA,2026-09-01 06:30:00,-5.036999999999988,-0.7649999999999952,19.798,-5.442,0,0,amplifier_degradation,18,3
R05-ZA,2026-09-01 06:32:00,-4.593999999999996,0.10700000000000465,19.976,-4.69,0,0,amplifier_degradation,18,3
R05-ZA,2026-09-01 06:34:00,-5.187999999999992,0.9920000000000027,19.767,-4.913,0,0,amplifier_degradation,18,3
R05-ZA,2026-09-01 06:36:00,-5.542999999999996,1.3889999999999922,20.023,-4.411,0,0,amplifier_degradation,18,3
R05-ZA,2026-09-01 06:38:00,-6.26799999999999,0.8269999999999982,19.455,-7.323,1,0,amplifier_degradation,18,3
R05-ZA,2026-09-01 06:40:00,-6.857999999999995,0.08599999999999852,19.537,-7.243,1,0,amplifier_degradation,18,3
R05-ZA,2026-09-01 06:42:00,-7.237999999999992,1.065000000000003,19.617,-6.94,1,0,amplifier_degradation,18,3
R05-ZA,2026-09-01 06:44:00,-7.985999999999997,1.158000000000003,19.357,-8.017,1,0,amplifier_degradation,18,3
R05-ZA,2026-09-01 06:46:00,-8.179999999999996,0.5539999999999967,19.328,-8.513,1,0,amplifier_degradation,18,3
R05-ZA,2026-09-01 06:48:00,-8.154499999999997,-0.5389999999999961,18.458,-10.352,1,0,amplifier_degradation,18,3
R05-ZA,2026-09-01 06:50:00,-8.218999999999998,0.7659999999999965,19.303,-8.517,1,0,amplifier_degradation,18,3
R05-ZA,2026-09-01 06:52:00,-8.928999999999993,-0.30700000000000927,18.873,-10.213,1,0,amplifier_degradation,18,3
R05-ZA,2026-09-01 06:54:00,-9.376999999999985,0.7555000000000014,19.293,-8.738,1,0,amplifier_degradation,18,3
R05-ZA,2026-09-01 06:56:00,-9.573999999999998,1.0919999999999934,18.879,-9.827,1,0,amplifier_degradation,18,3
R05-ZA,2026-09-01 06:58:00,-10.673499999999997,-0.23300000000000232,18.569,-11.024,1,0,amplifier_degradation,18,3
R05-ZA,2026-09-01 07:00:00,-10.872499999999999,0.023500000000002075,18.273,-11.885,1,0,amplifier_degradation,18,3
R05-ZA,2026-09-01 07:02:00,-12.086499999999994,1.1574999999999935,18.004,-12.418,1,0,amplifier_degradation,18,3
R05-ZA,2026-09-01 07:04:00,-10.717000000000002,0.3929999999999989,18.61,-10.859,1,0,amplifier_degradation,18,3
R05-ZA,2026-09-01 07:06:00,-10.795999999999996,-0.3099999999999987,18.548,-11.097,1,0,amplifier_degradation,18,3
R05-ZA,2026-09-01 07:08:00,-11.650999999999994,0.5769999999999929,18.213,-12.133,1,0,amplifier_degradation,18,3
R05-ZA,2026-09-01 07:10:00,-11.801999999999994,1.0249999999999968,18.453,-11.417,1,0,amplifier_degradation,18,3
R05-ZA,2026-09-01 07:12:00,-11.732999999999992,-0.28899999999999615,18.212,-12.168,1,0,amplifier_degradation,18,3
R05-ZA,2026-09-01 07:14:00,-10.58599999999999,-0.5640000000000054,18.562,-11.088,1,0,amplifier_degradation,18,3
R05-ZA,2026-09-01 07:16:00,-10.970999999999997,0.379999999999999,18.27,-11.832,1,0,amplifier_degradation,18,3
R05-ZA,2026-09-01 07:18:00,-11.773999999999996,-0.4779999999999962,18.258,-11.927,1,0,amplifier_degradation,18,3
R05-ZA,2026-09-01 07:20:00,-10.454999999999998,-1.2604999999999915,18.119,-12.189,1,0,amplifier_degradation,18,3
R05-ZA,2026-09-01 07:22:00,-12.360999999999999,0.7089999999999979,17.698,-12.994,1,0,amplifier_degradation,18,3
R05-ZA,2026-09-01 07:24:00,-11.3455,0.46999999999999886,18.72,-10.817,1,0,amplifier_degradation,18,3
R05-ZA,2026-09-01 07:26:00,-12.233999999999993,1.3190000000000026,18.376,-11.81,1,0,amplifier_degradation,18,3
R05-ZA,2026-09-01 07:28:00,-11.168999999999995,0.002666666666666373,18.258,-11.911,1,0,amplifier_degradation,18,3
R05-ZA,2026-09-01 07:30:00,-11.365999999999998,0.5203333333333351,18.37,-11.701,1,0,amplifier_degradation,18,3
R05-ZA,2026-09-01 07:32:00,-1.5769999999999982,-0.1460000000000008,20.086,-2.514,0,0,none,-1,-1
R05-ZA,2026-09-01 07:34:00,-0.5510000000000019,1.533999999999999,20.191,-1.174,0,0,none,-1,-1
R05-ZA,2026-09-01 07:36:00,-1.965499999999997,-0.33299999999999486,20.186,-2.12,0,0,none,-1,-1
R05-ZA,2026-09-01 07:38:00,-1.369999999999994,0.26899999999999835,20.136,-2.218,0,0,none,-1,-1
R05-ZA,2026-09-01 07:40:00,-0.709500000000002,0.6259999999999977,20.158,-1.532,0,0,none,-1,-1
R05-ZA,2026-09-01 07:42:00,-1.2669999999999941,1.4185000000000105,20.296,-1.17,0,0,none,-1,-1
R05-ZA,2026-09-01 07:44:00,-0.7329999999999952,-1.1119999999999948,20.054,-2.395,0,0,none,-1,-1
R05-ZA,2026-09-01 07:46:00,-0.4359999999999946,-0.9800000000000022,20.036,-2.278,0,0,none,-1,-1
R05-ZA,2026-09-01 07:48:00,-1.5209999999999972,0.485000000000003,20.213,-2.249,0,0,none,-1,-1
R05-ZA,2026-09-01 07:50:00,-1.2259999999999955,-0.5969999999999995,20.054,-2.549,0,0,none,-1,-1
R05-ZA,2026-09-01 07:52:00,-1.8129999999999935,0.9090000000000025,20.281,-1.493,0,0,none,-1,-1
R05-ZA,2026-09-01 07:54:00,-1.7119999999999944,0.34299999999999997,20.019,-2.314,0,0,none,-1,-1
R05-ZA,2026-09-01 07:56:00,-0.15299999999998448,1.1790000000000003,19.908,-0.3,0,0,none,-1,-1
R05-ZA,2026-09-01 07:58:00,-1.5984999999999996,-1.2939999999999987,19.751,-3.79,0,0,none,-1,-1
R05-ZA,2026-09-01 08:00:00,-0.384999999999998,-0.5640000000000018,20.08,-2.6,0,0,none,-1,-1
R05-ZA,2026-09-01 08:02:00,-1.5675000000000026,-0.27600000000000335,20.14,-2.019,0,0,none,-1,-1
R05-ZA,2026-09-01 08:04:00,-0.9649999999999945,0.5170000000000048,20.022,-2.406,0,0,none,-1,-1
R05-ZA,2026-09-01 08:06:00,-1.460999999999995,-0.6070000000000011,20.185,-2.281,0,0,none,-1,-1
R05-ZA,2026-09-01 08:08:00,-1.7849999999999895,0.7159999999999958,20.109,-1.3,0,0,none,-1,-1
R05-ZA,2026-09-01 08:10:00,-1.6809999999999974,-6.810499999999999,17.729,-9.647,1,0,flapping,17,4
R05-ZA,2026-09-01 08:12:00,-1.5809999999999995,1.6479999999999961,20.162,-1.663,0,0,flapping,17,4
R05-ZA,2026-09-01 08:14:00,-0.8819999999999979,-6.049999999999999,18.231,-8.923,1,0,flapping,17,4
R05-ZA,2026-09-01 08:16:00,-1.3599999999999977,-7.228999999999996,18.313,-8.494,1,0,flapping,17,4
R05-ZA,2026-09-01 08:18:00,-0.8969999999999931,0.8434999999999988,20.284,-1.045,0,0,flapping,17,4
R05-ZA,2026-09-01 08:20:00,-1.775999999999998,0.3289999999999971,20.064,-2.808,0,0,flapping,17,4
R05-ZA,2026-09-01 08:22:00,-1.1829999999999963,-0.40600000000000236,20.155,-2.293,0,0,flapping,17,4
R05-ZA,2026-09-01 08:24:00,-1.6214999999999957,-7.493000000000004,18.204,-8.68,1,0,flapping,17,4
R05-ZA,2026-09-01 08:26:00,-0.8159999999999918,-6.4885,18.554,-7.951,1,0,flapping,17,4
R05-ZA,2026-09-01 08:28:00,-0.709999999999992,-6.7559999999999985,18.645,-7.516,1,0,flapping,17,4
R05-ZA,2026-09-01 08:30:00,-1.9649999999999945,-7.097000000000003,18.187,-8.757,1,0,flapping,17,4
R05-ZA,2026-09-01 08:32:00,-1.7164999999999928,-1.025999999999998,20.095,-2.506,0,0,flapping,17,4
R05-ZA,2026-09-01 08:34:00,-0.822999999999988,-0.7689999999999912,20.117,-1.056,0,0,flapping,17,4
R05-ZA,2026-09-01 08:36:00,-1.4159999999999915,-6.627500000000007,18.587,-7.919,1,0,flapping,17,4
R05-ZA,2026-09-01 08:38:00,-1.3119999999999976,0.3880000000000088,19.945,-2.73,0,0,flapping,17,4
R05-ZA,2026-09-01 08:40:00,0.05300000000000793,-1.1929999999999996,20.213,-0.93,0,0,flapping,17,4
R05-ZA,2026-09-01 08:42:00,-1.1559999999999953,0.46300000000000097,20.165,-0.926,0,0,flapping,17,4
R05-ZA,2026-09-01 08:44:00,-2.3969999999999967,-1.2870000000000026,19.857,-3.233,0,0,flapping,17,4
R05-ZA,2026-09-01 08:46:00,-0.8739999999999934,-6.558000000000002,18.277,-8.789,1,0,flapping,17,4
R05-ZA,2026-09-01 08:48:00,-2.023999999999999,-6.503000000000007,18.368,-8.324,1,0,flapping,17,4
R05-ZA,2026-09-01 08:50:00,-0.6989999999999963,-6.356999999999999,18.359,-8.222,1,0,flapping,17,4
R05-ZA,2026-09-01 08:52:00,-0.9399999999999888,-7.5870000000000015,18.078,-8.91,1,0,flapping,17,4
R05-ZA,2026-09-01 08:54:00,-1.0559999999999974,-6.072999999999995,18.52,-7.674,1,0,flapping,17,4
R05-ZA,2026-09-01 08:56:00,-2.1804999999999968,-6.059000000000003,18.199,-8.661,1,0,flapping,17,4
R05-ZA,2026-09-01 08:58:00,-0.5190000000000019,-0.12249999999999872,20.176,-1.606,0,0,flapping,17,4
R05-ZA,2026-09-01 09:00:00,-0.8734999999999999,0.4840000000000053,20.22,-1.657,0,0,flapping,17,4
R05-ZA,2026-09-01 09:02:00,-2.25,-7.118000000000007,17.833,-9.431,1,0,flapping,17,4
R05-ZA,2026-09-01 09:04:00,-1.1859999999999893,-6.210999999999997,18.319,-8.596,1,0,flapping,17,4
R05-ZA,2026-09-01 09:06:00,-0.8844999999999974,-6.011499999999998,18.743,-7.5,1,0,flapping,17,4
R05-ZA,2026-09-01 09:08:00,-0.26699999999999235,-6.846000000000004,18.183,-8.705,1,0,flapping,17,4
R05-ZA,2026-09-01 09:10:00,-1.8869999999999987,-6.411,17.609,-9.676,1,0,flapping,17,4
R05-ZA,2026-09-01 09:12:00,-0.9869999999999912,-5.168000000000003,18.547,-8.082,1,0,flapping,17,4
R05-ZA,2026-09-01 09:14:00,-1.1299999999999901,-0.9149999999999974,20.122,-2.393,0,0,flapping,17,4
R05-ZA,2026-09-01 09:16:00,-1.9009999999999891,-0.7530000000000001,20.096,-2.23,0,0,flapping,17,4
R05-ZA,2026-09-01 09:18:00,-0.5389999999999961,0.3460000000000072,20.243,-0.453,0,0,flapping,17,4
R05-ZA,2026-09-01 09:20:00,-0.9499999999999975,1.1820000000000022,20.111,0.083,0,0,flapping,17,4
R05-ZA,2026-09-01 09:22:00,-0.49900000000000233,-6.534000000000001,18.517,-7.887,1,0,flapping,17,4
R05-ZA,2026-09-01 09:24:00,-1.0274999999999856,0.506000000000002,20.187,-2.15,0,0,flapping,17,4
R05-ZA,2026-09-01 09:26:00,-1.202999999999994,-1.3199999999999896,20.065,-2.497,0,0,flapping,17,4
R05-ZA,2026-09-01 09:28:00,-1.5619999999999976,-0.6910000000000025,20.05,-2.732,0,0,flapping,17,4
R05-ZA,2026-09-01 09:30:00,-0.5259999999999945,-6.870999999999999,18.502,-7.96,1,0,flapping,17,4
R05-ZA,2026-09-01 09:32:00,-1.852999999999998,-5.184999999999997,18.657,-7.702,1,0,flapping,17,4
R05-ZA,2026-09-01 09:34:00,-1.5939999999999905,-6.659999999999998,18.159,-9.152,1,0,flapping,17,4
R05-ZA,2026-09-01 09:36:00,-2.0539999999999914,-8.538999999999996,17.289,-10.47,1,0,flapping,17,4
R05-ZA,2026-09-01 09:38:00,-1.418000000000001,-7.495000000000001,18.145,-8.724,1,0,flapping,17,4
R05-ZA,2026-09-01 09:40:00,-0.8239999999999927,-1.1789999999999985,19.993,-2.87,0,0,flapping,17,4
R05-ZA,2026-09-01 09:42:00,-2.243999999999991,-0.6030000000000051,19.83,-3.506,0,0,flapping,17,4
R05-ZA,2026-09-01 09:44:00,-1.5829999999999984,-0.8719999999999999,19.898,-3.162,0,0,flapping,17,4
R05-ZA,2026-09-01 09:46:00,-1.2824999999999953,-6.997000000000003,18.32,-8.609,1,0,flapping,17,4
R05-ZA,2026-09-01 09:48:00,-0.5239999999999991,1.1849999999999952,20.234,-0.242,0,0,flapping,17,4
R05-ZA,2026-09-01 09:50:00,-1.019999999999996,1.0279999999999987,20.216,-0.899,0,0,none,-1,-1
R05-ZA,2026-09-01 09:52:00,-0.14549999999999663,0.2510000000000012,20.205,-1.332,0,0,none,-1,-1
R05-ZA,2026-09-01 09:54:00,-1.6779999999999955,1.0099999999999962,20.128,-1.375,0,0,none,-1,-1
R05-ZA,2026-09-01 09:56:00,-1.724499999999992,-18.934000000000005,6.14,-21.373,1,1,flapping,15,5
R05-ZA,2026-09-01 09:58:00,-1.389999999999997,1.4430000000000014,20.292,-1.363,0,0,flapping,15,5
R06-AZ,2026-09-01 00:00:00,-0.6530000000000022,-0.386000000000001,20.17,0.377,0,0,none,-1,-1
R06-AZ,2026-09-01 00:02:00,-1.0679999999999996,-0.06700000000000728,20.37,-0.126,0,0,none,-1,-1
R06-AZ,2026-09-01 00:04:00,-0.7460000000000093,1.0709999999999926,19.145,1.95,0,0,none,-1,-1
R06-AZ,2026-09-01 00:06:00,-1.1520000000000064,0.10799999999999521,20.18,0.762,0,0,none,-1,-1
R06-AZ,2026-09-01 00:08:00,-1.226000000000008,0.07099999999999262,20.554,-0.662,0,0,none,-1,-1
R06-AZ,2026-09-01 00:10:00,-0.9079999999999977,-0.7070000000000061,20.408,-0.306,0,0,none,-1,-1
R06-AZ,2026-09-01 00:12:00,-8.870000000000005,0.11799999999999322,16.344,-8.27,1,0,amplifier_degradation,1,0
R06-AZ,2026-09-01 00:14:00,-7.085000000000001,-0.1060000000000052,16.66,-6.528,1,0,amplifier_degradation,1,0
R06-AZ,2026-09-01 00:16:00,-8.19700000000001,2.2499999999999964,16.91,-6.557,1,0,amplifier_degradation,1,0
R06-AZ,2026-09-01 00:18:00,-8.289000000000007,-0.16699999999999804,16.237,-7.044,1,0,amplifier_degradation,1,0
R06-AZ,2026-09-01 00:20:00,-7.293999999999997,-0.22700000000000387,17.103,-6.426,1,0,amplifier_degradation,1,0
R06-AZ,2026-09-01 00:22:00,-8.33400000000001,-0.3730000000000011,16.971,-6.983,1,0,amplifier_degradation,1,0
R06-AZ,2026-09-01 00:24:00,-9.065000000000005,-0.4985000000000124,16.806,-7.053,1,0,amplifier_degradation,1,0
R06-AZ,2026-09-01 00:26:00,-7.508000000000003,-1.6530000000000058,16.046,-7.271,1,0,amplifier_degradation,1,0
R06-AZ,2026-09-01 00:28:00,-8.79200000000001,1.5019999999999936,16.884,-6.751,1,0,amplifier_degradation,1,0
R06-AZ,2026-09-01 00:30:00,-8.249000000000004,0.4869999999999912,16.81,-7.361,1,0,amplifier_degradation,1,0
R06-AZ,2026-09-01 00:32:00,-7.070000000000004,-0.4570000000000025,17.006,-5.647,0,0,amplifier_degradation,1,0
R06-AZ,2026-09-01 00:34:00,-8.072500000000002,-0.4150000000000045,16.446,-6.704,1,0,amplifier_degradation,1,0
R06-AZ,2026-09-01 00:36:00,-8.504999999999997,-0.12000000000000455,16.415,-7.347,1,0,amplifier_degradation,1,0
R06-AZ,2026-09-01 00:38:00,-7.975999999999994,-1.8065000000000087,16.17,-7.738,1,0,amplifier_degradation,1,0
R06-AZ,2026-09-01 00:40:00,-8.608000000000002,-1.5700000000000092,15.815,-8.255,1,0,amplifier_degradation,1,0
R06-AZ,2026-09-01 00:42:00,-8.005,-1.6695000000000082,15.996,-8.881,1,0,amplifier_degradation,1,0
R06-AZ,2026-09-01 00:44:00,-7.969000000000005,-0.7180000000000053,16.715,-7.574,1,0,amplifier_degradation,1,0
R06-AZ,2026-09-01 00:46:00,-8.349000000000007,-0.24900000000000766,16.468,-7.664,1,0,amplifier_degradation,1,0
R06-AZ,2026-09-01 00:48:00,-8.68200000000001,-0.029000000000008797,15.761,-8.602,1,0,amplifier_degradation,1,0
R06-AZ,2026-09-01 00:50:00,-8.121000000000004,-1.1150000000000055,15.982,-8.641,1,0,amplifier_degradation,1,0
R06-AZ,2026-09-01 00:52:00,-7.265000000000008,-1.4819999999999993,16.266,-7.0,1,0,amplifier_degradation,1,0
R06-AZ,2026-09-01 00:54:00,-8.663000000000004,-0.9490000000000123,15.374,-9.059,1,0,amplifier_degradation,1,0
R06-AZ,2026-09-01 00:56:00,-8.191000000000003,-1.0729999999999986,16.205,-7.261,1,0,amplifier_degradation,1,0
R06-AZ,2026-09-01 00:58:00,-0.05299999999999727,-0.6350000000000016,19.833,0.865,0,0,none,-1,-1
R06-AZ,2026-09-01 01:00:00,-0.28249999999999886,-0.9280000000000062,20.101,0.417,0,0,none,-1,-1
R06-AZ,2026-09-01 01:02:00,-0.21000000000000618,-0.03200000000000891,20.319,0.047,0,0,none,-1,-1
R06-AZ,2026-09-01 01:04:00,-0.13266666666666893,-2.828000000000001,20.279,-0.195,0,0,none,-1,-1
R06-AZ,2026-09-01 01:06:00,-0.60433333333334,-0.018000000000004235,20.219,0.436,0,0,none,-1,-1
R06-AZ,2026-09-01 01:08:00,-1.0170000000000048,-0.6990000000000087,20.464,-0.415,0,0,none,-1,-1
R06-AZ,2026-09-01 01:10:00,-1.3970000000000073,-1.901000000000014,20.609,-1.53,0,0,none,-1,-1
R06-AZ,2026-09-01 01:12:00,-0.16050000000000075,-1.405000000000003,20.504,-0.495,0,0,none,-1,-1
R06-AZ,2026-09-01 01:14:00,0.23499999999999943,0.09449999999999648,20.4,0.006,0,0,none,-1,-1
R06-AZ,2026-09-01 01:16:00,0.4179999999999957,-1.269500000000006,20.451,-0.617,0,0,none,-1,-1
R06-AZ,2026-09-01 01:18:00,0.2139999999999933,-0.44000000000000483,19.181,1.688,0,0,none,-1,-1
R06-AZ,2026-09-01 01:20:00,-0.9080000000000048,-2.1460000000000097,20.544,-0.91,0,0,none,-1,-1
R06-AZ,2026-09-01 01:22:00,-0.3929999999999989,-0.48200000000000287,20.565,0.396,0,0,none,-1,-1
R06-AZ,2026-09-01 01:24:00,-0.11200000000000365,-0.9890000000000025,20.294,0.205,0,0,none,-1,-1
R06-AZ,2026-09-01 01:26:00,-0.2590000000000039,-0.2220000000000102,20.494,0.038,0,0,none,-1,-1
R06-AZ,2026-09-01 01:28:00,-1.5740000000000052,-1.7030000000000083,20.594,-2.204,0,0,none,-1,-1
R06-AZ,2026-09-01 01:30:00,-1.2100000000000044,-1.7416666666666742,20.39,-0.724,0,0,none,-1,-1
R06-AZ,2026-09-01 01:32:00,-0.1150000000000091,-1.9508333333333407,20.446,-0.264,0,0,none,-1,-1
R06-AZ,2026-09-01 01:34:00,-0.5660000000000007,-3.262000000000004,20.615,-2.097,0,0,none,-1,-1
R06-AZ,2026-09-01 01:36:00,-0.27799999999999514,-1.9140000000000086,20.591,-0.73,0,0,none,-1,-1
R06-AZ,2026-09-01 01:38:00,-0.6080000000000023,-1.0300000000000047,20.437,-1.123,0,0,none,-1,-1
R06-AZ,2026-09-01 01:40:00,-1.310000000000004,-1.1800000000000015,20.518,-1.243,0,0,none,-1,-1
R06-AZ,2026-09-01 01:42:00,0.6509999999999998,-0.38900000000000645,20.29,0.735,0,0,none,-1,-1
R06-AZ,2026-09-01 01:44:00,-1.1929999999999978,-2.3070000000000093,20.652,-1.525,0,0,none,-1,-1
R06-AZ,2026-09-01 01:46:00,-0.4949999999999992,-1.0420000000000051,20.391,-0.832,0,0,none,-1,-1
R06-AZ,2026-09-01 01:48:00,-0.34400000000000297,-0.5350000000000072,20.271,-0.141,0,0,none,-1,-1
R06-AZ,2026-09-01 01:50:00,-0.40000000000000746,-1.4000000000000021,19.976,-0.383,0,0,none,-1,-1
R06-AZ,2026-09-01 01:52:00,-1.0020000000000007,-2.7875000000000014,20.551,-2.037,0,0,none,-1,-1
R06-AZ,2026-09-01 01:54:00,-1.2479999999999993,-3.288000000000009,20.453,-2.497,0,0,none,-1,-1
R06-AZ,2026-09-01 01:56:00,-1.2990000000000013,-2.1060000000000088,20.503,-1.659,0,0,none,-1,-1
R06-AZ,2026-09-01 01:58:00,-0.5139999999999958,-4.0260000000000105,20.465,-1.956,0,0,fiber_degradation,10,1
R06-AZ,2026-09-01 02:00:00,0.9394999999999971,-3.5010000000000048,20.538,-0.75,0,0,fiber_degradation,10,1
R06-AZ,2026-09-01 02:02:00,1.002999999999993,-3.0780000000000065,20.374,-2.197,0,0,fiber_degradation,10,1
R06-AZ,2026-09-01 02:04:00,0.8560000000000016,-6.529500000000008,19.578,-4.727,0,0,fiber_degradation,10,1
R06-AZ,2026-09-01 02:06:00,1.2140000000000022,-7.88600000000001,19.045,-5.42,0,0,fiber_degradation,10,1
R06-AZ,2026-09-01 02:08:00,-0.2920000000000016,-8.41433333333334,18.176,-6.776,1,0,fiber_degradation,10,1
R06-AZ,2026-09-01 02:10:00,0.19200000000000017,-10.071666666666683,16.735,-8.795,1,0,fiber_degradation,10,1
R06-AZ,2026-09-01 02:12:00,0.7909999999999968,-12.317000000000004,15.166,-10.885,1,0,fiber_degradation,10,1
R06-AZ,2026-09-01 02:14:00,0.1549999999999958,-12.417000000000009,14.775,-10.893,1,0,fiber_degradation,10,1
R06-AZ,2026-09-01 02:16:00,0.4339999999999975,-12.80400000000001,15.006,-11.251,1,0,fiber_degradation,10,1
R06-AZ,2026-09-01 02:18:00,0.6329999999999956,-14.552000000000007,14.38,-12.281,1,0,fiber_degradation,10,1
R06-AZ,2026-09-01 02:20:00,0.552999999999999,-14.314000000000005,14.099,-12.361,1,0,fiber_degradation,10,1
R06-AZ,2026-09-01 02:22:00,1.136499999999998,-12.828,15.076,-10.543,1,0,fiber_degradation,10,1
R06-AZ,2026-09-01 02:24:00,-0.38800000000000345,-12.884000000000013,14.189,-12.039,1,0,fiber_degradation,10,1
R06-AZ,2026-09-01 02:26:00,1.0829999999999984,-14.740500000000006,13.922,-11.835,1,0,fiber_degradation,10,1
R06-AZ,2026-09-01 02:28:00,0.06699999999999307,-1.4650000000000016,20.446,-0.116,0,0,none,-1,-1
R06-AZ,2026-09-01 02:30:00,-0.8295000000000048,-0.4550000000000054,20.372,0.285,0,0,none,-1,-1
R06-AZ,2026-09-01 02:32:00,-0.6440000000000055,-0.8740000000000059,19.718,0.828,0,0,none,-1,-1
R06-AZ,2026-09-01 02:34:00,-0.12849999999999717,-2.681000000000008,20.548,-1.402,0,0,fiber_degradation,6,2
R06-AZ,2026-09-01 02:36:00,-0.21000000000000263,-1.6200000000000028,20.566,-0.597,0,0,fiber_degradation,6,2
R06-AZ,2026-09-01 02:38:00,-0.8690000000000051,-3.4110000000000102,20.35,-2.829,0,0,fiber_degradation,6,2
R06-AZ,2026-09-01 02:40:00,-0.8950000000000067,-3.1180000000000003,20.503,-2.415,0,0,fiber_degradation,6,2
R06-AZ,2026-09-01 02:42:00,-0.3370000000000033,-2.9960000000000058,20.283,-2.761,0,0,fiber_degradation,6,2
R06-AZ,2026-09-01 02:44:00,-0.0020000000000042206,-4.57500000000001,20.022,-3.655,0,0,fiber_degradation,6,2
R06-AZ,2026-09-01 02:46:00,-0.6890000000000107,-4.401999999999999,20.129,-3.203,0,0,fiber_degradation,6,2
R06-AZ,2026-09-01 02:48:00,-0.9270000000000032,-5.179500000000004,19.964,-3.477,0,0,fiber_degradation,6,2
R06-AZ,2026-09-01 02:50:00,-1.2000000000000028,-7.056000000000006,18.546,-6.391,1,0,fiber_degradation,6,2
R06-AZ,2026-09-01 02:52:00,-0.24700000000000522,-4.858999999999998,19.402,-3.822,0,0,fiber_degradation,6,2
R06-AZ,2026-09-01 02:54:00,-0.7930000000000081,-5.689000000000011,19.254,-4.362,0,0,fiber_degradation,6,2
R06-AZ,2026-09-01 02:56:00,-1.5310000000000041,-4.8480000000000025,18.428,-5.665,0,0,fiber_degradation,6,2
R06-AZ,2026-09-01 02:58:00,-0.6630000000000003,-6.83200000000001,18.581,-5.512,0,0,fiber_degradation,6,2
R06-AZ,2026-09-01 03:00:00,-0.14699999999999847,-8.285000000000005,17.188,-7.461,1,0,fiber_degradation,6,2
R06-AZ,2026-09-01 03:02:00,-0.8650000000000002,-7.134500000000008,17.631,-6.863,1,0,fiber_degradation,6,2
R06-AZ,2026-09-01 03:04:00,0.45899999999999963,-8.829000000000002,17.553,-6.945,1,0,fiber_degradation,6,2
R06-AZ,2026-09-01 03:06:00,-0.2129999999999992,-6.965000000000005,17.61,-6.567,1,0,fiber_degradation,6,2
R06-AZ,2026-09-01 03:08:00,-0.48999999999999844,-7.439000000000005,17.153,-6.771,1,0,fiber_degradation,6,2
R06-AZ,2026-09-01 03:10:00,-1.0320000000000018,-9.059000000000005,16.102,-8.171,1,0,fiber_degradation,6,2
R06-AZ,2026-09-01 03:12:00,-1.1120000000000054,-9.354000000000003,15.231,-9.171,1,0,fiber_degradation,6,2
R06-AZ,2026-09-01 03:14:00,-1.352000000000002,-9.811000000000003,14.917,-10.31,1,0,fiber_degradation,6,2
R06-AZ,2026-09-01 03:16:00,-0.6710000000000065,-10.453000000000012,15.465,-9.185,1,0,fiber_degradation,6,2
R06-AZ,2026-09-01 03:18:00,-0.5880000000000063,-11.380000000000008,14.402,-10.719,1,0,fiber_degradation,6,2
R06-AZ,2026-09-01 03:20:00,-0.1280000000000001,-10.705000000000007,15.001,-9.972,1,0,fiber_degradation,6,2
R06-AZ,2026-09-01 03:22:00,1.237,-12.462000000000012,14.706,-9.736,1,0,fiber_degradation,6,2
R06-AZ,2026-09-01 03:24:00,0.06099999999999817,-12.123000000000008,14.295,-10.591,1,0,fiber_degradation,6,2
R06-AZ,2026-09-01 03:26:00,-0.2640000000000047,-10.928000000000006,14.819,-9.617,1,0,fiber_degradation,6,2
R06-AZ,2026-09-01 03:28:00,-0.3429999999999964,-11.459500000000011,14.52,-10.574,1,0,fiber_degradation,6,2
R06-AZ,2026-09-01 03:30:00,0.030999999999998806,-10.593000000000002,14.683,-10.129,1,0,fiber_degradation,6,2
R06-AZ,2026-09-01 03:32:00,-0.5760000000000058,-11.603000000000002,13.95,-10.444,1,0,fiber_degradation,6,2
R06-AZ,2026-09-01 03:34:00,0.5660000000000025,-11.813000000000006,14.725,-9.441,1,0,fiber_degradation,6,2
R06-AZ,2026-09-01 03:36:00,-0.6409999999999982,-12.430000000000003,13.839,-10.846,1,0,fiber_degradation,6,2
R06-AZ,2026-09-01 03:38:00,-1.2130000000000063,-11.719,13.491,-11.575,1,0,fiber_degradation,6,2
R06-AZ,2026-09-01 03:40:00,-0.23600000000000065,-11.038000000000013,14.396,-10.395,1,0,fiber_degradation,6,2
R06-AZ,2026-09-01 03:42:00,0.242999999999995,-10.520000000000012,14.918,-9.681,1,0,fiber_degradation,6,2
R06-AZ,2026-09-01 03:44:00,-0.8369999999999997,-11.747000000000005,13.564,-11.773,1,0,fiber_degradation,6,2
R06-AZ,2026-09-01 03:46:00,-0.3144999999999989,-11.476000000000006,14.697,-10.469,1,0,fiber_degradation,6,2
R06-AZ,2026-09-01 03:48:00,0.23500000000000476,-11.226000000000006,15.102,-9.015,1,0,fiber_degradation,6,2
R06-AZ,2026-09-01 03:50:00,-0.42900000000000027,-11.09500000000001,14.663,-10.173,1,0,fiber_degradation,6,2
R06-AZ,2026-09-01 03:52:00,0.2519999999999971,-10.201000000000006,15.083,-9.398,1,0,fiber_degradation,6,2
R06-AZ,2026-09-01 03:54:00,-0.2800000000000029,-0.8940000000000055,20.255,0.169,0,0,none,-1,-1
R06-AZ,2026-09-01 03:56:00,-0.40800000000000125,-0.9875000000000096,19.901,0.907,0,0,none,-1,-1
R06-AZ,2026-09-01 03:58:00,-1.2109999999999985,-0.5110000000000099,20.247,-0.621,0,0,none,-1,-1
R06-AZ,2026-09-01 04:00:00,-0.7570000000000068,-1.8145000000000113,20.532,-0.893,0,0,none,-1,-1
R06-AZ,2026-09-01 04:02:00,-0.9085000000000161,-2.087000000000007,20.438,-1.448,0,0,none,-1,-1
R06-AZ,2026-09-01 04:04:00,-0.2659999999999929,0.5369999999999919,19.797,1.086,0,0,none,-1,-1
R06-AZ,2026-09-01 04:06:00,-0.5720000000000081,-0.11200000000000188,19.944,0.566,0,0,none,-1,-1
R06-AZ,2026-09-01 04:08:00,0.7769999999999939,-0.983000000000013,20.116,0.515,0,0,none,-1,-1
R06-AZ,2026-09-01 04:10:00,-0.8329999999999984,0.42099999999999227,20.231,0.743,0,0,none,-1,-1
R06-AZ,2026-09-01 04:12:00,-1.1910000000000043,-0.8290000000000042,20.325,0.078,0,0,none,-1,-1
R06-AZ,2026-09-01 04:14:00,-1.7730000000000015,-1.3180000000000103,20.498,-0.958,0,0,none,-1,-1
R06-AZ,2026-09-01 04:16:00,0.4049999999999958,-0.635500000000004,19.612,1.195,0,0,none,-1,-1
R06-AZ,2026-09-01 04:18:00,-1.0790000000000024,-0.9270000000000085,20.439,-0.604,0,0,none,-1,-1
R06-AZ,2026-09-01 04:20:00,-0.3560000000000034,0.26599999999999113,20.441,0.408,0,0,none,-1,-1
R06-AZ,2026-09-01 04:22:00,-1.2310000000000034,1.4519999999999946,19.842,1.097,0,0,none,-1,-1
R06-AZ,2026-09-01 04:24:00,-0.44400000000000794,-0.6070000000000029,19.691,1.009,0,0,none,-1,-1
R06-AZ,2026-09-01 04:26:00,-0.9360000000000035,-0.31100000000000527,20.027,0.862,0,0,none,-1,-1
R06-AZ,2026-09-01 04:28:00,-1.0640000000000072,-0.18150000000000865,20.426,-0.293,0,0,none,-1,-1
R06-AZ,2026-09-01 04:30:00,-0.5040000000000031,1.1019999999999914,19.82,1.048,0,0,none,-1,-1
R06-AZ,2026-09-01 04:32:00,-0.8755000000000059,-0.061000000000003496,20.175,0.233,0,0,none,-1,-1
R06-AZ,2026-09-01 04:34:00,0.25799999999999557,0.15599999999999525,18.88,2.604,0,0,none,-1,-1
R06-AZ,2026-09-01 04:36:00,-0.7559999999999985,0.7889999999999997,19.955,0.803,0,0,none,-1,-1
R06-AZ,2026-09-01 04:38:00,-0.32800000000000296,1.447999999999995,19.582,2.136,0,0,none,-1,-1
R06-AZ,2026-09-01 04:40:00,-1.0069999999999943,1.8929999999999936,19.279,1.769,0,0,none,-1,-1
R06-AZ,2026-09-01 04:42:00,0.1459999999999937,0.7269999999999968,19.894,2.004,0,0,none,-1,-1
R06-AZ,2026-09-01 04:44:00,-0.8580000000000023,2.125999999999996,19.069,1.68,0,0,none,-1,-1
R06-AZ,2026-09-01 04:46:00,-0.615000000000002,-1.171000000000003,20.364,0.104,0,0,none,-1,-1
R06-AZ,2026-09-01 04:48:00,-0.21700000000000053,-0.5580000000000016,20.433,0.446,0,0,none,-1,-1
R06-AZ,2026-09-01 04:50:00,0.21599999999999575,0.8214999999999915,19.497,1.419,0,0,none,-1,-1
R06-AZ,2026-09-01 04:52:00,0.24699999999998745,0.5129999999999928,19.424,2.089,0,0,none,-1,-1
R06-AZ,2026-09-01 04:54:00,-0.665000000000008,0.5129999999999981,20.077,0.349,0,0,none,-1,-1
R06-AZ,2026-09-01 04:56:00,-0.3230000000000004,1.3489999999999966,19.437,1.598,0,0,none,-1,-1
R06-AZ,2026-09-01 04:58:00,0.37999999999999545,1.2219999999999942,18.582,3.191,0,0,none,-1,-1
R06-AZ,2026-09-01 05:00:00,-0.4534999999999929,0.6189999999999998,19.68,0.95,0,0,none,-1,-1
R06-AZ,2026-09-01 05:02:00,0.7010000000000005,-0.4110000000000067,19.584,1.922,0,0,fiber_degradation,5,3
R06-AZ,2026-09-01 05:04:00,-0.5460000000000065,0.34999999999999254,20.078,1.073,0,0,fiber_degradation,5,3
R06-AZ,2026-09-01 05:06:00,-0.2609999999999939,-0.383000000000008,19.188,1.537,0,0,fiber_degradation,5,3
R06-AZ,2026-09-01 05:08:00,-0.18600000000000172,-2.0140000000000082,20.194,-0.026,0,0,fiber_degradation,5,3
R06-AZ,2026-09-01 05:10:00,0.13500000000000156,-0.6490000000000009,19.235,1.4,0,0,fiber_degradation,5,3
R06-AZ,2026-09-01 05:12:00,0.23650000000000304,-0.1245000000000136,19.618,1.933,0,0,fiber_degradation,5,3
R06-AZ,2026-09-01 05:14:00,0.6824999999999974,-1.263,19.647,1.224,0,0,fiber_degradation,5,3
R06-AZ,2026-09-01 05:16:00,0.8059999999999938,-0.3175000000000008,19.507,1.881,0,0,fiber_degradation,5,3
R06-AZ,2026-09-01 05:18:00,0.7580000000000009,-0.18700000000000472,18.993,2.439,0,0,fiber_degradation,5,3
R06-AZ,2026-09-01 05:20:00,1.2049999999999983,-1.6240000000000023,19.397,1.542,0,0,fiber_degradation,5,3
R06-AZ,2026-09-01 05:22:00,1.2049999999999912,-2.281500000000003,19.286,1.172,0,0,fiber_degradation,5,3
R06-AZ,2026-09-01 05:24:00,0.988999999999999,-0.6250000000000089,19.716,1.286,0,0,fiber_degradation,5,3
R06-AZ,2026-09-01 05:26:00,1.1620000000000044,0.6380000000000017,19.33,2.573,0,0,fiber_degradation,5,3
R06-AZ,2026-09-01 05:28:00,1.644499999999999,0.032999999999994145,18.945,2.431,0,0,fiber_degradation,5,3
R06-AZ,2026-09-01 05:30:00,2.0,-0.5270000000000064,18.613,2.837,0,0,fiber_degradation,5,3
R06-AZ,2026-09-01 05:32:00,1.56449999999999,-1.7090000000000014,19.74,1.537,0,0,fiber_degradation,5,3
R06-AZ,2026-09-01 05:34:00,1.5509999999999948,-2.2250000000000068,19.84,1.09,0,0,fiber_degradation,5,3
R06-AZ,2026-09-01 05:36:00,2.4699999999999953,-1.5850000000000026,19.555,1.33,0,0,fiber_degradation,5,3
R06-AZ,2026-09-01 05:38:00,1.5289999999999981,-2.148999999999999,20.432,0.27,0,0,fiber_degradation,5,3
R06-AZ,2026-09-01 05:40:00,2.070000000000002,-1.711000000000002,20.169,0.768,0,0,fiber_degradation,5,3
R06-AZ,2026-09-01 05:42:00,1.7419999999999938,-2.4640000000000093,20.237,0.249,0,0,fiber_degradation,5,3
R06-AZ,2026-09-01 05:44:00,0.9809999999999963,-3.655000000000003,20.604,-0.852,0,0,fiber_degradation,5,3
R06-AZ,2026-09-01 05:46:00,2.077999999999994,-2.8480000000000096,20.464,-0.412,0,0,fiber_degradation,5,3
R06-AZ,2026-09-01 05:48:00,2.3660000000000014,-3.7510000000000048,20.473,0.216,0,0,fiber_degradation,5,3
R06-AZ,2026-09-01 05:50:00,0.8069999999999915,-2.927000000000005,20.577,-0.493,0,0,fiber_degradation,5,3
R06-AZ,2026-09-01 05:52:00,0.5914999999999981,-2.615,20.513,-0.275,0,0,fiber_degradation,5,3
R06-AZ,2026-09-01 05:54:00,0.6483333333333334,-3.5110000000000046,20.465,-0.939,0,0,fiber_degradation,5,3
R06-AZ,2026-09-01 05:56:00,2.207666666666663,-3.1070000000000046,20.326,0.383,0,0,fiber_degradation,5,3
R06-AZ,2026-09-01 05:58:00,2.0204999999999966,-2.87750000000001,20.502,-0.06,0,0,fiber_degradation,5,3
R06-AZ,2026-09-01 06:00:00,1.657000000000009,-3.144000000000011,20.547,-0.798,0,0,fiber_degradation,5,3
R06-AZ,2026-09-01 06:02:00,1.5789999999999953,-4.374000000000013,20.477,-0.881,0,0,fiber_degradation,5,3
R06-AZ,2026-09-01 06:04:00,1.1709999999999958,-3.997000000000005,20.463,0.23,0,0,fiber_degradation,5,3
R06-AZ,2026-09-01 06:06:00,1.9440000000000008,-4.678000000000004,20.528,-1.037,0,0,fiber_degradation,5,3
R06-AZ,2026-09-01 06:08:00,1.9800000000000058,-5.128000000000004,20.492,-0.27,0,0,fiber_degradation,5,3
R06-AZ,2026-09-01 06:10:00,2.0299999999999923,-4.48900000000001,20.518,-0.745,0,0,fiber_degradation,5,3
R06-AZ,2026-09-01 06:12:00,1.9879999999999978,-3.2495000000000083,20.466,-1.314,0,0,fiber_degradation,5,3
R06-AZ,2026-09-01 06:14:00,1.659999999999993,-4.972000000000007,20.451,-1.695,0,0,fiber_degradation,5,3
R06-AZ,2026-09-01 06:16:00,2.358500000000003,-3.6145000000000085,20.496,-0.09,0,0,fiber_degradation,5,3
R06-AZ,2026-09-01 06:18:00,1.7009999999999987,-5.032000000000011,20.46,-1.965,0,0,fiber_degradation,5,3
R06-AZ,2026-09-01 06:20:00,1.6239999999999934,-4.512000000000004,20.455,-1.444,0,0,fiber_degradation,5,3
R06-AZ,2026-09-01 06:22:00,1.134999999999998,-4.64800000000001,20.394,-1.498,0,0,fiber_degradation,5,3
R06-AZ,2026-09-01 06:24:00,1.596,-5.413000000000009,20.442,-1.411,0,0,fiber_degradation,5,3
R06-AZ,2026-09-01 06:26:00,1.5849999999999955,-5.59650000000001,20.43,-1.925,0,0,fiber_degradation,5,3
R06-AZ,2026-09-01 06:28:00,2.054000000000004,-3.3209999999999997,20.539,-0.165,0,0,fiber_degradation,5,3
R06-AZ,2026-09-01 06:30:00,2.1884999999999977,-4.161000000000007,20.49,-0.758,0,0,fiber_degradation,5,3
R06-AZ,2026-09-01 06:32:00,0.7799999999999976,-5.4530000000000065,20.241,-2.817,0,0,fiber_degradation,5,3
R06-AZ,2026-09-01 06:34:00,1.261999999999997,-4.945000000000011,20.187,-2.436,0,0,fiber_degradation,5,3
R06-AZ,2026-09-01 06:36:00,1.856999999999994,-4.637000000000011,20.357,-1.483,0,0,fiber_degradation,5,3
R06-AZ,2026-09-01 06:38:00,1.0389999999999908,-5.1000000000000085,20.303,-2.159,0,0,fiber_degradation,5,3
R06-AZ,2026-09-01 06:40:00,2.9379999999999935,-6.041000000000006,20.238,-1.971,0,0,fiber_degradation,5,3
R06-AZ,2026-09-01 06:42:00,1.6229999999999976,-3.6840000000000046,20.453,-0.719,0,0,fiber_degradation,5,3
R06-AZ,2026-09-01 06:44:00,1.263999999999994,-4.508000000000006,20.085,-2.436,0,0,fiber_degradation,5,3
R06-AZ,2026-09-01 06:46:00,0.06200000000000294,-4.807000000000006,20.316,-2.979,0,0,fiber_degradation,5,3
R06-AZ,2026-09-01 06:48:00,1.8079999999999963,-5.500000000000009,20.437,-1.508,0,0,fiber_degradation,5,3
R06-AZ,2026-09-01 06:50:00,2.1799999999999944,-5.087000000000007,20.275,-2.494,0,0,fiber_degradation,5,3
R06-AZ,2026-09-01 06:52:00,1.3659999999999979,-5.6484999999999985,20.038,-2.926,0,0,fiber_degradation,5,3
R06-AZ,2026-09-01 06:54:00,2.0309999999999935,-4.242000000000004,20.48,-1.085,0,0,fiber_degradation,5,3
R06-AZ,2026-09-01 06:56:00,0.9449999999999896,-5.354000000000003,20.197,-3.058,0,0,fiber_degradation,5,3
R06-AZ,2026-09-01 06:58:00,2.654,-4.699000000000012,20.497,-0.547,0,0,fiber_degradation,5,3
R06-AZ,2026-09-01 07:00:00,0.894999999999996,-5.504000000000008,20.156,-3.166,0,0,fiber_degradation,5,3
R06-AZ,2026-09-01 07:02:00,-0.5520000000000032,-0.810000000000004,20.171,0.053,0,0,none,-1,-1
R06-AZ,2026-09-01 07:04:00,-0.1769999999999996,-0.7685000000000031,20.035,0.698,0,0,none,-1,-1
R06-AZ,2026-09-01 07:06:00,-0.5359999999999978,-0.35300000000000686,20.177,0.834,0,0,none,-1,-1
R06-AZ,2026-09-01 07:08:00,-0.3680000000000039,0.2559999999999931,19.572,1.382,0,0,none,-1,-1
R06-AZ,2026-09-01 07:10:00,-0.18700000000001182,-0.07400000000000695,20.686,-0.162,0,0,none,-1,-1
R06-AZ,2026-09-01 07:12:00,0.24199999999999733,0.9864999999999977,19.11,2.095,0,0,none,-1,-1
R06-AZ,2026-09-01 07:14:00,-0.2640000000000029,0.7309999999999857,19.38,1.581,0,0,none,-1,-1
R06-AZ,2026-09-01 07:16:00,-0.23400000000000354,0.5154999999999923,19.948,1.132,0,0,none,-1,-1
R06-AZ,2026-09-01 07:18:00,-0.20400000000000418,0.2999999999999936,20.161,1.273,0,0,none,-1,-1
R06-AZ,2026-09-01 07:20:00,-0.787500000000005,0.48199999999999577,20.379,0.549,0,0,none,-1,-1
R06-AZ,2026-09-01 07:22:00,-0.6109999999999989,-1.5510000000000002,20.185,-0.037,0,0,none,-1,-1
R06-AZ,2026-09-01 07:24:00,-0.631000000000002,-0.49200000000000976,20.426,0.089,0,0,none,-1,-1
R06-AZ,2026-09-01 07:26:00,-0.6550000000000029,-0.5109999999999992,20.344,-0.032,0,0,none,-1,-1
R06-AZ,2026-09-01 07:28:00,-0.6919999999999966,0.14199999999999946,20.153,0.715,0,0,none,-1,-1
R06-AZ,2026-09-01 07:30:00,-0.7750000000000039,0.1204999999999945,19.971,0.886,0,0,none,-1,-1
R06-AZ,2026-09-01 07:32:00,-0.09150000000000169,-1.3500000000000103,19.789,0.664,0,0,none,-1,-1
R06-AZ,2026-09-01 07:34:00,-0.7199999999999971,-0.5040000000000102,20.429,-0.586,0,0,none,-1,-1
R06-AZ,2026-09-01 07:36:00,-0.6540000000000052,-0.06200000000001182,20.37,-0.178,0,0,none,-1,-1
R06-AZ,2026-09-01 07:38:00,0.4050000000000047,0.2939999999999987,19.885,1.34,0,0,none,-1,-1
R06-AZ,2026-09-01 07:40:00,-0.6500000000000004,0.12100000000000044,19.909,0.569,0,0,none,-1,-1
R06-AZ,2026-09-01 07:42:00,-0.6980000000000075,-1.5980000000000008,20.297,-0.384,0,0,none,-1,-1
R06-AZ,2026-09-01 07:44:00,-1.2670000000000066,-1.3450000000000042,20.232,-0.161,0,0,none,-1,-1
R06-AZ,2026-09-01 07:46:00,-0.243999999999998,-1.8060000000000045,19.943,-0.267,0,0,none,-1,-1
R06-AZ,2026-09-01 07:48:00,-0.8890000000000047,-1.0984999999999996,20.565,-0.369,0,0,none,-1,-1
R06-AZ,2026-09-01 07:50:00,0.5490000000000013,-0.9330000000000016,20.124,-0.198,0,0,none,-1,-1
R06-AZ,2026-09-01 07:52:00,-0.42600000000000193,-1.1410000000000053,20.261,-0.376,0,0,none,-1,-1
R06-AZ,2026-09-01 07:54:00,-0.5300000000000029,-0.5310000000000112,20.47,0.428,0,0,none,-1,-1
R06-AZ,2026-09-01 07:56:00,-0.9914999999999967,-0.8450000000000042,20.393,-0.394,0,0,none,-1,-1
R06-AZ,2026-09-01 07:58:00,-1.2009999999999952,-1.3600000000000136,20.494,-1.401,0,0,none,-1,-1
R06-AZ,2026-09-01 08:00:00,-0.9024999999999981,-1.6820000000000004,20.551,-1.122,0,0,none,-1,-1
R06-AZ,2026-09-01 08:02:00,-0.8960000000000008,-1.775000000000011,20.304,-0.189,0,0,none,-1,-1
R06-AZ,2026-09-01 08:04:00,0.5259999999999998,-1.870000000000008,20.283,-0.284,0,0,none,-1,-1
R06-AZ,2026-09-01 08:06:00,-0.6210000000000075,-1.290000000000008,20.554,-1.281,0,0,none,-1,-1
R06-AZ,2026-09-01 08:08:00,-0.8830000000000098,-1.1790000000000038,20.318,-0.213,0,0,none,-1,-1
R06-AZ,2026-09-01 08:10:00,-0.34600000000000364,-0.17900000000000205,20.139,0.626,0,0,none,-1,-1
R06-AZ,2026-09-01 08:12:00,-0.585000000000008,-0.6340000000000074,20.413,-0.185,0,0,none,-1,-1
R06-AZ,2026-09-01 08:14:00,-0.4870000000000001,-0.3140000000000054,20.292,0.123,0,0,none,-1,-1
R06-AZ,2026-09-01 08:16:00,-0.8909999999999965,-1.577000000000007,20.322,-0.673,0,0,none,-1,-1
R06-AZ,2026-09-01 08:18:00,-1.2780000000000022,-0.6740000000000084,20.52,-0.232,0,0,none,-1,-1
R06-AZ,2026-09-01 08:20:00,-0.31400000000000183,-0.4020000000000046,20.397,-0.346,0,0,none,-1,-1
R06-AZ,2026-09-01 08:22:00,-0.08250000000000313,-0.35400000000000276,19.991,0.217,0,0,none,-1,-1
R06-AZ,2026-09-01 08:24:00,-1.672000000000006,-1.419000000000004,20.631,-2.004,0,0,none,-1,-1
R06-AZ,2026-09-01 08:26:00,-0.2884999999999991,-0.7420000000000098,20.137,-0.063,0,0,none,-1,-1
R06-AZ,2026-09-01 08:28:00,-1.1980000000000022,-0.7040000000000024,20.467,-0.37,0,0,none,-1,-1
R06-AZ,2026-09-01 08:30:00,-0.8299999999999965,-1.909000000000006,20.484,-0.193,0,0,none,-1,-1
R06-AZ,2026-09-01 08:32:00,-0.8120000000000065,-1.7490000000000077,20.175,-0.304,0,0,none,-1,-1
R06-AZ,2026-09-01 08:34:00,-0.2540000000000049,-1.3070000000000004,19.95,0.346,0,0,none,-1,-1
R06-AZ,2026-09-01 08:36:00,-0.7099999999999955,-41.833,-16.815,-41.863,1,1,fiber_cut,2,4
R06-AZ,2026-09-01 08:38:00,0.08199999999999896,-40.813,-15.627,-39.936,1,1,fiber_cut,2,4
R06-AZ,2026-09-01 08:40:00,-0.30400000000000205,-40.272,-16.208,-40.36,1,1,fiber_cut,2,4
R06-AZ,2026-09-01 08:42:00,0.23399999999999999,-42.15899999999999,-17.079,-41.342,1,1,fiber_cut,2,4
R06-AZ,2026-09-01 08:44:00,-0.37900000000000134,-41.206500000000005,-16.305,-40.497,1,1,fiber_cut,2,4
R06-AZ,2026-09-01 08:46:00,-0.09600000000000541,-41.338,-16.111,-40.338,1,1,fiber_cut,2,4
R06-AZ,2026-09-01 08:48:00,-0.5749999999999993,-41.536,-15.717,-40.435,1,1,fiber_cut,2,4
R06-AZ,2026-09-01 08:50:00,-0.8940000000000108,-41.60600000000001,-16.493,-41.19,1,1,fiber_cut,2,4
R06-AZ,2026-09-01 08:52:00,-0.8540000000000063,-40.301,-16.538,-40.533,1,1,fiber_cut,2,4
R06-AZ,2026-09-01 08:54:00,-0.7230000000000061,-40.529999999999994,-16.144,-40.178,1,1,fiber_cut,2,4
R06-AZ,2026-09-01 08:56:00,-0.6595000000000013,-40.639,-15.536,-40.016,1,1,fiber_cut,2,4
R06-AZ,2026-09-01 08:58:00,-0.9220000000000041,-39.879000000000005,-16.05,-39.929,1,1,fiber_cut,2,4
R06-AZ,2026-09-01 09:00:00,-0.6349999999999998,-41.295000000000016,-15.409,-39.898,1,1,fiber_cut,2,4
R06-AZ,2026-09-01 09:02:00,-0.39600000000000435,-40.902,-15.826,-40.432,1,1,fiber_cut,2,4
R06-AZ,2026-09-01 09:04:00,-0.7159999999999993,-42.139,-15.912,-40.769,1,1,fiber_cut,2,4
R06-AZ,2026-09-01 09:06:00,-1.1310000000000073,-43.53800000000001,-16.989,-42.132,1,1,fiber_cut,2,4
R06-AZ,2026-09-01 09:08:00,0.10299999999999976,-42.166000000000004,-16.446,-41.16,1,1,fiber_cut,2,4
R06-AZ,2026-09-01 09:10:00,-0.6560000000000024,-40.474500000000006,-15.873,-40.058,1,1,fiber_cut,2,4
R06-AZ,2026-09-01 09:12:00,-0.5280000000000076,-41.540000000000006,-16.23,-41.227,1,1,fiber_cut,2,4
R06-AZ,2026-09-01 09:14:00,-1.0729999999999986,-41.204,-16.023,-40.237,1,1,fiber_cut,2,4
R06-AZ,2026-09-01 09:16:00,-0.5290000000000052,-1.5210000000000008,20.41,-0.243,0,0,none,-1,-1
R06-AZ,2026-09-01 09:18:00,-0.9690000000000047,-1.2150000000000052,20.727,-1.069,0,0,none,-1,-1
R06-AZ,2026-09-01 09:20:00,-1.392999999999999,-0.3480000000000043,20.609,-1.383,0,0,none,-1,-1
R06-AZ,2026-09-01 09:22:00,-0.3019999999999978,-2.6660000000000075,20.387,-1.159,0,0,none,-1,-1
R06-AZ,2026-09-01 09:24:00,-0.7770000000000028,-1.7250000000000085,20.464,-1.046,0,0,none,-1,-1
R06-AZ,2026-09-01 09:26:00,-0.547500000000003,-2.581000000000003,20.534,-1.251,0,0,none,-1,-1
R06-AZ,2026-09-01 09:28:00,-0.9595000000000073,-1.2190000000000065,20.411,-0.541,0,0,none,-1,-1
R06-AZ,2026-09-01 09:30:00,0.5420000000000016,-2.656000000000006,20.037,-0.306,0,0,none,-1,-1
R06-AZ,2026-09-01 09:32:00,0.5289999999999946,-1.4340000000000046,20.103,0.593,0,0,none,-1,-1
R06-AZ,2026-09-01 09:34:00,-0.5250000000000092,-1.5740000000000105,20.467,-1.046,0,0,none,-1,-1
R06-AZ,2026-09-01 09:36:00,-0.4599999999999991,-1.3989999999999974,19.74,0.87,0,0,none,-1,-1
R06-AZ,2026-09-01 09:38:00,-0.4650000000000034,-1.167500000000011,20.127,0.728,0,0,none,-1,-1
R06-AZ,2026-09-01 09:40:00,-0.06300000000000061,-41.79600000000001,-15.648,-40.641,1,1,fiber_cut,4,5
R06-AZ,2026-09-01 09:42:00,-0.14900000000000446,-41.942,-15.972,-40.961,1,1,fiber_cut,4,5
R06-AZ,2026-09-01 09:44:00,-0.1225000000000005,-40.759,-15.405,-39.47,1,1,fiber_cut,4,5
R06-AZ,2026-09-01 09:46:00,0.4120000000000008,-41.12500000000001,-15.185,-39.47,1,1,fiber_cut,4,5
R06-AZ,2026-09-01 09:48:00,0.3319999999999901,-40.318000000000005,-14.532,-38.658,1,1,fiber_cut,4,5
R06-AZ,2026-09-01 09:50:00,-1.0150000000000006,-43.75500000000001,-16.814,-42.342,1,1,fiber_cut,4,5
R06-AZ,2026-09-01 09:52:00,0.23499999999999943,-41.023,-15.642,-40.254,1,1,fiber_cut,4,5
R06-AZ,2026-09-01 09:54:00,-0.041000000000002146,-41.854000000000006,-15.942,-40.724,1,1,fiber_cut,4,5
R06-AZ,2026-09-01 09:56:00,-0.8720000000000034,-40.54050000000001,-15.667,-39.988,1,1,fiber_cut,4,5
R06-AZ,2026-09-01 09:58:00,-1.2130000000000098,-39.916000000000004,-15.592,-40.553,1,1,fiber_cut,4,5
R06-ZA,2026-09-01 00:00:00,0.2949999999999946,-0.7090000000000103,20.374,-1.216,0,0,none,-1,-1
R06-ZA,2026-09-01 00:02:00,0.4779999999999962,-2.0060000000000073,20.364,-1.603,0,0,none,-1,-1
R06-ZA,2026-09-01 00:04:00,1.1669999999999998,-1.198999999999998,20.251,-1.266,0,0,none,-1,-1
R06-ZA,2026-09-01 00:06:00,-0.6950000000000038,-1.3540000000000116,20.313,-1.894,0,0,none,-1,-1
R06-ZA,2026-09-01 00:08:00,0.3840000000000021,-2.961500000000001,20.318,-2.452,0,0,none,-1,-1
R06-ZA,2026-09-01 00:10:00,0.9909999999999943,-1.3885000000000058,20.317,-1.555,0,0,none,-1,-1
R06-ZA,2026-09-01 00:12:00,0.7339999999999929,-1.5010000000000048,20.143,-0.902,0,0,none,-1,-1
R06-ZA,2026-09-01 00:14:00,1.205999999999996,-1.4300000000000086,20.179,-0.267,0,0,none,-1,-1
R06-ZA,2026-09-01 00:16:00,0.3609999999999953,-1.9685000000000041,20.326,-0.647,0,0,none,-1,-1
R06-ZA,2026-09-01 00:18:00,0.9134999999999973,-1.7650000000000095,20.342,-1.659,0,0,none,-1,-1
R06-ZA,2026-09-01 00:20:00,0.3069999999999986,-2.0965000000000114,20.344,-1.513,0,0,none,-1,-1
R06-ZA,2026-09-01 00:22:00,2.0660000000000025,-1.513000000000007,19.836,0.919,0,0,none,-1,-1
R06-ZA,2026-09-01 00:24:00,0.6825000000000028,-1.5910000000000029,20.314,-1.589,0,0,none,-1,-1
R06-ZA,2026-09-01 00:26:00,1.9180000000000028,-2.5800000000000107,20.344,-1.446,0,0,none,-1,-1
R06-ZA,2026-09-01 00:28:00,1.107999999999997,-1.5670000000000055,20.391,-0.875,0,0,none,-1,-1
R06-ZA,2026-09-01 00:30:00,-0.648000000000005,-2.645000000000012,20.245,-3.252,0,0,amplifier_degradation,1,0
R06-ZA,2026-09-01 00:32:00,-0.4239999999999977,-1.0760000000000023,20.287,-2.29,0,0,amplifier_degradation,1,0
R06-ZA,2026-09-01 00:34:00,-0.9199999999999946,-2.3450000000000024,20.054,-3.181,0,0,amplifier_degradation,1,0
R06-ZA,2026-09-01 00:36:00,-1.5009999999999994,-1.731000000000007,19.899,-3.67,0,0,amplifier_degradation,1,0
R06-ZA,2026-09-01 00:38:00,-1.4689999999999959,-3.022000000000009,19.612,-3.597,0,0,amplifier_degradation,1,0
R06-ZA,2026-09-01 00:40:00,-1.9669999999999987,-2.5010000000000048,19.566,-3.915,0,0,amplifier_degradation,1,0
R06-ZA,2026-09-01 00:42:00,-2.4150000000000045,-2.31350000000001,19.041,-4.954,0,0,amplifier_degradation,1,0
R06-ZA,2026-09-01 00:44:00,-3.184000000000001,-1.5050000000000079,18.543,-5.496,0,0,amplifier_degradation,1,0
R06-ZA,2026-09-01 00:46:00,-3.481499999999997,-2.7000000000000117,18.11,-6.193,1,0,amplifier_degradation,1,0
R06-ZA,2026-09-01 00:48:00,-3.3489999999999966,-1.0105000000000022,18.469,-5.154,0,0,amplifier_degradation,1,0
R06-ZA,2026-09-01 00:50:00,-4.974,0.3694999999999897,18.172,-4.817,0,0,amplifier_degradation,1,0
R06-ZA,2026-09-01 00:52:00,-4.925000000000004,-1.6900000000000084,17.326,-6.824,1,0,amplifier_degradation,1,0
R06-ZA,2026-09-01 00:54:00,-5.494999999999996,-0.9165000000000081,17.152,-7.117,1,0,amplifier_degradation,1,0
R06-ZA,2026-09-01 00:56:00,-5.6424999999999965,-1.1780000000000062,16.107,-7.917,1,0,amplifier_degradation,1,0
R06-ZA,2026-09-01 00:58:00,-6.151999999999989,-3.0980000000000096,15.877,-8.446,1,0,amplifier_degradation,1,0
R06-ZA,2026-09-01 01:00:00,-6.4679999999999955,-1.0950000000000077,15.561,-7.76,1,0,amplifier_degradation,1,0
R06-ZA,2026-09-01 01:02:00,-5.907000000000005,-1.6300000000000097,15.918,-7.71,1,0,amplifier_degradation,1,0
R06-ZA,2026-09-01 01:04:00,-6.534000000000004,-1.3500000000000014,15.046,-8.575,1,0,amplifier_degradation,1,0
R06-ZA,2026-09-01 01:06:00,-7.961999999999998,-1.3990000000000027,14.68,-9.241,1,0,amplifier_degradation,1,0
R06-ZA,2026-09-01 01:08:00,-7.286499999999997,0.5489999999999995,14.441,-8.621,1,0,amplifier_degradation,1,0
R06-ZA,2026-09-01 01:10:00,-7.972999999999999,-1.6960000000000015,13.927,-10.278,1,0,amplifier_degradation,1,0
R06-ZA,2026-09-01 01:12:00,-9.586000000000007,0.6309999999999967,14.073,-9.204,1,0,amplifier_degradation,1,0
R06-ZA,2026-09-01 01:14:00,-8.582999999999998,-1.4080000000000101,13.312,-10.767,1,0,amplifier_degradation,1,0
R06-ZA,2026-09-01 01:16:00,-10.258000000000006,-2.303000000000008,11.963,-12.083,1,1,amplifier_degradation,1,0
R06-ZA,2026-09-01 01:18:00,-9.395000000000003,-2.623000000000008,11.861,-12.661,1,1,amplifier_degradation,1,0
R06-ZA,2026-09-01 01:20:00,-10.623500000000003,-1.1050000000000058,12.103,-11.838,1,1,amplifier_degradation,1,0
R06-ZA,2026-09-01 01:22:00,-11.226000000000006,-1.8730000000000047,11.616,-12.958,1,1,amplifier_degradation,1,0
R06-ZA,2026-09-01 01:24:00,-9.459000000000001,0.8279999999999959,13.425,-9.991,1,0,amplifier_degradation,1,0
R06-ZA,2026-09-01 01:26:00,-10.231000000000005,-0.5750000000000046,12.271,-11.439,1,1,amplifier_degradation,1,0
R06-ZA,2026-09-01 01:28:00,-9.726000000000006,-0.4435000000000109,12.523,-10.769,1,1,amplifier_degradation,1,0
R06-ZA,2026-09-01 01:30:00,-10.310000000000008,-1.5600000000000094,11.757,-12.104,1,1,amplifier_degradation,1,0
R06-ZA,2026-09-01 01:32:00,-10.232000000000006,-1.7070000000000114,11.332,-12.763,1,1,amplifier_degradation,1,0
R06-ZA,2026-09-01 01:34:00,-10.099000000000002,-0.7469999999999999,12.658,-11.283,1,1,amplifier_degradation,1,0
R06-ZA,2026-09-01 01:36:00,-11.028,-1.5040000000000049,11.73,-12.026,1,1,amplifier_degradation,1,0
R06-ZA,2026-09-01 01:38:00,-10.006000000000002,-1.4430000000000103,11.949,-12.067,1,1,amplifier_degradation,1,0
R06-ZA,2026-09-01 01:40:00,-10.854000000000001,1.368000000000002,12.232,-11.184,1,1,amplifier_degradation,1,0
R06-ZA,2026-09-01 01:42:00,-9.793999999999997,-1.3220000000000063,12.088,-11.769,1,1,amplifier_degradation,1,0
R06-ZA,2026-09-01 01:44:00,-10.264,-1.2240000000000038,11.868,-12.566,1,1,amplifier_degradation,1,0
R06-ZA,2026-09-01 01:46:00,-10.485000000000001,-0.5700000000000038,11.956,-11.297,1,1,amplifier_degradation,1,0
R06-ZA,2026-09-01 01:48:00,-10.669000000000006,-2.4560000000000013,11.424,-12.378,1,1,amplifier_degradation,1,0
R06-ZA,2026-09-01 01:50:00,-10.634000000000004,-2.8630000000000067,10.825,-13.606,1,1,amplifier_degradation,1,0
R06-ZA,2026-09-01 01:52:00,-10.680999999999997,-1.5440000000000094,11.44,-12.376,1,1,amplifier_degradation,1,0
R06-ZA,2026-09-01 01:54:00,1.5839999999999996,-0.009000000000003894,19.295,1.028,0,0,none,-1,-1
R06-ZA,2026-09-01 01:56:00,0.8294999999999959,-1.0960000000000036,20.235,-0.635,0,0,none,-1,-1
R06-ZA,2026-09-01 01:58:00,0.4070000000000018,-1.2140000000000093,20.025,-1.177,0,0,none,-1,-1
R06-ZA,2026-09-01 02:00:00,1.5620000000000047,-0.07900000000000595,19.805,0.831,0,0,none,-1,-1
R06-ZA,2026-09-01 02:02:00,1.2379999999999942,-0.35300000000000864,20.008,0.709,0,0,none,-1,-1
R06-ZA,2026-09-01 02:04:00,0.5550000000000015,0.3839999999999897,19.88,1.05,0,0,none,-1,-1
R06-ZA,2026-09-01 02:06:00,-0.061999999999995836,-0.9930000000000092,20.372,-1.43,0,0,amplifier_degradation,19,1
R06-ZA,2026-09-01 02:08:00,-0.5604999999999993,-1.254000000000012,19.967,-1.352,0,0,amplifier_degradation,19,1
R06-ZA,2026-09-01 02:10:00,-1.1319999999999926,0.15399999999999636,18.845,-0.976,0,0,amplifier_degradation,19,1
R06-ZA,2026-09-01 02:12:00,-4.6640000000000015,-1.8130000000000095,20.127,-5.784,0,0,amplifier_degradation,19,1
R06-ZA,2026-09-01 02:14:00,-4.719999999999997,-1.0590000000000046,20.023,-5.566,0,0,amplifier_degradation,19,1
R06-ZA,2026-09-01 02:16:00,-5.706000000000005,-0.3630000000000084,19.457,-6.352,1,0,amplifier_degradation,19,1
R06-ZA,2026-09-01 02:18:00,-6.441999999999997,-0.703000000000003,19.908,-8.333,1,0,amplifier_degradation,19,1
R06-ZA,2026-09-01 02:20:00,-8.651000000000007,0.8239999999999874,18.936,-8.167,1,0,amplifier_degradation,19,1
R06-ZA,2026-09-01 02:22:00,-9.921000000000001,-1.0170000000000083,19.803,-11.139,1,0,amplifier_degradation,19,1
R06-ZA,2026-09-01 02:24:00,-10.115000000000006,-0.9105000000000096,19.999,-11.71,1,0,amplifier_degradation,19,1
R06-ZA,2026-09-01 02:26:00,-9.050000000000006,0.13199999999999257,19.343,-9.736,1,0,amplifier_degradation,19,1
R06-ZA,2026-09-01 02:28:00,-9.659999999999998,-0.7290000000000063,19.839,-11.121,1,0,amplifier_degradation,19,1
R06-ZA,2026-09-01 02:30:00,-10.88600000000001,-1.0340000000000078,19.862,-12.429,1,0,amplifier_degradation,19,1
R06-ZA,2026-09-01 02:32:00,-9.136000000000003,0.19399999999999196,18.634,-8.451,1,0,amplifier_degradation,19,1
R06-ZA,2026-09-01 02:34:00,-10.644999999999998,0.7729999999999908,19.485,-10.334,1,0,amplifier_degradation,19,1
R06-ZA,2026-09-01 02:36:00,0.3819999999999997,0.22899999999999388,19.947,0.158,0,0,none,-1,-1
R06-ZA,2026-09-01 02:38:00,1.3859999999999992,-1.4930000000000092,20.151,0.368,0,0,none,-1,-1
R06-ZA,2026-09-01 02:40:00,0.4619999999999944,-0.7710000000000061,20.035,-0.447,0,0,none,-1,-1
R06-ZA,2026-09-01 02:42:00,1.1464999999999979,-0.09100000000000463,19.764,0.541,0,0,none,-1,-1
R06-ZA,2026-09-01 02:44:00,1.229000000000001,-1.4370000000000047,20.311,-0.616,0,0,none,-1,-1
R06-ZA,2026-09-01 02:46:00,0.6869999999999976,-1.396000000000008,20.217,-0.431,0,0,none,-1,-1
R06-ZA,2026-09-01 02:48:00,0.6010000000000044,-0.2500000000000071,20.241,-0.53,0,0,none,-1,-1
R06-ZA,2026-09-01 02:50:00,1.006999999999998,-0.007000000000003226,19.802,0.891,0,0,none,-1,-1
R06-ZA,2026-09-01 02:52:00,0.11800000000000033,-0.134000000000011,20.187,-0.502,0,0,none,-1,-1
R06-ZA,2026-09-01 02:54:00,1.3789999999999978,0.40299999999999514,19.957,0.456,0,0,none,-1,-1
R06-ZA,2026-09-01 02:56:00,1.0579999999999927,1.214999999999991,18.848,2.006,0,0,none,-1,-1
R06-ZA,2026-09-01 02:58:00,0.8534999999999986,-1.2425000000000086,20.157,0.093,0,0,none,-1,-1
R06-ZA,2026-09-01 03:00:00,0.04599999999999582,0.3919999999999977,20.216,0.629,0,0,none,-1,-1
R06-ZA,2026-09-01 03:02:00,0.7934999999999963,-0.4420000000000055,19.934,0.188,0,0,none,-1,-1
R06-ZA,2026-09-01 03:04:00,1.3389999999999969,0.22099999999999476,20.151,0.486,0,0,none,-1,-1
R06-ZA,2026-09-01 03:06:00,0.6545000000000023,-0.5910000000000082,20.105,-0.231,0,0,none,-1,-1
R06-ZA,2026-09-01 03:08:00,0.2949999999999946,-0.47050000000001013,20.339,-1.791,0,0,none,-1,-1
R06-ZA,2026-09-01 03:10:00,-8.029999999999998,1.0309999999999917,17.531,-7.734,1,0,amplifier_degradation,13,2
R06-ZA,2026-09-01 03:12:00,-7.8940000000000055,-0.3290000000000113,16.901,-9.568,1,0,amplifier_degradation,13,2
R06-ZA,2026-09-01 03:14:00,-7.9129999999999985,-0.8190000000000097,17.492,-8.437,1,0,amplifier_degradation,13,2
R06-ZA,2026-09-01 03:16:00,-8.881000000000004,0.15099999999998737,16.997,-9.668,1,0,amplifier_degradation,13,2
R06-ZA,2026-09-01 03:18:00,-8.999000000000006,-1.21600000000001,16.93,-9.489,1,0,amplifier_degradation,13,2
R06-ZA,2026-09-01 03:20:00,-7.650000000000002,-0.3675000000000104,17.144,-8.984,1,0,amplifier_degradation,13,2
R06-ZA,2026-09-01 03:22:00,-8.049999999999997,-0.5190000000000072,17.201,-8.828,1,0,amplifier_degradation,13,2
R06-ZA,2026-09-01 03:24:00,-7.602000000000002,0.6489999999999938,17.825,-7.685,1,0,amplifier_degradation,13,2
R06-ZA,2026-09-01 03:26:00,-8.1,-0.0010000000000047748,17.255,-8.583,1,0,amplifier_degradation,13,2
R06-ZA,2026-09-01 03:28:00,-7.455000000000002,-1.1300000000000114,16.934,-9.507,1,0,amplifier_degradation,13,2
R06-ZA,2026-09-01 03:30:00,-8.186999999999994,0.6329999999999938,17.629,-8.266,1,0,amplifier_degradation,13,2
R06-ZA,2026-09-01 03:32:00,-8.883000000000006,0.7419999999999973,17.321,-8.802,1,0,amplifier_degradation,13,2
R06-ZA,2026-09-01 03:34:00,-8.399000000000003,-1.6570000000000107,16.618,-10.239,1,0,amplifier_degradation,13,2
R06-ZA,2026-09-01 03:36:00,-7.704999999999995,-0.23300000000000765,17.927,-7.798,1,0,amplifier_degradation,13,2
R06-ZA,2026-09-01 03:38:00,-8.494000000000003,1.9514999999999887,17.838,-7.679,1,0,amplifier_degradation,13,2
R06-ZA,2026-09-01 03:40:00,-8.219000000000003,-0.6350000000000051,17.386,-8.594,1,0,amplifier_degradation,13,2
R06-ZA,2026-09-01 03:42:00,-8.342999999999996,0.1389999999999958,17.823,-7.726,1,0,amplifier_degradation,13,2
R06-ZA,2026-09-01 03:44:00,-8.767000000000003,0.47899999999999565,16.93,-9.171,1,0,amplifier_degradation,13,2
R06-ZA,2026-09-01 03:46:00,-7.199999999999999,-0.4500000000000046,17.737,-7.882,1,0,amplifier_degradation,13,2
R06-ZA,2026-09-01 03:48:00,-7.704000000000011,0.7639999999999851,17.379,-8.692,1,0,amplifier_degradation,13,2
R06-ZA,2026-09-01 03:50:00,-8.117000000000003,1.3149999999999906,17.805,-7.735,1,0,amplifier_degradation,13,2
R06-ZA,2026-09-01 03:52:00,-7.446999999999996,0.8129999999999953,17.992,-7.216,1,0,amplifier_degradation,13,2
R06-ZA,2026-09-01 03:54:00,-8.284000000000002,0.9614999999999991,17.134,-8.844,1,0,amplifier_degradation,13,2
R06-ZA,2026-09-01 03:56:00,-8.049000000000005,-0.6510000000000051,17.528,-8.562,1,0,amplifier_degradation,13,2
R06-ZA,2026-09-01 03:58:00,-8.795000000000002,0.3319999999999954,17.333,-8.652,1,0,amplifier_degradation,13,2
R06-ZA,2026-09-01 04:00:00,-8.3045,-0.6880000000000059,17.058,-9.361,1,0,amplifier_degradation,13,2
R06-ZA,2026-09-01 04:02:00,-8.146999999999997,-0.8255000000000035,16.892,-9.045,1,0,amplifier_degradation,13,2
R06-ZA,2026-09-01 04:04:00,0.6325000000000003,0.12199999999999456,20.113,0.307,0,0,none,-1,-1
R06-ZA,2026-09-01 04:06:00,0.4250000000000007,-0.32700000000000706,20.27,-0.287,0,0,none,-1,-1
R06-ZA,2026-09-01 04:08:00,0.7360000000000042,0.41599999999998793,19.9,0.557,0,0,none,-1,-1
R06-ZA,2026-09-01 04:10:00,0.4980000000000029,-0.8260000000000094,20.176,-0.27,0,0,none,-1,-1
R06-ZA,2026-09-01 04:12:00,1.5479999999999965,1.1429999999999936,19.411,1.613,0,0,none,-1,-1
R06-ZA,2026-09-01 04:14:00,1.6250000000000036,-0.21300000000000452,19.486,1.213,0,0,none,-1,-1
R06-ZA,2026-09-01 04:16:00,0.825999999999997,0.915999999999995,19.6,1.386,0,0,none,-1,-1
R06-ZA,2026-09-01 04:18:00,1.9059999999999935,-0.6520000000000046,19.346,0.742,0,0,none,-1,-1
R06-ZA,2026-09-01 04:20:00,1.8619999999999948,0.29099999999999504,19.822,1.106,0,0,none,-1,-1
R06-ZA,2026-09-01 04:22:00,0.2829999999999977,0.8859999999999992,19.264,1.108,0,0,none,-1,-1
R06-ZA,2026-09-01 04:24:00,0.5785000000000036,1.319499999999989,19.505,0.854,0,0,none,-1,-1
R06-ZA,2026-09-01 04:26:00,0.4450000000000003,-0.46500000000000163,19.906,0.349,0,0,none,-1,-1
R06-ZA,2026-09-01 04:28:00,0.6480000000000032,0.21899999999999764,19.827,0.529,0,0,none,-1,-1
R06-ZA,2026-09-01 04:30:00,1.3049999999999997,-0.6349999999999998,20.007,0.169,0,0,none,-1,-1
R06-ZA,2026-09-01 04:32:00,0.8319999999999954,-1.3250000000000028,20.364,-0.855,0,0,none,-1,-1
R06-ZA,2026-09-01 04:34:00,0.3189999999999955,0.493999999999998,20.055,0.21,0,0,none,-1,-1
R06-ZA,2026-09-01 04:36:00,0.6029999999999944,0.09399999999998698,20.022,0.642,0,0,none,-1,-1
R06-ZA,2026-09-01 04:38:00,1.3255000000000035,1.3899999999999952,19.332,2.013,0,0,none,-1,-1
R06-ZA,2026-09-01 04:40:00,0.6949999999999985,0.08099999999999241,20.006,0.903,0,0,none,-1,-1
R06-ZA,2026-09-01 04:42:00,0.5969999999999995,-18.840000000000003,5.863,-18.5,1,1,flapping,6,3
R06-ZA,2026-09-01 04:44:00,0.46300000000000097,-18.33900000000002,6.696,-17.69,1,1,flapping,6,3
R06-ZA,2026-09-01 04:46:00,1.241000000000005,0.23399999999999466,20.169,0.763,0,0,flapping,6,3
R06-ZA,2026-09-01 04:48:00,-0.2694999999999972,-0.4130000000000038,20.451,-0.53,0,0,flapping,6,3
R06-ZA,2026-09-01 04:50:00,1.2940000000000005,1.1734999999999953,18.872,2.368,0,0,flapping,6,3
R06-ZA,2026-09-01 04:52:00,0.5099999999999998,-0.9880000000000102,20.141,-0.138,0,0,flapping,6,3
R06-ZA,2026-09-01 04:54:00,0.40250000000000163,0.10599999999998921,20.263,0.065,0,0,flapping,6,3
R06-ZA,2026-09-01 04:56:00,0.5520000000000032,0.11899999999999444,19.466,0.952,0,0,flapping,6,3
R06-ZA,2026-09-01 04:58:00,0.8449999999999935,-18.897500000000015,6.072,-18.542,1,1,flapping,6,3
R06-ZA,2026-09-01 05:00:00,0.747999999999994,-0.701000000000013,19.636,0.709,0,0,flapping,6,3
R06-ZA,2026-09-01 05:02:00,1.0954999999999977,1.2749999999999986,18.783,1.886,0,0,none,-1,-1
R06-ZA,2026-09-01 05:04:00,1.1430000000000042,0.10099999999999376,19.69,0.721,0,0,none,-1,-1
R06-ZA,2026-09-01 05:06:00,0.40199999999999925,1.6049999999999898,19.597,1.037,0,0,none,-1,-1
R06-ZA,2026-09-01 05:08:00,-0.32599999999999874,-1.0860000000000074,19.87,-0.443,0,0,amplifier_degradation,13,4
R06-ZA,2026-09-01 05:10:00,-0.5364999999999984,-0.1265000000000036,20.33,-1.382,0,0,amplifier_degradation,13,4
R06-ZA,2026-09-01 05:12:00,-0.6650000000000009,-0.4780000000000051,20.024,-1.1,0,0,amplifier_degradation,13,4
R06-ZA,2026-09-01 05:14:00,-0.5350000000000001,-0.025500000000008072,20.3,-1.286,0,0,amplifier_degradation,13,4
R06-ZA,2026-09-01 05:16:00,-0.1789999999999985,0.25499999999999545,20.219,-0.678,0,0,amplifier_degradation,13,4
R06-ZA,2026-09-01 05:18:00,-0.1424999999999983,0.596999999999996,19.912,-0.518,0,0,amplifier_degradation,13,4
R06-ZA,2026-09-01 05:20:00,-0.493999999999998,0.64566666666666,20.248,-0.617,0,0,amplifier_degradation,13,4
R06-ZA,2026-09-01 05:22:00,-0.9249999999999954,0.2813333333333219,20.343,-1.6,0,0,amplifier_degradation,13,4
R06-ZA,2026-09-01 05:24:00,-0.41499999999999915,-2.4520000000000124,20.191,-2.812,0,0,amplifier_degradation,13,4
R06-ZA,2026-09-01 05:26:00,-0.8469999999999942,1.9989999999999917,19.963,0.008,0,0,amplifier_degradation,13,4
R06-ZA,2026-09-01 05:28:00,-0.5449999999999982,-1.5800000000000054,20.308,-1.855,0,0,amplifier_degradation,13,4
R06-ZA,2026-09-01 05:30:00,0.4540000000000006,-1.3280000000000065,20.173,-0.574,0,0,amplifier_degradation,13,4
R06-ZA,2026-09-01 05:32:00,-0.2579999999999991,0.20799999999999486,20.138,-0.568,0,0,amplifier_degradation,13,4
R06-ZA,2026-09-01 05:34:00,-0.3289999999999953,0.2139999999999933,20.133,-0.298,0,0,amplifier_degradation,13,4
R06-ZA,2026-09-01 05:36:00,0.02399999999999558,0.34999999999999076,20.136,-0.446,0,0,amplifier_degradation,13,4
R06-ZA,2026-09-01 05:38:00,-0.9160000000000021,0.7399999999999878,20.04,-0.595,0,0,amplifier_degradation,13,4
R06-ZA,2026-09-01 05:40:00,-0.5930000000000053,-1.2210000000000036,20.41,-1.562,0,0,amplifier_degradation,13,4
R06-ZA,2026-09-01 05:42:00,-0.4020000000000028,-1.2820000000000071,20.235,-0.616,0,0,amplifier_degradation,13,4
R06-ZA,2026-09-01 05:44:00,0.7299999999999986,-0.20500000000000718,19.83,0.054,0,0,amplifier_degradation,13,4
R06-ZA,2026-09-01 05:46:00,-0.41900000000000404,0.29999999999999893,20.187,-0.901,0,0,amplifier_degradation,13,4
R06-ZA,2026-09-01 05:48:00,-0.08200000000000607,-2.290000000000008,20.216,-2.064,0,0,amplifier_degradation,13,4
R06-ZA,2026-09-01 05:50:00,-0.1735000000000042,-1.621000000000011,20.171,-1.454,0,0,amplifier_degradation,13,4
R06-ZA,2026-09-01 05:52:00,-0.12199999999999633,0.1639999999999926,19.805,0.103,0,0,amplifier_degradation,13,4
R06-ZA,2026-09-01 05:54:00,-0.4380000000000024,-0.5430000000000046,20.395,-1.25,0,0,amplifier_degradation,13,4
R06-ZA,2026-09-01 05:56:00,-0.19000000000000306,0.7059999999999942,20.119,-0.85,0,0,amplifier_degradation,13,4
R06-ZA,2026-09-01 05:58:00,-0.03700000000000436,-0.6560000000000041,20.388,-1.313,0,0,amplifier_degradation,13,4
R06-ZA,2026-09-01 06:00:00,-0.6789999999999967,-1.4010000000000034,20.313,-1.463,0,0,amplifier_degradation,13,4
R06-ZA,2026-09-01 06:02:00,0.5779999999999976,1.054999999999998,19.425,1.154,0,0,amplifier_degradation,13,4
R06-ZA,2026-09-01 06:04:00,0.270999999999999,-0.1840000000000117,20.256,-0.876,0,0,amplifier_degradation,13,4
R06-ZA,2026-09-01 06:06:00,-0.12199999999999456,-0.5150000000000023,20.374,-1.509,0,0,amplifier_degradation,13,4
R06-ZA,2026-09-01 06:08:00,-0.2699999999999996,-0.2760000000000016,20.148,-1.687,0,0,amplifier_degradation,13,4
R06-ZA,2026-09-01 06:10:00,-0.18599999999999106,-0.5910000000000046,20.233,-1.335,0,0,amplifier_degradation,13,4
R06-ZA,2026-09-01 06:12:00,-0.02800000000000402,0.38999999999999524,20.07,-0.293,0,0,amplifier_degradation,13,4
R06-ZA,2026-09-01 06:14:00,-0.7920000000000034,0.35199999999999676,20.145,-1.377,0,0,amplifier_degradation,13,4
R06-ZA,2026-09-01 06:16:00,-0.9499999999999993,-1.0790000000000042,20.112,-1.18,0,0,amplifier_degradation,13,4
R06-ZA,2026-09-01 06:18:00,-0.02900000000000169,-0.3360000000000092,20.298,-1.308,0,0,amplifier_degradation,13,4
R06-ZA,2026-09-01 06:20:00,0.05599999999999916,-0.7720000000000073,20.268,-1.494,0,0,amplifier_degradation,13,4
R06-ZA,2026-09-01 06:22:00,0.5289999999999946,-2.0075000000000145,20.235,-2.329,0,0,amplifier_degradation,13,4
R06-ZA,2026-09-01 06:24:00,0.5899999999999963,-0.3420000000000112,20.111,0.065,0,0,amplifier_degradation,13,4
R06-ZA,2026-09-01 06:26:00,-0.8680000000000057,-0.0600000000000076,20.301,-2.641,0,0,amplifier_degradation,13,4
R06-ZA,2026-09-01 06:28:00,-0.06900000000000439,-0.9740000000000091,20.352,-1.416,0,0,amplifier_degradation,13,4
R06-ZA,2026-09-01 06:30:00,-0.12850000000000072,-0.8880000000000052,20.172,-0.863,0,0,amplifier_degradation,13,4
R06-ZA,2026-09-01 06:32:00,-0.5990000000000002,-0.3310000000000066,20.366,-1.969,0,0,amplifier_degradation,13,4
R06-ZA,2026-09-01 06:34:00,-0.43799999999999883,0.5519999999999889,20.447,-1.19,0,0,amplifier_degradation,13,4
R06-ZA,2026-09-01 06:36:00,-0.5520000000000014,-0.7910000000000039,20.311,-1.822,0,0,amplifier_degradation,13,4
R06-ZA,2026-09-01 06:38:00,0.6469999999999985,-0.5500000000000114,19.783,0.516,0,0,amplifier_degradation,13,4
R06-ZA,2026-09-01 06:40:00,0.2989999999999977,-0.8565000000000076,20.297,-0.744,0,0,amplifier_degradation,13,4
R06-ZA,2026-09-01 06:42:00,-0.33099999999999774,-0.7210000000000072,20.348,-1.827,0,0,amplifier_degradation,13,4
R06-ZA,2026-09-01 06:44:00,-0.003999999999996007,-0.3380000000000152,20.208,-0.318,0,0,amplifier_degradation,13,4
R06-ZA,2026-09-01 06:46:00,-0.6169999999999973,0.07949999999999235,20.316,-1.265,0,0,amplifier_degradation,13,4
R06-ZA,2026-09-01 06:48:00,-1.443999999999999,-0.29000000000000625,20.286,-1.977,0,0,amplifier_degradation,13,4
R06-ZA,2026-09-01 06:50:00,0.09499999999999353,-1.834000000000005,20.261,-2.469,0,0,amplifier_degradation,13,4
R06-ZA,2026-09-01 06:52:00,0.7559999999999967,-0.4310000000000027,20.036,-0.54,0,0,none,-1,-1
R06-ZA,2026-09-01 06:54:00,0.8969999999999985,-2.5700000000000056,20.368,-1.486,0,0,none,-1,-1
R06-ZA,2026-09-01 06:56:00,1.0500000000000007,-1.2090000000000103,20.222,-0.427,0,0,none,-1,-1
R06-ZA,2026-09-01 06:58:00,0.9135000000000062,-0.2129999999999992,20.332,-0.108,0,0,none,-1,-1
R06-ZA,2026-09-01 07:00:00,0.18399999999999928,-1.3930000000000078,20.296,-1.445,0,0,none,-1,-1
R06-ZA,2026-09-01 07:02:00,0.9429999999999996,-1.0490000000000084,20.186,-0.499,0,0,none,-1,-1
R06-ZA,2026-09-01 07:04:00,0.7340000000000018,-0.0340000000000078,20.246,-0.003,0,0,none,-1,-1
R06-ZA,2026-09-01 07:06:00,0.9304999999999986,0.23399999999999466,19.863,0.388,0,0,none,-1,-1
R06-ZA,2026-09-01 07:08:00,0.2339999999999911,0.5929999999999911,20.254,0.334,0,0,none,-1,-1
R06-ZA,2026-09-01 07:10:00,1.913999999999998,-0.01650000000000773,19.389,1.466,0,0,none,-1,-1
R06-ZA,2026-09-01 07:12:00,0.6059999999999963,-1.7470000000000052,20.26,-0.639,0,0,none,-1,-1
R06-ZA,2026-09-01 07:14:00,1.1500000000000004,-0.7440000000000033,19.697,0.531,0,0,none,-1,-1
R06-ZA,2026-09-01 07:16:00,0.381000000000002,-0.5910000000000117,20.422,-0.981,0,0,none,-1,-1
R06-ZA,2026-09-01 07:18:00,0.3969999999999967,-1.2440000000000122,20.415,-1.01,0,0,none,-1,-1
R06-ZA,2026-09-01 07:20:00,1.1149999999999896,-1.1930000000000067,20.224,-0.356,0,0,none,-1,-1
R06-ZA,2026-09-01 07:22:00,1.0689999999999955,-0.38900000000001,20.383,-1.133,0,0,none,-1,-1
R06-ZA,2026-09-01 07:24:00,2.238999999999999,-0.7380000000000102,19.26,1.312,0,0,none,-1,-1
R06-ZA,2026-09-01 07:26:00,0.647000000000002,-1.5960000000000054,20.392,-1.23,0,0,none,-1,-1
R06-ZA,2026-09-01 07:28:00,0.6969999999999992,-2.0050000000000043,20.304,-2.383,0,0,none,-1,-1
R06-ZA,2026-09-01 07:30:00,0.5434999999999981,-0.8409999999999975,20.415,-1.674,0,0,none,-1,-1
R06-ZA,2026-09-01 07:32:00,0.3235000000000028,-0.6860000000000053,20.363,-0.915,0,0,none,-1,-1
R06-ZA,2026-09-01 07:34:00,1.8339999999999979,-0.38500000000001044,20.227,-0.043,0,0,none,-1,-1
R06-ZA,2026-09-01 07:36:00,0.8249999999999993,-0.627000000000006,20.394,-0.979,0,0,none,-1,-1
R06-ZA,2026-09-01 07:38:00,0.9809999999999999,-2.2630000000000123,20.369,-1.01,0,0,none,-1,-1
R06-ZA,2026-09-01 07:40:00,0.9064999999999959,-1.8050000000000104,20.353,-1.205,0,0,fiber_degradation,10,5
R06-ZA,2026-09-01 07:42:00,1.509999999999998,-2.9360000000000035,20.32,-0.901,0,0,fiber_degradation,10,5
R06-ZA,2026-09-01 07:44:00,1.8320000000000114,-2.6600000000000072,20.213,-0.693,0,0,fiber_degradation,10,5
R06-ZA,2026-09-01 07:46:00,1.4819999999999922,-2.201000000000006,20.337,-1.198,0,0,fiber_degradation,10,5
R06-ZA,2026-09-01 07:48:00,2.367999999999995,-2.727000000000011,20.305,-1.011,0,0,fiber_degradation,10,5
R06-ZA,2026-09-01 07:50:00,2.7479999999999976,-1.7180000000000053,20.192,-0.276,0,0,fiber_degradation,10,5
R06-ZA,2026-09-01 07:52:00,2.6809999999999956,-3.290000000000008,20.222,-0.472,0,0,fiber_degradation,10,5
R06-ZA,2026-09-01 07:54:00,3.650000000000002,-3.3450000000000077,20.154,-0.57,0,0,fiber_degradation,10,5
R06-ZA,2026-09-01 07:56:00,3.3820000000000014,-3.970000000000006,19.961,-0.39,0,0,fiber_degradation,10,5
R06-ZA,2026-09-01 07:58:00,4.1309999999999985,-3.031000000000013,19.828,0.42,0,0,fiber_degradation,10,5
R06-ZA,2026-09-01 08:00:00,3.931499999999998,-5.500000000000012,20.098,-1.411,0,0,fiber_degradation,10,5
R06-ZA,2026-09-01 08:02:00,3.7280000000000033,-5.491,20.036,-1.574,0,0,fiber_degradation,10,5
R06-ZA,2026-09-01 08:04:00,3.2609999999999992,-6.188000000000002,20.028,-2.325,0,0,fiber_degradation,10,5
R06-ZA,2026-09-01 08:06:00,3.6250000000000018,-4.809000000000008,20.092,-1.292,0,0,fiber_degradation,10,5
R06-ZA,2026-09-01 08:08:00,3.211999999999998,-7.183000000000007,19.812,-3.825,0,0,fiber_degradation,10,5
R06-ZA,2026-09-01 08:10:00,3.6844999999999963,-5.747,20.056,-2.146,0,0,fiber_degradation,10,5
R06-ZA,2026-09-01 08:12:00,2.8979999999999944,-5.873000000000008,20.013,-1.818,0,0,fiber_degradation,10,5
R06-ZA,2026-09-01 08:14:00,3.047999999999993,-6.8140000000000125,19.372,-4.232,0,0,fiber_degradation,10,5
R06-ZA,2026-09-01 08:16:00,3.663999999999998,-6.940000000000007,19.868,-2.891,0,0,fiber_degradation,10,5
R06-ZA,2026-09-01 08:18:00,3.6590000000000007,-8.130500000000007,19.216,-4.741,0,0,fiber_degradation,10,5
R06-ZA,2026-09-01 08:20:00,4.142000000000001,-8.22000000000001,19.356,-4.404,0,0,fiber_degradation,10,5
R06-ZA,2026-09-01 08:22:00,3.7925000000000004,-7.766000000000007,19.516,-4.016,0,0,fiber_degradation,10,5
R06-ZA,2026-09-01 08:24:00,4.706999999999999,-6.238000000000003,19.539,-3.204,0,0,fiber_degradation,10,5
R06-ZA,2026-09-01 08:26:00,3.7849999999999984,-8.321,19.028,-4.469,0,0,fiber_degradation,10,5
R06-ZA,2026-09-01 08:28:00,3.7550000000000043,-7.916000000000006,18.926,-4.804,0,0,fiber_degradation,10,5
R06-ZA,2026-09-01 08:30:00,3.711999999999996,-8.566500000000001,18.696,-5.431,0,0,fiber_degradation,10,5
R06-ZA,2026-09-01 08:32:00,3.1619999999999937,-10.519000000000005,17.471,-7.51,1,0,fiber_degradation,10,5
R06-ZA,2026-09-01 08:34:00,3.655000000000003,-8.673000000000007,18.198,-6.487,1,0,fiber_degradation,10,5
R06-ZA,2026-09-01 08:36:00,3.7719999999999967,-8.937000000000006,18.306,-6.147,1,0,fiber_degradation,10,5
R06-ZA,2026-09-01 08:38:00,3.348999999999995,-9.92700000000001,18.313,-6.468,1,0,fiber_degradation,10,5
R06-ZA,2026-09-01 08:40:00,3.3299999999999983,-8.00400000000001,18.508,-4.982,0,0,fiber_degradation,10,5
R06-ZA,2026-09-01 08:42:00,2.8819999999999997,-9.198000000000002,18.45,-5.859,0,0,fiber_degradation,10,5
R06-ZA,2026-09-01 08:44:00,3.789499999999995,-8.015000000000002,18.701,-5.148,0,0,fiber_degradation,10,5
R06-ZA,2026-09-01 08:46:00,2.9979999999999993,-9.883000000000008,17.604,-7.352,1,0,fiber_degradation,10,5
R06-ZA,2026-09-01 08:48:00,3.152000000000001,-8.449000000000009,18.519,-5.911,0,0,fiber_degradation,10,5
R06-ZA,2026-09-01 08:50:00,3.592500000000001,-9.522000000000004,18.48,-5.673,0,0,fiber_degradation,10,5
R06-ZA,2026-09-01 08:52:00,3.1459999999999955,-8.06500000000001,18.48,-5.363,0,0,fiber_degradation,10,5
R06-ZA,2026-09-01 08:54:00,3.7799999999999994,-9.455000000000005,18.485,-5.609,0,0,fiber_degradation,10,5
R06-ZA,2026-09-01 08:56:00,2.223999999999995,-8.885,18.126,-6.423,1,0,fiber_degradation,10,5
R06-ZA,2026-09-01 08:58:00,3.9150000000000045,-9.556000000000008,18.405,-5.719,0,0,fiber_degradation,10,5
R06-ZA,2026-09-01 09:00:00,3.2519999999999953,-8.535000000000007,17.922,-6.684,1,0,fiber_degradation,10,5
R06-ZA,2026-09-01 09:02:00,2.5539999999999985,-9.290000000000003,18.52,-6.224,1,0,fiber_degradation,10,5
R06-ZA,2026-09-01 09:04:00,3.506999999999998,-9.24800000000001,18.449,-6.518,1,0,fiber_degradation,10,5
R06-ZA,2026-09-01 09:06:00,4.109000000000002,-8.891000000000007,18.333,-5.762,0,0,fiber_degradation,10,5
R06-ZA,2026-09-01 09:08:00,3.741000000000003,-8.802000000000008,18.102,-6.606,1,0,fiber_degradation,10,5
R06-ZA,2026-09-01 09:10:00,2.5160000000000124,-5.601000000000004,20.366,-0.728,0,0,none,-1,-1
R06-ZA,2026-09-01 09:12:00,1.2910000000000021,-2.4000000000000057,20.348,-2.136,0,0,none,-1,-1
R06-ZA,2026-09-01 09:14:00,1.062999999999997,-0.8070000000000057,20.239,-1.164,0,0,none,-1,-1
R06-ZA,2026-09-01 09:16:00,1.2619999999999987,-1.4990000000000059,20.378,-1.685,0,0,none,-1,-1
R06-ZA,2026-09-01 09:18:00,1.8979999999999944,-1.9200000000000088,20.356,-1.535,0,0,none,-1,-1
R06-ZA,2026-09-01 09:20:00,1.4890000000000008,-2.121000000000011,20.271,-1.331,0,0,none,-1,-1
R06-ZA,2026-09-01 09:22:00,0.4199999999999964,-2.6470000000000127,20.284,-2.67,0,0,none,-1,-1
R06-ZA,2026-09-01 09:24:00,1.4820000000000046,-1.6200000000000099,20.353,-1.898,0,0,none,-1,-1
R06-ZA,2026-09-01 09:26:00,1.3109999999999964,-1.211000000000011,20.114,-0.281,0,0,none,-1,-1
R06-ZA,2026-09-01 09:28:00,1.8379999999999956,-1.0405000000000104,20.232,-0.67,0,0,none,-1,-1
R06-ZA,2026-09-01 09:30:00,-0.13700000000000045,-41.481,-9.421,-42.148,1,1,fiber_cut,18,6
R06-ZA,2026-09-01 09:32:00,0.8350000000000026,-42.269000000000005,-7.896,-40.573,1,1,fiber_cut,18,6
R06-ZA,2026-09-01 09:34:00,1.6840000000000082,-41.61333333333334,-7.248,-40.056,1,1,fiber_cut,18,6
R06-ZA,2026-09-01 09:36:00,0.895500000000002,-41.44516666666668,-10.054,-42.912,1,1,fiber_cut,18,6
R06-ZA,2026-09-01 09:38:00,0.10700000000000287,-41.27700000000001,-9.685,-42.576,1,1,fiber_cut,18,6
R06-ZA,2026-09-01 09:40:00,0.508000000000008,-40.569,-8.15,-40.83,1,1,fiber_cut,18,6
R06-ZA,2026-09-01 09:42:00,0.5824999999999942,-41.70700000000001,-9.232,-42.115,1,1,fiber_cut,18,6
R06-ZA,2026-09-01 09:44:00,0.6430000000000025,-41.918000000000006,-9.896,-42.584,1,1,fiber_cut,18,6
R06-ZA,2026-09-01 09:46:00,1.5560000000000027,-41.46400000000001,-8.031,-40.765,1,1,fiber_cut,18,6
R06-ZA,2026-09-01 09:48:00,-0.0555000000000021,-39.629000000000005,-8.195,-40.97,1,1,fiber_cut,18,6
R06-ZA,2026-09-01 09:50:00,1.6760000000000037,-4.145000000000005,20.218,-2.384,0,0,none,-1,-1
R06-ZA,2026-09-01 09:52:00,1.283999999999999,-2.1390000000000065,20.279,-1.713,0,0,none,-1,-1
R06-ZA,2026-09-01 09:54:00,-0.17000000000000526,-1.8825000000000145,20.374,-1.759,0,0,none,-1,-1
R06-ZA,2026-09-01 09:56:00,1.099999999999996,-2.726000000000001,20.358,-2.235,0,0,none,-1,-1
R06-ZA,2026-09-01 09:58:00,0.5239999999999974,-2.8720000000000105,20.232,-3.049,0,0,none,-1,-1
R07-AZ,2026-09-01 00:00:00,0.28199999999999825,1.471999999999996,20.082,1.935,0,0,none,-1,-1
R07-AZ,2026-09-01 00:02:00,0.15649999999999764,0.9210000000000047,20.067,2.017,0,0,none,-1,-1
R07-AZ,2026-09-01 00:04:00,0.6710000000000065,1.112,20.148,2.394,0,0,none,-1,-1
R07-AZ,2026-09-01 00:06:00,-1.1049999999999969,-0.19799999999999862,20.013,-0.053,0,0,none,-1,-1
R07-AZ,2026-09-01 00:08:00,0.1349999999999998,1.4679999999999946,20.162,1.326,0,0,none,-1,-1
R07-AZ,2026-09-01 00:10:00,-0.019499999999997186,0.2245000000000008,20.079,0.792,0,0,none,-1,-1
R07-AZ,2026-09-01 00:12:00,-0.34300000000000175,2.3804999999999943,20.153,1.74,0,0,none,-1,-1
R07-AZ,2026-09-01 00:14:00,-1.130000000000006,1.2019999999999982,20.165,1.079,0,0,none,-1,-1
R07-AZ,2026-09-01 00:16:00,0.22000000000000242,-1.4190000000000005,19.787,-1.102,0,0,none,-1,-1
R07-AZ,2026-09-01 00:18:00,0.5310000000000024,0.017000000000001236,20.084,1.428,0,0,none,-1,-1
R07-AZ,2026-09-01 00:20:00,0.20550000000000068,0.08300000000000018,20.089,0.207,0,0,none,-1,-1
R07-AZ,2026-09-01 00:22:00,-0.07200000000000095,1.6580000000000013,19.852,2.628,0,0,none,-1,-1
R07-AZ,2026-09-01 00:24:00,0.29100000000000037,-0.13149999999999906,20.133,0.574,0,0,none,-1,-1
R07-AZ,2026-09-01 00:26:00,0.14699999999999314,1.9190000000000023,20.158,1.988,0,0,none,-1,-1
R07-AZ,2026-09-01 00:28:00,-0.2569999999999997,-0.15349999999999753,20.115,0.736,0,0,none,-1,-1
R07-AZ,2026-09-01 00:30:00,0.0259999999999998,0.21500000000000163,20.059,0.761,0,0,none,-1,-1
R07-AZ,2026-09-01 00:32:00,-0.08799999999999741,0.8559999999999981,20.122,0.78,0,0,none,-1,-1
R07-AZ,2026-09-01 00:34:00,-0.525999999999998,1.059000000000001,20.132,0.819,0,0,none,-1,-1
R07-AZ,2026-09-01 00:36:00,0.052000000000003155,-0.1980000000000004,20.088,-0.012,0,0,none,-1,-1
R07-AZ,2026-09-01 00:38:00,-0.7529999999999983,-0.35399999999999743,19.894,-0.665,0,0,none,-1,-1
R07-AZ,2026-09-01 00:40:00,0.08399999999999608,0.8700000000000028,20.132,0.661,0,0,none,-1,-1
R07-AZ,2026-09-01 00:42:00,0.058999999999999275,0.6879999999999971,20.12,0.667,0,0,amplifier_degradation,12,0
R07-AZ,2026-09-01 00:44:00,-1.0489999999999924,0.3319999999999972,19.92,-0.761,0,0,amplifier_degradation,12,0
R07-AZ,2026-09-01 00:46:00,-0.8730000000000011,-0.0629999999999935,19.938,-0.625,0,0,amplifier_degradation,12,0
R07-AZ,2026-09-01 00:48:00,-0.9550000000000018,0.4789999999999939,19.973,-0.093,0,0,amplifier_degradation,12,0
R07-AZ,2026-09-01 00:50:00,-1.600999999999999,0.48200000000000465,19.772,-0.914,0,0,amplifier_degradation,12,0
R07-AZ,2026-09-01 00:52:00,-0.6984999999999975,1.256000000000002,19.822,-0.463,0,0,amplifier_degradation,12,0
R07-AZ,2026-09-01 00:54:00,-0.5649999999999995,-0.07799999999999763,19.767,-0.622,0,0,amplifier_degradation,12,0
R07-AZ,2026-09-01 00:56:00,-0.8550000000000022,-0.3584999999999958,20.014,-0.015,0,0,amplifier_degradation,12,0
R07-AZ,2026-09-01 00:58:00,-1.034500000000003,0.8344999999999931,19.818,-0.744,0,0,amplifier_degradation,12,0
R07-AZ,2026-09-01 01:00:00,-1.3930000000000025,1.9799999999999969,19.888,-0.777,0,0,amplifier_degradation,12,0
R07-AZ,2026-09-01 01:02:00,-1.8550000000000004,0.6950000000000092,19.417,-1.534,0,0,amplifier_degradation,12,0
R07-AZ,2026-09-01 01:04:00,-0.5794999999999995,-0.2080000000000073,19.829,-0.655,0,0,amplifier_degradation,12,0
R07-AZ,2026-09-01 01:06:00,-1.8840000000000057,1.6889999999999983,19.628,-1.692,0,0,amplifier_degradation,12,0
R07-AZ,2026-09-01 01:08:00,-2.109999999999996,0.5549999999999979,19.198,-2.226,0,0,amplifier_degradation,12,0
R07-AZ,2026-09-01 01:10:00,-2.6940000000000026,-1.0769999999999982,19.149,-3.019,0,0,amplifier_degradation,12,0
R07-AZ,2026-09-01 01:12:00,-2.796999999999999,-0.40300000000000225,19.281,-2.085,0,0,amplifier_degradation,12,0
R07-AZ,2026-09-01 01:14:00,-3.089500000000001,-1.0450000000000017,19.255,-2.684,0,0,amplifier_degradation,12,0
R07-AZ,2026-09-01 01:16:00,-2.565999999999997,-0.30699999999999683,18.92,-2.889,0,0,amplifier_degradation,12,0
R07-AZ,2026-09-01 01:18:00,-2.7420000000000044,0.5149999999999988,19.341,-2.191,0,0,amplifier_degradation,12,0
R07-AZ,2026-09-01 01:20:00,-3.3394999999999992,1.0105000000000022,18.886,-2.847,0,0,amplifier_degradation,12,0
R07-AZ,2026-09-01 01:22:00,-3.9370000000000065,1.5060000000000038,19.01,-2.578,0,0,amplifier_degradation,12,0
R07-AZ,2026-09-01 01:24:00,-3.464000000000004,-0.5889999999999933,18.225,-4.159,0,0,amplifier_degradation,12,0
R07-AZ,2026-09-01 01:26:00,-3.6459999999999955,-0.7220000000000013,18.598,-3.674,0,0,amplifier_degradation,12,0
R07-AZ,2026-09-01 01:28:00,-3.884000000000004,-0.15399999999999636,18.358,-4.365,0,0,amplifier_degradation,12,0
R07-AZ,2026-09-01 01:30:00,-4.281000000000008,0.2880000000000056,18.764,-3.808,0,0,amplifier_degradation,12,0
R07-AZ,2026-09-01 01:32:00,-4.408000000000003,0.04300000000000459,17.948,-5.275,0,0,amplifier_degradation,12,0
R07-AZ,2026-09-01 01:34:00,-4.543000000000001,0.7400000000000002,18.737,-3.595,0,0,amplifier_degradation,12,0
R07-AZ,2026-09-01 01:36:00,-4.256,1.721,18.752,-3.385,0,0,amplifier_degradation,12,0
R07-AZ,2026-09-01 01:38:00,-5.100999999999994,-1.7249999999999979,17.092,-6.298,1,0,amplifier_degradation,12,0
R07-AZ,2026-09-01 01:40:00,-4.069000000000001,1.2990000000000013,18.665,-3.755,0,0,amplifier_degradation,12,0
R07-AZ,2026-09-01 01:42:00,-3.9620000000000015,1.2239999999999913,18.341,-4.3,0,0,amplifier_degradation,12,0
R07-AZ,2026-09-01 01:44:00,-3.9769999999999968,-0.6730000000000018,18.136,-4.556,0,0,amplifier_degradation,12,0
R07-AZ,2026-09-01 01:46:00,-4.923999999999998,-0.7429999999999932,17.229,-6.184,1,0,amplifier_degradation,12,0
R07-AZ,2026-09-01 01:48:00,-5.291000000000002,-0.6899999999999977,17.381,-5.704,0,0,amplifier_degradation,12,0
R07-AZ,2026-09-01 01:50:00,-4.770999999999999,-0.9694999999999983,17.213,-6.016,1,0,amplifier_degradation,12,0
R07-AZ,2026-09-01 01:52:00,-4.948,-0.5169999999999995,17.642,-4.801,0,0,amplifier_degradation,12,0
R07-AZ,2026-09-01 01:54:00,-4.876999999999997,-0.4189999999999934,17.678,-4.898,0,0,amplifier_degradation,12,0
R07-AZ,2026-09-01 01:56:00,-4.948499999999996,-2.0649999999999995,17.446,-5.615,0,0,amplifier_degradation,12,0
R07-AZ,2026-09-01 01:58:00,-5.283000000000001,-1.248999999999997,16.506,-6.304,1,0,amplifier_degradation,12,0
R07-AZ,2026-09-01 02:00:00,-6.4990000000000006,-1.4269999999999996,16.883,-6.627,1,0,amplifier_degradation,12,0
R07-AZ,2026-09-01 02:02:00,-5.654000000000002,-0.10600000000000165,17.422,-5.1,0,0,amplifier_degradation,12,0
R07-AZ,2026-09-01 02:04:00,-4.830499999999999,-0.3719999999999981,18.051,-4.638,0,0,amplifier_degradation,12,0
R07-AZ,2026-09-01 02:06:00,-5.071999999999997,-2.316500000000003,17.127,-6.267,1,0,amplifier_degradation,12,0
R07-AZ,2026-09-01 02:08:00,-4.731,-0.5760000000000041,17.445,-5.387,0,0,amplifier_degradation,12,0
R07-AZ,2026-09-01 02:10:00,-5.151,-1.9429999999999925,17.351,-5.697,0,0,amplifier_degradation,12,0
R07-AZ,2026-09-01 02:12:00,-4.005000000000006,-0.6760000000000037,17.633,-5.263,0,0,amplifier_degradation,12,0
R07-AZ,2026-09-01 02:14:00,-4.997,0.6450000000000014,17.785,-4.477,0,0,amplifier_degradation,12,0
R07-AZ,2026-09-01 02:16:00,-5.593000000000002,-1.5649999999999924,17.172,-5.943,0,0,amplifier_degradation,12,0
R07-AZ,2026-09-01 02:18:00,-4.425000000000001,-0.5759999999999987,17.404,-5.301,0,0,amplifier_degradation,12,0
R07-AZ,2026-09-01 02:20:00,-5.284000000000008,-1.7279999999999962,16.388,-6.831,1,0,amplifier_degradation,12,0
R07-AZ,2026-09-01 02:22:00,-5.489500000000001,-1.0729999999999986,17.384,-6.01,1,0,amplifier_degradation,12,0
R07-AZ,2026-09-01 02:24:00,-5.924999999999997,-1.4240000000000048,17.676,-5.848,0,0,amplifier_degradation,12,0
R07-AZ,2026-09-01 02:26:00,-4.199,-0.5400000000000027,18.108,-4.714,0,0,amplifier_degradation,12,0
R07-AZ,2026-09-01 02:28:00,-4.818999999999997,-1.0089999999999986,17.245,-5.926,0,0,amplifier_degradation,12,0
R07-AZ,2026-09-01 02:30:00,-5.637500000000001,-0.47600000000000264,17.354,-6.063,1,0,amplifier_degradation,12,0
R07-AZ,2026-09-01 02:32:00,-5.9694999999999965,-1.4729999999999919,17.52,-5.945,0,0,amplifier_degradation,12,0
R07-AZ,2026-09-01 02:34:00,-5.256500000000003,-1.2690000000000037,17.721,-5.299,0,0,amplifier_degradation,12,0
R07-AZ,2026-09-01 02:36:00,-4.699,-0.5359999999999978,17.54,-5.327,0,0,amplifier_degradation,12,0
R07-AZ,2026-09-01 02:38:00,-0.028999999999994586,-1.7480000000000029,19.529,-1.796,0,0,none,-1,-1
R07-AZ,2026-09-01 02:40:00,-0.42899999999999494,-0.8619999999999948,19.96,-0.299,0,0,none,-1,-1
R07-AZ,2026-09-01 02:42:00,-0.06400000000000183,-1.110999999999997,19.966,-0.134,0,0,none,-1,-1
R07-AZ,2026-09-01 02:44:00,-0.24999999999999467,-0.7289999999999939,20.01,-0.42,0,0,none,-1,-1
R07-AZ,2026-09-01 02:46:00,-0.4830000000000041,-0.48600000000000243,19.837,-0.648,0,0,none,-1,-1
R07-AZ,2026-09-01 02:48:00,0.32899999999999885,-0.6980000000000022,19.902,-0.946,0,0,none,-1,-1
R07-AZ,2026-09-01 02:50:00,-0.29799999999999827,-1.6740000000000013,19.266,-2.148,0,0,none,-1,-1
R07-AZ,2026-09-01 02:52:00,0.1029999999999962,-0.2560000000000002,19.951,-0.021,0,0,none,-1,-1
R07-AZ,2026-09-01 02:54:00,-0.2249999999999961,-0.5480000000000018,19.953,0.102,0,0,none,-1,-1
R07-AZ,2026-09-01 02:56:00,0.1520000000000028,-1.703000000000003,19.583,-0.942,0,0,none,-1,-1
R07-AZ,2026-09-01 02:58:00,-0.4070000000000018,-1.8469999999999995,19.895,-1.153,0,0,none,-1,-1
R07-AZ,2026-09-01 03:00:00,0.1120000000000001,-0.9770000000000056,19.964,-0.303,0,0,none,-1,-1
R07-AZ,2026-09-01 03:02:00,0.12599999999999945,-1.2119999999999997,19.854,-0.801,0,0,none,-1,-1
R07-AZ,2026-09-01 03:04:00,0.3069999999999986,0.5129999999999946,20.035,-0.088,0,0,none,-1,-1
R07-AZ,2026-09-01 03:06:00,0.16999999999999993,-0.4359999999999964,19.987,-0.233,0,0,none,-1,-1
R07-AZ,2026-09-01 03:08:00,0.176499999999999,-1.5685000000000002,19.674,-1.234,0,0,none,-1,-1
R07-AZ,2026-09-01 03:10:00,0.18949999999999712,0.6479999999999979,20.182,0.961,0,0,none,-1,-1
R07-AZ,2026-09-01 03:12:00,1.1320000000000086,-0.1880000000000024,20.046,0.727,0,0,none,-1,-1
R07-AZ,2026-09-01 03:14:00,-1.2969999999999953,-1.671000000000003,19.515,-1.849,0,0,none,-1,-1
R07-AZ,2026-09-01 03:16:00,0.01699999999999946,0.9529999999999994,20.157,0.884,0,0,none,-1,-1
R07-AZ,2026-09-01 03:18:00,-0.021999999999998465,1.7969999999999988,19.991,1.642,0,0,none,-1,-1
R07-AZ,2026-09-01 03:20:00,0.13400000000000212,-0.39899999999999913,20.073,0.102,0,0,none,-1,-1
R07-AZ,2026-09-01 03:22:00,-0.8674999999999962,-1.7110000000000039,19.774,-0.847,0,0,amplifier_degradation,12,1
R07-AZ,2026-09-01 03:24:00,-0.9890000000000043,0.025000000000000355,19.845,-0.934,0,0,amplifier_degradation,12,1
R07-AZ,2026-09-01 03:26:00,-0.19049999999999834,0.2870000000000008,19.93,-0.091,0,0,amplifier_degradation,12,1
R07-AZ,2026-09-01 03:28:00,-2.206999999999999,-2.2529999999999912,18.85,-3.749,0,0,amplifier_degradation,12,1
R07-AZ,2026-09-01 03:30:00,-2.3925000000000036,-0.8600000000000012,18.87,-3.545,0,0,amplifier_degradation,12,1
R07-AZ,2026-09-01 03:32:00,-3.1100000000000048,-0.04099999999999682,18.862,-3.352,0,0,amplifier_degradation,12,1
R07-AZ,2026-09-01 03:34:00,-2.9779999999999998,-0.7150000000000016,19.036,-2.953,0,0,amplifier_degradation,12,1
R07-AZ,2026-09-01 03:36:00,-3.6949999999999985,-1.6709999999999958,17.989,-4.816,0,0,amplifier_degradation,12,1
R07-AZ,2026-09-01 03:38:00,-4.537000000000003,-0.047999999999998266,17.842,-4.722,0,0,amplifier_degradation,12,1
R07-AZ,2026-09-01 03:40:00,-5.625000000000002,0.26700000000000657,17.492,-5.316,0,0,amplifier_degradation,12,1
R07-AZ,2026-09-01 03:42:00,-5.578999999999999,-1.749000000000004,17.106,-6.332,1,0,amplifier_degradation,12,1
R07-AZ,2026-09-01 03:44:00,-5.863999999999995,0.5750000000000046,17.632,-5.194,0,0,amplifier_degradation,12,1
R07-AZ,2026-09-01 03:46:00,-6.278000000000002,-0.0980000000000043,16.427,-6.705,1,0,amplifier_degradation,12,1
R07-AZ,2026-09-01 03:48:00,-7.147,-1.1090000000000035,16.291,-7.179,1,0,amplifier_degradation,12,1
R07-AZ,2026-09-01 03:50:00,-6.860000000000005,0.5770000000000035,16.642,-6.952,1,0,amplifier_degradation,12,1
R07-AZ,2026-09-01 03:52:00,-8.022499999999999,0.28999999999999915,16.161,-7.754,1,0,amplifier_degradation,12,1
R07-AZ,2026-09-01 03:54:00,-8.534999999999997,-0.7680000000000025,15.044,-8.924,1,0,amplifier_degradation,12,1
R07-AZ,2026-09-01 03:56:00,-7.939999999999998,0.3539999999999992,16.002,-7.644,1,0,amplifier_degradation,12,1
R07-AZ,2026-09-01 03:58:00,-8.016000000000002,-1.0180000000000025,14.936,-8.968,1,0,amplifier_degradation,12,1
R07-AZ,2026-09-01 04:00:00,-7.71399999999999,1.1640000000000015,16.585,-6.793,1,0,amplifier_degradation,12,1
R07-AZ,2026-09-01 04:02:00,-7.738000000000003,0.44899999999999984,15.981,-7.356,1,0,amplifier_degradation,12,1
R07-AZ,2026-09-01 04:04:00,-8.268499999999998,0.5759999999999952,16.006,-8.019,1,0,amplifier_degradation,12,1
R07-AZ,2026-09-01 04:06:00,-7.422000000000001,-1.3319999999999972,15.097,-8.98,1,0,amplifier_degradation,12,1
R07-AZ,2026-09-01 04:08:00,-7.7680000000000025,-0.1599999999999966,16.069,-7.971,1,0,amplifier_degradation,12,1
R07-AZ,2026-09-01 04:10:00,-7.57200000000001,-0.5589999999999993,16.086,-7.691,1,0,amplifier_degradation,12,1
R07-AZ,2026-09-01 04:12:00,-8.066000000000004,0.38949999999999996,15.978,-7.92,1,0,amplifier_degradation,12,1
R07-AZ,2026-09-01 04:14:00,-7.638000000000002,0.5110000000000152,16.239,-7.324,1,0,amplifier_degradation,12,1
R07-AZ,2026-09-01 04:16:00,-7.282999999999994,0.9289999999999949,16.146,-7.523,1,0,amplifier_degradation,12,1
R07-AZ,2026-09-01 04:18:00,-0.5684999999999967,0.14400000000000368,19.917,-0.732,0,0,none,-1,-1
R07-AZ,2026-09-01 04:20:00,-0.22799999999999798,-0.24200000000000088,19.972,-0.075,0,0,none,-1,-1
R07-AZ,2026-09-01 04:22:00,0.10799999999999699,0.11399999999999721,19.974,-0.023,0,0,none,-1,-1
R07-AZ,2026-09-01 04:24:00,0.6759999999999984,-0.16300000000000026,20.105,-0.129,0,0,none,-1,-1
R07-AZ,2026-09-01 04:26:00,0.2610000000000028,0.7710000000000026,20.099,0.714,0,0,none,-1,-1
R07-AZ,2026-09-01 04:28:00,-0.0799999999999983,0.17099999999999582,19.939,-0.067,0,0,none,-1,-1
R07-AZ,2026-09-01 04:30:00,0.2929999999999957,0.19600000000000506,20.061,-0.181,0,0,none,-1,-1
R07-AZ,2026-09-01 04:32:00,0.2550000000000008,0.7590000000000039,20.05,1.122,0,0,none,-1,-1
R07-AZ,2026-09-01 04:34:00,0.8479999999999972,-1.3925000000000018,20.058,0.321,0,0,none,-1,-1
R07-AZ,2026-09-01 04:36:00,0.10200000000000031,-0.49149999999999494,20.07,-0.275,0,0,none,-1,-1
R07-AZ,2026-09-01 04:38:00,0.6570000000000054,0.16600000000000215,20.111,0.754,0,0,none,-1,-1
R07-AZ,2026-09-01 04:40:00,-0.17849999999999966,-0.22000000000000242,20.163,0.749,0,0,none,-1,-1
R07-AZ,2026-09-01 04:42:00,0.21700000000000408,-0.6129999999999942,19.93,-0.203,0,0,none,-1,-1
R07-AZ,2026-09-01 04:44:00,-0.3424999999999976,0.7599999999999998,20.157,1.12,0,0,none,-1,-1
R07-AZ,2026-09-01 04:46:00,0.9799999999999986,0.6979999999999933,20.131,1.048,0,0,none,-1,-1
R07-AZ,2026-09-01 04:48:00,-0.18700000000000472,-1.2679999999999971,19.823,-0.981,0,0,none,-1,-1
R07-AZ,2026-09-01 04:50:00,-0.05000000000000426,0.8429999999999964,20.138,0.989,0,0,none,-1,-1
R07-AZ,2026-09-01 04:52:00,0.4520000000000035,0.049999999999998934,20.099,1.44,0,0,none,-1,-1
R07-AZ,2026-09-01 04:54:00,-0.612999999999996,1.589000000000004,20.137,0.713,0,0,none,-1,-1
R07-AZ,2026-09-01 04:56:00,0.5869999999999962,0.1479999999999979,20.051,0.76,0,0,none,-1,-1
R07-AZ,2026-09-01 04:58:00,-0.9250000000000043,0.6360000000000063,19.989,-0.091,0,0,none,-1,-1
R07-AZ,2026-09-01 05:00:00,-0.08900000000000219,-0.5459999999999994,20.046,-0.067,0,0,none,-1,-1
R07-AZ,2026-09-01 05:02:00,-0.8699999999999939,-0.08200000000000074,20.084,0.185,0,0,none,-1,-1
R07-AZ,2026-09-01 05:04:00,-0.4359999999999964,1.941000000000006,20.151,0.731,0,0,none,-1,-1
R07-AZ,2026-09-01 05:06:00,-0.8620000000000001,1.3130000000000006,20.157,0.804,0,0,none,-1,-1
R07-AZ,2026-09-01 05:08:00,-0.4715000000000025,-0.1629999999999967,20.06,0.034,0,0,none,-1,-1
R07-AZ,2026-09-01 05:10:00,0.22799999999999443,-38.367,-17.481,-38.814,1,1,fiber_cut,1,2
R07-AZ,2026-09-01 05:12:00,0.9579999999999966,-40.153,-17.65,-39.342,1,1,fiber_cut,1,2
R07-AZ,2026-09-01 05:14:00,0.6619999999999973,-38.03600000000001,-16.832,-37.56,1,1,fiber_cut,1,2
R07-AZ,2026-09-01 05:16:00,-0.2400000000000002,-39.29,-17.888,-38.999,1,1,fiber_cut,1,2
R07-AZ,2026-09-01 05:18:00,-0.006999999999997897,-38.6495,-17.274,-38.621,1,1,fiber_cut,1,2
R07-AZ,2026-09-01 05:20:00,0.5319999999999983,1.3309999999999977,20.071,1.428,0,0,none,-1,-1
R07-AZ,2026-09-01 05:22:00,0.22149999999999714,0.3549999999999969,20.158,1.383,0,0,none,-1,-1
R07-AZ,2026-09-01 05:24:00,0.04800000000000537,-0.2929999999999957,20.137,0.256,0,0,none,-1,-1
R07-AZ,2026-09-01 05:26:00,0.2399999999999931,1.121500000000001,20.09,1.238,0,0,none,-1,-1
R07-AZ,2026-09-01 05:28:00,-1.160000000000002,-0.04200000000000337,19.809,-1.161,0,0,fiber_degradation,16,3
R07-AZ,2026-09-01 05:30:00,-0.6929999999999943,-0.40199999999999925,19.805,-1.296,0,0,fiber_degradation,16,3
R07-AZ,2026-09-01 05:32:00,0.8489999999999984,-4.401999999999996,19.336,-2.794,0,0,fiber_degradation,16,3
R07-AZ,2026-09-01 05:34:00,-0.641,-4.532499999999995,18.996,-4.051,0,0,fiber_degradation,16,3
R07-AZ,2026-09-01 05:36:00,0.1409999999999929,-6.200999999999999,17.867,-6.106,1,0,fiber_degradation,16,3
R07-AZ,2026-09-01 05:38:00,0.19900000000000162,-7.168999999999995,17.517,-6.926,1,0,fiber_degradation,16,3
R07-AZ,2026-09-01 05:40:00,-0.3510000000000044,-6.520999999999992,16.59,-8.099,1,0,fiber_degradation,16,3
R07-AZ,2026-09-01 05:42:00,-0.5320000000000054,-9.841999999999997,15.523,-9.858,1,0,fiber_degradation,16,3
R07-AZ,2026-09-01 05:44:00,0.06200000000000827,-10.864,14.904,-10.388,1,0,fiber_degradation,16,3
R07-AZ,2026-09-01 05:46:00,-0.2920000000000016,-9.21499999999999,15.992,-9.424,1,0,fiber_degradation,16,3
R07-AZ,2026-09-01 05:48:00,-0.05249999999999844,-10.405999999999993,15.291,-10.291,1,0,fiber_degradation,16,3
R07-AZ,2026-09-01 05:50:00,0.05900000000000105,-9.692000000000002,15.923,-9.272,1,0,fiber_degradation,16,3
R07-AZ,2026-09-01 05:52:00,0.2644999999999982,-10.577,15.195,-9.767,1,0,fiber_degradation,16,3
R07-AZ,2026-09-01 05:54:00,-0.7230000000000008,-9.563000000000004,15.268,-10.063,1,0,fiber_degradation,16,3
R07-AZ,2026-09-01 05:56:00,0.2339999999999982,0.8850000000000051,20.059,1.505,0,0,none,-1,-1
R07-AZ,2026-09-01 05:58:00,-0.19300000000000495,0.9840000000000089,20.028,0.158,0,0,none,-1,-1
R07-AZ,2026-09-01 06:00:00,0.04699999999999527,0.3650000000000002,20.124,1.671,0,0,none,-1,-1
R07-AZ,2026-09-01 06:02:00,-0.012999999999998124,1.1669999999999963,20.117,1.253,0,0,none,-1,-1
R07-AZ,2026-09-01 06:04:00,-0.3690000000000069,2.5490000000000066,20.146,1.907,0,0,none,-1,-1
R07-AZ,2026-09-01 06:06:00,-0.6459999999999972,1.9970000000000017,20.052,1.746,0,0,none,-1,-1
R07-AZ,2026-09-01 06:08:00,0.6849999999999952,1.6830000000000052,20.027,2.112,0,0,none,-1,-1
R07-AZ,2026-09-01 06:10:00,-0.6619999999999937,1.158000000000003,20.136,1.555,0,0,none,-1,-1
R07-AZ,2026-09-01 06:12:00,0.4540000000000006,1.9510000000000094,20.05,1.665,0,0,none,-1,-1
R07-AZ,2026-09-01 06:14:00,-0.06500000000000306,2.030999999999997,19.975,2.301,0,0,none,-1,-1
R07-AZ,2026-09-01 06:16:00,0.10400000000000809,1.0480000000000054,20.021,2.227,0,0,none,-1,-1
R07-AZ,2026-09-01 06:18:00,-0.5610000000000053,1.4330000000000034,20.146,1.925,0,0,none,-1,-1
R07-AZ,2026-09-01 06:20:00,0.26000000000000867,0.9510000000000005,20.107,1.69,0,0,none,-1,-1
R07-AZ,2026-09-01 06:22:00,-0.3419999999999952,1.4274999999999949,20.168,0.788,0,0,none,-1,-1
R07-AZ,2026-09-01 06:24:00,0.012500000000002842,1.3870000000000058,19.922,1.866,0,0,none,-1,-1
R07-AZ,2026-09-01 06:26:00,-0.24350000000000271,0.05099999999999838,20.118,0.497,0,0,none,-1,-1
R07-AZ,2026-09-01 06:28:00,0.7200000000000077,-0.2430000000000021,20.093,1.161,0,0,none,-1,-1
R07-AZ,2026-09-01 06:30:00,0.23150000000000404,1.1010000000000026,20.078,1.879,0,0,none,-1,-1
R07-AZ,2026-09-01 06:32:00,0.7469999999999999,1.3780000000000054,19.886,2.651,0,0,none,-1,-1
R07-AZ,2026-09-01 06:34:00,0.23699999999999477,1.4350000000000023,20.052,1.888,0,0,none,-1,-1
R07-AZ,2026-09-01 06:36:00,0.1109999999999971,0.1449999999999978,20.01,1.503,0,0,none,-1,-1
R07-AZ,2026-09-01 06:38:00,0.39500000000000135,1.3685000000000027,20.139,1.24,0,0,none,-1,-1
R07-AZ,2026-09-01 06:40:00,0.33100000000000485,-7.2280000000000015,15.528,-7.128,1,0,flapping,12,4
R07-AZ,2026-09-01 06:42:00,0.6719999999999988,-9.722000000000003,14.144,-8.497,1,0,flapping,12,4
R07-AZ,2026-09-01 06:44:00,0.013000000000003453,-0.2169999999999952,20.088,0.482,0,0,flapping,12,4
R07-AZ,2026-09-01 06:46:00,-0.3560000000000052,1.6649999999999991,20.161,1.637,0,0,flapping,12,4
R07-AZ,2026-09-01 06:48:00,-0.48300000000000054,-9.463000000000003,14.193,-8.844,1,0,flapping,12,4
R07-AZ,2026-09-01 06:50:00,-0.06699999999999484,-9.176999999999992,13.649,-9.714,1,0,flapping,12,4
R07-AZ,2026-09-01 06:52:00,0.14200000000000657,2.194000000000006,19.939,2.578,0,0,flapping,12,4
R07-AZ,2026-09-01 06:54:00,-0.4060000000000059,-10.14399999999999,13.596,-10.322,1,0,flapping,12,4
R07-AZ,2026-09-01 06:56:00,0.13599999999999568,-5.868999999999994,12.898,-10.228,1,1,flapping,12,4
R07-AZ,2026-09-01 06:58:00,0.2909999999999986,0.8829999999999973,20.166,1.567,0,0,flapping,12,4
R07-AZ,2026-09-01 07:00:00,-0.2550000000000079,0.7810000000000006,20.138,0.887,0,0,flapping,12,4
R07-AZ,2026-09-01 07:02:00,-0.12800000000000367,1.0370000000000026,20.101,0.538,0,0,flapping,12,4
R07-AZ,2026-09-01 07:04:00,0.26599999999999824,1.8900000000000041,19.987,1.685,0,0,flapping,12,4
R07-AZ,2026-09-01 07:06:00,-0.8790000000000084,1.6399999999999988,20.109,1.09,0,0,flapping,12,4
R07-AZ,2026-09-01 07:08:00,-0.017000000000001236,1.2919999999999963,20.155,1.28,0,0,flapping,12,4
R07-AZ,2026-09-01 07:10:00,0.7390000000000079,-3.569999999999995,20.138,1.972,0,0,flapping,12,4
R07-AZ,2026-09-01 07:12:00,0.23249999999999815,-9.42,14.315,-8.787,1,0,flapping,12,4
R07-AZ,2026-09-01 07:14:00,0.7759999999999998,1.2609999999999992,20.066,2.279,0,0,flapping,12,4
R07-AZ,2026-09-01 07:16:00,-0.9039999999999999,-9.994500000000006,12.657,-10.646,1,1,flapping,12,4
R07-AZ,2026-09-01 07:18:00,-0.23600000000000065,1.641999999999996,20.188,1.226,0,0,flapping,12,4
R07-AZ,2026-09-01 07:20:00,0.5954999999999995,-9.255000000000003,13.91,-8.874,1,0,flapping,12,4
R07-AZ,2026-09-01 07:22:00,-0.7645000000000071,-11.836999999999998,12.238,-11.451,1,1,flapping,12,4
R07-AZ,2026-09-01 07:24:00,-0.07100000000000506,0.4689999999999994,20.098,0.971,0,0,flapping,12,4
R07-AZ,2026-09-01 07:26:00,0.1429999999999989,-9.280000000000003,14.508,-8.638,1,0,flapping,12,4
R07-AZ,2026-09-01 07:28:00,-0.18699999999999406,-9.987999999999994,12.914,-10.307,1,1,flapping,12,4
R07-AZ,2026-09-01 07:30:00,-0.04199999999999804,-9.456000000000001,19.912,2.542,0,0,flapping,12,4
R07-AZ,2026-09-01 07:32:00,0.10299999999999976,-8.924000000000001,13.228,-9.985,1,0,flapping,12,4
R07-AZ,2026-09-01 07:34:00,0.03200000000000358,-10.533999999999995,13.471,-9.73,1,0,flapping,12,4
R07-AZ,2026-09-01 07:36:00,-0.34499999999999886,-8.996999999999998,14.216,-9.276,1,0,flapping,12,4
R07-AZ,2026-09-01 07:38:00,0.6880000000000024,-10.061000000000002,13.64,-9.297,1,0,flapping,12,4
R07-AZ,2026-09-01 07:40:00,-0.1629999999999967,-10.283999999999999,12.677,-10.523,1,1,flapping,12,4
R07-AZ,2026-09-01 07:42:00,0.5440000000000023,-9.915999999999997,13.965,-9.222,1,0,flapping,12,4
R07-AZ,2026-09-01 07:44:00,0.40599999999999703,-9.825000000000005,14.153,-8.915,1,0,flapping,12,4
R07-AZ,2026-09-01 07:46:00,1.1280000000000001,1.235000000000003,20.121,1.292,0,0,flapping,12,4
R07-AZ,2026-09-01 07:48:00,0.4440000000000026,0.36499999999999844,20.145,1.217,0,0,flapping,12,4
R07-AZ,2026-09-01 07:50:00,0.18500000000000227,-10.8805,13.686,-9.947,1,0,flapping,12,4
R07-AZ,2026-09-01 07:52:00,-0.7140000000000004,0.4975000000000023,20.021,0.125,0,0,flapping,12,4
R07-AZ,2026-09-01 07:54:00,-0.807999999999998,0.7910000000000093,20.095,0.287,0,0,flapping,12,4
R07-AZ,2026-09-01 07:56:00,-0.7489999999999952,-0.9554999999999936,19.934,-0.543,0,0,flapping,12,4
R07-AZ,2026-09-01 07:58:00,-0.565000000000003,1.0470000000000024,20.135,0.555,0,0,flapping,12,4
R07-AZ,2026-09-01 08:00:00,0.13199999999999434,0.20000000000000107,20.094,0.306,0,0,flapping,12,4
R07-AZ,2026-09-01 08:02:00,0.128000000000009,0.8810000000000038,20.093,0.542,0,0,flapping,12,4
R07-AZ,2026-09-01 08:04:00,-0.15749999999999353,1.4450000000000056,20.155,1.597,0,0,flapping,12,4
R07-AZ,2026-09-01 08:06:00,0.7389999999999972,-8.487000000000005,14.704,-8.157,1,0,flapping,12,4
R07-AZ,2026-09-01 08:08:00,-0.7129999999999992,0.6529999999999969,20.019,0.559,0,0,flapping,12,4
R07-AZ,2026-09-01 08:10:00,0.41199999999999903,0.5990000000000055,20.147,1.107,0,0,flapping,12,4
R07-AZ,2026-09-01 08:12:00,0.759999999999998,0.9510000000000041,20.116,1.509,0,0,flapping,12,4
R07-AZ,2026-09-01 08:14:00,0.6190000000000051,-0.5699999999999985,20.05,0.156,0,0,flapping,12,4
R07-AZ,2026-09-01 08:16:00,0.2790000000000017,1.4630000000000063,20.167,0.915,0,0,flapping,12,4
R07-AZ,2026-09-01 08:18:00,-1.1399999999999988,-0.01899999999999835,20.077,0.226,0,0,flapping,12,4
R07-AZ,2026-09-01 08:20:00,0.1520000000000028,0.738999999999999,20.101,0.581,0,0,flapping,12,4
R07-AZ,2026-09-01 08:22:00,-0.7190000000000012,-0.2899999999999956,20.025,-0.001,0,0,flapping,12,4
R07-AZ,2026-09-01 08:24:00,0.2820000000000036,-11.230999999999996,12.669,-10.821,1,1,flapping,12,4
R07-AZ,2026-09-01 08:26:00,0.5450000000000035,-9.797499999999994,14.033,-9.094,1,0,flapping,12,4
R07-AZ,2026-09-01 08:28:00,-0.5830000000000002,-8.826,13.703,-9.688,1,0,flapping,12,4
R07-AZ,2026-09-01 08:30:00,-0.5889999999999933,-0.2800000000000029,20.098,0.551,0,0,none,-1,-1
R07-AZ,2026-09-01 08:32:00,-0.11299999999999955,0.6585000000000125,20.001,0.005,0,0,none,-1,-1
R07-AZ,2026-09-01 08:34:00,0.3064999999999998,0.7650000000000112,20.129,0.75,0,0,none,-1,-1
R07-AZ,2026-09-01 08:36:00,0.490000000000002,0.09800000000000075,20.111,0.939,0,0,none,-1,-1
R07-AZ,2026-09-01 08:38:00,0.27399999999999736,0.6069999999999993,20.062,0.544,0,0,none,-1,-1
R07-AZ,2026-09-01 08:40:00,-8.522999999999993,-0.3089999999999904,19.015,-7.763,1,0,amplifier_degradation,18,5
R07-AZ,2026-09-01 08:42:00,-8.466999999999999,-0.581999999999999,18.671,-8.673,1,0,amplifier_degradation,18,5
R07-AZ,2026-09-01 08:44:00,-8.599000000000004,0.03400000000000425,18.948,-8.252,1,0,amplifier_degradation,18,5
R07-AZ,2026-09-01 08:46:00,-9.158999999999997,1.083000000000002,19.093,-7.684,1,0,amplifier_degradation,18,5
R07-AZ,2026-09-01 08:48:00,-8.798000000000004,-0.25749999999999496,18.551,-9.009,1,0,amplifier_degradation,18,5
R07-AZ,2026-09-01 08:50:00,-8.933000000000005,-0.6700000000000017,18.687,-9.018,1,0,amplifier_degradation,18,5
R07-AZ,2026-09-01 08:52:00,-8.287000000000004,0.20200000000000706,18.814,-8.388,1,0,amplifier_degradation,18,5
R07-AZ,2026-09-01 08:54:00,-8.280000000000005,0.025000000000009237,18.619,-9.087,1,0,amplifier_degradation,18,5
R07-AZ,2026-09-01 08:56:00,-8.938999999999998,-1.5119999999999933,18.581,-9.231,1,0,amplifier_degradation,18,5
R07-AZ,2026-09-01 08:58:00,-8.876,-0.023999999999992028,18.698,-8.746,1,0,amplifier_degradation,18,5
R07-AZ,2026-09-01 09:00:00,-8.663499999999999,-1.6730000000000018,18.091,-9.87,1,0,amplifier_degradation,18,5
R07-AZ,2026-09-01 09:02:00,-8.866000000000003,-1.2220000000000013,18.68,-8.948,1,0,amplifier_degradation,18,5
R07-AZ,2026-09-01 09:04:00,-8.791500000000001,0.8529999999999909,18.817,-8.327,1,0,amplifier_degradation,18,5
R07-AZ,2026-09-01 09:06:00,-8.986999999999998,0.477999999999998,18.554,-9.107,1,0,amplifier_degradation,18,5
R07-AZ,2026-09-01 09:08:00,-9.341500000000003,0.404499999999997,18.578,-9.323,1,0,amplifier_degradation,18,5
R07-AZ,2026-09-01 09:10:00,-8.76,-0.3069999999999986,18.815,-8.553,1,0,amplifier_degradation,18,5
R07-AZ,2026-09-01 09:12:00,-7.746000000000006,-0.0899999999999963,19.05,-7.767,1,0,amplifier_degradation,18,5
R07-AZ,2026-09-01 09:14:00,-8.540999999999999,1.3450000000000024,19.189,-7.429,1,0,amplifier_degradation,18,5
R07-AZ,2026-09-01 09:16:00,-7.388999999999999,1.1020000000000003,19.25,-6.763,1,0,amplifier_degradation,18,5
R07-AZ,2026-09-01 09:18:00,-7.4,0.10100000000000797,18.882,-7.976,1,0,amplifier_degradation,18,5
R07-AZ,2026-09-01 09:20:00,-7.975999999999999,0.5639999999999983,19.032,-8.085,1,0,amplifier_degradation,18,5
R07-AZ,2026-09-01 09:22:00,-8.529999999999998,0.26500000000000234,18.746,-8.682,1,0,amplifier_degradation,18,5
R07-AZ,2026-09-01 09:24:00,-8.757999999999996,0.7500000000000053,18.755,-8.836,1,0,amplifier_degradation,18,5
R07-AZ,2026-09-01 09:26:00,-8.820999999999996,-1.0749999999999957,18.683,-8.887,1,0,amplifier_degradation,18,5
R07-AZ,2026-09-01 09:28:00,-9.226000000000006,-1.6010000000000044,17.583,-11.204,1,0,amplifier_degradation,18,5
R07-AZ,2026-09-01 09:30:00,-9.196000000000003,-0.8919999999999941,18.442,-9.532,1,0,amplifier_degradation,18,5
R07-AZ,2026-09-01 09:32:00,-8.300000000000004,0.8200000000000038,18.604,-9.09,1,0,amplifier_degradation,18,5
R07-AZ,2026-09-01 09:34:00,-8.148500000000004,-0.7629999999999981,18.418,-9.38,1,0,amplifier_degradation,18,5
R07-AZ,2026-09-01 09:36:00,-8.611999999999998,-1.6649999999999991,18.503,-9.468,1,0,amplifier_degradation,18,5
R07-AZ,2026-09-01 09:38:00,-7.951999999999998,-0.3719999999999999,18.553,-9.188,1,0,amplifier_degradation,18,5
R07-AZ,2026-09-01 09:40:00,-9.227999999999993,-0.16399999999999437,18.501,-9.448,1,0,amplifier_degradation,18,5
R07-AZ,2026-09-01 09:42:00,-8.594999999999992,-1.5789999999999935,18.323,-9.521,1,0,amplifier_degradation,18,5
R07-AZ,2026-09-01 09:44:00,-8.808000000000002,-0.4189999999999934,18.266,-9.718,1,0,amplifier_degradation,18,5
R07-AZ,2026-09-01 09:46:00,-9.271999999999997,0.471999999999996,18.833,-8.564,1,0,amplifier_degradation,18,5
R07-AZ,2026-09-01 09:48:00,-9.485000000000001,-1.375,17.947,-10.342,1,0,amplifier_degradation,18,5
R07-AZ,2026-09-01 09:50:00,-8.729999999999997,-0.5279999999999934,18.425,-9.428,1,0,amplifier_degradation,18,5
R07-AZ,2026-09-01 09:52:00,-9.428000000000003,-1.3760000000000012,17.62,-11.08,1,0,amplifier_degradation,18,5
R07-AZ,2026-09-01 09:54:00,-8.549999999999999,-0.9559999999999977,18.29,-9.761,1,0,amplifier_degradation,18,5
R07-AZ,2026-09-01 09:56:00,-8.637499999999996,0.6895000000000007,18.202,-9.796,1,0,amplifier_degradation,18,5
R07-AZ,2026-09-01 09:58:00,-9.007000000000003,-0.8909999999999965,18.467,-9.284,1,0,amplifier_degradation,18,5
R07-ZA,2026-09-01 00:00:00,-0.01699999999999946,1.0770000000000035,19.989,1.207,0,0,none,-1,-1
R07-ZA,2026-09-01 00:02:00,0.49400000000000155,1.9100000000000055,18.041,3.899,0,0,none,-1,-1
R07-ZA,2026-09-01 00:04:00,-0.8815000000000062,-0.08699999999999797,20.033,0.477,0,0,none,-1,-1
R07-ZA,2026-09-01 00:06:00,0.019999999999999574,2.524999999999997,19.151,2.486,0,0,none,-1,-1
R07-ZA,2026-09-01 00:08:00,-0.4269999999999996,0.3460000000000001,19.758,1.779,0,0,none,-1,-1
R07-ZA,2026-09-01 00:10:00,-0.5090000000000074,0.15250000000000874,19.917,2.292,0,0,none,-1,-1
R07-ZA,2026-09-01 00:12:00,-0.3409999999999975,1.2630000000000017,19.411,1.814,0,0,none,-1,-1
R07-ZA,2026-09-01 00:14:00,-0.6640000000000015,0.8450000000000024,19.656,1.439,0,0,none,-1,-1
R07-ZA,2026-09-01 00:16:00,0.12099999999999866,2.810500000000001,18.873,3.15,0,0,none,-1,-1
R07-ZA,2026-09-01 00:18:00,-0.06700000000000017,0.8240000000000034,19.728,1.813,0,0,none,-1,-1
R07-ZA,2026-09-01 00:20:00,0.09050000000000225,1.6810000000000063,19.71,1.68,0,0,none,-1,-1
R07-ZA,2026-09-01 00:22:00,-1.4975000000000005,-0.9719999999999924,19.905,0.713,0,0,none,-1,-1
R07-ZA,2026-09-01 00:24:00,-0.5030000000000001,1.5650000000000013,19.458,2.552,0,0,none,-1,-1
R07-ZA,2026-09-01 00:26:00,-1.0079999999999938,0.06000000000000405,19.649,0.981,0,0,none,-1,-1
R07-ZA,2026-09-01 00:28:00,-0.373999999999997,0.985000000000003,19.668,1.107,0,0,none,-1,-1
R07-ZA,2026-09-01 00:30:00,-1.2110000000000039,-0.44199999999999484,20.153,-0.183,0,0,none,-1,-1
R07-ZA,2026-09-01 00:32:00,-1.5459999999999994,0.07200000000000273,19.924,0.427,0,0,none,-1,-1
R07-ZA,2026-09-01 00:34:00,0.21899999999999586,-0.7030000000000047,19.875,1.222,0,0,none,-1,-1
R07-ZA,2026-09-01 00:36:00,-0.6410000000000053,0.3110000000000017,20.024,0.366,0,0,none,-1,-1
R07-ZA,2026-09-01 00:38:00,-1.7369999999999965,0.31000000000000405,19.964,0.85,0,0,none,-1,-1
R07-ZA,2026-09-01 00:40:00,0.22299999999999898,-0.10900000000000176,19.751,1.479,0,0,none,-1,-1
R07-ZA,2026-09-01 00:42:00,-0.41700000000000337,0.21999999999999886,19.481,1.941,0,0,none,-1,-1
R07-ZA,2026-09-01 00:44:00,-0.21600000000000108,0.059000000000004604,19.881,0.577,0,0,none,-1,-1
R07-ZA,2026-09-01 00:46:00,0.42400000000000304,2.4925000000000033,19.17,2.975,0,0,none,-1,-1
R07-ZA,2026-09-01 00:48:00,-0.477999999999998,1.4580000000000073,19.544,2.053,0,0,none,-1,-1
R07-ZA,2026-09-01 00:50:00,0.35599999999999454,0.752000000000006,19.844,1.276,0,0,fiber_degradation,10,0
R07-ZA,2026-09-01 00:52:00,0.07899999999999707,-0.134999999999998,19.806,1.036,0,0,fiber_degradation,10,0
R07-ZA,2026-09-01 00:54:00,0.15300000000000402,-3.0929999999999964,19.955,-0.964,0,0,fiber_degradation,10,0
R07-ZA,2026-09-01 00:56:00,-1.2910000000000075,-1.210999999999995,19.964,-1.342,0,0,fiber_degradation,10,0
R07-ZA,2026-09-01 00:58:00,-0.4880000000000013,-1.8220000000000027,19.858,-1.348,0,0,fiber_degradation,10,0
R07-ZA,2026-09-01 01:00:00,-0.743999999999998,-2.6850000000000023,19.574,-2.455,0,0,fiber_degradation,10,0
R07-ZA,2026-09-01 01:02:00,-0.914000000000005,-3.2819999999999965,19.465,-2.916,0,0,fiber_degradation,10,0
R07-ZA,2026-09-01 01:04:00,0.3689999999999962,-1.235000000000003,19.486,-1.092,0,0,fiber_degradation,10,0
R07-ZA,2026-09-01 01:06:00,-0.7980000000000018,-3.340999999999994,19.407,-2.8,0,0,fiber_degradation,10,0
R07-ZA,2026-09-01 01:08:00,0.10650000000000226,-3.0340000000000042,19.217,-2.696,0,0,fiber_degradation,10,0
R07-ZA,2026-09-01 01:10:00,-0.06300000000000061,-4.466000000000003,18.508,-4.091,0,0,fiber_degradation,10,0
R07-ZA,2026-09-01 01:12:00,-1.209999999999992,-4.891999999999992,18.446,-4.805,0,0,fiber_degradation,10,0
R07-ZA,2026-09-01 01:14:00,-0.04899999999999949,-6.479999999999999,18.242,-4.973,0,0,fiber_degradation,10,0
R07-ZA,2026-09-01 01:16:00,-1.0139999999999922,-6.602000000000004,17.914,-5.873,0,0,fiber_degradation,10,0
R07-ZA,2026-09-01 01:18:00,-0.7939999999999987,-4.740000000000002,18.245,-5.162,0,0,fiber_degradation,10,0
R07-ZA,2026-09-01 01:20:00,-0.4199999999999964,-6.741000000000007,17.341,-6.684,1,0,fiber_degradation,10,0
R07-ZA,2026-09-01 01:22:00,-0.4390000000000054,-5.654999999999992,17.896,-5.326,0,0,fiber_degradation,10,0
R07-ZA,2026-09-01 01:24:00,-0.016000000000000014,-8.102000000000004,17.179,-6.38,1,0,fiber_degradation,10,0
R07-ZA,2026-09-01 01:26:00,-0.9329999999999927,-7.617999999999993,16.556,-7.776,1,0,fiber_degradation,10,0
R07-ZA,2026-09-01 01:28:00,0.0039999999999995595,-8.268000000000002,16.705,-7.46,1,0,fiber_degradation,10,0
R07-ZA,2026-09-01 01:30:00,-0.4139999999999997,-9.873999999999995,15.934,-8.362,1,0,fiber_degradation,10,0
R07-ZA,2026-09-01 01:32:00,-1.0479999999999983,-9.192999999999998,15.943,-8.569,1,0,fiber_degradation,10,0
R07-ZA,2026-09-01 01:34:00,-0.5399999999999974,-9.928,15.192,-9.462,1,0,fiber_degradation,10,0
R07-ZA,2026-09-01 01:36:00,-0.5710000000000015,-7.866999999999997,16.034,-8.039,1,0,fiber_degradation,10,0
R07-ZA,2026-09-01 01:38:00,0.07099999999999618,-9.366,16.238,-7.85,1,0,fiber_degradation,10,0
R07-ZA,2026-09-01 01:40:00,-1.2549999999999955,-7.3980000000000015,16.104,-7.778,1,0,fiber_degradation,10,0
R07-ZA,2026-09-01 01:42:00,-0.3569999999999993,-9.887500000000001,15.595,-9.12,1,0,fiber_degradation,10,0
R07-ZA,2026-09-01 01:44:00,-0.586999999999998,-7.826500000000005,15.977,-8.553,1,0,fiber_degradation,10,0
R07-ZA,2026-09-01 01:46:00,-1.2559999999999985,-8.649000000000001,16.12,-7.703,1,0,fiber_degradation,10,0
R07-ZA,2026-09-01 01:48:00,-0.5709999999999962,-9.224000000000002,15.539,-9.045,1,0,fiber_degradation,10,0
R07-ZA,2026-09-01 01:50:00,-0.26099999999999923,-8.892,15.899,-8.201,1,0,fiber_degradation,10,0
R07-ZA,2026-09-01 01:52:00,-0.5369999999999955,-7.364999999999995,16.502,-7.473,1,0,fiber_degradation,10,0
R07-ZA,2026-09-01 01:54:00,0.11249999999999716,-9.113000000000005,15.778,-8.024,1,0,fiber_degradation,10,0
R07-ZA,2026-09-01 01:56:00,-0.46599999999999575,-9.842000000000002,14.701,-10.018,1,0,fiber_degradation,10,0
R07-ZA,2026-09-01 01:58:00,-0.8449999999999971,-9.357999999999993,15.339,-9.188,1,0,fiber_degradation,10,0
R07-ZA,2026-09-01 02:00:00,0.18600000000000527,-8.876,15.998,-7.639,1,0,fiber_degradation,10,0
R07-ZA,2026-09-01 02:02:00,-0.5329999999999977,0.4020000000000046,19.557,1.503,0,0,none,-1,-1
R07-ZA,2026-09-01 02:04:00,-0.30100000000000193,-0.15699999999999648,20.077,-0.53,0,0,none,-1,-1
R07-ZA,2026-09-01 02:06:00,-0.2619999999999969,-0.7469999999999963,19.946,0.153,0,0,none,-1,-1
R07-ZA,2026-09-01 02:08:00,-0.21800000000000175,0.5045000000000002,19.823,1.735,0,0,none,-1,-1
R07-ZA,2026-09-01 02:10:00,-0.6110000000000007,-0.9710000000000036,20.147,-0.479,0,0,none,-1,-1
R07-ZA,2026-09-01 02:12:00,-1.412999999999995,0.47799999999999976,20.04,0.541,0,0,none,-1,-1
R07-ZA,2026-09-01 02:14:00,-0.05399999999999494,-0.18700000000000117,19.836,0.296,0,0,none,-1,-1
R07-ZA,2026-09-01 02:16:00,-0.5490000000000048,0.2525000000000013,20.127,0.251,0,0,none,-1,-1
R07-ZA,2026-09-01 02:18:00,-0.6684999999999945,-0.05599999999999028,19.945,0.576,0,0,none,-1,-1
R07-ZA,2026-09-01 02:20:00,-0.36400000000000077,-1.2990000000000048,20.115,0.17,0,0,none,-1,-1
R07-ZA,2026-09-01 02:22:00,-0.5209999999999955,0.034999999999998366,20.109,0.646,0,0,none,-1,-1
R07-ZA,2026-09-01 02:24:00,-0.34799999999999187,-0.352999999999998,20.125,0.375,0,0,none,-1,-1
R07-ZA,2026-09-01 02:26:00,-0.28416666666666046,-0.6769999999999996,20.028,0.485,0,0,none,-1,-1
R07-ZA,2026-09-01 02:28:00,-0.22033333333333438,-1.0009999999999994,20.049,0.111,0,0,none,-1,-1
R07-ZA,2026-09-01 02:30:00,-0.519999999999996,-1.7409999999999926,20.106,-0.431,0,0,none,-1,-1
R07-ZA,2026-09-01 02:32:00,-0.824500000000004,0.5800000000000001,19.942,0.397,0,0,none,-1,-1
R07-ZA,2026-09-01 02:34:00,-1.2770000000000064,-1.5099999999999998,20.078,-1.177,0,0,none,-1,-1
R07-ZA,2026-09-01 02:36:00,-0.5370000000000008,-0.03399999999999892,19.923,0.252,0,0,none,-1,-1
R07-ZA,2026-09-01 02:38:00,-0.7909999999999933,-1.2269999999999968,20.083,-0.381,0,0,none,-1,-1
R07-ZA,2026-09-01 02:40:00,-0.7509999999999994,-1.675500000000003,20.099,-0.385,0,0,none,-1,-1
R07-ZA,2026-09-01 02:42:00,-0.6899999999999995,-0.4859999999999953,20.136,-0.363,0,0,none,-1,-1
R07-ZA,2026-09-01 02:44:00,-0.08500000000000085,-0.9030000000000005,19.855,0.132,0,0,none,-1,-1
R07-ZA,2026-09-01 02:46:00,-1.040999999999995,-0.6689999999999969,20.097,-1.016,0,0,none,-1,-1
R07-ZA,2026-09-01 02:48:00,-0.5916666666666615,0.2749999999999986,20.126,0.946,0,0,none,-1,-1
R07-ZA,2026-09-01 02:50:00,0.3756666666666675,-1.4710000000000019,20.106,-0.517,0,0,none,-1,-1
R07-ZA,2026-09-01 02:52:00,-0.6920000000000002,0.04999999999999183,19.793,1.413,0,0,none,-1,-1
R07-ZA,2026-09-01 02:54:00,-0.7839999999999971,-0.273999999999992,20.121,0.222,0,0,none,-1,-1
R07-ZA,2026-09-01 02:56:00,0.28850000000000264,-0.5630000000000006,19.887,0.638,0,0,none,-1,-1
R07-ZA,2026-09-01 02:58:00,0.13700000000000223,-0.754999999999999,20.057,0.594,0,0,none,-1,-1
R07-ZA,2026-09-01 03:00:00,-1.0550000000000033,-0.49299999999999855,19.825,0.196,0,0,none,-1,-1
R07-ZA,2026-09-01 03:02:00,0.08250000000000313,-0.09399999999999764,19.453,0.941,0,0,none,-1,-1
R07-ZA,2026-09-01 03:04:00,0.47099999999999653,-0.8799999999999937,20.045,0.736,0,0,none,-1,-1
R07-ZA,2026-09-01 03:06:00,-1.036999999999992,-0.049000000000001265,19.878,0.625,0,0,none,-1,-1
R07-ZA,2026-09-01 03:08:00,-0.6489999999999956,-1.2859999999999978,20.138,0.42,0,0,none,-1,-1
R07-ZA,2026-09-01 03:10:00,-1.2060000000000048,-0.612500000000006,20.091,-0.481,0,0,none,-1,-1
R07-ZA,2026-09-01 03:12:00,-0.7149999999999963,-0.1949999999999985,20.11,-0.484,0,0,none,-1,-1
R07-ZA,2026-09-01 03:14:00,-0.5634999999999959,-0.8549999999999933,20.089,-0.695,0,0,none,-1,-1
R07-ZA,2026-09-01 03:16:00,-0.7590000000000057,-0.4029999999999987,20.001,0.361,0,0,none,-1,-1
R07-ZA,2026-09-01 03:18:00,-0.3055000000000039,0.4499999999999993,19.929,1.085,0,0,none,-1,-1
R07-ZA,2026-09-01 03:20:00,-0.4929999999999968,-0.7259999999999973,20.132,-0.302,0,0,none,-1,-1
R07-ZA,2026-09-01 03:22:00,-0.969000000000003,-0.6810000000000009,20.112,-0.282,0,0,none,-1,-1
R07-ZA,2026-09-01 03:24:00,0.4090000000000078,-0.4789999999999939,19.851,1.281,0,0,none,-1,-1
R07-ZA,2026-09-01 03:26:00,-0.6399999999999952,0.05200000000000138,20.072,-0.432,0,0,none,-1,-1
R07-ZA,2026-09-01 03:28:00,0.2320000000000011,-0.8119999999999994,19.96,0.248,0,0,none,-1,-1
R07-ZA,2026-09-01 03:30:00,-0.7780000000000058,-11.460999999999988,13.146,-11.281,1,0,fiber_degradation,7,1
R07-ZA,2026-09-01 03:32:00,-0.12349999999999817,-14.288999999999993,11.806,-12.802,1,1,fiber_degradation,7,1
R07-ZA,2026-09-01 03:34:00,-0.9379999999999971,-12.893999999999997,11.973,-11.983,1,1,fiber_degradation,7,1
R07-ZA,2026-09-01 03:36:00,-0.8584999999999994,-12.685,11.821,-12.185,1,1,fiber_degradation,7,1
R07-ZA,2026-09-01 03:38:00,-0.25199999999999,-11.831,12.862,-10.738,1,1,fiber_degradation,7,1
R07-ZA,2026-09-01 03:40:00,-0.03699999999999548,-11.111999999999997,13.194,-10.395,1,0,fiber_degradation,7,1
R07-ZA,2026-09-01 03:42:00,0.24150000000000738,-13.16399999999999,12.099,-11.836,1,1,fiber_degradation,7,1
R07-ZA,2026-09-01 03:44:00,-0.17199999999999527,-11.021999999999998,13.086,-10.786,1,0,fiber_degradation,7,1
R07-ZA,2026-09-01 03:46:00,-1.0419999999999945,-12.095500000000001,12.398,-11.825,1,1,fiber_degradation,7,1
R07-ZA,2026-09-01 03:48:00,-0.5829999999999984,-13.633000000000001,11.512,-13.172,1,1,fiber_degradation,7,1
R07-ZA,2026-09-01 03:50:00,-0.7779999999999969,-10.997,12.97,-10.661,1,1,fiber_degradation,7,1
R07-ZA,2026-09-01 03:52:00,-0.02399999999999558,-11.129999999999999,12.634,-11.414,1,1,fiber_degradation,7,1
R07-ZA,2026-09-01 03:54:00,-0.5539999999999967,-12.277,12.498,-11.105,1,1,fiber_degradation,7,1
R07-ZA,2026-09-01 03:56:00,-0.5609999999999964,-13.846000000000007,10.942,-13.595,1,1,fiber_degradation,7,1
R07-ZA,2026-09-01 03:58:00,-0.040000000000004476,-11.831000000000001,12.566,-10.935,1,1,fiber_degradation,7,1
R07-ZA,2026-09-01 04:00:00,0.5069999999999961,-12.662999999999995,12.598,-11.197,1,1,fiber_degradation,7,1
R07-ZA,2026-09-01 04:02:00,-0.8750000000000053,-12.389999999999995,13.152,-11.516,1,0,fiber_degradation,7,1
R07-ZA,2026-09-01 04:04:00,-0.3270000000000124,-11.994499999999997,12.77,-10.89,1,1,fiber_degradation,7,1
R07-ZA,2026-09-01 04:06:00,-0.8310000000000031,-11.978500000000007,12.408,-11.496,1,1,fiber_degradation,7,1
R07-ZA,2026-09-01 04:08:00,-1.1239999999999988,-11.088000000000005,12.472,-11.91,1,1,fiber_degradation,7,1
R07-ZA,2026-09-01 04:10:00,-1.0320000000000018,-10.091999999999995,13.528,-11.166,1,0,fiber_degradation,7,1
R07-ZA,2026-09-01 04:12:00,-0.4099999999999966,-10.262999999999998,12.936,-10.854,1,1,fiber_degradation,7,1
R07-ZA,2026-09-01 04:14:00,-0.8580000000000005,-12.022000000000002,12.651,-11.907,1,1,fiber_degradation,7,1
R07-ZA,2026-09-01 04:16:00,-0.16150000000000198,-12.885000000000002,12.772,-11.314,1,1,fiber_degradation,7,1
R07-ZA,2026-09-01 04:18:00,-0.07900000000000063,-9.566000000000004,14.392,-9.01,1,0,fiber_degradation,7,1
R07-ZA,2026-09-01 04:20:00,-0.34299999999999997,-11.666500000000001,13.774,-9.547,1,0,fiber_degradation,7,1
R07-ZA,2026-09-01 04:22:00,-0.3924999999999983,-11.978499999999993,12.596,-11.596,1,1,fiber_degradation,7,1
R07-ZA,2026-09-01 04:24:00,-0.5294999999999952,-11.058499999999992,13.352,-10.501,1,0,fiber_degradation,7,1
R07-ZA,2026-09-01 04:26:00,-1.1650000000000045,-10.8435,12.664,-11.197,1,1,fiber_degradation,7,1
R07-ZA,2026-09-01 04:28:00,-0.09599999999999831,-11.757000000000007,13.142,-10.056,1,0,fiber_degradation,7,1
R07-ZA,2026-09-01 04:30:00,-0.7399999999999967,-10.366999999999988,13.055,-10.85,1,0,fiber_degradation,7,1
R07-ZA,2026-09-01 04:32:00,-0.044999999999996376,-11.705999999999996,13.578,-10.846,1,0,fiber_degradation,7,1
R07-ZA,2026-09-01 04:34:00,-0.9699999999999989,-11.311999999999992,12.633,-11.582,1,1,fiber_degradation,7,1
R07-ZA,2026-09-01 04:36:00,-0.10800000000000942,-11.535,12.981,-10.79,1,1,fiber_degradation,7,1
R07-ZA,2026-09-01 04:38:00,-0.23800000000000487,-11.998999999999995,12.578,-10.926,1,1,fiber_degradation,7,1
R07-ZA,2026-09-01 04:40:00,0.3685000000000027,-11.934999999999992,13.188,-10.528,1,0,fiber_degradation,7,1
R07-ZA,2026-09-01 04:42:00,-0.589999999999991,-10.204000000000004,12.881,-10.261,1,1,fiber_degradation,7,1
R07-ZA,2026-09-01 04:44:00,-0.8920000000000012,-11.817499999999995,13.009,-10.984,1,0,fiber_degradation,7,1
R07-ZA,2026-09-01 04:46:00,0.24200000000000266,-11.369999999999994,13.508,-10.358,1,0,fiber_degradation,7,1
R07-ZA,2026-09-01 04:48:00,-0.8405000000000058,-11.479000000000003,12.672,-11.549,1,1,fiber_degradation,7,1
R07-ZA,2026-09-01 04:50:00,-1.7079999999999949,-12.006000000000002,12.089,-12.114,1,1,fiber_degradation,7,1
R07-ZA,2026-09-01 04:52:00,-0.35500000000000576,-9.6325,13.479,-10.354,1,0,fiber_degradation,7,1
R07-ZA,2026-09-01 04:54:00,-0.47750000000000625,-11.443000000000003,13.166,-10.804,1,0,fiber_degradation,7,1
R07-ZA,2026-09-01 04:56:00,-0.7239999999999966,-12.078999999999994,12.454,-11.779,1,1,fiber_degradation,7,1
R07-ZA,2026-09-01 04:58:00,-0.35599999999999454,-11.932,12.837,-11.711,1,1,fiber_degradation,7,1
R07-ZA,2026-09-01 05:00:00,-1.1110000000000024,-11.536499999999991,12.928,-11.172,1,1,fiber_degradation,7,1
R07-ZA,2026-09-01 05:02:00,-0.0940000000000012,-11.450000000000003,13.39,-10.744,1,0,fiber_degradation,7,1
R07-ZA,2026-09-01 05:04:00,0.1999999999999975,-11.340000000000003,12.872,-10.818,1,1,fiber_degradation,7,1
R07-ZA,2026-09-01 05:06:00,-0.5879999999999956,-10.613999999999999,12.846,-10.582,1,1,fiber_degradation,7,1
R07-ZA,2026-09-01 05:08:00,0.07800000000000118,-10.795999999999996,13.52,-10.331,1,0,fiber_degradation,7,1
R07-ZA,2026-09-01 05:10:00,-0.4870000000000001,-10.879999999999999,13.301,-10.281,1,0,fiber_degradation,7,1
R07-ZA,2026-09-01 05:12:00,-0.9249999999999954,-11.278999999999998,13.844,-10.197,1,0,fiber_degradation,7,1
R07-ZA,2026-09-01 05:14:00,-0.492000000000008,-11.018,12.136,-11.36,1,1,fiber_degradation,7,1
R07-ZA,2026-09-01 05:16:00,-1.045,-11.441000000000003,11.942,-11.868,1,1,fiber_degradation,7,1
R07-ZA,2026-09-01 05:18:00,-0.4399999999999977,-11.064999999999996,13.15,-10.264,1,0,fiber_degradation,7,1
R07-ZA,2026-09-01 05:20:00,-0.6729999999999965,-12.661499999999997,12.275,-11.749,1,1,fiber_degradation,7,1
R07-ZA,2026-09-01 05:22:00,-0.9850000000000048,-10.962499999999988,12.847,-10.868,1,1,fiber_degradation,7,1
R07-ZA,2026-09-01 05:24:00,-0.19200000000000195,-11.188999999999997,13.33,-10.715,1,0,fiber_degradation,7,1
R07-ZA,2026-09-01 05:26:00,-0.3750000000000018,1.4050000000000065,19.875,1.675,0,0,none,-1,-1
R07-ZA,2026-09-01 05:28:00,0.008999999999998565,1.046999999999997,19.276,1.858,0,0,none,-1,-1
R07-ZA,2026-09-01 05:30:00,-0.7579999999999973,0.7450000000000045,20.042,0.784,0,0,none,-1,-1
R07-ZA,2026-09-01 05:32:00,-8.342000000000006,0.46799999999999464,17.544,-6.45,1,0,amplifier_degradation,11,2
R07-ZA,2026-09-01 05:34:00,-8.079999999999991,0.3500000000000014,18.07,-6.041,1,0,amplifier_degradation,11,2
R07-ZA,2026-09-01 05:36:00,-8.264000000000008,1.4820000000000029,18.342,-5.423,0,0,amplifier_degradation,11,2
R07-ZA,2026-09-01 05:38:00,-8.248000000000003,-0.2270000000000003,17.548,-6.577,1,0,amplifier_degradation,11,2
R07-ZA,2026-09-01 05:40:00,-8.496000000000002,0.5034999999999936,17.247,-6.69,1,0,amplifier_degradation,11,2
R07-ZA,2026-09-01 05:42:00,-8.539,2.476999999999993,18.114,-5.054,0,0,amplifier_degradation,11,2
R07-ZA,2026-09-01 05:44:00,-8.267000000000005,1.053500000000005,17.756,-6.402,1,0,amplifier_degradation,11,2
R07-ZA,2026-09-01 05:46:00,-7.481999999999999,0.5069999999999979,18.037,-5.754,0,0,amplifier_degradation,11,2
R07-ZA,2026-09-01 05:48:00,-8.091000000000001,0.3449999999999971,17.869,-6.007,1,0,amplifier_degradation,11,2
R07-ZA,2026-09-01 05:50:00,-8.391999999999996,-0.7565000000000008,16.767,-7.797,1,0,amplifier_degradation,11,2
R07-ZA,2026-09-01 05:52:00,-8.565,1.3800000000000026,18.011,-5.865,0,0,amplifier_degradation,11,2
R07-ZA,2026-09-01 05:54:00,-7.785,0.32800000000000473,17.962,-6.147,1,0,amplifier_degradation,11,2
R07-ZA,2026-09-01 05:56:00,-7.241,-0.9980000000000082,17.339,-7.148,1,0,amplifier_degradation,11,2
R07-ZA,2026-09-01 05:58:00,-8.522999999999996,0.5400000000000027,17.204,-6.952,1,0,amplifier_degradation,11,2
R07-ZA,2026-09-01 06:00:00,-7.623999999999997,1.047000000000013,17.893,-5.532,0,0,amplifier_degradation,11,2
R07-ZA,2026-09-01 06:02:00,-0.17499999999999538,1.381000000000002,19.745,1.352,0,0,none,-1,-1
R07-ZA,2026-09-01 06:04:00,-0.9130000000000091,1.1199999999999957,19.806,0.474,0,0,none,-1,-1
R07-ZA,2026-09-01 06:06:00,-0.6630000000000038,1.8530000000000015,19.432,2.673,0,0,none,-1,-1
R07-ZA,2026-09-01 06:08:00,-0.3479999999999954,1.4650000000000016,19.782,2.102,0,0,none,-1,-1
R07-ZA,2026-09-01 06:10:00,-0.23299999999999876,1.0290000000000052,19.723,2.411,0,0,none,-1,-1
R07-ZA,2026-09-01 06:12:00,-1.306499999999998,2.8670000000000044,19.724,1.963,0,0,none,-1,-1
R07-ZA,2026-09-01 06:14:00,-0.10899999999999288,1.9250000000000007,19.002,3.119,0,0,none,-1,-1
R07-ZA,2026-09-01 06:16:00,-0.48199999999999754,1.6600000000000001,19.738,2.29,0,0,none,-1,-1
R07-ZA,2026-09-01 06:18:00,0.2579999999999991,0.8969999999999914,19.976,1.59,0,0,none,-1,-1
R07-ZA,2026-09-01 06:20:00,-1.052000000000005,1.8725000000000005,19.692,2.222,0,0,none,-1,-1
R07-ZA,2026-09-01 06:22:00,-0.26500000000000234,1.9070000000000036,19.548,1.981,0,0,none,-1,-1
R07-ZA,2026-09-01 06:24:00,-0.8730000000000011,0.8335000000000026,19.765,0.729,0,0,none,-1,-1
R07-ZA,2026-09-01 06:26:00,-0.8060000000000045,1.3889999999999976,19.649,1.7,0,0,none,-1,-1
R07-ZA,2026-09-01 06:28:00,-1.1630000000000074,1.576500000000003,19.835,1.966,0,0,none,-1,-1
R07-ZA,2026-09-01 06:30:00,-0.4620000000000033,0.6070000000000118,19.617,1.846,0,0,none,-1,-1
R07-ZA,2026-09-01 06:32:00,-0.8530000000000015,1.1629999999999985,18.985,2.37,0,0,none,-1,-1
R07-ZA,2026-09-01 06:34:00,-0.9429999999999996,0.7820000000000036,19.834,0.509,0,0,none,-1,-1
R07-ZA,2026-09-01 06:36:00,-1.0220000000000002,0.9649999999999963,20.123,1.129,0,0,amplifier_degradation,2,3
R07-ZA,2026-09-01 06:38:00,-0.8490000000000002,1.909000000000006,20.074,1.314,0,0,amplifier_degradation,2,3
R07-ZA,2026-09-01 06:40:00,0.8059999999999921,1.4790000000000028,19.29,3.168,0,0,amplifier_degradation,2,3
R07-ZA,2026-09-01 06:42:00,-1.952999999999994,2.3610000000000024,19.998,0.955,0,0,amplifier_degradation,2,3
R07-ZA,2026-09-01 06:44:00,-0.7870000000000008,1.4829999999999952,19.926,1.505,0,0,amplifier_degradation,2,3
R07-ZA,2026-09-01 06:46:00,-1.2539999999999978,1.3320000000000043,19.795,1.226,0,0,amplifier_degradation,2,3
R07-ZA,2026-09-01 06:48:00,-1.225000000000005,0.974000000000002,20.029,1.144,0,0,amplifier_degradation,2,3
R07-ZA,2026-09-01 06:50:00,-0.7939999999999987,2.2890000000000015,19.769,2.134,0,0,amplifier_degradation,2,3
R07-ZA,2026-09-01 06:52:00,-0.964000000000004,1.415999999999995,20.033,1.093,0,0,amplifier_degradation,2,3
R07-ZA,2026-09-01 06:54:00,-0.4130000000000038,0.9489999999999945,19.866,1.313,0,0,amplifier_degradation,2,3
R07-ZA,2026-09-01 06:56:00,-0.9779999999999944,1.5559999999999974,19.995,1.9,0,0,amplifier_degradation,2,3
R07-ZA,2026-09-01 06:58:00,-1.7220000000000013,1.0029999999999983,20.139,0.246,0,0,amplifier_degradation,2,3
R07-ZA,2026-09-01 07:00:00,-0.8010000000000002,1.0440000000000023,20.026,1.318,0,0,amplifier_degradation,2,3
R07-ZA,2026-09-01 07:02:00,-0.6470000000000002,0.6910000000000025,19.886,1.331,0,0,amplifier_degradation,2,3
R07-ZA,2026-09-01 07:04:00,-0.9960000000000022,1.061,20.002,1.94,0,0,amplifier_degradation,2,3
R07-ZA,2026-09-01 07:06:00,-2.013000000000009,1.7270000000000003,20.161,0.413,0,0,amplifier_degradation,2,3
R07-ZA,2026-09-01 07:08:00,-1.814000000000009,0.6600000000000055,20.137,0.102,0,0,amplifier_degradation,2,3
R07-ZA,2026-09-01 07:10:00,-1.772999999999998,-0.0030000000000001137,20.157,0.339,0,0,amplifier_degradation,2,3
R07-ZA,2026-09-01 07:12:00,-1.1379999999999963,0.5894999999999939,20.049,1.426,0,0,amplifier_degradation,2,3
R07-ZA,2026-09-01 07:14:00,-2.1080000000000005,3.752000000000004,19.317,3.05,0,0,amplifier_degradation,2,3
R07-ZA,2026-09-01 07:16:00,-1.6600000000000001,2.591999999999997,20.105,1.255,0,0,amplifier_degradation,2,3
R07-ZA,2026-09-01 07:18:00,-1.0809999999999995,1.0670000000000055,19.457,2.229,0,0,amplifier_degradation,2,3
R07-ZA,2026-09-01 07:20:00,-2.2620000000000005,1.4250000000000007,20.18,0.518,0,0,amplifier_degradation,2,3
R07-ZA,2026-09-01 07:22:00,-2.5179999999999954,1.879999999999999,20.247,0.808,0,0,amplifier_degradation,2,3
R07-ZA,2026-09-01 07:24:00,-1.511000000000001,1.4709999999999983,20.111,1.027,0,0,amplifier_degradation,2,3
R07-ZA,2026-09-01 07:26:00,-1.5310000000000024,2.3920000000000066,19.961,1.798,0,0,amplifier_degradation,2,3
R07-ZA,2026-09-01 07:28:00,-1.6159999999999979,0.711999999999998,20.194,-0.087,0,0,amplifier_degradation,2,3
R07-ZA,2026-09-01 07:30:00,-1.9149999999999974,1.6280000000000001,20.22,0.299,0,0,amplifier_degradation,2,3
R07-ZA,2026-09-01 07:32:00,-1.2830000000000013,0.9160000000000057,20.013,1.338,0,0,amplifier_degradation,2,3
R07-ZA,2026-09-01 07:34:00,-2.0619999999999905,-1.079999999999993,19.925,-1.587,0,0,amplifier_degradation,2,3
R07-ZA,2026-09-01 07:36:00,-1.3209999999999944,1.5780000000000065,20.041,1.474,0,0,amplifier_degradation,2,3
R07-ZA,2026-09-01 07:38:00,-2.8999999999999897,1.1070000000000029,20.08,-1.25,0,0,amplifier_degradation,2,3
R07-ZA,2026-09-01 07:40:00,-1.2670000000000012,0.8330000000000037,20.213,0.405,0,0,amplifier_degradation,2,3
R07-ZA,2026-09-01 07:42:00,-1.1879999999999953,0.44899999999999984,20.085,0.597,0,0,amplifier_degradation,2,3
R07-ZA,2026-09-01 07:44:00,-0.9970000000000034,1.5190000000000037,20.174,0.373,0,0,amplifier_degradation,2,3
R07-ZA,2026-09-01 07:46:00,-2.373999999999997,1.5979999999999954,20.178,-0.222,0,0,amplifier_degradation,2,3
R07-ZA,2026-09-01 07:48:00,-1.7330000000000023,1.0599999999999916,20.164,-0.416,0,0,amplifier_degradation,2,3
R07-ZA,2026-09-01 07:50:00,-2.5730000000000057,2.727999999999998,20.139,0.347,0,0,amplifier_degradation,2,3
R07-ZA,2026-09-01 07:52:00,-2.181000000000008,0.5199999999999996,20.223,-0.284,0,0,amplifier_degradation,2,3
R07-ZA,2026-09-01 07:54:00,-0.41099999999999426,-0.7029999999999959,20.054,1.032,0,0,none,-1,-1
R07-ZA,2026-09-01 07:56:00,-1.2870000000000008,1.807999999999998,19.737,0.902,0,0,none,-1,-1
R07-ZA,2026-09-01 07:58:00,-0.09699999999999598,0.5759999999999934,20.031,1.194,0,0,none,-1,-1
R07-ZA,2026-09-01 08:00:00,-0.02099999999999902,0.9209999999999994,19.834,1.774,0,0,none,-1,-1
R07-ZA,2026-09-01 08:02:00,-0.20650000000000546,0.14399999999999302,20.057,0.971,0,0,none,-1,-1
R07-ZA,2026-09-01 08:04:00,-0.6994999999999969,1.6600000000000001,19.791,1.904,0,0,none,-1,-1
R07-ZA,2026-09-01 08:06:00,-0.12400000000000055,2.4700000000000024,19.083,2.469,0,0,none,-1,-1
R07-ZA,2026-09-01 08:08:00,-1.610999999999997,1.011000000000001,20.158,0.18,0,0,none,-1,-1
R07-ZA,2026-09-01 08:10:00,-0.3249999999999922,1.6289999999999978,19.579,1.856,0,0,none,-1,-1
R07-ZA,2026-09-01 08:12:00,0.21300000000000274,0.27099999999999547,19.686,1.21,0,0,none,-1,-1
R07-ZA,2026-09-01 08:14:00,-0.8539999999999939,0.26400000000000823,19.553,1.264,0,0,none,-1,-1
R07-ZA,2026-09-01 08:16:00,-0.486000000000006,1.1090000000000018,19.074,1.838,0,0,none,-1,-1
R07-ZA,2026-09-01 08:18:00,-1.0629999999999988,-0.6969999999999974,20.153,-0.156,0,0,none,-1,-1
R07-ZA,2026-09-01 08:20:00,-0.6559999999999953,1.3290000000000006,20.082,1.064,0,0,none,-1,-1
R07-ZA,2026-09-01 08:22:00,-0.008999999999998565,0.7344999999999935,19.908,1.212,0,0,none,-1,-1
R07-ZA,2026-09-01 08:24:00,0.7780000000000022,1.291000000000004,19.498,2.64,0,0,none,-1,-1
R07-ZA,2026-09-01 08:26:00,-0.18399999999999928,0.09900000000000375,19.303,1.671,0,0,none,-1,-1
R07-ZA,2026-09-01 08:28:00,0.504999999999999,-0.028500000000004633,19.426,2.227,0,0,none,-1,-1
R07-ZA,2026-09-01 08:30:00,-0.7270000000000003,0.3560000000000034,20.058,0.25,0,0,none,-1,-1
R07-ZA,2026-09-01 08:32:00,-0.30499999999999616,0.43599999999999817,19.787,1.163,0,0,none,-1,-1
R07-ZA,2026-09-01 08:34:00,-1.2319999999999975,1.1885000000000048,19.755,1.198,0,0,none,-1,-1
R07-ZA,2026-09-01 08:36:00,-0.5145,-0.7490000000000006,20.111,-0.211,0,0,none,-1,-1
R07-ZA,2026-09-01 08:38:00,-0.3399999999999963,0.9680000000000106,19.475,2.086,0,0,fiber_degradation,8,4
R07-ZA,2026-09-01 08:40:00,0.0519999999999925,-0.5780000000000012,20.017,0.671,0,0,fiber_degradation,8,4
R07-ZA,2026-09-01 08:42:00,-0.5090000000000003,-2.597500000000002,19.812,-1.532,0,0,fiber_degradation,8,4
R07-ZA,2026-09-01 08:44:00,-0.9349999999999934,0.6219999999999981,20.12,0.083,0,0,fiber_degradation,8,4
R07-ZA,2026-09-01 08:46:00,-0.5079999999999956,-2.098999999999986,19.702,-1.487,0,0,fiber_degradation,8,4
R07-ZA,2026-09-01 08:48:00,-0.9190000000000023,-3.534999999999993,19.607,-2.715,0,0,fiber_degradation,8,4
R07-ZA,2026-09-01 08:50:00,-0.05299999999999905,-3.724,19.518,-2.39,0,0,fiber_degradation,8,4
R07-ZA,2026-09-01 08:52:00,-0.6090000000000018,-4.818,18.737,-4.234,0,0,fiber_degradation,8,4
R07-ZA,2026-09-01 08:54:00,-0.4529999999999976,-4.861000000000001,18.414,-4.725,0,0,fiber_degradation,8,4
R07-ZA,2026-09-01 08:56:00,-0.22100000000000186,-5.5080000000000044,18.151,-4.339,0,0,fiber_degradation,8,4
R07-ZA,2026-09-01 08:58:00,-0.5970000000000013,-6.097999999999997,17.773,-5.341,0,0,fiber_degradation,8,4
R07-ZA,2026-09-01 09:00:00,-0.15900000000000247,-7.212,17.457,-5.515,0,0,fiber_degradation,8,4
R07-ZA,2026-09-01 09:02:00,-0.29900000000000126,-6.4699999999999935,17.451,-5.631,0,0,fiber_degradation,8,4
R07-ZA,2026-09-01 09:04:00,-1.2329999999999988,-8.811999999999996,16.023,-8.532,1,0,fiber_degradation,8,4
R07-ZA,2026-09-01 09:06:00,-0.5564999999999998,-7.951999999999998,16.693,-6.764,1,0,fiber_degradation,8,4
R07-ZA,2026-09-01 09:08:00,-0.8510000000000026,-6.8519999999999985,15.769,-7.784,1,0,fiber_degradation,8,4
R07-ZA,2026-09-01 09:10:00,-0.03599999999999959,-8.832500000000005,15.698,-7.866,1,0,fiber_degradation,8,4
R07-ZA,2026-09-01 09:12:00,-0.45600000000000485,-10.466,14.377,-9.398,1,0,fiber_degradation,8,4
R07-ZA,2026-09-01 09:14:00,-0.8599999999999941,-10.107999999999995,14.211,-10.138,1,0,fiber_degradation,8,4
R07-ZA,2026-09-01 09:16:00,-0.488999999999999,-11.162999999999993,13.402,-10.775,1,0,fiber_degradation,8,4
R07-ZA,2026-09-01 09:18:00,-0.4570000000000025,-10.015000000000002,13.655,-9.975,1,0,fiber_degradation,8,4
R07-ZA,2026-09-01 09:20:00,0.21200000000000507,-13.101999999999999,13.273,-11.058,1,0,fiber_degradation,8,4
R07-ZA,2026-09-01 09:22:00,0.18400000000000105,-13.364999999999991,12.938,-11.381,1,1,fiber_degradation,8,4
R07-ZA,2026-09-01 09:24:00,0.49999999999999467,-14.209999999999999,12.0,-12.411,1,1,fiber_degradation,8,4
R07-ZA,2026-09-01 09:26:00,-1.443999999999999,-12.30400000000001,11.474,-12.932,1,1,fiber_degradation,8,4
R07-ZA,2026-09-01 09:28:00,-0.4859999999999953,-14.159999999999995,11.63,-13.067,1,1,fiber_degradation,8,4
R07-ZA,2026-09-01 09:30:00,-0.45699999999999363,-13.792000000000007,12.348,-12.537,1,1,fiber_degradation,8,4
R07-ZA,2026-09-01 09:32:00,-0.27699999999999747,-12.453000000000003,11.695,-12.685,1,1,fiber_degradation,8,4
R07-ZA,2026-09-01 09:34:00,-0.6884999999999977,-12.612000000000002,11.768,-12.768,1,1,fiber_degradation,8,4
R07-ZA,2026-09-01 09:36:00,-0.4339999999999993,-13.918999999999997,11.746,-12.745,1,1,fiber_degradation,8,4
R07-ZA,2026-09-01 09:38:00,0.3349999999999991,-13.359999999999996,11.899,-11.984,1,1,fiber_degradation,8,4
R07-ZA,2026-09-01 09:40:00,-0.37200000000000166,-13.773999999999994,11.95,-12.758,1,1,fiber_degradation,8,4
R07-ZA,2026-09-01 09:42:00,-0.4630000000000045,-13.049999999999995,12.112,-12.6,1,1,fiber_degradation,8,4
R07-ZA,2026-09-01 09:44:00,-0.46799999999999997,-12.958000000000002,11.66,-12.551,1,1,fiber_degradation,8,4
R07-ZA,2026-09-01 09:46:00,0.16050000000000075,-12.912000000000003,12.089,-11.919,1,1,fiber_degradation,8,4
R07-ZA,2026-09-01 09:48:00,-0.8789999999999942,-12.972999999999994,11.776,-13.001,1,1,fiber_degradation,8,4
R07-ZA,2026-09-01 09:50:00,0.26500000000000057,-12.128,13.01,-11.667,1,0,fiber_degradation,8,4
R07-ZA,2026-09-01 09:52:00,-0.30400000000000205,-12.488999999999997,12.467,-11.797,1,1,fiber_degradation,8,4
R07-ZA,2026-09-01 09:54:00,-1.2239999999999984,-13.535,10.895,-14.14,1,1,fiber_degradation,8,4
R07-ZA,2026-09-01 09:56:00,-1.0839999999999943,-14.123499999999995,11.31,-13.149,1,1,fiber_degradation,8,4
R07-ZA,2026-09-01 09:58:00,-1.1310000000000056,-12.83699999999999,10.994,-13.303,1,1,fiber_degradation,8,4
R08-AZ,2026-09-01 00:00:00,0.09000000000000341,-0.5630000000000024,19.86,-0.087,0,0,none,-1,-1
R08-AZ,2026-09-01 00:02:00,-0.5320000000000036,-0.6350000000000033,20.125,-0.492,0,0,none,-1,-1
R08-AZ,2026-09-01 00:04:00,-0.09599999999999831,-0.9250000000000043,19.605,-0.649,0,0,none,-1,-1
R08-AZ,2026-09-01 00:06:00,-0.48399999999999466,0.08800000000000097,19.657,-0.216,0,0,none,-1,-1
R08-AZ,2026-09-01 00:08:00,-0.3279999999999941,0.07300000000000395,19.454,0.981,0,0,none,-1,-1
R08-AZ,2026-09-01 00:10:00,-1.8529999999999944,-0.0899999999999963,20.091,-0.961,0,0,amplifier_degradation,5,0
R08-AZ,2026-09-01 00:12:00,-2.348999999999993,1.0920000000000005,20.174,-0.421,0,0,amplifier_degradation,5,0
R08-AZ,2026-09-01 00:14:00,-3.2700000000000014,-0.3219999999999992,19.973,-3.19,0,0,amplifier_degradation,5,0
R08-AZ,2026-09-01 00:16:00,-6.0049999999999955,-0.5139999999999976,18.488,-5.993,0,0,amplifier_degradation,5,0
R08-AZ,2026-09-01 00:18:00,-6.326999999999996,-0.2699999999999978,18.082,-5.814,0,0,amplifier_degradation,5,0
R08-AZ,2026-09-01 00:20:00,-6.802499999999995,-0.7364999999999924,17.817,-6.448,1,0,amplifier_degradation,5,0
R08-AZ,2026-09-01 00:22:00,-8.478999999999994,-1.2659999999999947,15.518,-9.217,1,0,amplifier_degradation,5,0
R08-AZ,2026-09-01 00:24:00,-10.264000000000001,0.5170000000000048,14.984,-9.579,1,0,amplifier_degradation,5,0
R08-AZ,2026-09-01 00:26:00,-11.233999999999993,-0.8019999999999907,14.173,-10.693,1,0,amplifier_degradation,5,0
R08-AZ,2026-09-01 00:28:00,-12.937,-0.19100000000000072,12.082,-12.524,1,1,amplifier_degradation,5,0
R08-AZ,2026-09-01 00:30:00,-12.534999999999995,0.034000000000000696,11.449,-13.306,1,1,amplifier_degradation,5,0
R08-AZ,2026-09-01 00:32:00,-12.311999999999996,-0.7520000000000042,12.149,-12.406,1,1,amplifier_degradation,5,0
R08-AZ,2026-09-01 00:34:00,-11.412499999999998,1.2580000000000044,12.882,-11.673,1,1,amplifier_degradation,5,0
R08-AZ,2026-09-01 00:36:00,-11.719999999999994,-1.0209999999999955,12.861,-12.056,1,1,amplifier_degradation,5,0
R08-AZ,2026-09-01 00:38:00,-11.681999999999995,0.5660000000000007,13.35,-11.179,1,0,amplifier_degradation,5,0
R08-AZ,2026-09-01 00:40:00,-12.59399999999999,-0.4329999999999963,11.737,-13.121,1,1,amplifier_degradation,5,0
R08-AZ,2026-09-01 00:42:00,-12.668999999999999,-0.9369999999999941,12.481,-12.828,1,1,amplifier_degradation,5,0
R08-AZ,2026-09-01 00:44:00,-6.150999999999998,1.7030000000000012,19.762,0.248,0,0,none,-1,-1
R08-AZ,2026-09-01 00:46:00,-0.529999999999994,2.1810000000000045,19.315,1.405,0,0,none,-1,-1
R08-AZ,2026-09-01 00:48:00,-0.6884999999999994,-1.4799999999999969,19.883,-1.671,0,0,none,-1,-1
R08-AZ,2026-09-01 00:50:00,-0.6910000000000007,0.05700000000000571,19.949,-0.297,0,0,none,-1,-1
R08-AZ,2026-09-01 00:52:00,-0.09199999999999875,-0.3559999999999963,19.768,-0.308,0,0,none,-1,-1
R08-AZ,2026-09-01 00:54:00,-0.3584999999999958,-0.2879999999999967,20.032,-0.772,0,0,none,-1,-1
R08-AZ,2026-09-01 00:56:00,-0.4484999999999921,0.9949999999999992,19.759,0.227,0,0,none,-1,-1
R08-AZ,2026-09-01 00:58:00,-0.6509999999999998,0.9260000000000037,19.458,0.531,0,0,none,-1,-1
R08-AZ,2026-09-01 01:00:00,-0.23399999999999466,-0.005999999999998451,20.024,0.3,0,0,none,-1,-1
R08-AZ,2026-09-01 01:02:00,0.4310000000000027,0.9480000000000075,19.416,0.913,0,0,none,-1,-1
R08-AZ,2026-09-01 01:04:00,-1.6389999999999976,-0.8719999999999946,19.975,-1.817,0,0,none,-1,-1
R08-AZ,2026-09-01 01:06:00,0.2500000000000018,0.040000000000004476,19.647,0.231,0,0,none,-1,-1
R08-AZ,2026-09-01 01:08:00,-0.6699999999999946,0.4140000000000086,19.686,-0.784,0,0,none,-1,-1
R08-AZ,2026-09-01 01:10:00,-0.3435000000000006,0.3260000000000094,19.423,0.096,0,0,none,-1,-1
R08-AZ,2026-09-01 01:12:00,-0.6920000000000002,-0.5209999999999972,20.031,-0.996,0,0,none,-1,-1
R08-AZ,2026-09-01 01:14:00,-1.1219999999999928,0.46900000000000297,19.711,-0.662,0,0,none,-1,-1
R08-AZ,2026-09-01 01:16:00,0.017000000000008342,-0.5470000000000006,19.989,-0.711,0,0,none,-1,-1
R08-AZ,2026-09-01 01:18:00,-0.482999999999997,-0.768999999999993,20.06,-0.993,0,0,none,-1,-1
R08-AZ,2026-09-01 01:20:00,-0.7594999999999992,-0.05199999999999427,19.996,-0.634,0,0,none,-1,-1
R08-AZ,2026-09-01 01:22:00,-1.1989999999999945,-1.491999999999999,20.063,-2.134,0,0,none,-1,-1
R08-AZ,2026-09-01 01:24:00,-1.117999999999995,-0.7339999999999964,20.134,-0.822,0,0,none,-1,-1
R08-AZ,2026-09-01 01:26:00,0.5949999999999953,-0.9055,19.834,-0.074,0,0,none,-1,-1
R08-AZ,2026-09-01 01:28:00,-0.4944999999999933,0.20100000000000406,19.195,0.177,0,0,none,-1,-1
R08-AZ,2026-09-01 01:30:00,-1.4809999999999928,-0.7319999999999993,19.985,-2.102,0,0,none,-1,-1
R08-AZ,2026-09-01 01:32:00,-0.17899999999999672,0.3223333333333347,19.721,-0.044,0,0,none,-1,-1
R08-AZ,2026-09-01 01:34:00,-0.315500000000009,-0.018333333333329094,19.642,-0.797,0,0,none,-1,-1
R08-AZ,2026-09-01 01:36:00,-0.45200000000000173,-0.35900000000000176,19.893,-0.278,0,0,none,-1,-1
R08-AZ,2026-09-01 01:38:00,-0.7629999999999999,-0.9359999999999999,19.981,-1.557,0,0,none,-1,-1
R08-AZ,2026-09-01 01:40:00,-0.26099999999999923,-0.06499999999999595,20.019,-0.414,0,0,none,-1,-1
R08-AZ,2026-09-01 01:42:00,-0.9449999999999896,-0.177500000000002,19.961,-0.582,0,0,none,-1,-1
R08-AZ,2026-09-01 01:44:00,-0.08499999999999375,1.2400000000000055,18.969,1.411,0,0,none,-1,-1
R08-AZ,2026-09-01 01:46:00,-0.3759999999999959,-1.1724999999999977,20.116,-1.343,0,0,none,-1,-1
R08-AZ,2026-09-01 01:48:00,0.2540000000000049,-0.4859999999999971,20.031,-0.681,0,0,none,-1,-1
R08-AZ,2026-09-01 01:50:00,-0.10799999999999699,-1.6744999999999965,19.567,-0.892,0,0,none,-1,-1
R08-AZ,2026-09-01 01:52:00,0.005000000000000782,0.000999999999995893,19.985,-0.081,0,0,none,-1,-1
R08-AZ,2026-09-01 01:54:00,-0.33299999999999663,-1.003999999999989,20.172,-0.817,0,0,none,-1,-1
R08-AZ,2026-09-01 01:56:00,-0.641,0.24300000000000388,19.565,-0.509,0,0,none,-1,-1
R08-AZ,2026-09-01 01:58:00,-1.3520000000000003,-1.0929999999999964,20.127,-1.786,0,0,none,-1,-1
R08-AZ,2026-09-01 02:00:00,-0.9079999999999977,-0.782,19.918,-1.11,0,0,none,-1,-1
R08-AZ,2026-09-01 02:02:00,-0.02500000000000213,-1.2019999999999982,20.064,-1.493,0,0,none,-1,-1
R08-AZ,2026-09-01 02:04:00,-0.8339999999999943,-1.5179999999999918,19.939,-0.994,0,0,none,-1,-1
R08-AZ,2026-09-01 02:06:00,-1.042499999999995,0.6610000000000031,19.863,-0.278,0,0,none,-1,-1
R08-AZ,2026-09-01 02:08:00,-0.41249999999999787,0.387000000000004,19.749,-0.475,0,0,none,-1,-1
R08-AZ,2026-09-01 02:10:00,-0.30700000000000216,-1.5219999999999985,20.027,-1.295,0,0,none,-1,-1
R08-AZ,2026-09-01 02:12:00,0.2120000000000104,-40.2415,-4.546,-39.492,1,1,fiber_cut,18,1
R08-AZ,2026-09-01 02:14:00,-1.7579999999999938,-41.45199999999999,-8.057,-42.922,1,1,fiber_cut,18,1
R08-AZ,2026-09-01 02:16:00,-1.1339999999999968,-38.857,-5.71,-40.74,1,1,fiber_cut,18,1
R08-AZ,2026-09-01 02:18:00,-1.2589999999999897,-39.956,-5.888,-40.866,1,1,fiber_cut,18,1
R08-AZ,2026-09-01 02:20:00,-1.3839999999999968,-41.05499999999999,-7.55,-42.578,1,1,fiber_cut,18,1
R08-AZ,2026-09-01 02:22:00,-0.6804999999999914,-41.93599999999999,-6.988,-41.809,1,1,fiber_cut,18,1
R08-AZ,2026-09-01 02:24:00,0.048000000000008924,-40.655,-5.722,-40.815,1,1,fiber_cut,18,1
R08-AZ,2026-09-01 02:26:00,-0.7289999999999939,-39.904999999999994,-5.706,-40.933,1,1,fiber_cut,18,1
R08-AZ,2026-09-01 02:28:00,-0.5709999999999997,-42.182,-7.356,-42.236,1,1,fiber_cut,18,1
R08-AZ,2026-09-01 02:30:00,-1.7899999999999974,-40.62499999999999,-7.209,-42.435,1,1,fiber_cut,18,1
R08-AZ,2026-09-01 02:32:00,-1.0039999999999907,-40.11049999999999,-6.763,-41.601,1,1,fiber_cut,18,1
R08-AZ,2026-09-01 02:34:00,-0.5440000000000005,-40.14699999999999,-6.419,-41.354,1,1,fiber_cut,18,1
R08-AZ,2026-09-01 02:36:00,-0.2969999999999935,-40.803999999999995,-6.556,-41.523,1,1,fiber_cut,18,1
R08-AZ,2026-09-01 02:38:00,-0.8659999999999926,-0.8974999999999973,20.073,-2.211,0,0,none,-1,-1
R08-AZ,2026-09-01 02:40:00,-0.7530000000000001,-1.0740000000000016,20.089,-0.867,0,0,none,-1,-1
R08-AZ,2026-09-01 02:42:00,-0.2949999999999964,-1.1230000000000029,20.189,-1.73,0,0,none,-1,-1
R08-AZ,2026-09-01 02:44:00,-0.7699999999999978,-2.4384999999999977,19.998,-2.564,0,0,none,-1,-1
R08-AZ,2026-09-01 02:46:00,0.1700000000000017,-1.2509999999999994,19.584,-0.029,0,0,none,-1,-1
R08-AZ,2026-09-01 02:48:00,0.22500000000001208,-2.3095,19.97,-2.543,0,0,none,-1,-1
R08-AZ,2026-09-01 02:50:00,-0.4609999999999932,-1.2129999999999974,20.188,-1.736,0,0,none,-1,-1
R08-AZ,2026-09-01 02:52:00,-1.2190000000000012,-1.0339999999999971,19.779,-1.86,0,0,none,-1,-1
R08-AZ,2026-09-01 02:54:00,-1.2699999999999996,-1.1414999999999935,20.168,-1.495,0,0,none,-1,-1
R08-AZ,2026-09-01 02:56:00,-1.4830000000000023,0.14250000000000185,20.039,-2.334,0,0,none,-1,-1
R08-AZ,2026-09-01 02:58:00,-0.7384999999999948,-0.9899999999999931,20.16,-0.828,0,0,none,-1,-1
R08-AZ,2026-09-01 03:00:00,-0.14999999999999858,-0.5259999999999998,20.183,-1.083,0,0,none,-1,-1
R08-AZ,2026-09-01 03:02:00,-0.08149999999999658,-1.0789999999999953,20.128,-1.583,0,0,none,-1,-1
R08-AZ,2026-09-01 03:04:00,-1.577,-2.059999999999997,19.942,-2.459,0,0,none,-1,-1
R08-AZ,2026-09-01 03:06:00,-0.14599999999999014,-0.9629999999999956,20.121,-1.035,0,0,none,-1,-1
R08-AZ,2026-09-01 03:08:00,-0.629999999999999,-0.6359999999999957,19.733,-0.716,0,0,none,-1,-1
R08-AZ,2026-09-01 03:10:00,-1.224000000000002,-1.5579999999999963,20.004,-1.735,0,0,none,-1,-1
R08-AZ,2026-09-01 03:12:00,-0.19400000000000261,-0.3449999999999971,19.758,-0.277,0,0,none,-1,-1
R08-AZ,2026-09-01 03:14:00,-0.713000000000001,-1.0239999999999974,20.193,-1.027,0,0,none,-1,-1
R08-AZ,2026-09-01 03:16:00,-1.1939999999999937,-0.2749999999999968,20.059,-1.993,0,0,none,-1,-1
R08-AZ,2026-09-01 03:18:00,0.2750000000000039,-0.3869999999999969,19.539,-0.062,0,0,none,-1,-1
R08-AZ,2026-09-01 03:20:00,-0.38949999999999463,-1.7394999999999996,19.875,-1.898,0,0,none,-1,-1
R08-AZ,2026-09-01 03:22:00,-0.8989999999999938,-1.222000000000003,19.935,-0.915,0,0,none,-1,-1
R08-AZ,2026-09-01 03:24:00,-0.3919999999999906,-2.233999999999991,19.774,-1.994,0,0,none,-1,-1
R08-AZ,2026-09-01 03:26:00,-1.1269999999999953,-2.576999999999998,20.061,-2.673,0,0,none,-1,-1
R08-AZ,2026-09-01 03:28:00,-0.5179999999999989,-1.5899999999999999,19.807,-2.048,0,0,none,-1,-1
R08-AZ,2026-09-01 03:30:00,0.08399999999999963,-0.44199999999999484,19.055,-0.202,0,0,none,-1,-1
R08-AZ,2026-09-01 03:32:00,0.09500000000000597,-1.392499999999993,19.9,-1.394,0,0,none,-1,-1
R08-AZ,2026-09-01 03:34:00,-0.1929999999999943,-3.107000000000003,19.956,-2.724,0,0,none,-1,-1
R08-AZ,2026-09-01 03:36:00,-0.7269999999999897,-2.6325000000000074,20.235,-1.783,0,0,none,-1,-1
R08-AZ,2026-09-01 03:38:00,0.3990000000000027,-1.1609999999999907,20.06,-1.174,0,0,none,-1,-1
R08-AZ,2026-09-01 03:40:00,-0.10099999999999376,-0.23499999999999943,19.924,-0.098,0,0,none,-1,-1
R08-AZ,2026-09-01 03:42:00,0.15800000000000303,-1.202999999999994,19.788,-0.188,0,0,none,-1,-1
R08-AZ,2026-09-01 03:44:00,-0.7440000000000051,0.18299999999999628,19.685,-0.731,0,0,none,-1,-1
R08-AZ,2026-09-01 03:46:00,-0.003999999999996007,-0.6389999999999958,19.71,-1.412,0,0,none,-1,-1
R08-AZ,2026-09-01 03:48:00,-0.5965000000000025,-1.0009999999999977,19.972,-0.899,0,0,none,-1,-1
R08-AZ,2026-09-01 03:50:00,0.023000000000010346,-2.1815000000000015,19.635,-0.949,0,0,none,-1,-1
R08-AZ,2026-09-01 03:52:00,-0.14599999999999902,0.5449999999999946,19.89,-0.419,0,0,none,-1,-1
R08-AZ,2026-09-01 03:54:00,-0.5989999999999949,-2.588000000000001,20.081,-1.561,0,0,none,-1,-1
R08-AZ,2026-09-01 03:56:00,-0.7399999999999967,-2.6129999999999978,19.862,-3.162,0,0,none,-1,-1
R08-AZ,2026-09-01 03:58:00,-0.4420000000000073,-2.3499999999999943,20.111,-2.262,0,0,none,-1,-1
R08-AZ,2026-09-01 04:00:00,-0.40899999999999714,-0.891999999999987,19.9,-1.155,0,0,none,-1,-1
R08-AZ,2026-09-01 04:02:00,-0.8504999999999949,-1.5789999999999953,19.781,-2.098,0,0,none,-1,-1
R08-AZ,2026-09-01 04:04:00,0.4220000000000006,-0.06099999999999639,18.828,0.258,0,0,none,-1,-1
R08-AZ,2026-09-01 04:06:00,-0.2250000000000032,-0.922500000000003,20.189,-1.427,0,0,none,-1,-1
R08-AZ,2026-09-01 04:08:00,-1.0629999999999917,-3.938999999999993,19.959,-3.566,0,0,none,-1,-1
R08-AZ,2026-09-01 04:10:00,-1.6540000000000017,-0.8000000000000007,19.887,-2.425,0,0,none,-1,-1
R08-AZ,2026-09-01 04:12:00,-0.75,-0.3580000000000023,20.081,-1.744,0,0,none,-1,-1
R08-AZ,2026-09-01 04:14:00,-0.8669999999999973,-1.3724999999999952,20.048,-2.505,0,0,none,-1,-1
R08-AZ,2026-09-01 04:16:00,-0.59499999999999,-0.8159999999999936,19.954,-1.285,0,0,none,-1,-1
R08-AZ,2026-09-01 04:18:00,-0.5559999999999992,-1.7099999999999973,19.988,-2.46,0,0,none,-1,-1
R08-AZ,2026-09-01 04:20:00,-0.5109999999999939,-2.8709999999999987,20.079,-2.578,0,0,none,-1,-1
R08-AZ,2026-09-01 04:22:00,-0.8759999999999959,-0.19699999999999562,20.03,-1.415,0,0,none,-1,-1
R08-AZ,2026-09-01 04:24:00,-0.6019999999999932,-0.9450000000000021,19.916,-1.676,0,0,none,-1,-1
R08-AZ,2026-09-01 04:26:00,-0.7869999999999955,-1.2119999999999926,20.083,-1.748,0,0,none,-1,-1
R08-AZ,2026-09-01 04:28:00,-0.759999999999998,-1.0480000000000018,20.026,-1.252,0,0,none,-1,-1
R08-AZ,2026-09-01 04:30:00,-0.783000000000003,-2.4460000000000033,20.028,-2.64,0,0,none,-1,-1
R08-AZ,2026-09-01 04:32:00,-0.23499999999999588,-0.8446666666666633,20.099,-1.116,0,0,none,-1,-1
R08-AZ,2026-09-01 04:34:00,0.35550000000000104,-1.1933333333333334,19.859,-1.604,0,0,none,-1,-1
R08-AZ,2026-09-01 04:36:00,-0.5290000000000017,-0.5794999999999995,20.045,-1.642,0,0,none,-1,-1
R08-AZ,2026-09-01 04:38:00,-1.8924999999999947,-0.2699999999999978,20.076,-2.383,0,0,none,-1,-1
R08-AZ,2026-09-01 04:40:00,-0.3499999999999961,-0.6679999999999975,19.991,-0.88,0,0,none,-1,-1
R08-AZ,2026-09-01 04:42:00,-0.0519999999999996,-0.4239999999999995,19.689,-0.928,0,0,none,-1,-1
R08-AZ,2026-09-01 04:44:00,0.3760000000000012,-0.7389999999999972,19.785,-0.692,0,0,none,-1,-1
R08-AZ,2026-09-01 04:46:00,-0.8389999999999969,-1.929999999999998,20.131,-1.464,0,0,none,-1,-1
R08-AZ,2026-09-01 04:48:00,-0.988999999999999,-1.2310000000000016,20.069,-2.433,0,0,none,-1,-1
R08-AZ,2026-09-01 04:50:00,-0.8089999999999957,-2.153999999999998,19.88,-1.69,0,0,none,-1,-1
R08-AZ,2026-09-01 04:52:00,-1.105999999999998,-2.061000000000009,20.081,-1.936,0,0,none,-1,-1
R08-AZ,2026-09-01 04:54:00,-0.7349999999999994,-1.2519999999999936,20.22,-1.732,0,0,none,-1,-1
R08-AZ,2026-09-01 04:56:00,0.2650000000000077,0.6960000000000086,19.165,0.621,0,0,none,-1,-1
R08-AZ,2026-09-01 04:58:00,-0.3269999999999875,-0.5849999999999973,20.147,-1.217,0,0,none,-1,-1
R08-AZ,2026-09-01 05:00:00,-0.5619999999999994,-0.9969999999999999,20.037,-1.064,0,0,none,-1,-1
R08-AZ,2026-09-01 05:02:00,-0.780999999999997,-1.1760000000000002,19.943,-2.186,0,0,none,-1,-1
R08-AZ,2026-09-01 05:04:00,0.40500000000000647,-2.6019999999999985,20.028,-2.913,0,0,fiber_degradation,5,2
R08-AZ,2026-09-01 05:06:00,-0.33299999999999486,-1.8889999999999976,20.142,-2.095,0,0,fiber_degradation,5,2
R08-AZ,2026-09-01 05:08:00,-0.491999999999992,-3.187999999999999,19.836,-3.835,0,0,fiber_degradation,5,2
R08-AZ,2026-09-01 05:10:00,-0.796999999999997,-2.511999999999997,19.821,-3.928,0,0,fiber_degradation,5,2
R08-AZ,2026-09-01 05:12:00,-0.262000000000004,-3.2669999999999995,19.905,-3.309,0,0,fiber_degradation,5,2
R08-AZ,2026-09-01 05:14:00,-0.3659999999999979,-1.613000000000003,20.037,-2.146,0,0,fiber_degradation,5,2
R08-AZ,2026-09-01 05:16:00,-1.3294999999999888,-3.8959999999999972,20.121,-3.276,0,0,fiber_degradation,5,2
R08-AZ,2026-09-01 05:18:00,-0.9614999999999956,-2.9790000000000028,20.065,-2.159,0,0,fiber_degradation,5,2
R08-AZ,2026-09-01 05:20:00,-0.6469999999999949,-3.6619999999999937,19.599,-4.004,0,0,fiber_degradation,5,2
R08-AZ,2026-09-01 05:22:00,-0.48999999999999666,-3.161999999999999,19.892,-2.929,0,0,fiber_degradation,5,2
R08-AZ,2026-09-01 05:24:00,-0.7704999999999931,-3.022666666666657,19.896,-3.171,0,0,fiber_degradation,5,2
R08-AZ,2026-09-01 05:26:00,-1.0509999999999984,-2.8833333333333275,19.917,-3.693,0,0,fiber_degradation,5,2
R08-AZ,2026-09-01 05:28:00,-0.34499999999999353,-3.375999999999994,20.046,-3.117,0,0,fiber_degradation,5,2
R08-AZ,2026-09-01 05:30:00,-0.2069999999999972,-4.713999999999999,19.607,-4.345,0,0,fiber_degradation,5,2
R08-AZ,2026-09-01 05:32:00,-0.4669999999999881,-3.354499999999998,19.959,-3.314,0,0,fiber_degradation,5,2
R08-AZ,2026-09-01 05:34:00,0.09450000000000713,-3.218999999999996,20.122,-2.343,0,0,fiber_degradation,5,2
R08-AZ,2026-09-01 05:36:00,-0.8499999999999961,-2.5870000000000015,19.898,-3.409,0,0,fiber_degradation,5,2
R08-AZ,2026-09-01 05:38:00,0.04000000000000625,-2.1899999999999995,20.046,-2.513,0,0,fiber_degradation,5,2
R08-AZ,2026-09-01 05:40:00,-0.243999999999998,-2.343999999999996,20.13,-1.697,0,0,fiber_degradation,5,2
R08-AZ,2026-09-01 05:42:00,-0.6730000000000018,-1.5579999999999945,20.198,-1.62,0,0,fiber_degradation,5,2
R08-AZ,2026-09-01 05:44:00,0.12300000000000644,-1.5580000000000016,20.237,-1.768,0,0,fiber_degradation,5,2
R08-AZ,2026-09-01 05:46:00,-0.39349999999999596,-4.217999999999998,19.851,-3.564,0,0,fiber_degradation,5,2
R08-AZ,2026-09-01 05:48:00,0.14300000000000423,-1.3710000000000004,20.227,-1.178,0,0,fiber_degradation,5,2
R08-AZ,2026-09-01 05:50:00,-0.9759999999999991,-2.359999999999994,20.051,-2.837,0,0,fiber_degradation,5,2
R08-AZ,2026-09-01 05:52:00,-0.6379999999999928,-0.6310000000000002,20.149,-1.453,0,0,fiber_degradation,5,2
R08-AZ,2026-09-01 05:54:00,-0.11599999999999078,-2.5654999999999983,19.876,-3.125,0,0,fiber_degradation,5,2
R08-AZ,2026-09-01 05:56:00,-0.07299999999999329,-2.4419999999999913,20.09,-2.841,0,0,fiber_degradation,5,2
R08-AZ,2026-09-01 05:58:00,-0.49199999999999555,-3.7949999999999964,20.016,-2.92,0,0,fiber_degradation,5,2
R08-AZ,2026-09-01 06:00:00,0.8220000000000081,-2.83,20.113,-2.06,0,0,fiber_degradation,5,2
R08-AZ,2026-09-01 06:02:00,-0.8729999999999976,-3.4709999999999948,19.871,-3.248,0,0,fiber_degradation,5,2
R08-AZ,2026-09-01 06:04:00,-0.7050000000000018,-3.2209999999999877,19.965,-3.295,0,0,fiber_degradation,5,2
R08-AZ,2026-09-01 06:06:00,0.36950000000000927,-2.7520000000000024,20.018,-2.438,0,0,fiber_degradation,5,2
R08-AZ,2026-09-01 06:08:00,-0.18199999999999683,-1.3755000000000042,20.176,-1.91,0,0,fiber_degradation,5,2
R08-AZ,2026-09-01 06:10:00,-0.8989999999999991,-0.7709999999999955,20.069,-1.815,0,0,fiber_degradation,5,2
R08-AZ,2026-09-01 06:12:00,-0.9509999999999952,-1.1469999999999985,20.089,-1.541,0,0,none,-1,-1
R08-AZ,2026-09-01 06:14:00,-1.2620000000000005,0.10200000000000209,19.575,-0.35,0,0,none,-1,-1
R08-AZ,2026-09-01 06:16:00,-0.5649999999999888,0.33200000000000074,19.853,-0.474,0,0,none,-1,-1
R08-AZ,2026-09-01 06:18:00,-1.2589999999999932,0.7770000000000046,20.102,-0.927,0,0,none,-1,-1
R08-AZ,2026-09-01 06:20:00,-0.4029999999999969,0.08800000000000274,19.589,-0.744,0,0,none,-1,-1
R08-AZ,2026-09-01 06:22:00,-0.19649999999999324,-0.2050000000000054,19.395,0.704,0,0,none,-1,-1
R08-AZ,2026-09-01 06:24:00,-0.15199999999999037,-2.1639999999999926,19.881,-1.324,0,0,none,-1,-1
R08-AZ,2026-09-01 06:26:00,-0.9720000000000031,-0.6859999999999982,20.011,-1.034,0,0,none,-1,-1
R08-AZ,2026-09-01 06:28:00,-1.4429999999999943,-0.8920000000000012,20.052,-1.222,0,0,none,-1,-1
R08-AZ,2026-09-01 06:30:00,-0.22599999999999199,0.758000000000008,19.666,-0.173,0,0,none,-1,-1
R08-AZ,2026-09-01 06:32:00,-0.12499999999999112,1.040000000000008,19.213,0.465,0,0,none,-1,-1
R08-AZ,2026-09-01 06:34:00,-0.7819999999999947,0.10300000000000864,19.633,-0.639,0,0,none,-1,-1
R08-AZ,2026-09-01 06:36:00,-0.7200000000000006,-0.3739999999999988,19.755,-0.088,0,0,none,-1,-1
R08-AZ,2026-09-01 06:38:00,-1.089999999999991,-2.086999999999996,20.054,-2.074,0,0,none,-1,-1
R08-AZ,2026-09-01 06:40:00,0.20900000000000496,-1.388,19.923,-1.321,0,0,none,-1,-1
R08-AZ,2026-09-01 06:42:00,-0.055999999999997385,0.17300000000000537,19.003,0.381,0,0,none,-1,-1
R08-AZ,2026-09-01 06:44:00,0.07950000000000479,-0.356999999999994,19.807,-0.475,0,0,none,-1,-1
R08-AZ,2026-09-01 06:46:00,-1.4219999999999953,-0.3729999999999922,19.766,-1.193,0,0,none,-1,-1
R08-AZ,2026-09-01 06:48:00,-0.8839999999999968,-1.2709999999999972,19.867,-1.481,0,0,none,-1,-1
R08-AZ,2026-09-01 06:50:00,-0.7419999999999973,0.32500000000000284,20.03,-0.682,0,0,none,-1,-1
R08-AZ,2026-09-01 06:52:00,-0.4069999999999965,0.3280000000000083,19.717,-0.551,0,0,none,-1,-1
R08-AZ,2026-09-01 06:54:00,0.10399999999999388,0.5240000000000045,19.654,-0.306,0,0,none,-1,-1
R08-AZ,2026-09-01 06:56:00,-0.9169999999999927,-0.11549999999999905,19.826,-0.759,0,0,none,-1,-1
R08-AZ,2026-09-01 06:58:00,-1.0584999999999898,-0.5379999999999985,19.936,-1.292,0,0,none,-1,-1
R08-AZ,2026-09-01 07:00:00,-1.2629999999999981,1.7570000000000032,18.755,1.549,0,0,none,-1,-1
R08-AZ,2026-09-01 07:02:00,-0.2569999999999997,1.0670000000000055,19.514,1.111,0,0,none,-1,-1
R08-AZ,2026-09-01 07:04:00,-0.9019999999999939,0.18599999999999994,19.886,-0.708,0,0,none,-1,-1
R08-AZ,2026-09-01 07:06:00,-0.011999999999998678,0.7100000000000009,19.888,0.439,0,0,none,-1,-1
R08-AZ,2026-09-01 07:08:00,-1.2989999999999977,0.5350000000000019,19.983,-1.35,0,0,none,-1,-1
R08-AZ,2026-09-01 07:10:00,-1.2649999999999952,-0.6940000000000044,20.018,-1.662,0,0,none,-1,-1
R08-AZ,2026-09-01 07:12:00,-0.7220000000000013,1.4460000000000015,19.307,1.429,0,0,none,-1,-1
R08-AZ,2026-09-01 07:14:00,0.3930000000000078,0.32400000000000695,19.745,0.212,0,0,none,-1,-1
R08-AZ,2026-09-01 07:16:00,0.023500000000002075,-0.6785000000000014,20.009,-0.687,0,0,none,-1,-1
R08-AZ,2026-09-01 07:18:00,-0.06499999999999595,-0.6630000000000056,19.732,-0.639,0,0,none,-1,-1
R08-AZ,2026-09-01 07:20:00,-0.3764999999999983,-0.6239999999999988,20.134,-0.408,0,0,none,-1,-1
R08-AZ,2026-09-01 07:22:00,-0.8179999999999996,-0.997999999999994,20.104,-1.415,0,0,none,-1,-1
R08-AZ,2026-09-01 07:24:00,-1.8399999999999874,-39.483,-15.092,-40.459,1,1,fiber_cut,7,3
R08-AZ,2026-09-01 07:26:00,-0.08799999999999564,-40.3595,-14.992,-40.235,1,1,fiber_cut,7,3
R08-AZ,2026-09-01 07:28:00,-0.17899999999998784,-40.913,-14.476,-40.087,1,1,fiber_cut,7,3
R08-AZ,2026-09-01 07:30:00,0.23200000000000465,-39.83200000000001,-14.352,-39.489,1,1,fiber_cut,7,3
R08-AZ,2026-09-01 07:32:00,0.7360000000000007,-41.327,-14.268,-39.159,1,1,fiber_cut,7,3
R08-AZ,2026-09-01 07:34:00,-1.0175000000000018,-40.864,-16.144,-42.044,1,1,fiber_cut,7,3
R08-AZ,2026-09-01 07:36:00,-0.7879999999999967,-39.373999999999995,-14.823,-40.348,1,1,fiber_cut,7,3
R08-AZ,2026-09-01 07:38:00,-0.910999999999996,-39.48999999999999,-14.469,-39.734,1,1,fiber_cut,7,3
R08-AZ,2026-09-01 07:40:00,0.5069999999999979,-39.625,-14.523,-39.813,1,1,fiber_cut,7,3
R08-AZ,2026-09-01 07:42:00,-0.02099999999999902,-39.58349999999999,-14.718,-39.614,1,1,fiber_cut,7,3
R08-AZ,2026-09-01 07:44:00,0.1680000000000046,-39.534,-14.59,-39.972,1,1,fiber_cut,7,3
R08-AZ,2026-09-01 07:46:00,-0.6620000000000026,-40.611999999999995,-14.665,-40.562,1,1,fiber_cut,7,3
R08-AZ,2026-09-01 07:48:00,-0.4699999999999971,-40.608000000000004,-15.448,-40.906,1,1,fiber_cut,7,3
R08-AZ,2026-09-01 07:50:00,0.28200000000000536,-39.501,-14.326,-39.783,1,1,fiber_cut,7,3
R08-AZ,2026-09-01 07:52:00,-1.1639999999999908,-40.46000000000001,-14.095,-39.825,1,1,fiber_cut,7,3
R08-AZ,2026-09-01 07:54:00,-0.8514999999999961,-41.68900000000001,-16.482,-42.547,1,1,fiber_cut,7,3
R08-AZ,2026-09-01 07:56:00,-0.04699999999999527,-39.4,-14.545,-39.239,1,1,fiber_cut,7,3
R08-AZ,2026-09-01 07:58:00,-0.41999999999999815,-39.771499999999996,-13.612,-38.734,1,1,fiber_cut,7,3
R08-AZ,2026-09-01 08:00:00,-1.0399999999999867,-39.904,-15.308,-40.776,1,1,fiber_cut,7,3
R08-AZ,2026-09-01 08:02:00,-0.39499999999999247,-39.21099999999999,-13.623,-38.391,1,1,fiber_cut,7,3
R08-AZ,2026-09-01 08:04:00,0.2500000000000089,0.4410000000000096,19.266,0.852,0,0,none,-1,-1
R08-AZ,2026-09-01 08:06:00,0.15800000000000125,0.21950000000000536,19.431,0.589,0,0,none,-1,-1
R08-AZ,2026-09-01 08:08:00,-0.7700000000000014,1.0170000000000066,19.416,1.233,0,0,none,-1,-1
R08-AZ,2026-09-01 08:10:00,-0.8764999999999947,-0.27199999999999847,19.56,0.095,0,0,none,-1,-1
R08-AZ,2026-09-01 08:12:00,-0.53399999999999,-0.010999999999992127,19.667,0.326,0,0,none,-1,-1
R08-AZ,2026-09-01 08:14:00,-0.5809999999999977,0.9030000000000005,19.58,-0.44,0,0,none,-1,-1
R08-AZ,2026-09-01 08:16:00,-0.2739999999999956,1.5015000000000036,19.06,0.205,0,0,none,-1,-1
R08-AZ,2026-09-01 08:18:00,-0.3839999999999897,0.784000000000006,19.813,0.758,0,0,none,-1,-1
R08-AZ,2026-09-01 08:20:00,-0.4509999999999934,0.4380000000000024,19.572,-0.065,0,0,none,-1,-1
R08-AZ,2026-09-01 08:22:00,0.6970000000000081,0.3744999999999994,18.79,1.666,0,0,none,-1,-1
R08-AZ,2026-09-01 08:24:00,-0.44299999999999784,1.5790000000000024,19.127,0.944,0,0,none,-1,-1
R08-AZ,2026-09-01 08:26:00,-0.07249999999999801,0.16300000000000026,19.719,0.849,0,0,none,-1,-1
R08-AZ,2026-09-01 08:28:00,0.6949999999999985,-0.6884999999999977,19.235,0.886,0,0,fiber_degradation,4,4
R08-AZ,2026-09-01 08:30:00,1.2210000000000019,-2.536500000000002,19.787,-0.422,0,0,fiber_degradation,4,4
R08-AZ,2026-09-01 08:32:00,2.1440000000000037,-1.3399999999999963,18.837,1.872,0,0,fiber_degradation,4,4
R08-AZ,2026-09-01 08:34:00,2.578000000000001,-2.54399999999999,19.855,0.075,0,0,fiber_degradation,4,4
R08-AZ,2026-09-01 08:36:00,2.050999999999993,-3.0389999999999997,19.967,-0.804,0,0,fiber_degradation,4,4
R08-AZ,2026-09-01 08:38:00,1.5810000000000084,-2.154999999999994,19.866,-0.739,0,0,fiber_degradation,4,4
R08-AZ,2026-09-01 08:40:00,1.0370000000000026,-3.919999999999998,19.904,-2.115,0,0,fiber_degradation,4,4
R08-AZ,2026-09-01 08:42:00,1.7745000000000015,-5.25899999999999,19.792,-2.014,0,0,fiber_degradation,4,4
R08-AZ,2026-09-01 08:44:00,1.0150000000000023,-5.929000000000007,18.967,-4.28,0,0,fiber_degradation,4,4
R08-AZ,2026-09-01 08:46:00,1.554000000000011,-4.784999999999998,18.705,-4.082,0,0,fiber_degradation,4,4
R08-AZ,2026-09-01 08:48:00,1.2850000000000001,-7.2395,18.028,-4.816,0,0,fiber_degradation,4,4
R08-AZ,2026-09-01 08:50:00,1.807999999999998,-7.011000000000001,18.039,-5.068,0,0,fiber_degradation,4,4
R08-AZ,2026-09-01 08:52:00,2.2479999999999993,-8.200999999999992,17.74,-5.796,0,0,fiber_degradation,4,4
R08-AZ,2026-09-01 08:54:00,1.988000000000003,-9.066000000000003,16.998,-6.459,1,0,fiber_degradation,4,4
R08-AZ,2026-09-01 08:56:00,1.432000000000004,-10.61,15.43,-8.782,1,0,fiber_degradation,4,4
R08-AZ,2026-09-01 08:58:00,1.5150000000000095,-9.520499999999993,16.285,-6.68,1,0,fiber_degradation,4,4
R08-AZ,2026-09-01 09:00:00,1.3095000000000017,-9.398499999999997,15.843,-7.357,1,0,fiber_degradation,4,4
R08-AZ,2026-09-01 09:02:00,1.7205000000000013,-9.464999999999995,15.319,-8.066,1,0,fiber_degradation,4,4
R08-AZ,2026-09-01 09:04:00,2.115000000000002,-9.535,15.785,-6.959,1,0,fiber_degradation,4,4
R08-AZ,2026-09-01 09:06:00,2.1025000000000063,-8.181999999999992,15.669,-7.552,1,0,fiber_degradation,4,4
R08-AZ,2026-09-01 09:08:00,2.218,-10.04799999999999,15.875,-7.939,1,0,fiber_degradation,4,4
R08-AZ,2026-09-01 09:10:00,1.8900000000000095,-9.639,16.287,-7.244,1,0,fiber_degradation,4,4
R08-AZ,2026-09-01 09:12:00,0.9840000000000018,-8.399,15.881,-7.396,1,0,fiber_degradation,4,4
R08-AZ,2026-09-01 09:14:00,1.2829999999999995,-10.582999999999991,15.003,-8.763,1,0,fiber_degradation,4,4
R08-AZ,2026-09-01 09:16:00,1.072000000000001,-9.258,15.42,-8.013,1,0,fiber_degradation,4,4
R08-AZ,2026-09-01 09:18:00,1.957000000000006,-9.720999999999998,16.385,-6.824,1,0,fiber_degradation,4,4
R08-AZ,2026-09-01 09:20:00,-0.815999999999999,0.48600000000000954,19.828,-0.148,0,0,none,-1,-1
R08-AZ,2026-09-01 09:22:00,-0.07899999999998997,0.8590000000000089,19.123,2.117,0,0,none,-1,-1
R08-AZ,2026-09-01 09:24:00,-0.7529999999999912,0.6090000000000053,19.415,0.287,0,0,none,-1,-1
R08-AZ,2026-09-01 09:26:00,-0.9869999999999948,0.5865000000000116,20.019,-0.309,0,0,none,-1,-1
R08-AZ,2026-09-01 09:28:00,-0.20499999999999652,0.35900000000001064,19.241,0.898,0,0,none,-1,-1
R08-AZ,2026-09-01 09:30:00,1.0769999999999982,-1.2445000000000057,18.961,0.78,0,0,fiber_degradation,8,5
R08-AZ,2026-09-01 09:32:00,0.39300000000000423,-1.1640000000000068,19.699,-0.018,0,0,fiber_degradation,8,5
R08-AZ,2026-09-01 09:34:00,-0.09999999999999076,-1.1889999999999983,19.676,-0.689,0,0,fiber_degradation,8,5
R08-AZ,2026-09-01 09:36:00,-0.5569999999999933,-1.4919999999999956,19.752,-1.461,0,0,fiber_degradation,8,5
R08-AZ,2026-09-01 09:38:00,0.23000000000000398,-3.825999999999997,19.468,-3.803,0,0,fiber_degradation,8,5
R08-AZ,2026-09-01 09:40:00,-0.47099999999999476,-3.1194999999999986,19.59,-2.73,0,0,fiber_degradation,8,5
R08-AZ,2026-09-01 09:42:00,-0.9969999999999928,-4.153999999999995,19.024,-4.385,0,0,fiber_degradation,8,5
R08-AZ,2026-09-01 09:44:00,0.03300000000000658,-5.264999999999999,18.573,-4.907,0,0,fiber_degradation,8,5
R08-AZ,2026-09-01 09:46:00,-0.35899999999999643,-6.222999999999995,17.641,-6.249,1,0,fiber_degradation,8,5
R08-AZ,2026-09-01 09:48:00,-0.2300000000000022,-5.684999999999993,18.26,-5.202,0,0,fiber_degradation,8,5
R08-AZ,2026-09-01 09:50:00,-0.5289999999999964,-6.8504999999999985,17.468,-7.054,1,0,fiber_degradation,8,5
R08-AZ,2026-09-01 09:52:00,-0.24449999999999683,-6.260999999999996,17.99,-6.234,1,0,fiber_degradation,8,5
R08-AZ,2026-09-01 09:54:00,-0.27199999999999314,-4.990999999999991,18.429,-4.946,0,0,fiber_degradation,8,5
R08-AZ,2026-09-01 09:56:00,1.421999999999997,-7.766999999999994,18.054,-5.546,0,0,fiber_degradation,8,5
R08-AZ,2026-09-01 09:58:00,-0.39099999999999824,-7.522999999999994,17.687,-6.263,1,0,fiber_degradation,8,5
R08-ZA,2026-09-01 00:00:00,-0.9090000000000042,-1.9280000000000026,20.409,-1.852,0,0,none,-1,-1
R08-ZA,2026-09-01 00:02:00,-0.7589999999999932,-2.481,20.426,-1.755,0,0,none,-1,-1
R08-ZA,2026-09-01 00:04:00,-0.5199999999999978,0.5640000000000018,20.1,0.478,0,0,none,-1,-1
R08-ZA,2026-09-01 00:06:00,-0.25000000000000533,-2.1030000000000086,20.315,-1.347,0,0,none,-1,-1
R08-ZA,2026-09-01 00:08:00,-0.927500000000002,-0.6279999999999983,20.464,-1.059,0,0,none,-1,-1
R08-ZA,2026-09-01 00:10:00,-0.8140000000000018,-0.9629999999999992,20.444,-1.369,0,0,none,-1,-1
R08-ZA,2026-09-01 00:12:00,-1.8510000000000026,-3.213999999999997,19.894,-3.41,0,0,none,-1,-1
R08-ZA,2026-09-01 00:14:00,-6.3320000000000025,-1.2209999999999965,18.484,-6.817,1,0,amplifier_degradation,13,0
R08-ZA,2026-09-01 00:16:00,-6.903000000000008,-2.1664999999999974,18.073,-7.527,1,0,amplifier_degradation,13,0
R08-ZA,2026-09-01 00:18:00,-6.857000000000005,-1.4969999999999963,18.392,-7.291,1,0,amplifier_degradation,13,0
R08-ZA,2026-09-01 00:20:00,-6.905000000000001,-3.043999999999997,17.76,-8.023,1,0,amplifier_degradation,13,0
R08-ZA,2026-09-01 00:22:00,-7.214000000000002,-2.7379999999999995,17.796,-8.69,1,0,amplifier_degradation,13,0
R08-ZA,2026-09-01 00:24:00,-7.077000000000002,-2.1419999999999977,17.587,-8.506,1,0,amplifier_degradation,13,0
R08-ZA,2026-09-01 00:26:00,-6.216999999999995,-2.6899999999999906,18.22,-7.534,1,0,amplifier_degradation,13,0
R08-ZA,2026-09-01 00:28:00,-7.211000000000002,-1.2379999999999995,18.197,-7.621,1,0,amplifier_degradation,13,0
R08-ZA,2026-09-01 00:30:00,-6.698999999999996,-1.2670000000000066,18.201,-7.185,1,0,amplifier_degradation,13,0
R08-ZA,2026-09-01 00:32:00,-6.866999999999997,-1.6979999999999968,18.398,-6.855,1,0,amplifier_degradation,13,0
R08-ZA,2026-09-01 00:34:00,-6.378999999999998,-1.4090000000000025,18.465,-7.185,1,0,amplifier_degradation,13,0
R08-ZA,2026-09-01 00:36:00,-6.471000000000004,-3.413999999999991,18.134,-8.132,1,0,amplifier_degradation,13,0
R08-ZA,2026-09-01 00:38:00,-6.840000000000005,-3.3919999999999995,17.701,-8.413,1,0,amplifier_degradation,13,0
R08-ZA,2026-09-01 00:40:00,-6.138999999999998,-1.8499999999999979,18.267,-7.254,1,0,amplifier_degradation,13,0
R08-ZA,2026-09-01 00:42:00,-6.801999999999998,-2.695000000000004,18.102,-7.85,1,0,amplifier_degradation,13,0
R08-ZA,2026-09-01 00:44:00,-6.5429999999999975,-1.3459999999999965,18.534,-6.781,1,0,amplifier_degradation,13,0
R08-ZA,2026-09-01 00:46:00,-5.772999999999998,-2.041000000000004,18.426,-7.002,1,0,amplifier_degradation,13,0
R08-ZA,2026-09-01 00:48:00,-7.083000000000004,-1.8249999999999922,17.952,-7.997,1,0,amplifier_degradation,13,0
R08-ZA,2026-09-01 00:50:00,-7.439999999999996,-2.959999999999992,17.97,-8.21,1,0,amplifier_degradation,13,0
R08-ZA,2026-09-01 00:52:00,-7.0099999999999945,-1.1999999999999957,18.368,-7.073,1,0,amplifier_degradation,13,0
R08-ZA,2026-09-01 00:54:00,-6.174999999999997,-2.184000000000003,18.362,-7.443,1,0,amplifier_degradation,13,0
R08-ZA,2026-09-01 00:56:00,-6.642000000000003,-0.3020000000000014,18.759,-6.65,1,0,amplifier_degradation,13,0
R08-ZA,2026-09-01 00:58:00,-6.413999999999994,-1.849999999999996,17.982,-8.034,1,0,amplifier_degradation,13,0
R08-ZA,2026-09-01 01:00:00,-5.813499999999998,-1.0335000000000019,18.816,-6.516,1,0,amplifier_degradation,13,0
R08-ZA,2026-09-01 01:02:00,-7.429,-1.7949999999999946,18.296,-7.317,1,0,amplifier_degradation,13,0
R08-ZA,2026-09-01 01:04:00,-5.809999999999997,-2.160999999999998,18.181,-7.027,1,0,amplifier_degradation,13,0
R08-ZA,2026-09-01 01:06:00,-7.426999999999998,-3.304999999999991,17.723,-8.585,1,0,amplifier_degradation,13,0
R08-ZA,2026-09-01 01:08:00,-6.188000000000004,-1.869499999999995,18.355,-7.132,1,0,amplifier_degradation,13,0
R08-ZA,2026-09-01 01:10:00,-6.8575,-2.1110000000000007,18.314,-7.356,1,0,amplifier_degradation,13,0
R08-ZA,2026-09-01 01:12:00,-7.235999999999997,-1.025999999999998,18.23,-7.801,1,0,amplifier_degradation,13,0
R08-ZA,2026-09-01 01:14:00,-6.177000000000005,-3.3230000000000004,17.815,-8.027,1,0,amplifier_degradation,13,0
R08-ZA,2026-09-01 01:16:00,-6.820666666666668,-2.3530000000000015,18.317,-7.504,1,0,amplifier_degradation,13,0
R08-ZA,2026-09-01 01:18:00,-1.8563333333333318,-1.6949999999999932,20.389,-1.798,0,0,none,-1,-1
R08-ZA,2026-09-01 01:20:00,-1.6330000000000027,-1.3379999999999974,20.341,-2.519,0,0,none,-1,-1
R08-ZA,2026-09-01 01:22:00,-1.4094999999999995,-2.227999999999998,20.522,-1.404,0,0,none,-1,-1
R08-ZA,2026-09-01 01:24:00,-0.6399999999999988,-1.284999999999993,20.456,-1.168,0,0,none,-1,-1
R08-ZA,2026-09-01 01:26:00,-1.6200000000000028,-3.3610000000000024,20.303,-2.818,0,0,none,-1,-1
R08-ZA,2026-09-01 01:28:00,-0.30800000000000516,-1.8179999999999996,20.46,-0.72,0,0,none,-1,-1
R08-ZA,2026-09-01 01:30:00,-1.974000000000002,-3.224999999999998,20.307,-2.581,0,0,none,-1,-1
R08-ZA,2026-09-01 01:32:00,-1.0300000000000011,-1.9899999999999967,20.494,-1.376,0,0,none,-1,-1
R08-ZA,2026-09-01 01:34:00,-0.9619999999999997,-1.1844999999999946,20.433,-1.834,0,0,none,-1,-1
R08-ZA,2026-09-01 01:36:00,-1.069999999999995,-1.6039999999999974,20.365,-1.164,0,0,none,-1,-1
R08-ZA,2026-09-01 01:38:00,-1.4389999999999965,-1.7730000000000015,20.357,-1.622,0,0,none,-1,-1
R08-ZA,2026-09-01 01:40:00,-0.9099999999999966,-2.032999999999996,20.474,-0.571,0,0,none,-1,-1
R08-ZA,2026-09-01 01:42:00,-1.6499999999999968,-2.1839999999999957,19.95,-4.029,0,0,amplifier_degradation,19,1
R08-ZA,2026-09-01 01:44:00,-2.5790000000000024,-1.8969999999999967,20.305,-2.854,0,0,amplifier_degradation,19,1
R08-ZA,2026-09-01 01:46:00,-2.0190000000000037,-1.6249999999999964,20.425,-2.477,0,0,amplifier_degradation,19,1
R08-ZA,2026-09-01 01:48:00,-1.1199999999999974,-2.3619999999999983,20.392,-2.085,0,0,amplifier_degradation,19,1
R08-ZA,2026-09-01 01:50:00,-2.4570000000000025,-2.753999999999996,20.243,-3.613,0,0,amplifier_degradation,19,1
R08-ZA,2026-09-01 01:52:00,-3.1530000000000005,-1.961000000000002,20.329,-3.793,0,0,amplifier_degradation,19,1
R08-ZA,2026-09-01 01:54:00,-2.842000000000004,-2.4469999999999974,20.413,-3.806,0,0,amplifier_degradation,19,1
R08-ZA,2026-09-01 01:56:00,-3.5650000000000013,-2.558,20.409,-4.138,0,0,amplifier_degradation,19,1
R08-ZA,2026-09-01 01:58:00,-4.2635000000000005,-3.1464999999999996,19.98,-6.399,1,0,amplifier_degradation,19,1
R08-ZA,2026-09-01 02:00:00,-4.7095,-2.7589999999999986,20.134,-5.716,0,0,amplifier_degradation,19,1
R08-ZA,2026-09-01 02:02:00,-5.071000000000007,-2.2730000000000086,20.149,-6.178,1,0,amplifier_degradation,19,1
R08-ZA,2026-09-01 02:04:00,-4.4630000000000045,-3.2189999999999976,20.02,-6.258,1,0,amplifier_degradation,19,1
R08-ZA,2026-09-01 02:06:00,-3.7219999999999995,-2.8469999999999978,20.28,-4.605,0,0,amplifier_degradation,19,1
R08-ZA,2026-09-01 02:08:00,-3.9989999999999952,-2.753999999999996,20.277,-5.53,0,0,amplifier_degradation,19,1
R08-ZA,2026-09-01 02:10:00,-4.221999999999998,-1.4160000000000004,20.391,-4.562,0,0,amplifier_degradation,19,1
R08-ZA,2026-09-01 02:12:00,-4.335000000000008,-1.6854999999999958,20.394,-4.548,0,0,amplifier_degradation,19,1
R08-ZA,2026-09-01 02:14:00,-3.6679999999999993,-2.333499999999999,20.404,-3.591,0,0,amplifier_degradation,19,1
R08-ZA,2026-09-01 02:16:00,-3.8469999999999978,-1.0200000000000031,20.369,-4.279,0,0,amplifier_degradation,19,1
R08-ZA,2026-09-01 02:18:00,-0.7070000000000078,-1.6644999999999914,20.467,-1.034,0,0,none,-1,-1
R08-ZA,2026-09-01 02:20:00,-2.013999999999996,-2.0084999999999944,20.129,-3.155,0,0,none,-1,-1
R08-ZA,2026-09-01 02:22:00,-2.0229999999999997,-2.7759999999999945,20.354,-2.627,0,0,none,-1,-1
R08-ZA,2026-09-01 02:24:00,-0.6149999999999967,-0.5199999999999978,20.438,-0.631,0,0,none,-1,-1
R08-ZA,2026-09-01 02:26:00,-0.7880000000000056,-1.2440000000000015,20.455,-0.24,0,0,none,-1,-1
R08-ZA,2026-09-01 02:28:00,-1.1169999999999973,-0.25699999999999257,20.388,0.099,0,0,none,-1,-1
R08-ZA,2026-09-01 02:30:00,-1.2479999999999993,0.45750000000000135,20.42,-0.596,0,0,none,-1,-1
R08-ZA,2026-09-01 02:32:00,-0.566000000000006,0.9079999999999995,20.554,0.003,0,0,none,-1,-1
R08-ZA,2026-09-01 02:34:00,-1.3110000000000017,-2.346000000000002,20.267,-2.692,0,0,none,-1,-1
R08-ZA,2026-09-01 02:36:00,-0.9830000000000041,-0.9419999999999948,20.268,-1.191,0,0,none,-1,-1
R08-ZA,2026-09-01 02:38:00,-0.8249999999999975,-2.6059999999999963,20.318,-2.435,0,0,none,-1,-1
R08-ZA,2026-09-01 02:40:00,-1.071000000000005,-2.086999999999996,20.344,-2.565,0,0,none,-1,-1
R08-ZA,2026-09-01 02:42:00,-1.4570000000000007,-1.1049999999999969,20.469,-1.395,0,0,none,-1,-1
R08-ZA,2026-09-01 02:44:00,-0.8179999999999943,-2.2060000000000013,20.362,-2.473,0,0,none,-1,-1
R08-ZA,2026-09-01 02:46:00,-1.0205000000000002,-2.0519999999999996,20.412,-1.794,0,0,amplifier_degradation,4,2
R08-ZA,2026-09-01 02:48:00,-2.4870000000000054,-1.2069999999999972,20.455,-1.937,0,0,amplifier_degradation,4,2
R08-ZA,2026-09-01 02:50:00,-2.2700000000000014,-0.7509999999999994,20.495,-1.601,0,0,amplifier_degradation,4,2
R08-ZA,2026-09-01 02:52:00,-2.593000000000007,-2.0580000000000034,20.192,-2.928,0,0,amplifier_degradation,4,2
R08-ZA,2026-09-01 02:54:00,-2.961999999999991,-2.299999999999997,19.519,-4.114,0,0,amplifier_degradation,4,2
R08-ZA,2026-09-01 02:56:00,-2.7799999999999994,-1.8319999999999936,19.824,-3.334,0,0,amplifier_degradation,4,2
R08-ZA,2026-09-01 02:58:00,-3.3015000000000043,-1.2300000000000004,19.707,-3.67,0,0,amplifier_degradation,4,2
R08-ZA,2026-09-01 03:00:00,-3.5370000000000044,-0.5859999999999932,19.793,-2.925,0,0,amplifier_degradation,4,2
R08-ZA,2026-09-01 03:02:00,-4.323000000000004,-2.8394999999999957,18.696,-5.4,0,0,amplifier_degradation,4,2
R08-ZA,2026-09-01 03:04:00,-4.236000000000001,-0.6449999999999925,19.709,-3.484,0,0,amplifier_degradation,4,2
R08-ZA,2026-09-01 03:06:00,-5.099500000000003,-0.15499999999999936,19.082,-4.287,0,0,amplifier_degradation,4,2
R08-ZA,2026-09-01 03:08:00,-4.487000000000002,-2.1489999999999956,19.096,-4.375,0,0,amplifier_degradation,4,2
R08-ZA,2026-09-01 03:10:00,-5.466500000000005,-0.6824999999999992,19.274,-4.453,0,0,amplifier_degradation,4,2
R08-ZA,2026-09-01 03:12:00,-5.017999999999999,-2.307000000000004,18.261,-5.455,0,0,amplifier_degradation,4,2
R08-ZA,2026-09-01 03:14:00,-4.036000000000003,-1.447000000000001,18.88,-5.01,0,0,amplifier_degradation,4,2
R08-ZA,2026-09-01 03:16:00,-5.071000000000005,-1.8440000000000012,18.533,-5.362,0,0,amplifier_degradation,4,2
R08-ZA,2026-09-01 03:18:00,-1.9040000000000017,-1.040000000000001,20.429,-1.818,0,0,none,-1,-1
R08-ZA,2026-09-01 03:20:00,-2.0549999999999944,-0.9269999999999943,20.531,-1.804,0,0,none,-1,-1
R08-ZA,2026-09-01 03:22:00,-1.625,-1.449999999999994,20.404,-2.017,0,0,none,-1,-1
R08-ZA,2026-09-01 03:24:00,-0.9380000000000024,-2.8509999999999938,20.316,-1.574,0,0,none,-1,-1
R08-ZA,2026-09-01 03:26:00,-0.5860000000000021,-1.6979999999999915,20.49,-1.016,0,0,none,-1,-1
R08-ZA,2026-09-01 03:28:00,-0.9520000000000017,-0.6270000000000007,20.476,-0.742,0,0,none,-1,-1
R08-ZA,2026-09-01 03:30:00,-0.8015000000000096,-1.6619999999999955,20.47,-1.143,0,0,none,-1,-1
R08-ZA,2026-09-01 03:32:00,-0.7999999999999989,-2.668999999999995,20.493,-1.559,0,0,none,-1,-1
R08-ZA,2026-09-01 03:34:00,-1.093999999999994,-1.6659999999999968,20.384,-1.609,0,0,none,-1,-1
R08-ZA,2026-09-01 03:36:00,-1.668000000000001,-1.369999999999994,20.433,-1.6,0,0,none,-1,-1
R08-ZA,2026-09-01 03:38:00,-1.8105000000000029,-2.2859999999999996,20.449,-1.161,0,0,none,-1,-1
R08-ZA,2026-09-01 03:40:00,-1.5929999999999982,-0.16699999999999804,20.422,-0.735,0,0,none,-1,-1
R08-ZA,2026-09-01 03:42:00,-0.5700000000000109,-2.7019999999999964,20.336,-2.098,0,0,none,-1,-1
R08-ZA,2026-09-01 03:44:00,-0.4149999999999956,-1.3300000000000036,20.467,-1.014,0,0,none,-1,-1
R08-ZA,2026-09-01 03:46:00,-1.841999999999997,-1.7119999999999997,20.435,-2.061,0,0,none,-1,-1
R08-ZA,2026-09-01 03:48:00,-0.9809999999999999,-1.2829999999999977,20.481,-1.442,0,0,none,-1,-1
R08-ZA,2026-09-01 03:50:00,-1.871999999999998,-2.461999999999998,20.284,-2.852,0,0,none,-1,-1
R08-ZA,2026-09-01 03:52:00,-0.46199999999999797,-1.6530000000000022,20.338,-0.92,0,0,none,-1,-1
R08-ZA,2026-09-01 03:54:00,-2.1049999999999915,0.049000000000001265,20.51,-1.253,0,0,none,-1,-1
R08-ZA,2026-09-01 03:56:00,-1.2754999999999974,-0.7495000000000012,20.584,-0.767,0,0,none,-1,-1
R08-ZA,2026-09-01 03:58:00,0.11599999999999788,-0.6689999999999987,20.395,-0.567,0,0,none,-1,-1
R08-ZA,2026-09-01 04:00:00,-1.9679999999999964,-1.765000000000006,20.431,-2.034,0,0,none,-1,-1
R08-ZA,2026-09-01 04:02:00,-1.5574999999999992,-1.5379999999999967,20.339,-1.669,0,0,none,-1,-1
R08-ZA,2026-09-01 04:04:00,-1.2370000000000037,-1.1730000000000036,20.413,-1.823,0,0,none,-1,-1
R08-ZA,2026-09-01 04:06:00,-0.2125000000000039,-2.5209999999999972,20.404,-2.046,0,0,none,-1,-1
R08-ZA,2026-09-01 04:08:00,-0.658000000000003,-0.7689999999999948,20.443,-0.743,0,0,none,-1,-1
R08-ZA,2026-09-01 04:10:00,-0.7170000000000041,-1.9879999999999924,20.536,-0.755,0,0,none,-1,-1
R08-ZA,2026-09-01 04:12:00,-1.5314999999999959,-1.1980000000000022,20.464,-1.916,0,0,none,-1,-1
R08-ZA,2026-09-01 04:14:00,-0.8479999999999954,-0.48799999999999777,20.538,-0.761,0,0,none,-1,-1
R08-ZA,2026-09-01 04:16:00,-1.009999999999998,-0.19599999999999973,20.458,-0.28,0,0,none,-1,-1
R08-ZA,2026-09-01 04:18:00,-1.3759999999999994,-1.7390000000000008,20.413,-1.996,0,0,none,-1,-1
R08-ZA,2026-09-01 04:20:00,-0.6679999999999993,-0.18849999999999234,20.315,0.23,0,0,none,-1,-1
R08-ZA,2026-09-01 04:22:00,-1.1169999999999973,-1.6534999999999993,20.476,-1.216,0,0,none,-1,-1
R08-ZA,2026-09-01 04:24:00,-1.1099999999999994,1.0729999999999986,20.372,0.328,0,0,none,-1,-1
R08-ZA,2026-09-01 04:26:00,-1.3350000000000009,-0.4085000000000001,20.43,-1.153,0,0,none,-1,-1
R08-ZA,2026-09-01 04:28:00,-1.2479999999999993,-0.9909999999999979,20.437,-0.808,0,0,none,-1,-1
R08-ZA,2026-09-01 04:30:00,-1.3635000000000002,-0.8409999999999958,20.473,-1.065,0,0,none,-1,-1
R08-ZA,2026-09-01 04:32:00,-1.3240000000000052,-0.746000000000004,20.491,-0.955,0,0,none,-1,-1
R08-ZA,2026-09-01 04:34:00,-0.6289999999999978,-0.6210000000000022,20.359,-0.668,0,0,none,-1,-1
R08-ZA,2026-09-01 04:36:00,-0.7769999999999992,-1.3319999999999972,20.462,-1.201,0,0,none,-1,-1
R08-ZA,2026-09-01 04:38:00,-1.7509999999999994,-1.1049999999999986,20.474,-1.805,0,0,none,-1,-1
R08-ZA,2026-09-01 04:40:00,-0.7479999999999976,0.504999999999999,20.291,-0.003,0,0,none,-1,-1
R08-ZA,2026-09-01 04:42:00,-0.9313333333333418,-0.6174999999999979,20.481,-0.035,0,0,none,-1,-1
R08-ZA,2026-09-01 04:44:00,-1.1146666666666736,-1.740000000000002,20.508,-1.272,0,0,none,-1,-1
R08-ZA,2026-09-01 04:46:00,-1.5035000000000078,-2.1425,20.384,-1.805,0,0,none,-1,-1
R08-ZA,2026-09-01 04:48:00,-2.2785000000000064,-0.3500000000000014,20.51,-1.497,0,0,none,-1,-1
R08-ZA,2026-09-01 04:50:00,-1.2029999999999959,-0.1369999999999969,20.359,0.102,0,0,none,-1,-1
R08-ZA,2026-09-01 04:52:00,-1.2610000000000046,-0.1729999999999965,20.41,-0.976,0,0,none,-1,-1
R08-ZA,2026-09-01 04:54:00,-0.9220000000000024,-0.6779999999999937,20.32,-0.429,0,0,none,-1,-1
R08-ZA,2026-09-01 04:56:00,-1.8850000000000087,-1.601499999999998,20.389,-1.807,0,0,fiber_degradation,15,3
R08-ZA,2026-09-01 04:58:00,-0.8769999999999936,-1.5409999999999986,20.282,-1.055,0,0,fiber_degradation,15,3
R08-ZA,2026-09-01 05:00:00,-1.0410000000000004,-2.9959999999999933,20.077,-2.932,0,0,fiber_degradation,15,3
R08-ZA,2026-09-01 05:02:00,-1.3010000000000037,-5.921499999999995,19.46,-5.536,0,0,fiber_degradation,15,3
R08-ZA,2026-09-01 05:04:00,-1.8210000000000033,-3.942999999999998,19.515,-4.657,0,0,fiber_degradation,15,3
R08-ZA,2026-09-01 05:06:00,-0.8964999999999979,-3.9680000000000035,19.544,-4.374,0,0,fiber_degradation,15,3
R08-ZA,2026-09-01 05:08:00,-0.9760000000000044,-6.526999999999996,18.999,-6.069,1,0,fiber_degradation,15,3
R08-ZA,2026-09-01 05:10:00,-1.2480000000000082,-6.780000000000001,18.561,-6.544,1,0,fiber_degradation,15,3
R08-ZA,2026-09-01 05:12:00,-1.4070000000000036,-8.584000000000003,18.135,-7.547,1,0,fiber_degradation,15,3
R08-ZA,2026-09-01 05:14:00,-1.633000000000001,-8.815999999999992,17.174,-9.16,1,0,fiber_degradation,15,3
R08-ZA,2026-09-01 05:16:00,-0.5164999999999988,-9.199000000000002,17.649,-8.311,1,0,fiber_degradation,15,3
R08-ZA,2026-09-01 05:18:00,-1.1710000000000012,-9.772999999999998,16.972,-9.507,1,0,fiber_degradation,15,3
R08-ZA,2026-09-01 05:20:00,-0.8155000000000037,-10.484999999999998,16.573,-10.041,1,0,fiber_degradation,15,3
R08-ZA,2026-09-01 05:22:00,-1.5810000000000048,-10.949499999999997,15.724,-11.293,1,0,fiber_degradation,15,3
R08-ZA,2026-09-01 05:24:00,-0.05999999999999517,-11.795999999999994,16.192,-10.175,1,0,fiber_degradation,15,3
R08-ZA,2026-09-01 05:26:00,-1.1460000000000008,-11.504,15.448,-11.666,1,0,fiber_degradation,15,3
R08-ZA,2026-09-01 05:28:00,-2.187000000000003,-12.873999999999995,14.105,-13.468,1,0,fiber_degradation,15,3
R08-ZA,2026-09-01 05:30:00,-1.4110000000000014,-11.069,15.746,-11.114,1,0,fiber_degradation,15,3
R08-ZA,2026-09-01 05:32:00,-1.589999999999998,-10.193500000000002,16.44,-10.291,1,0,fiber_degradation,15,3
R08-ZA,2026-09-01 05:34:00,-1.2080000000000055,-10.832999999999997,15.728,-11.188,1,0,fiber_degradation,15,3
R08-ZA,2026-09-01 05:36:00,-1.8249999999999975,-11.160999999999994,14.844,-12.598,1,0,fiber_degradation,15,3
R08-ZA,2026-09-01 05:38:00,-1.7540000000000084,-10.632499999999999,15.853,-10.947,1,0,fiber_degradation,15,3
R08-ZA,2026-09-01 05:40:00,-0.9420000000000037,-11.763999999999998,15.916,-10.914,1,0,fiber_degradation,15,3
R08-ZA,2026-09-01 05:42:00,-1.5179999999999936,-11.100000000000005,15.745,-11.4,1,0,fiber_degradation,15,3
R08-ZA,2026-09-01 05:44:00,-1.1170000000000009,-1.5370000000000026,20.444,-1.326,0,0,none,-1,-1
R08-ZA,2026-09-01 05:46:00,-1.0845000000000038,0.06900000000000794,20.379,-0.574,0,0,none,-1,-1
R08-ZA,2026-09-01 05:48:00,-1.4265000000000008,-0.6130000000000013,20.484,-0.714,0,0,none,-1,-1
R08-ZA,2026-09-01 05:50:00,-1.1179999999999986,0.7719999999999967,20.209,-0.26,0,0,none,-1,-1
R08-ZA,2026-09-01 05:52:00,-1.6419999999999977,-0.6460000000000061,20.507,-0.239,0,0,none,-1,-1
R08-ZA,2026-09-01 05:54:00,-0.9100000000000055,0.9450000000000092,19.962,1.188,0,0,none,-1,-1
R08-ZA,2026-09-01 05:56:00,-2.1180000000000003,-0.8389999999999986,20.434,-1.628,0,0,none,-1,-1
R08-ZA,2026-09-01 05:58:00,-1.513500000000004,0.09800000000000075,20.398,0.077,0,0,none,-1,-1
R08-ZA,2026-09-01 06:00:00,-0.9759999999999973,-1.1864999999999917,20.393,-2.032,0,0,none,-1,-1
R08-ZA,2026-09-01 06:02:00,-1.7719999999999931,-0.5379999999999949,20.389,-0.458,0,0,none,-1,-1
R08-ZA,2026-09-01 06:04:00,-2.190999999999997,-0.9679999999999875,20.383,-1.699,0,0,none,-1,-1
R08-ZA,2026-09-01 06:06:00,-1.0910000000000135,-2.2019999999999964,20.496,-0.93,0,0,none,-1,-1
R08-ZA,2026-09-01 06:08:00,-1.2344999999999988,0.11500000000000021,20.437,-0.526,0,0,none,-1,-1
R08-ZA,2026-09-01 06:10:00,-1.3679999999999932,-0.9404999999999983,20.5,-1.102,0,0,none,-1,-1
R08-ZA,2026-09-01 06:12:00,-0.7569999999999926,0.6090000000000035,20.329,1.109,0,0,none,-1,-1
R08-ZA,2026-09-01 06:14:00,-0.6479999999999979,0.14500000000000313,20.171,0.304,0,0,none,-1,-1
R08-ZA,2026-09-01 06:16:00,-0.9545000000000012,0.07300000000000217,20.298,-0.0,0,0,none,-1,-1
R08-ZA,2026-09-01 06:18:00,-2.120999999999997,0.10500000000000043,20.435,-0.893,0,0,none,-1,-1
R08-ZA,2026-09-01 06:20:00,-1.8299999999999947,0.0649999999999995,20.305,0.25,0,0,none,-1,-1
R08-ZA,2026-09-01 06:22:00,-2.260000000000007,-1.7660000000000018,20.343,-2.751,0,0,none,-1,-1
R08-ZA,2026-09-01 06:24:00,-1.2264999999999997,-0.26250000000000284,20.198,0.663,0,0,none,-1,-1
R08-ZA,2026-09-01 06:26:00,-0.6810000000000045,-0.13200000000000145,20.54,-0.059,0,0,none,-1,-1
R08-ZA,2026-09-01 06:28:00,-0.831999999999999,0.1060000000000052,20.275,0.696,0,0,none,-1,-1
R08-ZA,2026-09-01 06:30:00,-1.6910000000000025,0.36700000000000266,20.19,0.116,0,0,none,-1,-1
R08-ZA,2026-09-01 06:32:00,-5.484999999999998,-0.28900000000000325,19.953,-3.757,0,0,amplifier_degradation,15,4
R08-ZA,2026-09-01 06:34:00,-4.477999999999998,0.9259999999999984,19.945,-2.593,0,0,amplifier_degradation,15,4
R08-ZA,2026-09-01 06:36:00,-3.3969999999999967,-0.37200000000000166,19.96,-2.566,0,0,amplifier_degradation,15,4
R08-ZA,2026-09-01 06:38:00,-4.065000000000001,-1.1820000000000022,19.655,-3.93,0,0,amplifier_degradation,15,4
R08-ZA,2026-09-01 06:40:00,-4.1505000000000045,0.6159999999999943,20.077,-2.303,0,0,amplifier_degradation,15,4
R08-ZA,2026-09-01 06:42:00,-4.3220000000000045,-0.014000000000004675,20.008,-2.895,0,0,amplifier_degradation,15,4
R08-ZA,2026-09-01 06:44:00,-4.235999999999999,0.35850000000000115,20.08,-2.37,0,0,amplifier_degradation,15,4
R08-ZA,2026-09-01 06:46:00,-4.000999999999998,-0.1280000000000001,19.909,-2.782,0,0,amplifier_degradation,15,4
R08-ZA,2026-09-01 06:48:00,-4.380000000000003,-0.12700000000000244,19.823,-3.724,0,0,amplifier_degradation,15,4
R08-ZA,2026-09-01 06:50:00,-4.236000000000004,-0.5209999999999955,19.95,-3.476,0,0,amplifier_degradation,15,4
R08-ZA,2026-09-01 06:52:00,-3.8680000000000003,-2.5440000000000005,19.791,-4.429,0,0,amplifier_degradation,15,4
R08-ZA,2026-09-01 06:54:00,-3.534999999999993,1.3394999999999992,19.846,-2.764,0,0,amplifier_degradation,15,4
R08-ZA,2026-09-01 06:56:00,-4.9100000000000055,-1.383000000000001,19.678,-4.889,0,0,amplifier_degradation,15,4
R08-ZA,2026-09-01 06:58:00,-3.5290000000000035,0.6030000000000051,19.993,-1.365,0,0,amplifier_degradation,15,4
R08-ZA,2026-09-01 07:00:00,-4.326000000000004,0.28200000000000536,20.044,-2.843,0,0,amplifier_degradation,15,4
R08-ZA,2026-09-01 07:02:00,-4.129999999999999,1.3580000000000005,19.968,-2.127,0,0,amplifier_degradation,15,4
R08-ZA,2026-09-01 07:04:00,-4.3480000000000025,-1.1579999999999941,19.95,-3.345,0,0,amplifier_degradation,15,4
R08-ZA,2026-09-01 07:06:00,-2.9109999999999943,-0.5830000000000002,19.92,-2.909,0,0,amplifier_degradation,15,4
R08-ZA,2026-09-01 07:08:00,-3.1710000000000083,-1.2579999999999991,19.952,-3.259,0,0,amplifier_degradation,15,4
R08-ZA,2026-09-01 07:10:00,-4.039000000000003,-0.04900000000000482,19.806,-3.171,0,0,amplifier_degradation,15,4
R08-ZA,2026-09-01 07:12:00,-4.212999999999999,-0.31499999999999595,19.947,-3.598,0,0,amplifier_degradation,15,4
R08-ZA,2026-09-01 07:14:00,-3.6795000000000044,-1.0959999999999965,19.965,-3.219,0,0,amplifier_degradation,15,4
R08-ZA,2026-09-01 07:16:00,-3.904999999999996,-0.571499999999995,19.961,-3.606,0,0,amplifier_degradation,15,4
R08-ZA,2026-09-01 07:18:00,-4.340000000000005,0.4610000000000074,19.873,-3.001,0,0,amplifier_degradation,15,4
R08-ZA,2026-09-01 07:20:00,-4.360000000000005,0.22600000000000087,19.984,-3.118,0,0,amplifier_degradation,15,4
R08-ZA,2026-09-01 07:22:00,-3.7995000000000037,0.6739999999999959,20.012,-1.413,0,0,amplifier_degradation,15,4
R08-ZA,2026-09-01 07:24:00,-4.714499999999999,-1.076000000000004,19.952,-3.486,0,0,amplifier_degradation,15,4
R08-ZA,2026-09-01 07:26:00,-3.865999999999998,0.2510000000000048,20.105,-2.115,0,0,amplifier_degradation,15,4
R08-ZA,2026-09-01 07:28:00,-3.4559999999999995,-0.5949999999999935,20.057,-3.632,0,0,amplifier_degradation,15,4
R08-ZA,2026-09-01 07:30:00,-0.6985000000000046,0.26200000000000756,20.391,-0.183,0,0,none,-1,-1
R08-ZA,2026-09-01 07:32:00,-2.2579999999999956,0.12600000000000122,20.525,-0.14,0,0,none,-1,-1
R08-ZA,2026-09-01 07:34:00,-1.5650000000000013,-0.23899999999999721,20.354,0.023,0,0,none,-1,-1
R08-ZA,2026-09-01 07:36:00,-0.5889999999999986,-1.057999999999998,20.465,-0.818,0,0,none,-1,-1
R08-ZA,2026-09-01 07:38:00,-1.1129999999999942,-0.19799999999999862,20.285,-0.36,0,0,none,-1,-1
R08-ZA,2026-09-01 07:40:00,-1.5275000000000034,1.1075000000000035,20.12,0.799,0,0,none,-1,-1
R08-ZA,2026-09-01 07:42:00,-1.749000000000004,1.5389999999999961,20.515,0.268,0,0,none,-1,-1
R08-ZA,2026-09-01 07:44:00,-1.3399999999999963,-0.29200000000000337,20.454,-0.638,0,0,none,-1,-1
R08-ZA,2026-09-01 07:46:00,-0.9525000000000006,0.752000000000006,20.164,0.984,0,0,none,-1,-1
R08-ZA,2026-09-01 07:48:00,-1.0839999999999979,-1.7654999999999959,20.517,-1.177,0,0,none,-1,-1
R08-ZA,2026-09-01 07:50:00,-1.5869999999999997,-0.015999999999994685,20.5,-0.285,0,0,none,-1,-1
R08-ZA,2026-09-01 07:52:00,-0.11700000000000266,1.1740000000000101,19.634,1.499,0,0,none,-1,-1
R08-ZA,2026-09-01 07:54:00,-0.7019999999999982,-0.6909999999999972,20.507,-0.961,0,0,none,-1,-1
R08-ZA,2026-09-01 07:56:00,-0.8629999999999995,-0.25400000000000134,20.247,0.042,0,0,none,-1,-1
R08-ZA,2026-09-01 07:58:00,-0.7879999999999949,-1.652999999999997,20.463,-0.726,0,0,fiber_degradation,10,5
R08-ZA,2026-09-01 08:00:00,-0.37800000000001077,-1.4570000000000025,20.571,0.109,0,0,fiber_degradation,10,5
R08-ZA,2026-09-01 08:02:00,-0.1550000000000029,-1.641,20.251,0.326,0,0,fiber_degradation,10,5
R08-ZA,2026-09-01 08:04:00,0.1984999999999939,-3.5939999999999994,20.097,-2.467,0,0,fiber_degradation,10,5
R08-ZA,2026-09-01 08:06:00,0.21800000000000175,-4.230000000000002,20.164,-1.939,0,0,fiber_degradation,10,5
R08-ZA,2026-09-01 08:08:00,0.1950000000000074,-5.838999999999993,19.575,-4.081,0,0,fiber_degradation,10,5
R08-ZA,2026-09-01 08:10:00,0.2640000000000011,-7.385000000000003,19.214,-4.741,0,0,fiber_degradation,10,5
R08-ZA,2026-09-01 08:12:00,0.37150000000000105,-7.735999999999997,18.479,-5.438,0,0,fiber_degradation,10,5
R08-ZA,2026-09-01 08:14:00,0.8549999999999969,-7.497999999999996,18.535,-6.188,1,0,fiber_degradation,10,5
R08-ZA,2026-09-01 08:16:00,-0.004999999999997229,-5.845999999999998,18.61,-5.132,0,0,fiber_degradation,10,5
R08-ZA,2026-09-01 08:18:00,0.28800000000000026,-7.895999999999999,18.405,-5.909,0,0,fiber_degradation,10,5
R08-ZA,2026-09-01 08:20:00,0.2320000000000011,-6.828999999999999,18.518,-5.21,0,0,fiber_degradation,10,5
R08-ZA,2026-09-01 08:22:00,0.8500000000000032,-7.362500000000001,18.194,-6.153,1,0,fiber_degradation,10,5
R08-ZA,2026-09-01 08:24:00,0.7100000000000009,-7.895499999999995,18.494,-5.682,0,0,fiber_degradation,10,5
R08-ZA,2026-09-01 08:26:00,0.6239999999999988,-6.738000000000003,18.956,-4.56,0,0,fiber_degradation,10,5
R08-ZA,2026-09-01 08:28:00,0.1709999999999976,-7.471999999999994,17.812,-6.305,1,0,fiber_degradation,10,5
R08-ZA,2026-09-01 08:30:00,-1.3649999999999984,-1.4179999999999957,20.339,-1.353,0,0,none,-1,-1
R08-ZA,2026-09-01 08:32:00,-0.8060000000000027,-1.1119999999999948,20.263,-0.051,0,0,none,-1,-1
R08-ZA,2026-09-01 08:34:00,-1.073500000000001,-0.9480000000000004,20.475,-0.108,0,0,none,-1,-1
R08-ZA,2026-09-01 08:36:00,-1.3410000000000064,-0.7839999999999954,20.479,-1.544,0,0,none,-1,-1
R08-ZA,2026-09-01 08:38:00,-1.2660000000000053,-1.4124999999999979,20.523,-0.637,0,0,none,-1,-1
R08-ZA,2026-09-01 08:40:00,-1.0450000000000017,-0.3029999999999955,20.27,-0.809,0,0,none,-1,-1
R08-ZA,2026-09-01 08:42:00,-1.7990000000000013,-0.001999999999997115,20.433,-0.34,0,0,none,-1,-1
R08-ZA,2026-09-01 08:44:00,-0.8740000000000041,0.30400000000000027,20.262,0.209,0,0,none,-1,-1
R08-ZA,2026-09-01 08:46:00,-0.9049999999999976,0.20099999999999874,20.154,0.461,0,0,none,-1,-1
R08-ZA,2026-09-01 08:48:00,-1.636999999999997,-0.19599999999999618,20.448,-0.717,0,0,none,-1,-1
R08-ZA,2026-09-01 08:50:00,-0.9639999999999969,-0.9290000000000003,20.353,-0.619,0,0,none,-1,-1
R08-ZA,2026-09-01 08:52:00,-1.0480000000000018,-1.6150000000000002,20.358,-1.897,0,0,none,-1,-1
R08-ZA,2026-09-01 08:54:00,-1.2399999999999984,-0.7639999999999905,20.509,-1.092,0,0,none,-1,-1
R08-ZA,2026-09-01 08:56:00,-1.3260000000000023,0.09700000000000131,20.381,0.138,0,0,none,-1,-1
R08-ZA,2026-09-01 08:58:00,-1.3785000000000007,-2.494999999999992,20.4,-2.368,0,0,none,-1,-1
R08-ZA,2026-09-01 09:00:00,-1.4809999999999963,-1.161999999999999,20.446,-1.879,0,0,none,-1,-1
R08-ZA,2026-09-01 09:02:00,-0.7739999999999938,-1.287999999999995,20.371,-0.815,0,0,none,-1,-1
R08-ZA,2026-09-01 09:04:00,-0.5675000000000008,-1.2289999999999992,20.563,-0.104,0,0,none,-1,-1
R08-ZA,2026-09-01 09:06:00,-1.0500000000000007,-1.286999999999999,20.415,-1.337,0,0,none,-1,-1
R08-ZA,2026-09-01 09:08:00,-1.0770000000000035,-0.7740000000000045,20.3,-0.287,0,0,none,-1,-1
R08-ZA,2026-09-01 09:10:00,-1.6249999999999982,-0.6480000000000032,20.311,-0.837,0,0,none,-1,-1
R08-ZA,2026-09-01 09:12:00,-1.605999999999998,-1.2490000000000006,20.49,-1.01,0,0,none,-1,-1
R08-ZA,2026-09-01 09:14:00,-1.1670000000000034,-1.7809999999999988,20.376,-0.855,0,0,none,-1,-1
R08-ZA,2026-09-01 09:16:00,-1.6449999999999942,-1.5820000000000007,20.397,-1.339,0,0,none,-1,-1
R08-ZA,2026-09-01 09:18:00,-1.5090000000000003,-1.115999999999996,20.391,-1.257,0,0,none,-1,-1
R08-ZA,2026-09-01 09:20:00,-0.6819999999999933,0.2940000000000005,20.401,0.055,0,0,none,-1,-1
R08-ZA,2026-09-01 09:22:00,-1.4490000000000034,-1.5540000000000003,20.491,-1.252,0,0,none,-1,-1
R08-ZA,2026-09-01 09:24:00,-2.1670000000000016,-0.7930000000000028,20.54,-1.565,0,0,none,-1,-1
R08-ZA,2026-09-01 09:26:00,-1.4970000000000052,-0.2480000000000011,20.501,-0.572,0,0,none,-1,-1
R08-ZA,2026-09-01 09:28:00,-1.886000000000001,-3.0610000000000017,20.35,-2.602,0,0,none,-1,-1
R08-ZA,2026-09-01 09:30:00,-1.7020000000000017,-1.1030000000000033,20.459,-1.868,0,0,none,-1,-1
R08-ZA,2026-09-01 09:32:00,-0.8000000000000096,-0.6889999999999947,19.891,0.148,0,0,none,-1,-1
R08-ZA,2026-09-01 09:34:00,-0.6629999999999949,-1.4755000000000038,20.471,-0.741,0,0,none,-1,-1
R08-ZA,2026-09-01 09:36:00,-0.6579999999999995,-1.2999999999999936,20.473,0.606,0,0,none,-1,-1
R08-ZA,2026-09-01 09:38:00,-0.6760000000000037,-1.1350000000000033,20.168,-1.353,0,0,none,-1,-1
R08-ZA,2026-09-01 09:40:00,-1.099000000000002,-1.2913333333333323,20.331,-1.15,0,0,none,-1,-1
R08-ZA,2026-09-01 09:42:00,-1.3010000000000037,-0.4311666666666554,20.349,-1.229,0,0,none,-1,-1
R08-ZA,2026-09-01 09:44:00,-0.11100000000000243,-42.003,-17.238,-41.64,1,1,fiber_cut,3,6
R08-ZA,2026-09-01 09:46:00,-0.2410000000000032,-41.014,-16.26,-40.233,1,1,fiber_cut,3,6
R08-ZA,2026-09-01 09:48:00,-1.5719999999999992,-40.147000000000006,-17.302,-41.192,1,1,fiber_cut,3,6
R08-ZA,2026-09-01 09:50:00,-1.4809999999999999,-42.672,-18.061,-42.747,1,1,fiber_cut,3,6
R08-ZA,2026-09-01 09:52:00,-0.690999999999999,-42.861,-18.076,-42.121,1,1,fiber_cut,3,6
R08-ZA,2026-09-01 09:54:00,-0.3260000000000005,-41.615,-16.905,-40.664,1,1,fiber_cut,3,6
R08-ZA,2026-09-01 09:56:00,-1.5439999999999987,-41.865500000000004,-17.952,-42.521,1,1,fiber_cut,3,6
R08-ZA,2026-09-01 09:58:00,-2.363000000000003,-42.407999999999994,-17.186,-41.02,1,1,fiber_cut,3,6
R09-AZ,2026-09-01 00:00:00,0.3320000000000096,-1.027999999999997,19.831,0.527,0,0,none,-1,-1
R09-AZ,2026-09-01 00:02:00,-0.2400000000000002,-1.0499999999999954,19.936,-0.781,0,0,none,-1,-1
R09-AZ,2026-09-01 00:04:00,0.9970000000000034,0.33949999999999747,19.284,1.24,0,0,none,-1,-1
R09-AZ,2026-09-01 00:06:00,0.48799999999999955,1.185000000000004,19.208,1.836,0,0,none,-1,-1
R09-AZ,2026-09-01 00:08:00,0.6625000000000014,1.2929999999999993,19.73,0.948,0,0,none,-1,-1
R09-AZ,2026-09-01 00:10:00,1.2120000000000122,1.134000000000011,19.25,1.601,0,0,none,-1,-1
R09-AZ,2026-09-01 00:12:00,0.8630000000000013,1.4090000000000025,19.209,2.23,0,0,none,-1,-1
R09-AZ,2026-09-01 00:14:00,-0.44499999999999673,0.23100000000000165,20.016,-0.131,0,0,none,-1,-1
R09-AZ,2026-09-01 00:16:00,0.5959999999999965,-0.29300000000000637,19.537,1.285,0,0,none,-1,-1
R09-AZ,2026-09-01 00:18:00,-0.8889999999999958,-0.3969999999999967,19.683,0.054,0,0,none,-1,-1
R09-AZ,2026-09-01 00:20:00,1.1270000000000024,0.0470000000000006,19.541,1.111,0,0,fiber_degradation,14,0
R09-AZ,2026-09-01 00:22:00,0.24799999999999756,-0.48799999999999955,19.673,0.376,0,0,fiber_degradation,14,0
R09-AZ,2026-09-01 00:24:00,0.6374999999999993,-2.439499999999999,19.29,-0.519,0,0,fiber_degradation,14,0
R09-AZ,2026-09-01 00:26:00,-0.06149999999999878,-3.4209999999999994,18.928,-2.89,0,0,fiber_degradation,14,0
R09-AZ,2026-09-01 00:28:00,0.4870000000000019,-4.898999999999994,18.504,-4.595,0,0,fiber_degradation,14,0
R09-AZ,2026-09-01 00:30:00,0.9829999999999988,-6.317999999999996,18.379,-4.659,0,0,fiber_degradation,14,0
R09-AZ,2026-09-01 00:32:00,-0.31200000000000294,-7.526999999999994,17.139,-7.38,1,0,fiber_degradation,14,0
R09-AZ,2026-09-01 00:34:00,-0.17799999999999194,-7.0440000000000005,17.535,-7.021,1,0,fiber_degradation,14,0
R09-AZ,2026-09-01 00:36:00,0.8760000000000066,-6.165000000000001,18.114,-5.004,0,0,fiber_degradation,14,0
R09-AZ,2026-09-01 00:38:00,-0.40699999999999115,-6.3609999999999935,17.907,-5.794,0,0,fiber_degradation,14,0
R09-AZ,2026-09-01 00:40:00,0.5999999999999996,-7.048499999999995,17.801,-5.955,0,0,fiber_degradation,14,0
R09-AZ,2026-09-01 00:42:00,0.11399999999999899,-7.186999999999994,17.804,-6.181,1,0,fiber_degradation,14,0
R09-AZ,2026-09-01 00:44:00,-0.22800000000000153,0.16400000000000503,19.686,1.115,0,0,none,-1,-1
R09-AZ,2026-09-01 00:46:00,-0.15699999999999292,-0.8739999999999988,19.677,-0.049,0,0,none,-1,-1
R09-AZ,2026-09-01 00:48:00,0.15000000000000213,0.18799999999999528,19.648,0.87,0,0,none,-1,-1
R09-AZ,2026-09-01 00:50:00,0.3649999999999931,-0.0309999999999917,19.855,0.275,0,0,none,-1,-1
R09-AZ,2026-09-01 00:52:00,1.218,0.8840000000000021,19.19,1.9,0,0,none,-1,-1
R09-AZ,2026-09-01 00:54:00,-0.3180000000000014,1.0024999999999977,19.885,0.928,0,0,none,-1,-1
R09-AZ,2026-09-01 00:56:00,-0.5679999999999961,-0.44499999999999673,19.741,0.246,0,0,none,-1,-1
R09-AZ,2026-09-01 00:58:00,1.0330000000000137,-0.5740000000000016,19.773,0.617,0,0,none,-1,-1
R09-AZ,2026-09-01 01:00:00,0.028000000000005798,0.6059999999999999,19.353,1.181,0,0,none,-1,-1
R09-AZ,2026-09-01 01:02:00,-0.03299999999999592,1.927000000000005,19.433,1.255,0,0,none,-1,-1
R09-AZ,2026-09-01 01:04:00,1.437000000000003,0.4780000000000033,19.307,1.873,0,0,none,-1,-1
R09-AZ,2026-09-01 01:06:00,0.16250000000000497,-0.914999999999992,19.94,0.104,0,0,none,-1,-1
R09-AZ,2026-09-01 01:08:00,0.5510000000000002,0.347999999999999,19.748,0.501,0,0,none,-1,-1
R09-AZ,2026-09-01 01:10:00,0.5935000000000024,0.7230000000000025,19.589,1.545,0,0,none,-1,-1
R09-AZ,2026-09-01 01:12:00,0.8040000000000003,0.833000000000002,19.387,1.699,0,0,none,-1,-1
R09-AZ,2026-09-01 01:14:00,-0.5289999999999946,0.8900000000000023,19.394,0.854,0,0,none,-1,-1
R09-AZ,2026-09-01 01:16:00,-0.04899999999999949,-0.6730000000000036,20.022,-0.502,0,0,none,-1,-1
R09-AZ,2026-09-01 01:18:00,-0.6464999999999979,-1.2689999999999984,19.917,-1.153,0,0,none,-1,-1
R09-AZ,2026-09-01 01:20:00,-0.3909999999999929,0.8460000000000019,19.949,0.005,0,0,none,-1,-1
R09-AZ,2026-09-01 01:22:00,0.3604999999999965,-0.9030000000000005,19.688,0.089,0,0,none,-1,-1
R09-AZ,2026-09-01 01:24:00,0.05500000000000327,-0.1909999999999954,19.474,0.685,0,0,fiber_degradation,6,1
R09-AZ,2026-09-01 01:26:00,-0.525999999999998,-1.8874999999999993,19.886,-1.339,0,0,fiber_degradation,6,1
R09-AZ,2026-09-01 01:28:00,1.0359999999999996,-2.3569999999999958,19.809,0.441,0,0,fiber_degradation,6,1
R09-AZ,2026-09-01 01:30:00,-0.09200000000000053,-2.5510000000000037,19.836,-1.993,0,0,fiber_degradation,6,1
R09-AZ,2026-09-01 01:32:00,0.1609999999999996,-1.1550000000000011,19.851,-0.253,0,0,fiber_degradation,6,1
R09-AZ,2026-09-01 01:34:00,0.5060000000000056,-1.855000000000004,19.898,-1.454,0,0,fiber_degradation,6,1
R09-AZ,2026-09-01 01:36:00,1.1200000000000028,-2.592999999999998,19.824,-1.407,0,0,fiber_degradation,6,1
R09-AZ,2026-09-01 01:38:00,0.6640000000000086,-2.343999999999994,19.689,-2.142,0,0,fiber_degradation,6,1
R09-AZ,2026-09-01 01:40:00,0.6025000000000063,-2.6560000000000024,19.792,-1.113,0,0,fiber_degradation,6,1
R09-AZ,2026-09-01 01:42:00,0.2020000000000035,-2.594999999999997,19.531,-2.366,0,0,fiber_degradation,6,1
R09-AZ,2026-09-01 01:44:00,0.49750000000000405,-4.5690000000000115,18.858,-3.417,0,0,fiber_degradation,6,1
R09-AZ,2026-09-01 01:46:00,0.9030000000000058,-4.842999999999995,19.454,-2.038,0,0,fiber_degradation,6,1
R09-AZ,2026-09-01 01:48:00,0.3430000000000035,-2.8409999999999975,19.256,-2.95,0,0,fiber_degradation,6,1
R09-AZ,2026-09-01 01:50:00,-0.25049999999999883,-4.522999999999994,18.689,-4.252,0,0,fiber_degradation,6,1
R09-AZ,2026-09-01 01:52:00,-0.4979999999999958,-4.970000000000001,17.792,-5.82,0,0,fiber_degradation,6,1
R09-AZ,2026-09-01 01:54:00,0.593,-5.225999999999994,18.47,-4.149,0,0,fiber_degradation,6,1
R09-AZ,2026-09-01 01:56:00,0.3650000000000002,-5.109500000000002,18.204,-4.596,0,0,fiber_degradation,6,1
R09-AZ,2026-09-01 01:58:00,0.2779999999999987,-5.36949999999999,18.357,-4.274,0,0,fiber_degradation,6,1
R09-AZ,2026-09-01 02:00:00,-0.41100000000000136,-6.951999999999995,17.333,-6.729,1,0,fiber_degradation,6,1
R09-AZ,2026-09-01 02:02:00,0.2660000000000071,-7.036000000000007,16.917,-6.73,1,0,fiber_degradation,6,1
R09-AZ,2026-09-01 02:04:00,0.2560000000000002,-6.2819999999999965,17.689,-5.653,0,0,fiber_degradation,6,1
R09-AZ,2026-09-01 02:06:00,0.8149999999999924,-7.283999999999999,17.274,-6.166,1,0,fiber_degradation,6,1
R09-AZ,2026-09-01 02:08:00,0.2535000000000007,-6.580000000000005,17.05,-6.485,1,0,fiber_degradation,6,1
R09-AZ,2026-09-01 02:10:00,1.1700000000000053,-5.787999999999997,17.248,-5.671,0,0,fiber_degradation,6,1
R09-AZ,2026-09-01 02:12:00,0.44400000000000084,-7.966999999999999,16.683,-6.919,1,0,fiber_degradation,6,1
R09-AZ,2026-09-01 02:14:00,0.24600000000000222,-8.361999999999995,16.396,-7.633,1,0,fiber_degradation,6,1
R09-AZ,2026-09-01 02:16:00,0.2644999999999982,-6.454499999999992,17.566,-5.067,0,0,fiber_degradation,6,1
R09-AZ,2026-09-01 02:18:00,-0.32599999999999696,-7.0500000000000025,16.482,-7.224,1,0,fiber_degradation,6,1
R09-AZ,2026-09-01 02:20:00,-0.7650000000000023,-6.638999999999998,17.262,-6.652,1,0,fiber_degradation,6,1
R09-AZ,2026-09-01 02:22:00,0.4260000000000055,-5.866999999999999,17.52,-5.618,0,0,fiber_degradation,6,1
R09-AZ,2026-09-01 02:24:00,0.07499999999999751,-7.296999999999999,16.636,-6.797,1,0,fiber_degradation,6,1
R09-AZ,2026-09-01 02:26:00,0.21900000000000652,-4.906499999999992,18.076,-4.593,0,0,fiber_degradation,6,1
R09-AZ,2026-09-01 02:28:00,-0.01099999999999568,-7.640000000000001,16.445,-7.256,1,0,fiber_degradation,6,1
R09-AZ,2026-09-01 02:30:00,0.1950000000000056,-8.602999999999998,15.955,-8.014,1,0,fiber_degradation,6,1
R09-AZ,2026-09-01 02:32:00,0.42299999999999827,-8.453,16.849,-6.754,1,0,fiber_degradation,6,1
R09-AZ,2026-09-01 02:34:00,0.03600000000000314,-7.0999999999999925,16.401,-7.379,1,0,fiber_degradation,6,1
R09-AZ,2026-09-01 02:36:00,-0.47799999999999976,-7.372000000000003,16.946,-6.792,1,0,fiber_degradation,6,1
R09-AZ,2026-09-01 02:38:00,-0.2539999999999978,-1.3819999999999961,19.845,-2.058,0,0,none,-1,-1
R09-AZ,2026-09-01 02:40:00,-0.6100000000000048,0.35600000000000875,19.794,-0.528,0,0,none,-1,-1
R09-AZ,2026-09-01 02:42:00,0.2670000000000048,-2.1619999999999973,19.962,-0.871,0,0,none,-1,-1
R09-AZ,2026-09-01 02:44:00,-0.7490000000000041,-1.3555000000000028,19.822,-2.111,0,0,none,-1,-1
R09-AZ,2026-09-01 02:46:00,0.43199999999999505,-1.9239999999999942,19.806,-1.657,0,0,none,-1,-1
R09-AZ,2026-09-01 02:48:00,0.0850000000000044,-0.7330000000000023,19.878,-0.421,0,0,none,-1,-1
R09-AZ,2026-09-01 02:50:00,0.5429999999999993,-0.5375000000000032,19.821,0.476,0,0,none,-1,-1
R09-AZ,2026-09-01 02:52:00,-0.06600000000000783,-1.947999999999995,19.803,-1.612,0,0,none,-1,-1
R09-AZ,2026-09-01 02:54:00,-0.24600000000000044,-8.720999999999991,15.472,-8.359,1,0,flapping,5,2
R09-AZ,2026-09-01 02:56:00,-0.09100000000000108,-8.421999999999999,15.544,-7.931,1,0,flapping,5,2
R09-AZ,2026-09-01 02:58:00,0.11900000000000865,-1.6319999999999908,19.864,-1.169,0,0,flapping,5,2
R09-AZ,2026-09-01 03:00:00,0.5285000000000046,-0.8419999999999952,19.933,-1.072,0,0,flapping,5,2
R09-AZ,2026-09-01 03:02:00,-0.38599999999999923,-1.012000000000004,19.838,-1.909,0,0,flapping,5,2
R09-AZ,2026-09-01 03:04:00,-0.29399999999999693,0.551499999999999,20.011,-0.542,0,0,flapping,5,2
R09-AZ,2026-09-01 03:06:00,-0.25499999999999545,-0.03450000000000131,19.943,-0.467,0,0,flapping,5,2
R09-AZ,2026-09-01 03:08:00,0.6039999999999974,-8.765000000000002,16.063,-7.644,1,0,flapping,5,2
R09-AZ,2026-09-01 03:10:00,-0.19599999999999618,-10.092000000000004,14.657,-9.38,1,0,flapping,5,2
R09-AZ,2026-09-01 03:12:00,0.7505000000000042,-10.577499999999995,14.747,-8.973,1,0,flapping,5,2
R09-AZ,2026-09-01 03:14:00,0.6669999999999998,-7.438000000000002,15.941,-6.999,1,0,flapping,5,2
R09-AZ,2026-09-01 03:16:00,0.35200000000000564,-10.432999999999998,14.623,-8.842,1,0,flapping,5,2
R09-AZ,2026-09-01 03:18:00,0.2779999999999969,-9.575999999999995,15.553,-8.456,1,0,flapping,5,2
R09-AZ,2026-09-01 03:20:00,0.3220000000000045,-1.4129999999999985,19.898,-0.182,0,0,flapping,5,2
R09-AZ,2026-09-01 03:22:00,-0.20899999999999963,-0.7989999999999942,19.99,-1.012,0,0,flapping,5,2
R09-AZ,2026-09-01 03:24:00,-0.5550000000000033,-8.48399999999999,14.563,-9.128,1,0,flapping,5,2
R09-AZ,2026-09-01 03:26:00,0.11400000000000254,-9.779,14.568,-9.347,1,0,flapping,5,2
R09-AZ,2026-09-01 03:28:00,-0.246999999999991,-1.6019999999999985,19.852,-0.673,0,0,flapping,5,2
R09-AZ,2026-09-01 03:30:00,0.7889999999999961,-1.3319999999999954,19.955,-0.878,0,0,flapping,5,2
R09-AZ,2026-09-01 03:32:00,0.1670000000000016,-2.1889999999999947,19.757,-2.022,0,0,flapping,5,2
R09-AZ,2026-09-01 03:34:00,-0.4699999999999971,-10.808,13.877,-10.543,1,0,flapping,5,2
R09-AZ,2026-09-01 03:36:00,0.45599999999999774,-2.2499999999999982,19.907,-1.655,0,0,flapping,5,2
R09-AZ,2026-09-01 03:38:00,0.307500000000001,-2.2070000000000025,19.876,-1.382,0,0,flapping,5,2
R09-AZ,2026-09-01 03:40:00,0.1730000000000036,-9.662,14.877,-8.936,1,0,flapping,5,2
R09-AZ,2026-09-01 03:42:00,0.20700000000000252,-9.654999999999998,14.547,-9.163,1,0,flapping,5,2
R09-AZ,2026-09-01 03:44:00,0.4209999999999994,-2.7550000000000026,19.928,-1.295,0,0,flapping,5,2
R09-AZ,2026-09-01 03:46:00,0.32899999999999885,-0.684999999999997,19.889,-1.483,0,0,flapping,5,2
R09-AZ,2026-09-01 03:48:00,0.5240000000000027,0.31299999999999706,19.749,-0.09,0,0,flapping,5,2
R09-AZ,2026-09-01 03:50:00,0.24700000000000344,-11.06300000000001,13.996,-9.755,1,0,flapping,5,2
R09-AZ,2026-09-01 03:52:00,-0.1000000000000032,-9.267500000000005,14.626,-9.424,1,0,flapping,5,2
R09-AZ,2026-09-01 03:54:00,-0.2810000000000006,-9.045000000000009,14.847,-9.528,1,0,flapping,5,2
R09-AZ,2026-09-01 03:56:00,0.2960000000000029,-9.665999999999999,15.354,-8.299,1,0,flapping,5,2
R09-AZ,2026-09-01 03:58:00,-0.43500000000000405,-1.7230000000000025,19.809,-2.056,0,0,flapping,5,2
R09-AZ,2026-09-01 04:00:00,0.8670000000000027,-1.198999999999998,19.904,-1.381,0,0,flapping,5,2
R09-AZ,2026-09-01 04:02:00,-0.376000000000003,-4.152999999999999,19.535,-3.173,0,0,flapping,5,2
R09-AZ,2026-09-01 04:04:00,1.5299999999999923,-9.859,14.563,-9.341,1,0,flapping,5,2
R09-AZ,2026-09-01 04:06:00,0.5414999999999957,-8.498999999999995,14.92,-8.307,1,0,flapping,5,2
R09-AZ,2026-09-01 04:08:00,0.40900000000000425,-2.359999999999994,19.942,-0.955,0,0,flapping,5,2
R09-AZ,2026-09-01 04:10:00,-0.41199999999999726,-9.315999999999999,15.07,-9.031,1,0,flapping,5,2
R09-AZ,2026-09-01 04:12:00,-0.36100000000000243,-9.250499999999995,15.584,-8.669,1,0,flapping,5,2
R09-AZ,2026-09-01 04:14:00,0.4670000000000005,-9.279999999999994,15.224,-8.776,1,0,flapping,5,2
R09-AZ,2026-09-01 04:16:00,-0.09600000000000541,-1.8489999999999984,19.857,-1.28,0,0,flapping,5,2
R09-AZ,2026-09-01 04:18:00,0.2920000000000069,-1.1395000000000017,19.98,-0.218,0,0,flapping,5,2
R09-AZ,2026-09-01 04:20:00,0.4519999999999982,-0.24600000000000577,19.933,0.137,0,0,none,-1,-1
R09-AZ,2026-09-01 04:22:00,0.007000000000003226,-2.365500000000001,19.678,-2.411,0,0,none,-1,-1
R09-AZ,2026-09-01 04:24:00,0.11299999999999955,0.060000000000002274,19.902,-1.214,0,0,none,-1,-1
R09-AZ,2026-09-01 04:26:00,0.15200000000000458,-1.338000000000008,19.944,-0.84,0,0,none,-1,-1
R09-AZ,2026-09-01 04:28:00,0.3969999999999967,-0.6219999999999981,19.825,0.145,0,0,none,-1,-1
R09-AZ,2026-09-01 04:30:00,-0.6069999999999975,0.0425000000000022,19.905,-1.082,0,0,none,-1,-1
R09-AZ,2026-09-01 04:32:00,0.5260000000000016,-0.19899999999999807,19.907,0.655,0,0,none,-1,-1
R09-AZ,2026-09-01 04:34:00,0.6140000000000025,0.31099999999999817,19.748,0.419,0,0,none,-1,-1
R09-AZ,2026-09-01 04:36:00,0.7800000000000047,-1.3519999999999985,19.703,0.35,0,0,none,-1,-1
R09-AZ,2026-09-01 04:38:00,0.6699999999999999,-2.1035000000000004,19.821,-0.915,0,0,none,-1,-1
R09-AZ,2026-09-01 04:40:00,0.4719999999999942,-0.9070000000000018,19.811,0.088,0,0,none,-1,-1
R09-AZ,2026-09-01 04:42:00,0.2519999999999989,-2.157000000000002,19.825,-1.41,0,0,none,-1,-1
R09-AZ,2026-09-01 04:44:00,0.28199999999999825,-1.1329999999999973,19.85,-0.711,0,0,none,-1,-1
R09-AZ,2026-09-01 04:46:00,1.1689999999999987,-0.8464999999999971,19.701,0.319,0,0,none,-1,-1
R09-AZ,2026-09-01 04:48:00,0.09699999999999775,-0.9059999999999988,20.01,-0.14,0,0,none,-1,-1
R09-AZ,2026-09-01 04:50:00,-0.05299999999999194,-0.8829999999999956,19.889,-0.919,0,0,none,-1,-1
R09-AZ,2026-09-01 04:52:00,-0.05199999999999605,-1.4329999999999998,20.024,-0.739,0,0,none,-1,-1
R09-AZ,2026-09-01 04:54:00,0.30300000000000615,0.25299999999999834,19.466,1.532,0,0,none,-1,-1
R09-AZ,2026-09-01 04:56:00,0.5310000000000041,-0.8659999999999961,19.664,0.375,0,0,none,-1,-1
R09-AZ,2026-09-01 04:58:00,-0.04099999999999682,0.25800000000000445,19.888,0.642,0,0,none,-1,-1
R09-AZ,2026-09-01 05:00:00,1.081000000000003,-1.410999999999996,19.285,0.77,0,0,none,-1,-1
R09-AZ,2026-09-01 05:02:00,0.2614999999999963,0.2129999999999974,19.777,0.372,0,0,none,-1,-1
R09-AZ,2026-09-01 05:04:00,0.13499999999999623,-0.42199999999999527,19.788,-0.075,0,0,none,-1,-1
R09-AZ,2026-09-01 05:06:00,-0.5119999999999951,0.38199999999999434,19.946,-0.063,0,0,none,-1,-1
R09-AZ,2026-09-01 05:08:00,0.6790000000000003,0.7940000000000023,19.197,1.469,0,0,none,-1,-1
R09-AZ,2026-09-01 05:10:00,-0.8989999999999974,-0.5775000000000059,19.842,-1.19,0,0,none,-1,-1
R09-AZ,2026-09-01 05:12:00,-0.09599999999999476,0.10050000000000914,19.635,1.018,0,0,none,-1,-1
R09-AZ,2026-09-01 05:14:00,0.897000000000002,0.22000000000000064,19.514,0.724,0,0,none,-1,-1
R09-AZ,2026-09-01 05:16:00,-0.23950000000000493,0.34999999999999787,19.65,0.125,0,0,none,-1,-1
R09-AZ,2026-09-01 05:18:00,0.16200000000000614,0.35800000000000587,19.568,0.366,0,0,none,-1,-1
R09-AZ,2026-09-01 05:20:00,0.35700000000000287,-0.5979999999999936,19.916,-0.129,0,0,amplifier_degradation,4,3
R09-AZ,2026-09-01 05:22:00,-1.3889999999999976,1.1834999999999969,20.043,-0.361,0,0,amplifier_degradation,4,3
R09-AZ,2026-09-01 05:24:00,-1.1480000000000015,0.10999999999999588,19.933,-1.439,0,0,amplifier_degradation,4,3
R09-AZ,2026-09-01 05:26:00,-1.6659999999999986,0.44099999999999895,19.929,-1.543,0,0,amplifier_degradation,4,3
R09-AZ,2026-09-01 05:28:00,-2.508999999999997,0.3250000000000046,19.779,-1.418,0,0,amplifier_degradation,4,3
R09-AZ,2026-09-01 05:30:00,-3.542999999999994,0.8760000000000066,19.659,-2.321,0,0,amplifier_degradation,4,3
R09-AZ,2026-09-01 05:32:00,-3.234999999999994,-0.6899999999999942,18.381,-3.975,0,0,amplifier_degradation,4,3
R09-AZ,2026-09-01 05:34:00,-3.677000000000005,-0.2884999999999973,17.999,-4.915,0,0,amplifier_degradation,4,3
R09-AZ,2026-09-01 05:36:00,-4.9655000000000005,-1.7000000000000028,17.318,-6.234,1,0,amplifier_degradation,4,3
R09-AZ,2026-09-01 05:38:00,-5.3339999999999925,-0.925000000000006,17.377,-5.599,0,0,amplifier_degradation,4,3
R09-AZ,2026-09-01 05:40:00,-7.138999999999996,1.299000000000003,16.978,-6.151,1,0,amplifier_degradation,4,3
R09-AZ,2026-09-01 05:42:00,-6.191500000000001,-1.2630000000000035,16.678,-6.288,1,0,amplifier_degradation,4,3
R09-AZ,2026-09-01 05:44:00,-7.468999999999999,1.0885000000000016,16.906,-6.028,1,0,amplifier_degradation,4,3
R09-AZ,2026-09-01 05:46:00,-6.8820000000000014,-0.6469999999999949,16.544,-6.607,1,0,amplifier_degradation,4,3
R09-AZ,2026-09-01 05:48:00,-6.670999999999996,-1.116999999999999,15.721,-7.494,1,0,amplifier_degradation,4,3
R09-AZ,2026-09-01 05:50:00,-6.934999999999999,-0.6599999999999966,16.355,-6.563,1,0,amplifier_degradation,4,3
R09-AZ,2026-09-01 05:52:00,-7.348000000000001,-0.12049999999999628,16.586,-6.282,1,0,amplifier_degradation,4,3
R09-AZ,2026-09-01 05:54:00,-6.449499999999999,0.6279999999999983,16.623,-6.772,1,0,amplifier_degradation,4,3
R09-AZ,2026-09-01 05:56:00,-7.432,-0.37249999999999694,16.211,-6.927,1,0,amplifier_degradation,4,3
R09-AZ,2026-09-01 05:58:00,-7.037999999999993,-0.2669999999999977,16.075,-6.873,1,0,amplifier_degradation,4,3
R09-AZ,2026-09-01 06:00:00,-6.820000000000002,-0.09599999999999653,16.618,-6.38,1,0,amplifier_degradation,4,3
R09-AZ,2026-09-01 06:02:00,-0.28199999999999825,-1.7666666666666657,19.93,-1.623,0,0,none,-1,-1
R09-AZ,2026-09-01 06:04:00,0.3659999999999979,0.5011666666666681,19.322,1.359,0,0,none,-1,-1
R09-AZ,2026-09-01 06:06:00,1.4825000000000053,0.9444999999999961,18.836,2.183,0,0,none,-1,-1
R09-AZ,2026-09-01 06:08:00,0.908000000000003,0.690999999999999,19.646,1.269,0,0,none,-1,-1
R09-AZ,2026-09-01 06:10:00,0.8650000000000002,-0.043000000000002814,19.447,1.757,0,0,none,-1,-1
R09-AZ,2026-09-01 06:12:00,0.0010000000000029985,-8.083999999999996,16.1,-7.958,1,0,flapping,9,4
R09-AZ,2026-09-01 06:14:00,0.131000000000002,0.43299999999999805,19.69,0.364,0,0,flapping,9,4
R09-AZ,2026-09-01 06:16:00,0.3239999999999945,1.279000000000007,19.51,1.518,0,0,flapping,9,4
R09-AZ,2026-09-01 06:18:00,0.3340000000000014,-0.06999999999999318,19.429,1.38,0,0,flapping,9,4
R09-AZ,2026-09-01 06:20:00,1.4979999999999958,-0.20999999999999908,19.646,1.235,0,0,flapping,9,4
R09-AZ,2026-09-01 06:22:00,-0.6090000000000018,1.437000000000003,19.556,0.699,0,0,flapping,9,4
R09-AZ,2026-09-01 06:24:00,0.24800000000000644,0.6460000000000026,19.421,1.346,0,0,flapping,9,4
R09-AZ,2026-09-01 06:26:00,0.2900000000000009,-8.924999999999994,15.852,-8.143,1,0,flapping,9,4
R09-AZ,2026-09-01 06:28:00,-0.02299999999999436,-7.181999999999997,15.929,-8.006,1,0,flapping,9,4
R09-AZ,2026-09-01 06:30:00,0.8825000000000074,0.10450000000000514,19.924,0.389,0,0,flapping,9,4
R09-AZ,2026-09-01 06:32:00,0.35199999999999676,0.5089999999999986,19.384,1.465,0,0,flapping,9,4
R09-AZ,2026-09-01 06:34:00,0.8969999999999967,-0.29699999999999704,18.95,2.062,0,0,flapping,9,4
R09-AZ,2026-09-01 06:36:00,-0.13899999999999757,-0.7389999999999954,19.97,-0.332,0,0,flapping,9,4
R09-AZ,2026-09-01 06:38:00,0.06599999999999717,0.7209999999999983,19.223,1.779,0,0,flapping,9,4
R09-AZ,2026-09-01 06:40:00,-0.6849999999999952,-0.3550000000000004,19.873,0.319,0,0,flapping,9,4
R09-AZ,2026-09-01 06:42:00,0.48199999999999754,-0.4590000000000085,19.51,0.944,0,0,flapping,9,4
R09-AZ,2026-09-01 06:44:00,-0.24600000000000044,0.8170000000000037,19.513,0.934,0,0,flapping,9,4
R09-AZ,2026-09-01 06:46:00,0.5069999999999979,-9.690999999999997,15.862,-8.255,1,0,flapping,9,4
R09-AZ,2026-09-01 06:48:00,0.39700000000000735,-1.2880000000000074,20.036,0.006,0,0,flapping,9,4
R09-AZ,2026-09-01 06:50:00,0.4940000000000033,0.40499999999999936,19.873,1.214,0,0,flapping,9,4
R09-AZ,2026-09-01 06:52:00,-0.3109999999999964,-0.28499999999999304,19.749,-0.283,0,0,flapping,9,4
R09-AZ,2026-09-01 06:54:00,0.1960000000000015,0.8420000000000023,19.138,1.2,0,0,flapping,9,4
R09-AZ,2026-09-01 06:56:00,0.49300000000000566,-0.730000000000004,19.871,-0.225,0,0,flapping,9,4
R09-AZ,2026-09-01 06:58:00,0.1880000000000024,0.3200000000000003,19.731,0.357,0,0,flapping,9,4
R09-AZ,2026-09-01 07:00:00,0.42499999999999183,1.3520000000000056,19.545,1.379,0,0,flapping,9,4
R09-AZ,2026-09-01 07:02:00,0.350000000000005,0.604000000000001,19.577,0.987,0,0,flapping,9,4
R09-AZ,2026-09-01 07:04:00,0.5290000000000017,0.5190000000000037,19.642,1.27,0,0,flapping,9,4
R09-AZ,2026-09-01 07:06:00,0.18700000000000472,1.8260000000000023,19.206,1.851,0,0,flapping,9,4
R09-AZ,2026-09-01 07:08:00,0.40350000000000286,-9.168,15.82,-7.916,1,0,flapping,9,4
R09-AZ,2026-09-01 07:10:00,-0.4799999999999951,-7.724,15.318,-9.133,1,0,flapping,9,4
R09-AZ,2026-09-01 07:12:00,-0.05800000000000516,-9.510999999999994,15.043,-9.355,1,0,flapping,9,4
R09-AZ,2026-09-01 07:14:00,-0.07149999999999856,-9.660000000000002,14.925,-9.179,1,0,flapping,9,4
R09-AZ,2026-09-01 07:16:00,-0.4090000000000007,-8.549999999999999,15.529,-8.613,1,0,flapping,9,4
R09-AZ,2026-09-01 07:18:00,0.5529999999999973,-10.210999999999999,15.514,-9.106,1,0,flapping,9,4
R09-AZ,2026-09-01 07:20:00,-0.2639999999999958,-9.972,14.99,-9.364,1,0,flapping,9,4
R09-AZ,2026-09-01 07:22:00,-0.07700000000000529,-0.8819999999999926,19.894,-1.039,0,0,flapping,9,4
R09-AZ,2026-09-01 07:24:00,0.7490000000000006,-0.43599999999999817,19.718,0.659,0,0,flapping,9,4
R09-AZ,2026-09-01 07:26:00,0.28550000000000253,0.6849999999999952,19.508,1.321,0,0,flapping,9,4
R09-AZ,2026-09-01 07:28:00,0.10000000000000853,-0.11700000000000266,19.501,0.435,0,0,flapping,9,4
R09-AZ,2026-09-01 07:30:00,1.2610000000000046,0.4889999999999972,19.242,1.889,0,0,flapping,9,4
R09-AZ,2026-09-01 07:32:00,0.6460000000000026,0.6780000000000008,19.411,1.81,0,0,flapping,9,4
R09-AZ,2026-09-01 07:34:00,0.9420000000000108,-9.117999999999997,15.841,-8.143,1,0,flapping,9,4
R09-AZ,2026-09-01 07:36:00,1.1049999999999969,-8.156000000000002,16.237,-7.606,1,0,flapping,9,4
R09-AZ,2026-09-01 07:38:00,-0.7789999999999964,-9.061999999999996,15.103,-9.778,1,0,flapping,9,4
R09-AZ,2026-09-01 07:40:00,0.638000000000007,-10.058499999999999,15.626,-8.377,1,0,flapping,9,4
R09-AZ,2026-09-01 07:42:00,0.6839999999999993,-0.7439999999999998,19.747,0.264,0,0,flapping,9,4
R09-AZ,2026-09-01 07:44:00,0.7799999999999976,-8.305,16.026,-7.939,1,0,flapping,9,4
R09-AZ,2026-09-01 07:46:00,0.019499999999997186,-0.2989999999999995,19.987,-0.044,0,0,flapping,9,4
R09-AZ,2026-09-01 07:48:00,-0.4070000000000036,-0.3550000000000111,19.894,-0.711,0,0,flapping,9,4
R09-AZ,2026-09-01 07:50:00,0.05200000000000493,-2.3239999999999945,19.865,-0.973,0,0,flapping,9,4
R09-AZ,2026-09-01 07:52:00,-0.2514999999999912,-0.9959999999999987,19.977,-0.678,0,0,flapping,9,4
R09-AZ,2026-09-01 07:54:00,-0.9439999999999973,-0.6049999999999986,19.992,-0.329,0,0,flapping,9,4
R09-AZ,2026-09-01 07:56:00,0.3369999999999962,-10.640999999999998,14.11,-10.504,1,0,flapping,9,4
R09-AZ,2026-09-01 07:58:00,0.8810000000000002,-9.777000000000005,15.275,-9.362,1,0,flapping,9,4
R09-AZ,2026-09-01 08:00:00,-0.39400000000000013,-9.513,15.183,-9.8,1,0,flapping,9,4
R09-AZ,2026-09-01 08:02:00,0.6660000000000057,-0.3819999999999997,19.709,0.537,0,0,flapping,9,4
R09-AZ,2026-09-01 08:04:00,0.3100000000000005,-2.4260000000000037,19.951,-1.208,0,0,flapping,9,4
R09-AZ,2026-09-01 08:06:00,0.15300000000000225,-0.684999999999997,19.754,-0.305,0,0,flapping,9,4
R09-AZ,2026-09-01 08:08:00,0.22000000000000242,-2.3574999999999964,19.889,-0.854,0,0,flapping,9,4
R09-AZ,2026-09-01 08:10:00,0.16100000000000492,-0.4610000000000003,19.75,0.594,0,0,flapping,9,4
R09-AZ,2026-09-01 08:12:00,0.8185000000000002,0.7530000000000037,18.978,2.305,0,0,none,-1,-1
R09-AZ,2026-09-01 08:14:00,0.16500000000000625,-1.1919999999999984,19.863,-0.343,0,0,none,-1,-1
R09-AZ,2026-09-01 08:16:00,-0.13850000000000406,-1.2400000000000002,19.894,-0.49,0,0,none,-1,-1
R09-AZ,2026-09-01 08:18:00,1.4130000000000003,-6.208999999999994,18.696,-4.897,0,0,fiber_degradation,9,5
R09-AZ,2026-09-01 08:20:00,2.3505000000000056,-7.179999999999991,18.516,-4.827,0,0,fiber_degradation,9,5
R09-AZ,2026-09-01 08:22:00,1.1010000000000009,-7.484,18.173,-5.727,0,0,fiber_degradation,9,5
R09-AZ,2026-09-01 08:24:00,1.9039999999999928,-6.3050000000000015,19.006,-3.667,0,0,fiber_degradation,9,5
R09-AZ,2026-09-01 08:26:00,1.7115000000000062,-6.853,18.446,-5.271,0,0,fiber_degradation,9,5
R09-AZ,2026-09-01 08:28:00,2.44700000000001,-7.930000000000003,18.318,-5.152,0,0,fiber_degradation,9,5
R09-AZ,2026-09-01 08:30:00,2.136000000000001,-6.503500000000004,18.397,-4.789,0,0,fiber_degradation,9,5
R09-AZ,2026-09-01 08:32:00,0.8590000000000071,-8.496,17.539,-6.471,1,0,fiber_degradation,9,5
R09-AZ,2026-09-01 08:34:00,1.7750000000000021,-5.8079999999999945,18.648,-4.339,0,0,fiber_degradation,9,5
R09-AZ,2026-09-01 08:36:00,2.1970000000000027,-7.849999999999998,18.488,-4.663,0,0,fiber_degradation,9,5
R09-AZ,2026-09-01 08:38:00,1.17,-7.025,18.684,-4.135,0,0,fiber_degradation,9,5
R09-AZ,2026-09-01 08:40:00,1.2680000000000042,-6.246999999999991,18.717,-4.564,0,0,fiber_degradation,9,5
R09-AZ,2026-09-01 08:42:00,1.6590000000000007,-6.142999999999997,18.583,-4.924,0,0,fiber_degradation,9,5
R09-AZ,2026-09-01 08:44:00,2.294000000000006,-7.984,18.453,-4.9,0,0,fiber_degradation,9,5
R09-AZ,2026-09-01 08:46:00,1.1270000000000024,-8.841000000000005,17.884,-6.457,1,0,fiber_degradation,9,5
R09-AZ,2026-09-01 08:48:00,1.8750000000000018,-8.312,18.215,-5.275,0,0,fiber_degradation,9,5
R09-AZ,2026-09-01 08:50:00,1.8160000000000025,-8.322,18.355,-4.934,0,0,fiber_degradation,9,5
R09-AZ,2026-09-01 08:52:00,1.7229999999999954,-7.807999999999993,18.197,-5.24,0,0,fiber_degradation,9,5
R09-AZ,2026-09-01 08:54:00,1.0570000000000075,-6.042000000000002,18.712,-4.527,0,0,fiber_degradation,9,5
R09-AZ,2026-09-01 08:56:00,1.763000000000007,-6.691500000000001,18.823,-4.326,0,0,fiber_degradation,9,5
R09-AZ,2026-09-01 08:58:00,1.7050000000000018,-5.675000000000004,18.382,-5.169,0,0,fiber_degradation,9,5
R09-AZ,2026-09-01 09:00:00,1.7880000000000056,-7.042000000000002,18.718,-4.33,0,0,fiber_degradation,9,5
R09-AZ,2026-09-01 09:02:00,1.9280000000000026,-6.329999999999998,18.779,-4.002,0,0,fiber_degradation,9,5
R09-AZ,2026-09-01 09:04:00,1.4419999999999966,-6.765499999999998,18.453,-4.601,0,0,fiber_degradation,9,5
R09-AZ,2026-09-01 09:06:00,2.451000000000006,-8.195000000000002,18.272,-5.104,0,0,fiber_degradation,9,5
R09-AZ,2026-09-01 09:08:00,1.9950000000000063,-6.055499999999997,18.769,-4.13,0,0,fiber_degradation,9,5
R09-AZ,2026-09-01 09:10:00,3.0050000000000097,-6.8545,18.863,-3.864,0,0,fiber_degradation,9,5
R09-AZ,2026-09-01 09:12:00,1.4939999999999998,-5.860000000000005,18.737,-3.971,0,0,fiber_degradation,9,5
R09-AZ,2026-09-01 09:14:00,1.1760000000000002,-6.955999999999992,17.68,-5.982,0,0,fiber_degradation,9,5
R09-AZ,2026-09-01 09:16:00,1.971500000000006,-7.106,18.517,-4.305,0,0,fiber_degradation,9,5
R09-AZ,2026-09-01 09:18:00,2.0730000000000093,-7.490000000000002,18.75,-4.148,0,0,fiber_degradation,9,5
R09-AZ,2026-09-01 09:20:00,1.5720000000000063,-6.9809999999999945,18.396,-5.039,0,0,fiber_degradation,9,5
R09-AZ,2026-09-01 09:22:00,1.7210000000000019,-8.490000000000002,18.004,-5.762,0,0,fiber_degradation,9,5
R09-AZ,2026-09-01 09:24:00,1.9110000000000031,-6.7429999999999986,18.708,-5.123,0,0,fiber_degradation,9,5
R09-AZ,2026-09-01 09:26:00,3.1240000000000023,-7.348000000000001,18.72,-4.258,0,0,fiber_degradation,9,5
R09-AZ,2026-09-01 09:28:00,0.05500000000000149,-2.878999999999998,19.824,-1.689,0,0,none,-1,-1
R09-AZ,2026-09-01 09:30:00,0.4310000000000098,-0.4949999999999992,19.894,-0.41,0,0,none,-1,-1
R09-AZ,2026-09-01 09:32:00,1.1405000000000012,-1.9094999999999978,19.929,-0.386,0,0,none,-1,-1
R09-AZ,2026-09-01 09:34:00,0.4620000000000104,-1.8044999999999956,19.933,-0.945,0,0,none,-1,-1
R09-AZ,2026-09-01 09:36:00,0.8459999999999983,-1.6270000000000024,19.782,-0.722,0,0,none,-1,-1
R09-AZ,2026-09-01 09:38:00,-0.019999999999997797,-3.0745000000000005,19.746,-2.359,0,0,none,-1,-1
R09-AZ,2026-09-01 09:40:00,0.4980000000000011,-0.9289999999999896,19.702,-0.158,0,0,none,-1,-1
R09-AZ,2026-09-01 09:42:00,-0.07099999999999618,-1.3979999999999944,19.924,-1.015,0,0,none,-1,-1
R09-AZ,2026-09-01 09:44:00,0.5039999999999996,-0.6919999999999913,19.907,-0.543,0,0,none,-1,-1
R09-AZ,2026-09-01 09:46:00,1.064000000000009,-2.2509999999999994,19.752,-0.82,0,0,none,-1,-1
R09-AZ,2026-09-01 09:48:00,0.16749999999999865,-0.24499999999999922,19.894,0.14,0,0,none,-1,-1
R09-AZ,2026-09-01 09:50:00,-0.08799999999999386,-1.4679999999999964,19.84,-1.974,0,0,none,-1,-1
R09-AZ,2026-09-01 09:52:00,0.1750000000000007,-1.6939999999999937,19.945,-1.369,0,0,none,-1,-1
R09-AZ,2026-09-01 09:54:00,0.23200000000000998,-2.326000000000006,19.87,-2.0,0,0,none,-1,-1
R09-AZ,2026-09-01 09:56:00,-0.11399999999999366,-1.5090000000000021,19.837,-1.415,0,0,none,-1,-1
R09-AZ,2026-09-01 09:58:00,0.9800000000000022,-1.0120000000000058,19.806,-0.436,0,0,none,-1,-1
R09-ZA,2026-09-01 00:00:00,-1.7480000000000029,0.05399999999999494,19.679,1.262,0,0,none,-1,-1
R09-ZA,2026-09-01 00:02:00,-1.526999999999994,-0.5850000000000044,19.564,0.53,0,0,none,-1,-1
R09-ZA,2026-09-01 00:04:00,-1.2939999999999987,1.7560000000000002,19.589,2.197,0,0,none,-1,-1
R09-ZA,2026-09-01 00:06:00,-0.5360000000000014,-0.3530000000000033,19.506,1.845,0,0,none,-1,-1
R09-ZA,2026-09-01 00:08:00,-0.05000000000000071,-0.3330000000000055,19.635,1.257,0,0,none,-1,-1
R09-ZA,2026-09-01 00:10:00,-0.5930000000000035,0.7779999999999987,19.481,1.719,0,0,none,-1,-1
R09-ZA,2026-09-01 00:12:00,-1.456999999999999,0.9509999999999899,19.611,1.578,0,0,none,-1,-1
R09-ZA,2026-09-01 00:14:00,-0.9359999999999982,0.5570000000000039,19.473,2.198,0,0,none,-1,-1
R09-ZA,2026-09-01 00:16:00,-0.9219999999999988,0.2999999999999883,19.451,1.762,0,0,none,-1,-1
R09-ZA,2026-09-01 00:18:00,-0.6989999999999945,-0.6750000000000096,19.566,1.995,0,0,none,-1,-1
R09-ZA,2026-09-01 00:20:00,-0.8800000000000026,-19.101,6.445,-17.455,1,1,flapping,12,0
R09-ZA,2026-09-01 00:22:00,-1.1655000000000033,-17.759,6.477,-16.949,1,1,flapping,12,0
R09-ZA,2026-09-01 00:24:00,-1.3159999999999954,-19.262000000000008,6.257,-17.759,1,1,flapping,12,0
R09-ZA,2026-09-01 00:26:00,-0.5849999999999973,-17.235000000000007,7.1,-16.393,1,1,flapping,12,0
R09-ZA,2026-09-01 00:28:00,-1.0824999999999996,-17.268000000000008,6.667,-16.51,1,1,flapping,12,0
R09-ZA,2026-09-01 00:30:00,-1.3909999999999982,0.365999999999989,19.634,1.107,0,0,flapping,12,0
R09-ZA,2026-09-01 00:32:00,-0.4969999999999928,-16.713,7.069,-16.597,1,1,flapping,12,0
R09-ZA,2026-09-01 00:34:00,-0.8599999999999994,0.37749999999999595,19.504,1.55,0,0,flapping,12,0
R09-ZA,2026-09-01 00:36:00,-0.22399999999998776,-15.212000000000003,8.226,-15.229,1,1,flapping,12,0
R09-ZA,2026-09-01 00:38:00,-0.9184999999999999,-17.214000000000006,7.258,-16.546,1,1,flapping,12,0
R09-ZA,2026-09-01 00:40:00,-0.7040000000000006,-18.573000000000004,6.416,-16.93,1,1,flapping,12,0
R09-ZA,2026-09-01 00:42:00,-1.2370000000000019,-17.35350000000001,6.874,-17.116,1,1,flapping,12,0
R09-ZA,2026-09-01 00:44:00,-0.6199999999999992,-17.383000000000003,6.452,-17.071,1,1,flapping,12,0
R09-ZA,2026-09-01 00:46:00,-0.29299999999999393,0.7309999999999928,19.395,2.899,0,0,flapping,12,0
R09-ZA,2026-09-01 00:48:00,-1.7040000000000006,-16.18199999999999,7.406,-16.219,1,1,flapping,12,0
R09-ZA,2026-09-01 00:50:00,-0.8569999999999993,-17.124000000000002,7.128,-16.356,1,1,flapping,12,0
R09-ZA,2026-09-01 00:52:00,-0.47999999999999865,-17.67800000000001,7.129,-15.996,1,1,flapping,12,0
R09-ZA,2026-09-01 00:54:00,-0.7729999999999979,-0.7010000000000076,19.639,1.279,0,0,flapping,12,0
R09-ZA,2026-09-01 00:56:00,-0.6100000000000012,-15.540000000000004,8.417,-14.534,1,1,flapping,12,0
R09-ZA,2026-09-01 00:58:00,-0.676999999999996,-17.266000000000005,7.263,-16.43,1,1,flapping,12,0
R09-ZA,2026-09-01 01:00:00,-0.9669999999999987,-17.584,6.636,-17.032,1,1,flapping,12,0
R09-ZA,2026-09-01 01:02:00,-0.900999999999998,-18.847,6.366,-17.478,1,1,flapping,12,0
R09-ZA,2026-09-01 01:04:00,-1.1404999999999923,1.5079999999999956,19.432,2.205,0,0,flapping,12,0
R09-ZA,2026-09-01 01:06:00,-0.41900000000000404,0.9939999999999927,19.578,1.863,0,0,flapping,12,0
R09-ZA,2026-09-01 01:08:00,-1.1410000000000018,1.1954999999999991,19.627,1.886,0,0,flapping,12,0
R09-ZA,2026-09-01 01:10:00,-0.9305000000000074,0.1899999999999995,19.551,1.927,0,0,flapping,12,0
R09-ZA,2026-09-01 01:12:00,-1.3780000000000001,-17.82400000000001,7.087,-17.145,1,1,flapping,12,0
R09-ZA,2026-09-01 01:14:00,-1.1149999999999984,-16.993000000000002,7.561,-15.842,1,1,flapping,12,0
R09-ZA,2026-09-01 01:16:00,-1.2944999999999958,-18.101999999999997,6.46,-17.285,1,1,flapping,12,0
R09-ZA,2026-09-01 01:18:00,0.005000000000000782,-18.64200000000001,6.956,-16.434,1,1,flapping,12,0
R09-ZA,2026-09-01 01:20:00,-1.275999999999998,-18.813000000000002,6.298,-17.01,1,1,flapping,12,0
R09-ZA,2026-09-01 01:22:00,-1.2634999999999952,0.4999999999999929,19.645,1.176,0,0,flapping,12,0
R09-ZA,2026-09-01 01:24:00,-0.927999999999999,0.02899999999999281,19.555,2.318,0,0,flapping,12,0
R09-ZA,2026-09-01 01:26:00,-1.1040000000000028,-0.27600000000000513,19.537,1.608,0,0,flapping,12,0
R09-ZA,2026-09-01 01:28:00,0.18600000000000527,0.8174999999999937,19.383,2.042,0,0,flapping,12,0
R09-ZA,2026-09-01 01:30:00,-1.2899999999999991,0.17099999999999405,19.566,1.732,0,0,flapping,12,0
R09-ZA,2026-09-01 01:32:00,-1.1449999999999996,-18.948000000000008,6.377,-17.564,1,1,flapping,12,0
R09-ZA,2026-09-01 01:34:00,-1.2579999999999973,3.3339999999999907,18.87,3.476,0,0,flapping,12,0
R09-ZA,2026-09-01 01:36:00,0.3389999999999933,-17.992500000000007,7.08,-16.29,1,1,flapping,12,0
R09-ZA,2026-09-01 01:38:00,-1.5949999999999989,-18.16000000000001,6.178,-17.437,1,1,flapping,12,0
R09-ZA,2026-09-01 01:40:00,-0.33699999999999974,-17.661000000000005,7.107,-16.836,1,1,flapping,12,0
R09-ZA,2026-09-01 01:42:00,-0.6135000000000037,1.4289999999999932,19.16,2.769,0,0,flapping,12,0
R09-ZA,2026-09-01 01:44:00,-0.6829999999999998,-0.02200000000000557,19.563,0.427,0,0,flapping,12,0
R09-ZA,2026-09-01 01:46:00,-0.9250000000000007,-17.817,6.229,-16.889,1,1,flapping,12,0
R09-ZA,2026-09-01 01:48:00,-1.3830000000000027,-0.19250000000000256,19.673,1.255,0,0,flapping,12,0
R09-ZA,2026-09-01 01:50:00,-0.5779999999999941,-9.099500000000003,7.267,-15.899,1,1,flapping,12,0
R09-ZA,2026-09-01 01:52:00,-1.3749999999999982,-16.498000000000005,7.332,-16.04,1,1,flapping,12,0
R09-ZA,2026-09-01 01:54:00,-0.9349999999999987,1.766999999999996,19.51,1.716,0,0,flapping,12,0
R09-ZA,2026-09-01 01:56:00,-1.878999999999996,-16.17000000000001,7.593,-15.761,1,1,flapping,12,0
R09-ZA,2026-09-01 01:58:00,-1.6349999999999927,1.399999999999995,19.601,1.463,0,0,flapping,12,0
R09-ZA,2026-09-01 02:00:00,-1.6135000000000002,0.6975000000000016,19.547,1.962,0,0,flapping,12,0
R09-ZA,2026-09-01 02:02:00,-1.3660000000000032,0.6449999999999907,19.487,1.995,0,0,flapping,12,0
R09-ZA,2026-09-01 02:04:00,0.01800000000000601,1.834999999999992,19.489,2.703,0,0,flapping,12,0
R09-ZA,2026-09-01 02:06:00,-1.1500000000000004,-18.352000000000004,5.783,-17.731,1,1,flapping,12,0
R09-ZA,2026-09-01 02:08:00,-1.639000000000003,-18.573000000000008,6.334,-17.581,1,1,flapping,12,0
R09-ZA,2026-09-01 02:10:00,-0.8370000000000033,-17.364000000000015,7.113,-16.135,1,1,flapping,12,0
R09-ZA,2026-09-01 02:12:00,-1.7689999999999948,-17.102000000000007,6.891,-16.484,1,1,flapping,12,0
R09-ZA,2026-09-01 02:14:00,0.1990000000000034,0.3869999999999987,19.218,3.165,0,0,flapping,12,0
R09-ZA,2026-09-01 02:16:00,-0.2140000000000022,2.264999999999997,19.386,2.62,0,0,flapping,12,0
R09-ZA,2026-09-01 02:18:00,-0.9560000000000031,1.1439999999999895,19.46,2.65,0,0,flapping,12,0
R09-ZA,2026-09-01 02:20:00,-0.9070000000000018,0.23599999999999355,19.57,1.92,0,0,none,-1,-1
R09-ZA,2026-09-01 02:22:00,-1.3129999999999988,0.9360000000000035,19.59,1.738,0,0,none,-1,-1
R09-ZA,2026-09-01 02:24:00,-1.149000000000001,1.5729999999999968,19.556,2.175,0,0,none,-1,-1
R09-ZA,2026-09-01 02:26:00,-0.897499999999992,1.5309999999999881,19.485,2.491,0,0,none,-1,-1
R09-ZA,2026-09-01 02:28:00,-0.8260000000000041,0.931999999999995,19.291,2.45,0,0,none,-1,-1
R09-ZA,2026-09-01 02:30:00,-1.5870000000000033,-0.18400000000000105,19.588,0.377,0,0,none,-1,-1
R09-ZA,2026-09-01 02:32:00,-0.6120000000000037,1.9109999999999872,19.309,2.991,0,0,none,-1,-1
R09-ZA,2026-09-01 02:34:00,-0.523499999999995,1.3319999999999954,19.38,2.547,0,0,none,-1,-1
R09-ZA,2026-09-01 02:36:00,-0.6939999999999973,1.6329999999999956,19.281,2.331,0,0,none,-1,-1
R09-ZA,2026-09-01 02:38:00,-0.9959999999999969,1.5169999999999924,19.347,2.891,0,0,none,-1,-1
R09-ZA,2026-09-01 02:40:00,-0.5839999999999979,-1.18400000000001,19.6,0.644,0,0,none,-1,-1
R09-ZA,2026-09-01 02:42:00,-0.9349999999999987,0.36449999999998894,19.587,1.202,0,0,none,-1,-1
R09-ZA,2026-09-01 02:44:00,-1.711999999999998,1.297999999999993,19.604,2.02,0,0,none,-1,-1
R09-ZA,2026-09-01 02:46:00,-1.3089999999999993,0.9169999999999945,19.452,2.19,0,0,none,-1,-1
R09-ZA,2026-09-01 02:48:00,-0.0669999999999984,2.381499999999999,18.828,3.65,0,0,none,-1,-1
R09-ZA,2026-09-01 02:50:00,-0.8969999999999931,0.1709999999999905,19.569,1.961,0,0,none,-1,-1
R09-ZA,2026-09-01 02:52:00,-0.3079999999999963,0.2089999999999943,19.515,2.114,0,0,none,-1,-1
R09-ZA,2026-09-01 02:54:00,-1.1279999999999983,1.1959999999999855,19.636,1.775,0,0,none,-1,-1
R09-ZA,2026-09-01 02:56:00,-0.45799999999999486,-38.871,-17.796,-37.452,1,1,fiber_cut,1,1
R09-ZA,2026-09-01 02:58:00,-1.2654999999999976,-39.831,-17.205,-37.27,1,1,fiber_cut,1,1
R09-ZA,2026-09-01 03:00:00,-0.8429999999999946,-39.59700000000001,-17.769,-37.937,1,1,fiber_cut,1,1
R09-ZA,2026-09-01 03:02:00,-1.5820000000000025,-38.755,-17.975,-38.858,1,1,fiber_cut,1,1
R09-ZA,2026-09-01 03:04:00,-0.8609999999999953,-41.055499999999995,-17.895,-38.668,1,1,fiber_cut,1,1
R09-ZA,2026-09-01 03:06:00,-0.43999999999999595,-39.755,-18.138,-39.142,1,1,fiber_cut,1,1
R09-ZA,2026-09-01 03:08:00,-0.49200000000000266,-39.40700000000001,-17.941,-38.253,1,1,fiber_cut,1,1
R09-ZA,2026-09-01 03:10:00,-1.7205000000000084,-39.70700000000001,-18.492,-39.547,1,1,fiber_cut,1,1
R09-ZA,2026-09-01 03:12:00,-0.05999999999999872,-38.712,-17.217,-36.297,1,1,fiber_cut,1,1
R09-ZA,2026-09-01 03:14:00,-0.672500000000003,-39.974000000000004,-18.311,-38.036,1,1,fiber_cut,1,1
R09-ZA,2026-09-01 03:16:00,0.04900000000000304,-39.90100000000001,-17.893,-38.14,1,1,fiber_cut,1,1
R09-ZA,2026-09-01 03:18:00,-0.7359999999999971,-39.58550000000001,-17.956,-38.05,1,1,fiber_cut,1,1
R09-ZA,2026-09-01 03:20:00,-0.463499999999998,-38.19500000000001,-17.535,-37.255,1,1,fiber_cut,1,1
R09-ZA,2026-09-01 03:22:00,-0.7820000000000018,1.4724999999999877,19.327,2.543,0,0,none,-1,-1
R09-ZA,2026-09-01 03:24:00,-1.2340000000000018,1.0599999999999898,19.604,1.231,0,0,none,-1,-1
R09-ZA,2026-09-01 03:26:00,-0.5469999999999988,1.0189999999999948,18.815,3.08,0,0,none,-1,-1
R09-ZA,2026-09-01 03:28:00,-0.39300000000000246,-0.2910000000000057,19.499,1.814,0,0,fiber_degradation,1,2
R09-ZA,2026-09-01 03:30:00,-0.549000000000003,0.9199999999999928,19.559,1.386,0,0,fiber_degradation,1,2
R09-ZA,2026-09-01 03:32:00,-0.24800000000000288,0.8029999999999937,19.673,1.659,0,0,fiber_degradation,1,2
R09-ZA,2026-09-01 03:34:00,-0.5470000000000024,1.0099999999999962,19.655,1.537,0,0,fiber_degradation,1,2
R09-ZA,2026-09-01 03:36:00,-1.1149999999999967,0.35899999999999466,19.565,0.839,0,0,fiber_degradation,1,2
R09-ZA,2026-09-01 03:38:00,-0.6190000000000051,-0.8950000000000085,19.628,1.124,0,0,fiber_degradation,1,2
R09-ZA,2026-09-01 03:40:00,-0.658000000000003,-0.5150000000000023,19.55,0.659,0,0,fiber_degradation,1,2
R09-ZA,2026-09-01 03:42:00,-1.2499999999999982,-1.7340000000000053,19.313,-0.521,0,0,fiber_degradation,1,2
R09-ZA,2026-09-01 03:44:00,-0.3279999999999976,-0.19500000000000384,19.567,1.792,0,0,fiber_degradation,1,2
R09-ZA,2026-09-01 03:46:00,-0.3299999999999965,-1.985000000000003,19.478,0.378,0,0,fiber_degradation,1,2
R09-ZA,2026-09-01 03:48:00,-1.6669999999999927,-1.6000000000000032,19.105,-1.262,0,0,fiber_degradation,1,2
R09-ZA,2026-09-01 03:50:00,-0.8869999999999987,-1.740000000000002,18.838,-1.067,0,0,fiber_degradation,1,2
R09-ZA,2026-09-01 03:52:00,-1.0479999999999947,-1.4670000000000005,19.126,-0.644,0,0,fiber_degradation,1,2
R09-ZA,2026-09-01 03:54:00,-0.8619999999999948,-2.535000000000009,18.937,-1.164,0,0,fiber_degradation,1,2
R09-ZA,2026-09-01 03:56:00,-1.6000000000000032,-3.734000000000009,17.749,-3.085,0,0,fiber_degradation,1,2
R09-ZA,2026-09-01 03:58:00,-1.9100000000000037,-3.2140000000000075,18.303,-2.62,0,0,fiber_degradation,1,2
R09-ZA,2026-09-01 04:00:00,-0.7216666666666605,-2.8080000000000016,18.477,-1.115,0,0,fiber_degradation,1,2
R09-ZA,2026-09-01 04:02:00,-1.2543333333333333,-3.058500000000002,18.108,-1.797,0,0,fiber_degradation,1,2
R09-ZA,2026-09-01 04:04:00,-0.9150000000000027,-3.0260000000000087,18.366,-1.539,0,0,fiber_degradation,1,2
R09-ZA,2026-09-01 04:06:00,-0.977999999999998,-4.200000000000003,17.505,-2.711,0,0,fiber_degradation,1,2
R09-ZA,2026-09-01 04:08:00,-1.6350000000000016,-4.292,17.226,-3.624,0,0,fiber_degradation,1,2
R09-ZA,2026-09-01 04:10:00,-1.2570000000000014,-3.182999999999998,17.701,-2.671,0,0,fiber_degradation,1,2
R09-ZA,2026-09-01 04:12:00,-1.8670000000000044,-3.0069999999999997,17.875,-2.611,0,0,fiber_degradation,1,2
R09-ZA,2026-09-01 04:14:00,-0.7690000000000037,-3.656000000000006,17.186,-2.754,0,0,fiber_degradation,1,2
R09-ZA,2026-09-01 04:16:00,-1.226000000000008,-3.7680000000000007,17.042,-2.941,0,0,fiber_degradation,1,2
R09-ZA,2026-09-01 04:18:00,-0.6709999999999976,-3.161000000000005,17.903,-2.417,0,0,fiber_degradation,1,2
R09-ZA,2026-09-01 04:20:00,-0.2650000000000059,-4.865000000000004,16.882,-3.527,1,0,fiber_degradation,1,2
R09-ZA,2026-09-01 04:22:00,0.13900000000000468,-4.546999999999999,17.286,-3.464,0,0,fiber_degradation,1,2
R09-ZA,2026-09-01 04:24:00,-0.8169999999999984,-2.2110000000000056,18.136,-1.554,0,0,fiber_degradation,1,2
R09-ZA,2026-09-01 04:26:00,-1.482000000000001,-3.4050000000000136,17.07,-3.138,0,0,fiber_degradation,1,2
R09-ZA,2026-09-01 04:28:00,-1.4220000000000006,-4.789000000000007,16.602,-4.685,1,0,fiber_degradation,1,2
R09-ZA,2026-09-01 04:30:00,-1.3969999999999967,-5.147,17.353,-3.029,0,0,fiber_degradation,1,2
R09-ZA,2026-09-01 04:32:00,-0.9190000000000023,-3.925000000000008,17.201,-3.402,0,0,fiber_degradation,1,2
R09-ZA,2026-09-01 04:34:00,-0.984499999999997,-4.293000000000003,17.443,-2.581,0,0,fiber_degradation,1,2
R09-ZA,2026-09-01 04:36:00,-0.8089999999999957,-4.411999999999999,17.077,-3.141,0,0,fiber_degradation,1,2
R09-ZA,2026-09-01 04:38:00,-1.5980000000000043,-4.662000000000006,16.861,-4.029,1,0,fiber_degradation,1,2
R09-ZA,2026-09-01 04:40:00,0.06600000000000428,-3.2290000000000028,17.678,-2.005,0,0,fiber_degradation,1,2
R09-ZA,2026-09-01 04:42:00,-1.402000000000001,-3.7160000000000046,17.313,-2.279,0,0,fiber_degradation,1,2
R09-ZA,2026-09-01 04:44:00,-0.9740000000000038,-4.524000000000001,17.269,-3.53,0,0,fiber_degradation,1,2
R09-ZA,2026-09-01 04:46:00,-1.4944999999999968,-5.207000000000008,16.246,-5.162,1,0,fiber_degradation,1,2
R09-ZA,2026-09-01 04:48:00,-1.5460000000000012,-0.10300000000000331,19.626,0.766,0,0,none,-1,-1
R09-ZA,2026-09-01 04:50:00,-0.3190000000000026,0.43699999999999584,19.596,1.644,0,0,none,-1,-1
R09-ZA,2026-09-01 04:52:00,-0.6689999999999987,1.2779999999999898,19.268,2.497,0,0,none,-1,-1
R09-ZA,2026-09-01 04:54:00,-0.2889999999999979,0.5069999999999961,19.242,2.706,0,0,none,-1,-1
R09-ZA,2026-09-01 04:56:00,-0.4069999999999947,1.7119999999999944,19.497,1.995,0,0,none,-1,-1
R09-ZA,2026-09-01 04:58:00,-0.8469999999999942,1.1439999999999966,19.61,1.275,0,0,none,-1,-1
R09-ZA,2026-09-01 05:00:00,-0.4060000000000006,-1.221,19.606,0.712,0,0,none,-1,-1
R09-ZA,2026-09-01 05:02:00,-0.381000000000002,-1.8180000000000032,19.542,-0.119,0,0,none,-1,-1
R09-ZA,2026-09-01 05:04:00,-0.5860000000000039,-1.0599999999999987,19.553,0.28,0,0,none,-1,-1
R09-ZA,2026-09-01 05:06:00,-0.9139999999999979,0.09600000000000364,19.648,0.733,0,0,none,-1,-1
R09-ZA,2026-09-01 05:08:00,-1.6510000000000016,-1.1645000000000039,19.559,0.485,0,0,none,-1,-1
R09-ZA,2026-09-01 05:10:00,-0.8210000000000051,1.1139999999999937,19.407,1.952,0,0,none,-1,-1
R09-ZA,2026-09-01 05:12:00,-0.9279999999999955,-2.1140000000000025,19.397,-0.927,0,0,none,-1,-1
R09-ZA,2026-09-01 05:14:00,-0.9119999999999973,0.4830000000000023,19.612,1.193,0,0,none,-1,-1
R09-ZA,2026-09-01 05:16:00,-1.6509999999999945,0.2129999999999903,19.629,0.622,0,0,none,-1,-1
R09-ZA,2026-09-01 05:18:00,0.2785000000000064,0.32599999999999874,19.006,2.924,0,0,none,-1,-1
R09-ZA,2026-09-01 05:20:00,-0.42099999999999227,-1.117000000000008,19.597,0.429,0,0,none,-1,-1
R09-ZA,2026-09-01 05:22:00,-0.7149999999999981,-0.021000000000002572,19.559,0.645,0,0,none,-1,-1
R09-ZA,2026-09-01 05:24:00,-0.8440000000000012,0.18599999999999461,19.619,1.602,0,0,none,-1,-1
R09-ZA,2026-09-01 05:26:00,-1.2544999999999984,-1.2280000000000104,19.484,-0.207,0,0,none,-1,-1
R09-ZA,2026-09-01 05:28:00,-0.908000000000003,-0.8390000000000057,19.635,0.637,0,0,none,-1,-1
R09-ZA,2026-09-01 05:30:00,-1.381999999999998,0.7050000000000001,19.642,0.711,0,0,none,-1,-1
R09-ZA,2026-09-01 05:32:00,-1.3840000000000003,0.5579999999999892,19.612,1.027,0,0,none,-1,-1
R09-ZA,2026-09-01 05:34:00,-0.45700000000000074,0.702999999999987,19.574,1.657,0,0,none,-1,-1
R09-ZA,2026-09-01 05:36:00,0.0009999999999994458,-0.5710000000000015,19.623,1.287,0,0,none,-1,-1
R09-ZA,2026-09-01 05:38:00,-2.1349999999999945,-1.3735,18.973,-1.461,0,0,none,-1,-1
R09-ZA,2026-09-01 05:40:00,-0.9539999999999988,1.1874999999999947,19.403,2.364,0,0,none,-1,-1
R09-ZA,2026-09-01 05:42:00,-1.5359999999999943,-2.283000000000003,19.52,-0.367,0,0,none,-1,-1
R09-ZA,2026-09-01 05:44:00,-2.427999999999992,0.3509999999999973,19.639,0.485,0,0,none,-1,-1
R09-ZA,2026-09-01 05:46:00,-1.2119999999999962,-0.046500000000010644,19.593,0.367,0,0,none,-1,-1
R09-ZA,2026-09-01 05:48:00,-1.1109999999999989,-1.3810000000000002,19.595,-0.055,0,0,none,-1,-1
R09-ZA,2026-09-01 05:50:00,-1.8079999999999963,-0.13450000000000095,19.404,-0.501,0,0,none,-1,-1
R09-ZA,2026-09-01 05:52:00,-0.03150000000000297,-2.762000000000006,19.602,0.693,0,0,none,-1,-1
R09-ZA,2026-09-01 05:54:00,-0.8879999999999981,0.5599999999999898,19.621,1.03,0,0,none,-1,-1
R09-ZA,2026-09-01 05:56:00,-1.0039999999999996,-0.8070000000000022,19.617,0.856,0,0,none,-1,-1
R09-ZA,2026-09-01 05:58:00,-1.0489999999999942,-0.2469999999999999,19.623,0.846,0,0,none,-1,-1
R09-ZA,2026-09-01 06:00:00,-0.7974999999999994,-0.13200000000000145,19.586,0.753,0,0,none,-1,-1
R09-ZA,2026-09-01 06:02:00,-0.841999999999997,-0.5310000000000006,19.639,1.004,0,0,none,-1,-1
R09-ZA,2026-09-01 06:04:00,-0.6040000000000028,1.4889999999999937,19.587,1.443,0,0,none,-1,-1
R09-ZA,2026-09-01 06:06:00,-1.0710000000000015,-0.1700000000000088,19.55,0.079,0,0,none,-1,-1
R09-ZA,2026-09-01 06:08:00,-0.8740000000000006,-0.20300000000000828,19.591,-0.015,0,0,fiber_degradation,14,3
R09-ZA,2026-09-01 06:10:00,-0.4400000000000013,-0.0040000000000048885,19.62,1.054,0,0,fiber_degradation,14,3
R09-ZA,2026-09-01 06:12:00,-0.2929999999999957,-0.1690000000000076,19.61,0.835,0,0,fiber_degradation,14,3
R09-ZA,2026-09-01 06:14:00,-1.260999999999994,-1.804000000000002,19.274,-0.772,0,0,fiber_degradation,14,3
R09-ZA,2026-09-01 06:16:00,-0.5210000000000043,-1.2770000000000028,19.593,0.514,0,0,fiber_degradation,14,3
R09-ZA,2026-09-01 06:18:00,-1.8699999999999992,-1.2125000000000057,19.46,-0.788,0,0,fiber_degradation,14,3
R09-ZA,2026-09-01 06:20:00,-1.3690000000000015,-0.6300000000000008,19.479,-0.396,0,0,fiber_degradation,14,3
R09-ZA,2026-09-01 06:22:00,-1.1614999999999984,-0.6260000000000066,19.633,0.255,0,0,fiber_degradation,14,3
R09-ZA,2026-09-01 06:24:00,-0.790999999999995,-1.410000000000002,19.452,-0.424,0,0,fiber_degradation,14,3
R09-ZA,2026-09-01 06:26:00,-1.432999999999998,-2.397000000000009,19.283,-1.512,0,0,fiber_degradation,14,3
R09-ZA,2026-09-01 06:28:00,-0.5429999999999922,-2.0940000000000047,19.451,-0.582,0,0,fiber_degradation,14,3
R09-ZA,2026-09-01 06:30:00,0.3890000000000029,-0.9860000000000024,19.542,1.482,0,0,fiber_degradation,14,3
R09-ZA,2026-09-01 06:32:00,-0.8939999999999948,-2.3190000000000044,19.342,-1.023,0,0,fiber_degradation,14,3
R09-ZA,2026-09-01 06:34:00,-1.0329999999999906,-2.794000000000004,19.393,-1.358,0,0,fiber_degradation,14,3
R09-ZA,2026-09-01 06:36:00,-1.4569999999999919,-1.5335000000000125,19.486,-0.096,0,0,fiber_degradation,14,3
R09-ZA,2026-09-01 06:38:00,-1.5009999999999906,-2.4270000000000085,19.392,-1.183,0,0,fiber_degradation,14,3
R09-ZA,2026-09-01 06:40:00,-1.8009999999999966,-0.9500000000000135,19.48,-0.513,0,0,fiber_degradation,14,3
R09-ZA,2026-09-01 06:42:00,-1.0290000000000017,-2.4205000000000076,19.194,-1.828,0,0,fiber_degradation,14,3
R09-ZA,2026-09-01 06:44:00,-0.7259999999999938,-4.004000000000005,19.242,-1.527,0,0,fiber_degradation,14,3
R09-ZA,2026-09-01 06:46:00,-1.0399999999999938,-2.240000000000009,19.28,-1.186,0,0,fiber_degradation,14,3
R09-ZA,2026-09-01 06:48:00,-1.1069999999999922,-1.7540000000000031,19.291,-1.339,0,0,fiber_degradation,14,3
R09-ZA,2026-09-01 06:50:00,-1.7349999999999977,-1.8220000000000045,19.205,-1.324,0,0,fiber_degradation,14,3
R09-ZA,2026-09-01 06:52:00,-1.394999999999996,-4.613000000000005,18.62,-3.594,0,0,fiber_degradation,14,3
R09-ZA,2026-09-01 06:54:00,-0.23699999999999122,-2.4514999999999976,19.446,-0.861,0,0,fiber_degradation,14,3
R09-ZA,2026-09-01 06:56:00,-0.32000000000000206,-0.9515000000000082,19.589,0.558,0,0,fiber_degradation,14,3
R09-ZA,2026-09-01 06:58:00,-0.983499999999994,-2.5600000000000023,19.469,-0.832,0,0,fiber_degradation,14,3
R09-ZA,2026-09-01 07:00:00,-0.8074999999999974,-1.1249999999999982,19.456,-0.552,0,0,fiber_degradation,14,3
R09-ZA,2026-09-01 07:02:00,-1.7769999999999975,-2.6515000000000057,19.212,-2.024,0,0,fiber_degradation,14,3
R09-ZA,2026-09-01 07:04:00,-1.419999999999991,-3.007000000000007,18.959,-2.444,0,0,fiber_degradation,14,3
R09-ZA,2026-09-01 07:06:00,-0.41199999999999726,-2.0330000000000066,19.496,-0.329,0,0,fiber_degradation,14,3
R09-ZA,2026-09-01 07:08:00,-1.2789999999999928,-3.234000000000007,19.266,-1.633,0,0,fiber_degradation,14,3
R09-ZA,2026-09-01 07:10:00,-1.511999999999997,0.8444999999999929,19.626,0.277,0,0,none,-1,-1
R09-ZA,2026-09-01 07:12:00,-1.9179999999999975,-1.4920000000000062,18.986,-1.531,0,0,none,-1,-1
R09-ZA,2026-09-01 07:14:00,-0.7609999999999957,-1.0390000000000015,19.426,-0.202,0,0,none,-1,-1
R09-ZA,2026-09-01 07:16:00,-1.4310000000000045,-0.9709999999999965,19.512,-0.242,0,0,none,-1,-1
R09-ZA,2026-09-01 07:18:00,-1.4110000000000014,0.3289999999999953,19.633,1.096,0,0,none,-1,-1
R09-ZA,2026-09-01 07:20:00,-1.0614999999999952,-0.3970000000000127,19.573,1.02,0,0,none,-1,-1
R09-ZA,2026-09-01 07:22:00,-1.0220000000000002,-0.010000000000001563,19.556,0.143,0,0,none,-1,-1
R09-ZA,2026-09-01 07:24:00,-2.2779999999999987,-1.5480000000000054,19.464,-0.388,0,0,none,-1,-1
R09-ZA,2026-09-01 07:26:00,-0.8344999999999985,-1.0140000000000082,19.592,0.336,0,0,none,-1,-1
R09-ZA,2026-09-01 07:28:00,-0.6419999999999995,-0.6910000000000078,19.571,-0.082,0,0,none,-1,-1
R09-ZA,2026-09-01 07:30:00,-0.9080000000000013,-0.9739999999999984,19.604,0.217,0,0,none,-1,-1
R09-ZA,2026-09-01 07:32:00,-1.3110000000000053,-0.3410000000000011,19.66,0.997,0,0,none,-1,-1
R09-ZA,2026-09-01 07:34:00,-1.3880000000000017,-0.08200000000000962,19.434,-0.272,0,0,none,-1,-1
R09-ZA,2026-09-01 07:36:00,-1.6080000000000023,-1.5490000000000048,19.365,-0.732,0,0,none,-1,-1
R09-ZA,2026-09-01 07:38:00,-1.1609999999999996,-2.2510000000000012,19.463,-0.805,0,0,none,-1,-1
R09-ZA,2026-09-01 07:40:00,-1.120000000000001,-2.4630000000000027,19.586,-0.519,0,0,none,-1,-1
R09-ZA,2026-09-01 07:42:00,-0.9760000000000044,-1.728000000000005,19.644,0.611,0,0,none,-1,-1
R09-ZA,2026-09-01 07:44:00,-1.3624999999999954,0.23999999999999844,19.485,-0.14,0,0,none,-1,-1
R09-ZA,2026-09-01 07:46:00,-1.3460000000000072,-3.8260000000000005,19.25,-1.563,0,0,none,-1,-1
R09-ZA,2026-09-01 07:48:00,-0.8319999999999954,-1.019000000000009,19.642,0.866,0,0,none,-1,-1
R09-ZA,2026-09-01 07:50:00,-1.3600000000000065,-0.12200000000000166,19.588,0.292,0,0,none,-1,-1
R09-ZA,2026-09-01 07:52:00,-1.203999999999997,-1.9805000000000064,19.461,-0.237,0,0,none,-1,-1
R09-ZA,2026-09-01 07:54:00,-0.14000000000000057,-2.435000000000011,19.484,-0.224,0,0,none,-1,-1
R09-ZA,2026-09-01 07:56:00,-1.0391666666666577,-1.9955000000000052,19.364,-0.639,0,0,none,-1,-1
R09-ZA,2026-09-01 07:58:00,-1.9383333333333255,-1.5560000000000045,19.268,-0.633,0,0,none,-1,-1
R09-ZA,2026-09-01 08:00:00,-1.0984999999999996,-1.186,19.61,0.124,0,0,none,-1,-1
R09-ZA,2026-09-01 08:02:00,-1.2650000000000006,-1.7140000000000022,19.424,-0.503,0,0,none,-1,-1
R09-ZA,2026-09-01 08:04:00,-1.1759999999999966,-0.2770000000000046,19.475,-0.33,0,0,none,-1,-1
R09-ZA,2026-09-01 08:06:00,-1.1009999999999973,-0.12100000000000222,19.567,1.278,0,0,none,-1,-1
R09-ZA,2026-09-01 08:08:00,-1.03399999999999,-0.8370000000000068,19.638,0.265,0,0,none,-1,-1
R09-ZA,2026-09-01 08:10:00,-1.1510000000000051,-1.1910000000000096,19.518,-0.442,0,0,none,-1,-1
R09-ZA,2026-09-01 08:12:00,-1.153000000000004,-0.35700000000001,19.588,0.522,0,0,none,-1,-1
R09-ZA,2026-09-01 08:14:00,-1.1140000000000008,-2.1000000000000068,19.431,-0.706,0,0,none,-1,-1
R09-ZA,2026-09-01 08:16:00,-0.7260000000000009,-1.8390000000000093,19.468,-0.687,0,0,none,-1,-1
R09-ZA,2026-09-01 08:18:00,-0.6350000000000016,0.22399999999999487,19.619,1.646,0,0,none,-1,-1
R09-ZA,2026-09-01 08:20:00,-0.6940000000000044,-1.5710000000000086,19.282,-0.272,0,0,none,-1,-1
R09-ZA,2026-09-01 08:22:00,-1.2809999999999935,-1.8050000000000033,19.231,-0.938,0,0,none,-1,-1
R09-ZA,2026-09-01 08:24:00,-0.09800000000000608,-1.1884999999999994,19.631,0.941,0,0,none,-1,-1
R09-ZA,2026-09-01 08:26:00,-1.1029999999999998,-1.070999999999998,19.54,0.027,0,0,none,-1,-1
R09-ZA,2026-09-01 08:28:00,-1.526999999999994,0.11099999999999532,19.401,-0.052,0,0,amplifier_degradation,12,4
R09-ZA,2026-09-01 08:30:00,-2.0089999999999986,-0.6020000000000003,19.532,-0.246,0,0,amplifier_degradation,12,4
R09-ZA,2026-09-01 08:32:00,-2.025999999999998,-1.20000000000001,19.055,-2.426,0,0,amplifier_degradation,12,4
R09-ZA,2026-09-01 08:34:00,-2.8950000000000014,-1.5510000000000002,19.249,-1.512,0,0,amplifier_degradation,12,4
R09-ZA,2026-09-01 08:36:00,-2.3339999999999943,-1.9310000000000063,19.19,-1.31,0,0,amplifier_degradation,12,4
R09-ZA,2026-09-01 08:38:00,-2.207999999999995,-1.3890000000000047,19.258,-1.232,0,0,amplifier_degradation,12,4
R09-ZA,2026-09-01 08:40:00,-2.820499999999994,-0.7630000000000035,19.12,-1.866,0,0,amplifier_degradation,12,4
R09-ZA,2026-09-01 08:42:00,-2.556999999999997,-1.4895000000000103,18.999,-1.607,0,0,amplifier_degradation,12,4
R09-ZA,2026-09-01 08:44:00,-3.355500000000001,-1.1790000000000074,19.026,-2.025,0,0,amplifier_degradation,12,4
R09-ZA,2026-09-01 08:46:00,-2.241999999999999,-1.4830000000000023,19.15,-1.785,0,0,amplifier_degradation,12,4
R09-ZA,2026-09-01 08:48:00,-3.2870000000000044,0.5369999999999955,19.396,-1.027,0,0,amplifier_degradation,12,4
R09-ZA,2026-09-01 08:50:00,-4.2005000000000035,0.4729999999999901,19.084,-2.031,0,0,amplifier_degradation,12,4
R09-ZA,2026-09-01 08:52:00,-3.5749999999999975,-1.062000000000003,18.931,-2.415,0,0,amplifier_degradation,12,4
R09-ZA,2026-09-01 08:54:00,-3.8549999999999986,-0.7810000000000077,18.783,-2.984,0,0,amplifier_degradation,12,4
R09-ZA,2026-09-01 08:56:00,-4.586,-2.177499999999995,18.24,-3.432,0,0,amplifier_degradation,12,4
R09-ZA,2026-09-01 08:58:00,-3.8519999999999968,-0.6689999999999987,18.827,-2.686,0,0,amplifier_degradation,12,4
R09-ZA,2026-09-01 09:00:00,-4.23,-0.8520000000000092,18.704,-2.779,0,0,amplifier_degradation,12,4
R09-ZA,2026-09-01 09:02:00,-4.571499999999999,-0.833000000000002,17.802,-4.692,0,0,amplifier_degradation,12,4
R09-ZA,2026-09-01 09:04:00,-4.152000000000003,-1.7120000000000068,18.206,-3.602,0,0,amplifier_degradation,12,4
R09-ZA,2026-09-01 09:06:00,-4.281000000000002,-0.22250000000000192,18.323,-3.857,0,0,amplifier_degradation,12,4
R09-ZA,2026-09-01 09:08:00,-5.175999999999995,1.1970000000000027,18.736,-1.999,0,0,amplifier_degradation,12,4
R09-ZA,2026-09-01 09:10:00,-5.5760000000000005,-1.6410000000000053,17.991,-4.322,0,0,amplifier_degradation,12,4
R09-ZA,2026-09-01 09:12:00,-5.490000000000002,-0.25800000000000267,17.943,-4.525,0,0,amplifier_degradation,12,4
R09-ZA,2026-09-01 09:14:00,-6.018999999999998,-0.11300000000000487,17.303,-5.527,0,0,amplifier_degradation,12,4
R09-ZA,2026-09-01 09:16:00,-5.266,-0.5450000000000124,17.764,-4.498,0,0,amplifier_degradation,12,4
R09-ZA,2026-09-01 09:18:00,-6.155999999999999,-0.6680000000000064,17.194,-5.405,0,0,amplifier_degradation,12,4
R09-ZA,2026-09-01 09:20:00,-6.5049999999999955,0.019999999999994245,17.831,-4.571,0,0,amplifier_degradation,12,4
R09-ZA,2026-09-01 09:22:00,-6.039000000000003,-1.103000000000005,17.944,-3.915,0,0,amplifier_degradation,12,4
R09-ZA,2026-09-01 09:24:00,-6.4659999999999975,-0.7680000000000096,17.698,-4.33,0,0,amplifier_degradation,12,4
R09-ZA,2026-09-01 09:26:00,-5.0589999999999975,-1.002000000000006,17.326,-5.121,0,0,amplifier_degradation,12,4
R09-ZA,2026-09-01 09:28:00,-5.755500000000003,-2.1640000000000033,16.962,-6.245,1,0,amplifier_degradation,12,4
R09-ZA,2026-09-01 09:30:00,-5.816999999999998,-1.2350000000000119,17.768,-4.174,0,0,amplifier_degradation,12,4
R09-ZA,2026-09-01 09:32:00,-5.502999999999998,-1.1315000000000044,16.987,-5.604,1,0,amplifier_degradation,12,4
R09-ZA,2026-09-01 09:34:00,-6.557999999999987,-1.4820000000000046,17.32,-5.3,0,0,amplifier_degradation,12,4
R09-ZA,2026-09-01 09:36:00,-5.759999999999991,-1.9280000000000062,17.918,-4.687,0,0,amplifier_degradation,12,4
R09-ZA,2026-09-01 09:38:00,-5.645000000000005,-1.651000000000007,17.508,-4.92,0,0,amplifier_degradation,12,4
R09-ZA,2026-09-01 09:40:00,-6.249000000000004,-0.6220000000000017,17.427,-4.839,0,0,amplifier_degradation,12,4
R09-ZA,2026-09-01 09:42:00,-7.253000000000002,-1.007000000000005,17.532,-4.968,0,0,amplifier_degradation,12,4
R09-ZA,2026-09-01 09:44:00,-6.263999999999987,-0.48600000000000243,17.54,-5.218,0,0,amplifier_degradation,12,4
R09-ZA,2026-09-01 09:46:00,-5.222000000000001,-1.2110000000000056,17.843,-4.639,0,0,amplifier_degradation,12,4
R09-ZA,2026-09-01 09:48:00,-0.30700000000000216,0.06299999999998995,19.501,2.486,0,0,none,-1,-1
R09-ZA,2026-09-01 09:50:00,-0.6890000000000018,-0.4150000000000027,19.605,0.743,0,0,none,-1,-1
R09-ZA,2026-09-01 09:52:00,-1.1250000000000018,0.8709999999999969,19.648,0.898,0,0,none,-1,-1
R09-ZA,2026-09-01 09:54:00,0.054000000000002046,-2.3690000000000033,19.568,0.838,0,0,none,-1,-1
R09-ZA,2026-09-01 09:56:00,-1.1489999999999956,-0.18000000000000327,19.654,0.774,0,0,none,-1,-1
R09-ZA,2026-09-01 09:58:00,-1.131999999999998,-0.5560000000000063,19.63,1.181,0,0,none,-1,-1
R10-AZ,2026-09-01 00:00:00,-1.4430000000000085,-1.169999999999991,19.144,-3.031,0,0,none,-1,-1
R10-AZ,2026-09-01 00:02:00,-1.6260000000000012,-1.6689999999999934,19.567,-1.909,0,0,none,-1,-1
R10-AZ,2026-09-01 00:04:00,-0.38400000000000567,-1.524000000000001,19.65,-1.286,0,0,none,-1,-1
R10-AZ,2026-09-01 00:06:00,-0.2600000000000069,-2.0984999999999907,19.476,-1.863,0,0,none,-1,-1
R10-AZ,2026-09-01 00:08:00,-0.7500000000000036,-0.6239999999999934,19.711,-0.953,0,0,none,-1,-1
R10-AZ,2026-09-01 00:10:00,-1.9830000000000094,-1.2719999999999931,19.293,-2.345,0,0,none,-1,-1
R10-AZ,2026-09-01 00:12:00,-0.6810000000000045,-0.9324999999999868,19.689,-0.689,0,0,none,-1,-1
R10-AZ,2026-09-01 00:14:00,-0.6550000000000047,-1.7309999999999892,19.481,-1.546,0,0,none,-1,-1
R10-AZ,2026-09-01 00:16:00,-0.771500000000005,-0.7959999999999905,19.608,-1.392,0,0,none,-1,-1
R10-AZ,2026-09-01 00:18:00,-0.44800000000001106,-0.9049999999999958,19.66,-1.362,0,0,none,-1,-1
R10-AZ,2026-09-01 00:20:00,-1.7099999999999973,-1.8289999999999953,19.462,-2.283,0,0,none,-1,-1
R10-AZ,2026-09-01 00:22:00,-1.6810000000000151,-2.116499999999993,19.243,-2.952,0,0,none,-1,-1
R10-AZ,2026-09-01 00:24:00,-0.3735000000000017,-1.610999999999997,19.276,-1.863,0,0,none,-1,-1
R10-AZ,2026-09-01 00:26:00,-0.2580000000000098,-1.306999999999995,19.678,-0.737,0,0,none,-1,-1
R10-AZ,2026-09-01 00:28:00,-1.1400000000000041,-0.8899999999999935,19.575,-1.158,0,0,none,-1,-1
R10-AZ,2026-09-01 00:30:00,-1.1370000000000005,-1.3189999999999955,19.559,-1.325,0,0,none,-1,-1
R10-AZ,2026-09-01 00:32:00,-1.3995000000000015,-0.08299999999998953,19.757,-0.707,0,0,none,-1,-1
R10-AZ,2026-09-01 00:34:00,-1.2570000000000032,-2.4985,19.415,-2.329,0,0,fiber_degradation,14,0
R10-AZ,2026-09-01 00:36:00,0.16749999999999154,-3.009999999999989,19.424,-2.083,0,0,fiber_degradation,14,0
R10-AZ,2026-09-01 00:38:00,-0.4479999999999986,-4.02199999999999,19.157,-3.174,0,0,fiber_degradation,14,0
R10-AZ,2026-09-01 00:40:00,1.3159999999999936,-3.99,19.296,-2.251,0,0,fiber_degradation,14,0
R10-AZ,2026-09-01 00:42:00,0.9884999999999877,-2.7414999999999967,19.405,-1.572,0,0,fiber_degradation,14,0
R10-AZ,2026-09-01 00:44:00,0.6729999999999947,-5.222999999999999,18.613,-4.194,0,0,fiber_degradation,14,0
R10-AZ,2026-09-01 00:46:00,0.4369999999999976,-5.9319999999999915,18.375,-4.708,0,0,fiber_degradation,14,0
R10-AZ,2026-09-01 00:48:00,-0.5995000000000044,-4.409999999999995,18.518,-4.337,0,0,fiber_degradation,14,0
R10-AZ,2026-09-01 00:50:00,-0.2430000000000021,-5.563499999999996,18.053,-4.986,0,0,fiber_degradation,14,0
R10-AZ,2026-09-01 00:52:00,0.47699999999999676,-5.849999999999994,18.199,-4.724,0,0,fiber_degradation,14,0
R10-AZ,2026-09-01 00:54:00,0.3234999999999957,-7.828999999999997,17.668,-5.434,0,0,fiber_degradation,14,0
R10-AZ,2026-09-01 00:56:00,-0.31200000000000827,-7.211499999999997,16.893,-7.213,1,0,fiber_degradation,14,0
R10-AZ,2026-09-01 00:58:00,-0.6520000000000046,-8.045999999999994,16.402,-7.716,1,0,fiber_degradation,14,0
R10-AZ,2026-09-01 01:00:00,-0.14600000000000435,-10.225999999999992,15.968,-8.503,1,0,fiber_degradation,14,0
R10-AZ,2026-09-01 01:02:00,0.01199999999999335,-7.857999999999997,16.253,-8.123,1,0,fiber_degradation,14,0
R10-AZ,2026-09-01 01:04:00,0.34599999999999476,-9.463999999999993,16.123,-8.199,1,0,fiber_degradation,14,0
R10-AZ,2026-09-01 01:06:00,1.1229999999999958,-9.565999999999999,16.485,-7.527,1,0,fiber_degradation,14,0
R10-AZ,2026-09-01 01:08:00,0.1629999999999967,-10.779999999999992,14.478,-10.148,1,0,fiber_degradation,14,0
R10-AZ,2026-09-01 01:10:00,0.041999999999990933,-11.049999999999992,15.381,-9.519,1,0,fiber_degradation,14,0
R10-AZ,2026-09-01 01:12:00,-0.3420000000000041,-11.601499999999993,14.846,-10.044,1,0,fiber_degradation,14,0
R10-AZ,2026-09-01 01:14:00,0.26250000000000107,-10.531999999999996,15.458,-9.043,1,0,fiber_degradation,14,0
R10-AZ,2026-09-01 01:16:00,-0.43450000000000344,-10.904000000000002,14.558,-10.064,1,0,fiber_degradation,14,0
R10-AZ,2026-09-01 01:18:00,0.02800000000000047,-10.756999999999989,14.715,-10.073,1,0,fiber_degradation,14,0
R10-AZ,2026-09-01 01:20:00,-0.04199999999999804,-9.348999999999993,14.711,-10.192,1,0,fiber_degradation,14,0
R10-AZ,2026-09-01 01:22:00,-0.5100000000000069,-12.346999999999989,13.454,-11.446,1,0,fiber_degradation,14,0
R10-AZ,2026-09-01 01:24:00,0.09249999999999936,-12.284499999999989,14.054,-10.708,1,0,fiber_degradation,14,0
R10-AZ,2026-09-01 01:26:00,0.1890000000000036,-10.019999999999992,15.413,-9.313,1,0,fiber_degradation,14,0
R10-AZ,2026-09-01 01:28:00,-3.552713678800501e-15,-9.923999999999989,14.412,-9.995,1,0,fiber_degradation,14,0
R10-AZ,2026-09-01 01:30:00,0.09799999999999542,-11.848999999999998,13.837,-11.592,1,0,fiber_degradation,14,0
R10-AZ,2026-09-01 01:32:00,0.36699999999999555,-9.819999999999993,15.327,-8.878,1,0,fiber_degradation,14,0
R10-AZ,2026-09-01 01:34:00,-0.14400000000001079,-11.307999999999996,14.167,-10.752,1,0,fiber_degradation,14,0
R10-AZ,2026-09-01 01:36:00,0.3299999999999983,-10.810999999999986,14.646,-10.068,1,0,fiber_degradation,14,0
R10-AZ,2026-09-01 01:38:00,-0.21400000000001107,-9.509499999999992,15.456,-8.644,1,0,fiber_degradation,14,0
R10-AZ,2026-09-01 01:40:00,0.8549999999999969,-10.38399999999999,14.931,-9.597,1,0,fiber_degradation,14,0
R10-AZ,2026-09-01 01:42:00,0.20800000000000196,-10.641999999999992,14.973,-9.956,1,0,fiber_degradation,14,0
R10-AZ,2026-09-01 01:44:00,0.7089999999999943,-11.39799999999999,14.686,-9.733,1,0,fiber_degradation,14,0
R10-AZ,2026-09-01 01:46:00,-0.2640000000000118,-1.7179999999999964,19.657,-0.925,0,0,none,-1,-1
R10-AZ,2026-09-01 01:48:00,-0.7250000000000068,-2.7104999999999926,19.348,-2.0,0,0,none,-1,-1
R10-AZ,2026-09-01 01:50:00,-0.6560000000000077,-1.0719999999999938,19.73,-1.029,0,0,none,-1,-1
R10-AZ,2026-09-01 01:52:00,-0.6620000000000061,-1.519999999999989,19.688,-0.686,0,0,none,-1,-1
R10-AZ,2026-09-01 01:54:00,-1.2900000000000045,-0.8489999999999931,19.574,-1.66,0,0,none,-1,-1
R10-AZ,2026-09-01 01:56:00,-0.6665000000000116,-2.8930000000000025,19.523,-1.732,0,0,none,-1,-1
R10-AZ,2026-09-01 01:58:00,-0.7470000000000052,-3.205999999999994,19.435,-1.91,0,0,none,-1,-1
R10-AZ,2026-09-01 02:00:00,-1.04300000000001,-1.4469999999999903,19.603,-1.642,0,0,none,-1,-1
R10-AZ,2026-09-01 02:02:00,-1.2375000000000078,-0.007999999999990237,19.673,-0.6,0,0,none,-1,-1
R10-AZ,2026-09-01 02:04:00,-0.8840000000000021,0.45150000000000823,19.674,-0.739,0,0,fiber_degradation,3,1
R10-AZ,2026-09-01 02:06:00,-1.0550000000000104,-0.1819999999999915,19.555,-1.387,0,0,fiber_degradation,3,1
R10-AZ,2026-09-01 02:08:00,-1.0589999999999957,-2.756999999999996,19.285,-3.04,0,0,fiber_degradation,3,1
R10-AZ,2026-09-01 02:10:00,-0.8970000000000002,-2.418999999999997,19.088,-2.43,0,0,fiber_degradation,3,1
R10-AZ,2026-09-01 02:12:00,-0.7880000000000091,-1.5920000000000023,19.337,-1.951,0,0,fiber_degradation,3,1
R10-AZ,2026-09-01 02:14:00,-1.6119999999999983,-1.1079999999999952,19.388,-1.424,0,0,fiber_degradation,3,1
R10-AZ,2026-09-01 02:16:00,-0.6930000000000032,-2.0259999999999962,19.457,-1.715,0,0,fiber_degradation,3,1
R10-AZ,2026-09-01 02:18:00,-1.7540000000000084,-3.0434999999999963,18.534,-3.985,0,0,fiber_degradation,3,1
R10-AZ,2026-09-01 02:20:00,-1.578000000000003,-3.319999999999988,18.898,-3.041,0,0,fiber_degradation,3,1
R10-AZ,2026-09-01 02:22:00,-0.8159999999999972,-4.726999999999993,18.355,-4.232,0,0,fiber_degradation,3,1
R10-AZ,2026-09-01 02:24:00,-0.8430000000000089,-2.7969999999999935,18.912,-2.967,0,0,fiber_degradation,3,1
R10-AZ,2026-09-01 02:26:00,-0.801000000000009,-3.0909999999999975,18.659,-3.603,0,0,fiber_degradation,3,1
R10-AZ,2026-09-01 02:28:00,-1.1230000000000064,-4.220999999999988,17.961,-4.505,0,0,fiber_degradation,3,1
R10-AZ,2026-09-01 02:30:00,-0.2350000000000012,-2.3569999999999904,18.936,-2.201,0,0,fiber_degradation,3,1
R10-AZ,2026-09-01 02:32:00,-0.13800000000000345,-4.209999999999994,18.087,-4.481,0,0,fiber_degradation,3,1
R10-AZ,2026-09-01 02:34:00,-0.6710000000000065,-3.1559999999999864,18.715,-2.996,0,0,fiber_degradation,3,1
R10-AZ,2026-09-01 02:36:00,-0.2090000000000014,-3.3609999999999918,18.397,-3.615,0,0,fiber_degradation,3,1
R10-AZ,2026-09-01 02:38:00,-1.3990000000000045,-4.665999999999986,17.957,-4.439,0,0,fiber_degradation,3,1
R10-AZ,2026-09-01 02:40:00,-1.6930000000000014,-3.5329999999999924,17.702,-4.767,0,0,fiber_degradation,3,1
R10-AZ,2026-09-01 02:42:00,-0.11700000000000621,-3.528499999999987,18.155,-3.564,0,0,fiber_degradation,3,1
R10-AZ,2026-09-01 02:44:00,-0.8000000000000114,-3.8139999999999947,18.3,-4.126,0,0,fiber_degradation,3,1
R10-AZ,2026-09-01 02:46:00,-1.1325000000000038,-2.3639999999999937,18.778,-3.116,0,0,fiber_degradation,3,1
R10-AZ,2026-09-01 02:48:00,-0.759333333333343,-4.783999999999995,18.21,-3.754,0,0,fiber_degradation,3,1
R10-AZ,2026-09-01 02:50:00,-0.8301666666666723,-3.7994999999999965,18.498,-3.348,0,0,fiber_degradation,3,1
R10-AZ,2026-09-01 02:52:00,-0.9010000000000051,-2.814999999999996,18.893,-2.775,0,0,fiber_degradation,3,1
R10-AZ,2026-09-01 02:54:00,-0.6215000000000028,-2.0660000000000007,19.035,-2.018,0,0,fiber_degradation,3,1
R10-AZ,2026-09-01 02:56:00,-1.8809999999999985,-0.41799999999999393,19.753,-0.783,0,0,none,-1,-1
R10-AZ,2026-09-01 02:58:00,-0.5519999999999978,0.1635000000000062,19.751,-0.173,0,0,none,-1,-1
R10-AZ,2026-09-01 03:00:00,-1.3000000000000043,-1.8259999999999863,19.429,-2.423,0,0,none,-1,-1
R10-AZ,2026-09-01 03:02:00,-0.3625000000000007,-1.2254999999999914,19.687,-0.53,0,0,none,-1,-1
R10-AZ,2026-09-01 03:04:00,-0.908000000000003,-2.108999999999993,19.639,-1.305,0,0,none,-1,-1
R10-AZ,2026-09-01 03:06:00,-0.6060000000000034,-1.583999999999996,19.536,-1.453,0,0,none,-1,-1
R10-AZ,2026-09-01 03:08:00,-0.9780000000000069,-1.979999999999988,19.61,-1.287,0,0,none,-1,-1
R10-AZ,2026-09-01 03:10:00,-1.350000000000005,-2.3759999999999977,19.436,-1.833,0,0,none,-1,-1
R10-AZ,2026-09-01 03:12:00,-1.3370000000000033,-2.6449999999999907,19.33,-2.489,0,0,none,-1,-1
R10-AZ,2026-09-01 03:14:00,-0.7840000000000078,-0.8969999999999967,19.695,-0.903,0,0,none,-1,-1
R10-AZ,2026-09-01 03:16:00,-1.2209999999999983,-1.0839999999999943,19.486,-1.859,0,0,none,-1,-1
R10-AZ,2026-09-01 03:18:00,-0.49700000000000166,-2.3329999999999913,19.573,-1.598,0,0,none,-1,-1
R10-AZ,2026-09-01 03:20:00,-1.2679999999999954,-1.6769999999999907,19.525,-1.495,0,0,none,-1,-1
R10-AZ,2026-09-01 03:22:00,-1.3770000000000024,-2.410999999999996,19.127,-2.685,0,0,none,-1,-1
R10-AZ,2026-09-01 03:24:00,-0.8510000000000062,0.5920000000000094,19.778,-0.399,0,0,none,-1,-1
R10-AZ,2026-09-01 03:26:00,-0.8126666666666722,-0.16133333333333155,19.706,-0.439,0,0,none,-1,-1
R10-AZ,2026-09-01 03:28:00,-0.8938333333333457,-0.22166666666664447,19.596,-1.436,0,0,none,-1,-1
R10-AZ,2026-09-01 03:30:00,-0.9750000000000103,-0.28200000000000003,19.682,-0.848,0,0,none,-1,-1
R10-AZ,2026-09-01 03:32:00,-1.1579999999999977,-1.0279999999999916,19.58,-1.844,0,0,none,-1,-1
R10-AZ,2026-09-01 03:34:00,-1.7369999999999983,0.637000000000004,19.473,-2.093,0,0,none,-1,-1
R10-AZ,2026-09-01 03:36:00,-2.2510000000000083,-0.4519999999999875,19.67,-1.443,0,0,none,-1,-1
R10-AZ,2026-09-01 03:38:00,-1.166999999999998,-1.5700000000000038,19.519,-1.736,0,0,amplifier_degradation,15,2
R10-AZ,2026-09-01 03:40:00,-2.3040000000000145,-1.3959999999999955,19.05,-3.841,0,0,amplifier_degradation,15,2
R10-AZ,2026-09-01 03:42:00,-1.6710000000000012,-0.5989999999999895,19.271,-2.4,0,0,amplifier_degradation,15,2
R10-AZ,2026-09-01 03:44:00,-3.1720000000000024,-0.4619999999999944,18.888,-4.088,0,0,amplifier_degradation,15,2
R10-AZ,2026-09-01 03:46:00,-3.910999999999998,-0.9299999999999997,19.262,-3.022,0,0,amplifier_degradation,15,2
R10-AZ,2026-09-01 03:48:00,-2.8960000000000026,-0.6234999999999999,19.319,-2.625,0,0,amplifier_degradation,15,2
R10-AZ,2026-09-01 03:50:00,-4.714500000000005,-0.2539999999999889,18.936,-3.843,0,0,amplifier_degradation,15,2
R10-AZ,2026-09-01 03:52:00,-5.488000000000008,-1.447000000000001,18.282,-5.449,0,0,amplifier_degradation,15,2
R10-AZ,2026-09-01 03:54:00,-5.91400000000001,-0.6219999999999892,18.395,-5.482,0,0,amplifier_degradation,15,2
R10-AZ,2026-09-01 03:56:00,-6.283000000000008,-0.5119999999999898,17.859,-6.467,1,0,amplifier_degradation,15,2
R10-AZ,2026-09-01 03:58:00,-5.286000000000003,-0.827499999999997,18.492,-4.563,0,0,amplifier_degradation,15,2
R10-AZ,2026-09-01 04:00:00,-6.905999999999997,0.15000000000000924,17.45,-6.771,1,0,amplifier_degradation,15,2
R10-AZ,2026-09-01 04:02:00,-6.952000000000009,-1.8469999999999924,16.993,-8.004,1,0,amplifier_degradation,15,2
R10-AZ,2026-09-01 04:04:00,-7.616500000000004,-1.9044999999999952,16.976,-7.653,1,0,amplifier_degradation,15,2
R10-AZ,2026-09-01 04:06:00,-7.575000000000001,-0.22499999999999432,17.195,-7.638,1,0,amplifier_degradation,15,2
R10-AZ,2026-09-01 04:08:00,-7.767000000000001,1.7930000000000117,17.489,-6.999,1,0,amplifier_degradation,15,2
R10-AZ,2026-09-01 04:10:00,-8.427000000000001,-1.0029999999999877,16.527,-8.596,1,0,amplifier_degradation,15,2
R10-AZ,2026-09-01 04:12:00,-9.405000000000015,-0.6734999999999918,16.411,-8.97,1,0,amplifier_degradation,15,2
R10-AZ,2026-09-01 04:14:00,-10.354000000000008,-1.0789999999999953,15.483,-10.244,1,0,amplifier_degradation,15,2
R10-AZ,2026-09-01 04:16:00,-9.985000000000003,-0.682999999999991,15.869,-9.833,1,0,amplifier_degradation,15,2
R10-AZ,2026-09-01 04:18:00,-9.878000000000004,-1.8709999999999916,14.972,-11.14,1,0,amplifier_degradation,15,2
R10-AZ,2026-09-01 04:20:00,-10.943000000000008,-0.7599999999999927,15.44,-10.354,1,0,amplifier_degradation,15,2
R10-AZ,2026-09-01 04:22:00,-10.282000000000005,0.9450000000000109,16.106,-9.35,1,0,amplifier_degradation,15,2
R10-AZ,2026-09-01 04:24:00,-10.730000000000006,-0.3029999999999937,14.926,-11.272,1,0,amplifier_degradation,15,2
R10-AZ,2026-09-01 04:26:00,-9.611000000000004,-1.3809999999999985,15.696,-10.043,1,0,amplifier_degradation,15,2
R10-AZ,2026-09-01 04:28:00,-9.662000000000006,-1.6684999999999928,15.336,-10.523,1,0,amplifier_degradation,15,2
R10-AZ,2026-09-01 04:30:00,-9.418000000000005,1.2145000000000117,16.572,-8.559,1,0,amplifier_degradation,15,2
R10-AZ,2026-09-01 04:32:00,-9.795000000000007,-0.3314999999999948,16.188,-9.201,1,0,amplifier_degradation,15,2
R10-AZ,2026-09-01 04:34:00,-10.398000000000005,-1.3899999999999935,15.19,-10.549,1,0,amplifier_degradation,15,2
R10-AZ,2026-09-01 04:36:00,-10.132,-0.2559999999999967,15.721,-9.835,1,0,amplifier_degradation,15,2
R10-AZ,2026-09-01 04:38:00,-10.503999999999998,1.1340000000000074,16.136,-9.345,1,0,amplifier_degradation,15,2
R10-AZ,2026-09-01 04:40:00,-9.684000000000012,-0.1239999999999899,15.585,-10.1,1,0,amplifier_degradation,15,2
R10-AZ,2026-09-01 04:42:00,-2.182499999999999,-1.3259999999999899,19.578,-1.635,0,0,none,-1,-1
R10-AZ,2026-09-01 04:44:00,-1.3160000000000007,-1.0709999999999944,19.738,-0.724,0,0,none,-1,-1
R10-AZ,2026-09-01 04:46:00,-1.0510000000000002,-0.3474999999999948,19.3,-1.759,0,0,none,-1,-1
R10-AZ,2026-09-01 04:48:00,-1.2320000000000082,0.04950000000000365,19.746,-0.021,0,0,fiber_degradation,3,3
R10-AZ,2026-09-01 04:50:00,-1.793000000000001,-0.8459999999999983,19.707,-0.691,0,0,fiber_degradation,3,3
R10-AZ,2026-09-01 04:52:00,-0.8319999999999972,-0.26799999999999535,19.809,0.089,0,0,fiber_degradation,3,3
R10-AZ,2026-09-01 04:54:00,-0.1470000000000038,-0.8359999999999896,19.744,-0.228,0,0,fiber_degradation,3,3
R10-AZ,2026-09-01 04:56:00,-1.2700000000000014,-1.3759999999999977,19.637,-1.278,0,0,fiber_degradation,3,3
R10-AZ,2026-09-01 04:58:00,-0.4930000000000039,-1.867999999999995,19.558,-1.211,0,0,fiber_degradation,3,3
R10-AZ,2026-09-01 05:00:00,-0.8600000000000048,-0.6539999999999964,19.771,-0.311,0,0,fiber_degradation,3,3
R10-AZ,2026-09-01 05:02:00,-0.07600000000001117,0.6070000000000082,19.772,0.917,0,0,fiber_degradation,3,3
R10-AZ,2026-09-01 05:04:00,-1.198000000000004,-1.7469999999999928,19.467,-2.139,0,0,fiber_degradation,3,3
R10-AZ,2026-09-01 05:06:00,-0.8810000000000056,1.2605000000000128,19.765,-0.267,0,0,fiber_degradation,3,3
R10-AZ,2026-09-01 05:08:00,-0.31150000000000944,1.155000000000003,19.774,0.102,0,0,fiber_degradation,3,3
R10-AZ,2026-09-01 05:10:00,-1.2150000000000087,1.2420000000000027,19.774,-0.119,0,0,fiber_degradation,3,3
R10-AZ,2026-09-01 05:12:00,0.19099999999999184,-1.7474999999999952,19.527,-1.295,0,0,fiber_degradation,3,3
R10-AZ,2026-09-01 05:14:00,-1.066000000000006,-0.038999999999983714,19.724,-0.424,0,0,fiber_degradation,3,3
R10-AZ,2026-09-01 05:16:00,-1.373000000000001,-2.1809999999999974,19.593,-1.09,0,0,fiber_degradation,3,3
R10-AZ,2026-09-01 05:18:00,-1.2350000000000012,-0.6759999999999913,19.677,-0.919,0,0,fiber_degradation,3,3
R10-AZ,2026-09-01 05:20:00,-1.3100000000000058,-0.09899999999999842,19.501,-1.6,0,0,fiber_degradation,3,3
R10-AZ,2026-09-01 05:22:00,-0.48100000000000165,0.7150000000000141,19.811,0.676,0,0,fiber_degradation,3,3
R10-AZ,2026-09-01 05:24:00,-0.8360000000000021,-1.2250000000000032,19.55,-1.156,0,0,fiber_degradation,3,3
R10-AZ,2026-09-01 05:26:00,-1.6395000000000088,-0.1399999999999988,19.563,-1.105,0,0,fiber_degradation,3,3
R10-AZ,2026-09-01 05:28:00,-0.9270000000000067,-0.44099999999999007,19.756,-0.041,0,0,fiber_degradation,3,3
R10-AZ,2026-09-01 05:30:00,-1.253000000000002,-1.8499999999999854,19.459,-1.752,0,0,fiber_degradation,3,3
R10-AZ,2026-09-01 05:32:00,-0.1440000000000019,0.47800000000000864,19.781,0.215,0,0,fiber_degradation,3,3
R10-AZ,2026-09-01 05:34:00,-0.8760000000000066,-2.118000000000002,19.18,-2.43,0,0,fiber_degradation,3,3
R10-AZ,2026-09-01 05:36:00,-1.6965000000000092,-1.1069999999999922,19.683,-0.83,0,0,fiber_degradation,3,3
R10-AZ,2026-09-01 05:38:00,-1.066000000000006,-0.7319999999999975,19.506,-1.24,0,0,fiber_degradation,3,3
R10-AZ,2026-09-01 05:40:00,-0.5860000000000074,-0.8289999999999917,19.621,-0.674,0,0,fiber_degradation,3,3
R10-AZ,2026-09-01 05:42:00,-0.6430000000000078,-2.27099999999999,19.361,-1.984,0,0,fiber_degradation,3,3
R10-AZ,2026-09-01 05:44:00,-0.05800000000001049,-0.2719999999999878,19.618,-0.302,0,0,fiber_degradation,3,3
R10-AZ,2026-09-01 05:46:00,-0.6310000000000038,-0.16799999999999216,19.74,-0.004,0,0,fiber_degradation,3,3
R10-AZ,2026-09-01 05:48:00,-1.0380000000000091,-0.6649999999999956,19.53,-0.98,0,0,fiber_degradation,3,3
R10-AZ,2026-09-01 05:50:00,-1.096000000000009,-0.23399999999998577,19.514,-1.359,0,0,fiber_degradation,3,3
R10-AZ,2026-09-01 05:52:00,-1.3110000000000053,0.08800000000001162,19.593,-1.331,0,0,fiber_degradation,3,3
R10-AZ,2026-09-01 05:54:00,-0.8680000000000003,-1.5279999999999934,19.481,-1.243,0,0,fiber_degradation,3,3
R10-AZ,2026-09-01 05:56:00,-0.686000000000007,-1.0489999999999942,19.443,-1.598,0,0,fiber_degradation,3,3
R10-AZ,2026-09-01 05:58:00,0.15700000000000003,-1.7889999999999873,19.666,-0.746,0,0,fiber_degradation,3,3
R10-AZ,2026-09-01 06:00:00,-0.5619999999999923,-1.8280000000000012,19.689,-0.329,0,0,fiber_degradation,3,3
R10-AZ,2026-09-01 06:02:00,-0.8090000000000046,1.4560000000000084,19.786,0.487,0,0,fiber_degradation,3,3
R10-AZ,2026-09-01 06:04:00,-1.3379999999999956,-2.459999999999992,19.084,-2.258,0,0,fiber_degradation,3,3
R10-AZ,2026-09-01 06:06:00,-0.8790000000000067,-2.1309999999999967,19.437,-1.647,0,0,fiber_degradation,3,3
R10-AZ,2026-09-01 06:08:00,-0.6330000000000009,0.06600000000001316,19.729,-0.517,0,0,fiber_degradation,3,3
R10-AZ,2026-09-01 06:10:00,-1.2695000000000025,-0.032999999999994145,19.551,-1.256,0,0,fiber_degradation,3,3
R10-AZ,2026-09-01 06:12:00,-0.8659999999999997,-1.6429999999999954,19.371,-1.791,0,0,fiber_degradation,3,3
R10-AZ,2026-09-01 06:14:00,-0.7850000000000019,-0.4569999999999901,19.71,-0.336,0,0,fiber_degradation,3,3
R10-AZ,2026-09-01 06:16:00,-0.5009999999999977,-0.26699999999999413,19.651,-0.606,0,0,fiber_degradation,3,3
R10-AZ,2026-09-01 06:18:00,-0.9070000000000036,-0.5209999999999919,19.644,-0.996,0,0,fiber_degradation,3,3
R10-AZ,2026-09-01 06:20:00,-1.0720000000000027,-0.6899999999999942,19.691,-0.466,0,0,fiber_degradation,3,3
R10-AZ,2026-09-01 06:22:00,-1.190000000000003,-1.1069999999999833,19.451,-1.28,0,0,fiber_degradation,3,3
R10-AZ,2026-09-01 06:24:00,-1.2760000000000051,-0.1449999999999907,19.385,-1.326,0,0,fiber_degradation,3,3
R10-AZ,2026-09-01 06:26:00,-0.9950000000000063,0.7250000000000121,19.712,-0.578,0,0,none,-1,-1
R10-AZ,2026-09-01 06:28:00,0.2349999999999941,-1.7239999999999913,19.69,-0.459,0,0,none,-1,-1
R10-AZ,2026-09-01 06:30:00,-1.7359999999999935,0.14500000000000668,19.706,-0.868,0,0,none,-1,-1
R10-AZ,2026-09-01 06:32:00,-0.38899999999999935,-0.6289999999999978,19.738,0.559,0,0,none,-1,-1
R10-AZ,2026-09-01 06:34:00,-0.4015000000000022,1.338000000000008,19.779,0.031,0,0,none,-1,-1
R10-AZ,2026-09-01 06:36:00,-1.4010000000000051,0.8965000000000014,19.786,0.477,0,0,none,-1,-1
R10-AZ,2026-09-01 06:38:00,-0.2740000000000027,0.24600000000000932,19.622,0.958,0,0,none,-1,-1
R10-AZ,2026-09-01 06:40:00,-1.203000000000003,1.773000000000005,19.701,1.014,0,0,none,-1,-1
R10-AZ,2026-09-01 06:42:00,-1.5930000000000035,0.5390000000000139,19.781,0.182,0,0,none,-1,-1
R10-AZ,2026-09-01 06:44:00,-1.6440000000000037,-0.5159999999999965,19.77,-0.557,0,0,none,-1,-1
R10-AZ,2026-09-01 06:46:00,-1.1344999999999974,1.3280000000000065,19.756,0.201,0,0,none,-1,-1
R10-AZ,2026-09-01 06:48:00,-1.1660000000000021,-0.7449999999999903,19.678,-0.88,0,0,none,-1,-1
R10-AZ,2026-09-01 06:50:00,-0.17149999999999999,1.4780000000000086,19.626,1.657,0,0,none,-1,-1
R10-AZ,2026-09-01 06:52:00,-0.5470000000000006,-0.4419999999999913,19.731,-0.49,0,0,none,-1,-1
R10-AZ,2026-09-01 06:54:00,-0.45099999999999696,0.6840000000000064,19.803,0.383,0,0,none,-1,-1
R10-AZ,2026-09-01 06:56:00,-1.4350000000000023,1.6530000000000147,19.642,0.445,0,0,none,-1,-1
R10-AZ,2026-09-01 06:58:00,-0.8985000000000056,0.9560000000000048,19.784,0.212,0,0,none,-1,-1
R10-AZ,2026-09-01 07:00:00,-0.18500000000000405,2.0180000000000042,18.857,3.027,0,0,none,-1,-1
R10-AZ,2026-09-01 07:02:00,-0.7959999999999994,1.9345000000000105,19.75,1.085,0,0,none,-1,-1
R10-AZ,2026-09-01 07:04:00,-1.3615000000000013,0.04400000000000226,19.759,-0.318,0,0,none,-1,-1
R10-AZ,2026-09-01 07:06:00,-9.8885,-0.6799999999999891,13.941,-8.978,1,0,amplifier_degradation,4,4
R10-AZ,2026-09-01 07:08:00,-9.511000000000001,-0.19999999999998685,14.778,-7.677,1,0,amplifier_degradation,4,4
R10-AZ,2026-09-01 07:10:00,-9.134500000000005,1.1510000000000051,14.801,-7.304,1,0,amplifier_degradation,4,4
R10-AZ,2026-09-01 07:12:00,-8.340500000000008,-0.5859999999999932,14.365,-7.222,1,0,amplifier_degradation,4,4
R10-AZ,2026-09-01 07:14:00,-9.034000000000006,0.9149999999999991,14.85,-7.977,1,0,amplifier_degradation,4,4
R10-AZ,2026-09-01 07:16:00,-7.817000000000004,1.130000000000015,15.497,-5.878,1,0,amplifier_degradation,4,4
R10-AZ,2026-09-01 07:18:00,-9.316000000000003,-1.198999999999998,14.45,-8.914,1,0,amplifier_degradation,4,4
R10-AZ,2026-09-01 07:20:00,-8.644000000000009,-0.6599999999999895,13.964,-8.859,1,0,amplifier_degradation,4,4
R10-AZ,2026-09-01 07:22:00,-8.239000000000004,2.9010000000000034,15.362,-5.574,1,0,amplifier_degradation,4,4
R10-AZ,2026-09-01 07:24:00,-8.40600000000001,0.9190000000000076,14.515,-7.167,1,0,amplifier_degradation,4,4
R10-AZ,2026-09-01 07:26:00,-7.695500000000003,1.2400000000000126,15.039,-6.872,1,0,amplifier_degradation,4,4
R10-AZ,2026-09-01 07:28:00,-8.898000000000003,0.9415000000000084,14.626,-7.976,1,0,amplifier_degradation,4,4
R10-AZ,2026-09-01 07:30:00,-9.068000000000001,1.0560000000000134,14.99,-7.312,1,0,amplifier_degradation,4,4
R10-AZ,2026-09-01 07:32:00,-9.012000000000004,0.4820000000000011,15.487,-7.028,1,0,amplifier_degradation,4,4
R10-AZ,2026-09-01 07:34:00,-8.430999999999997,1.6440000000000108,14.903,-6.829,1,0,amplifier_degradation,4,4
R10-AZ,2026-09-01 07:36:00,-9.003000000000002,0.6520000000000081,14.852,-7.775,1,0,amplifier_degradation,4,4
R10-AZ,2026-09-01 07:38:00,-8.236,0.6280000000000072,14.964,-7.042,1,0,amplifier_degradation,4,4
R10-AZ,2026-09-01 07:40:00,-8.073000000000006,1.2495000000000065,14.623,-6.859,1,0,amplifier_degradation,4,4
R10-AZ,2026-09-01 07:42:00,-8.046999999999997,0.9386666666666681,15.542,-6.022,1,0,amplifier_degradation,4,4
R10-AZ,2026-09-01 07:44:00,-9.263000000000003,-0.05466666666665354,13.624,-9.47,1,0,amplifier_degradation,4,4
R10-AZ,2026-09-01 07:46:00,-8.445999999999994,0.6060000000000034,14.597,-7.962,1,0,amplifier_degradation,4,4
R10-AZ,2026-09-01 07:48:00,-8.161000000000001,1.8380000000000063,15.853,-5.417,1,0,amplifier_degradation,4,4
R10-AZ,2026-09-01 07:50:00,-8.523500000000007,0.7720000000000091,14.82,-7.046,1,0,amplifier_degradation,4,4
R10-AZ,2026-09-01 07:52:00,-8.508000000000006,-1.0769999999999982,13.633,-8.722,1,0,amplifier_degradation,4,4
R10-AZ,2026-09-01 07:54:00,-8.797500000000007,0.05100000000001792,14.32,-8.059,1,0,amplifier_degradation,4,4
R10-AZ,2026-09-01 07:56:00,-8.704000000000002,0.011000000000013443,14.758,-7.923,1,0,amplifier_degradation,4,4
R10-AZ,2026-09-01 07:58:00,-8.17500000000001,0.670000000000007,15.546,-6.237,1,0,amplifier_degradation,4,4
R10-AZ,2026-09-01 08:00:00,-8.609000000000005,0.04400000000000581,14.285,-8.163,1,0,amplifier_degradation,4,4
R10-AZ,2026-09-01 08:02:00,-8.445000000000002,-0.07050000000000445,14.111,-8.734,1,0,amplifier_degradation,4,4
R10-AZ,2026-09-01 08:04:00,-8.810999999999998,1.4490000000000034,15.133,-6.852,1,0,amplifier_degradation,4,4
R10-AZ,2026-09-01 08:06:00,-1.318000000000012,1.7330000000000112,19.843,1.083,0,0,none,-1,-1
R10-AZ,2026-09-01 08:08:00,-0.9030000000000022,-0.7819999999999965,19.781,0.159,0,0,none,-1,-1
R10-AZ,2026-09-01 08:10:00,-0.8620000000000054,0.42900000000001093,19.756,-0.222,0,0,none,-1,-1
R10-AZ,2026-09-01 08:12:00,-0.973500000000012,-0.8519999999999968,19.73,-1.168,0,0,none,-1,-1
R10-AZ,2026-09-01 08:14:00,-0.5980000000000079,-0.08899999999998975,19.756,-0.045,0,0,none,-1,-1
R10-AZ,2026-09-01 08:16:00,-0.48600000000000243,0.9190000000000111,19.484,1.732,0,0,none,-1,-1
R10-AZ,2026-09-01 08:18:00,-0.9280000000000044,1.2190000000000047,19.788,1.146,0,0,none,-1,-1
R10-AZ,2026-09-01 08:20:00,-0.7689999999999966,-0.3319999999999954,19.588,-1.227,0,0,none,-1,-1
R10-AZ,2026-09-01 08:22:00,-0.2640000000000047,-0.04199999999999804,19.741,-0.151,0,0,none,-1,-1
R10-AZ,2026-09-01 08:24:00,-1.0720000000000098,-0.6899999999999977,19.584,-0.98,0,0,none,-1,-1
R10-AZ,2026-09-01 08:26:00,-0.9315000000000087,1.9790000000000099,19.722,0.331,0,0,none,-1,-1
R10-AZ,2026-09-01 08:28:00,0.0709999999999944,-0.1314999999999955,19.688,0.829,0,0,none,-1,-1
R10-AZ,2026-09-01 08:30:00,-1.143000000000006,0.3140000000000054,19.733,-0.738,0,0,none,-1,-1
R10-AZ,2026-09-01 08:32:00,-1.2730000000000121,0.08800000000000807,19.646,-1.223,0,0,none,-1,-1
R10-AZ,2026-09-01 08:34:00,-0.07099999999999795,0.0905000000000058,19.793,0.396,0,0,none,-1,-1
R10-AZ,2026-09-01 08:36:00,-0.7280000000000015,-1.0039999999999978,19.721,-0.312,0,0,none,-1,-1
R10-AZ,2026-09-01 08:38:00,-0.3116666666666763,-0.1114999999999906,19.741,-0.07,0,0,none,-1,-1
R10-AZ,2026-09-01 08:40:00,-0.7513333333333367,0.21600000000000108,19.756,-0.397,0,0,fiber_degradation,3,5
R10-AZ,2026-09-01 08:42:00,-1.1700000000000053,-2.544999999999993,19.06,-2.338,0,0,fiber_degradation,3,5
R10-AZ,2026-09-01 08:44:00,-1.0180000000000025,-5.457499999999994,17.096,-5.747,0,0,fiber_degradation,3,5
R10-AZ,2026-09-01 08:46:00,-0.2900000000000045,-6.286999999999994,15.961,-5.465,1,0,fiber_degradation,3,5
R10-AZ,2026-09-01 08:48:00,-1.086999999999998,-7.325500000000005,14.702,-7.565,1,0,fiber_degradation,3,5
R10-AZ,2026-09-01 08:50:00,-1.224499999999999,-9.005999999999988,12.741,-9.449,1,1,fiber_degradation,3,5
R10-AZ,2026-09-01 08:52:00,-0.5000000000000071,-12.223999999999998,12.176,-10.083,1,1,fiber_degradation,3,5
R10-AZ,2026-09-01 08:54:00,-0.0010000000000012221,-12.12999999999999,11.556,-10.559,1,1,fiber_degradation,3,5
R10-AZ,2026-09-01 08:56:00,-0.2154999999999987,-10.609,11.824,-10.359,1,1,fiber_degradation,3,5
R10-AZ,2026-09-01 08:58:00,-1.3170000000000126,-11.009999999999994,10.978,-11.84,1,1,fiber_degradation,3,5
R10-AZ,2026-09-01 09:00:00,-1.5064999999999955,-10.42599999999999,11.467,-10.765,1,1,fiber_degradation,3,5
R10-AZ,2026-09-01 09:02:00,-1.2939999999999987,-8.904999999999982,11.446,-10.14,1,1,fiber_degradation,3,5
R10-AZ,2026-09-01 09:04:00,-0.7075000000000014,-10.744999999999987,11.398,-10.592,1,1,fiber_degradation,3,5
R10-AZ,2026-09-01 09:06:00,-1.852000000000011,-0.21999999999999176,19.715,-0.847,0,0,none,-1,-1
R10-AZ,2026-09-01 09:08:00,-0.762000000000004,0.21400000000000574,19.757,-0.152,0,0,none,-1,-1
R10-AZ,2026-09-01 09:10:00,-0.7629999999999981,0.4260000000000037,19.758,-0.514,0,0,none,-1,-1
R10-AZ,2026-09-01 09:12:00,-0.7639999999999993,0.6380000000000106,19.71,-0.788,0,0,none,-1,-1
R10-AZ,2026-09-01 09:14:00,-0.48500000000000654,-0.6179999999999968,19.752,-0.393,0,0,none,-1,-1
R10-AZ,2026-09-01 09:16:00,-1.6560000000000006,-1.0529999999999937,19.577,-1.208,0,0,none,-1,-1
R10-AZ,2026-09-01 09:18:00,-1.6450000000000085,-0.9359999999999946,19.661,-1.485,0,0,none,-1,-1
R10-AZ,2026-09-01 09:20:00,0.05399999999999139,0.4610000000000145,19.729,0.151,0,0,none,-1,-1
R10-AZ,2026-09-01 09:22:00,-0.7270000000000056,1.5350000000000037,19.806,0.49,0,0,none,-1,-1
R10-AZ,2026-09-01 09:24:00,-1.0050000000000008,-1.0449999999999893,19.772,-0.655,0,0,none,-1,-1
R10-AZ,2026-09-01 09:26:00,-0.4280000000000044,-0.9009999999999927,19.708,-0.541,0,0,none,-1,-1
R10-AZ,2026-09-01 09:28:00,-0.1844999999999981,-0.247999999999994,19.737,0.069,0,0,none,-1,-1
R10-AZ,2026-09-01 09:30:00,-0.8384999999999945,-0.043999999999989825,19.751,-0.097,0,0,none,-1,-1
R10-AZ,2026-09-01 09:32:00,-0.780999999999997,0.15800000000001369,19.78,-0.129,0,0,none,-1,-1
R10-AZ,2026-09-01 09:34:00,-1.4159999999999986,-0.3359999999999932,19.725,-0.491,0,0,none,-1,-1
R10-AZ,2026-09-01 09:36:00,-1.0510000000000002,-1.0589999999999886,19.679,-1.012,0,0,none,-1,-1
R10-AZ,2026-09-01 09:38:00,-0.5580000000000016,-0.5599999999999916,19.776,0.234,0,0,none,-1,-1
R10-AZ,2026-09-01 09:40:00,-0.3400000000000034,0.32000000000000384,19.716,-0.295,0,0,none,-1,-1
R10-AZ,2026-09-01 09:42:00,-0.10450000000000514,-0.9339999999999886,19.67,-0.061,0,0,none,-1,-1
R10-AZ,2026-09-01 09:44:00,-0.22600000000000442,-0.40299999999999336,19.721,-0.574,0,0,none,-1,-1
R10-AZ,2026-09-01 09:46:00,-0.5029999999999983,0.5720000000000169,19.764,-0.569,0,0,none,-1,-1
R10-AZ,2026-09-01 09:48:00,-1.323500000000001,-0.3729999999999958,19.652,-1.463,0,0,none,-1,-1
R10-AZ,2026-09-01 09:50:00,-1.1230000000000047,-0.46299999999999564,19.626,-1.324,0,0,none,-1,-1
R10-AZ,2026-09-01 09:52:00,-1.0864999999999991,-0.24899999999999523,19.755,0.377,0,0,none,-1,-1
R10-AZ,2026-09-01 09:54:00,-1.759000000000004,-0.31649999999999245,19.745,-0.749,0,0,none,-1,-1
R10-AZ,2026-09-01 09:56:00,-0.8200000000000021,-2.243999999999996,19.165,-2.565,0,0,none,-1,-1
R10-AZ,2026-09-01 09:58:00,-0.911999999999999,-1.0969999999999924,19.62,-1.271,0,0,none,-1,-1
R10-ZA,2026-09-01 00:00:00,0.28299999999999415,1.4089999999999971,18.731,2.528,0,0,none,-1,-1
R10-ZA,2026-09-01 00:02:00,0.07599999999999163,0.7399999999999878,19.518,2.068,0,0,none,-1,-1
R10-ZA,2026-09-01 00:04:00,-0.1150000000000091,-0.8760000000000101,19.813,0.758,0,0,none,-1,-1
R10-ZA,2026-09-01 00:06:00,0.6334999999999962,-0.3860000000000099,19.538,1.153,0,0,none,-1,-1
R10-ZA,2026-09-01 00:08:00,0.09999999999999787,0.6749999999999918,19.772,1.185,0,0,none,-1,-1
R10-ZA,2026-09-01 00:10:00,-0.4800000000000022,-0.060000000000011156,19.76,-0.128,0,0,none,-1,-1
R10-ZA,2026-09-01 00:12:00,-0.6870000000000029,0.2219999999999942,19.791,1.008,0,0,none,-1,-1
R10-ZA,2026-09-01 00:14:00,0.09749999999999659,0.5099999999999891,19.465,1.816,0,0,none,-1,-1
R10-ZA,2026-09-01 00:16:00,-0.10400000000000631,0.27699999999999747,19.585,1.461,0,0,none,-1,-1
R10-ZA,2026-09-01 00:18:00,0.5289999999999964,-1.5040000000000102,20.009,0.838,0,0,none,-1,-1
R10-ZA,2026-09-01 00:20:00,-0.779000000000007,-0.368000000000011,19.947,-0.011,0,0,none,-1,-1
R10-ZA,2026-09-01 00:22:00,-0.3480000000000061,0.2689999999999859,19.806,1.461,0,0,none,-1,-1
R10-ZA,2026-09-01 00:24:00,-0.1680000000000028,-0.606000000000007,19.964,0.743,0,0,none,-1,-1
R10-ZA,2026-09-01 00:26:00,-0.6689999999999987,-0.026000000000003354,20.125,0.393,0,0,none,-1,-1
R10-ZA,2026-09-01 00:28:00,-0.11000000000000654,1.3689999999999962,19.453,2.355,0,0,none,-1,-1
R10-ZA,2026-09-01 00:30:00,0.2049999999999983,-0.4250000000000096,19.581,1.097,0,0,none,-1,-1
R10-ZA,2026-09-01 00:32:00,0.017999999999990024,0.061999999999992284,19.682,1.566,0,0,none,-1,-1
R10-ZA,2026-09-01 00:34:00,-0.831999999999999,0.43499999999999517,19.796,0.321,0,0,none,-1,-1
R10-ZA,2026-09-01 00:36:00,0.8844999999999867,0.33999999999999275,19.899,0.82,0,0,none,-1,-1
R10-ZA,2026-09-01 00:38:00,-0.6090000000000035,0.27549999999998853,19.795,1.485,0,0,none,-1,-1
R10-ZA,2026-09-01 00:40:00,-0.802500000000002,-0.7240000000000126,19.902,0.783,0,0,none,-1,-1
R10-ZA,2026-09-01 00:42:00,0.5799999999999947,1.4579999999999878,19.171,2.199,0,0,none,-1,-1
R10-ZA,2026-09-01 00:44:00,-0.16550000000000686,0.13949999999998752,19.606,1.099,0,0,amplifier_degradation,12,0
R10-ZA,2026-09-01 00:46:00,-1.3010000000000073,-0.595000000000006,19.968,-0.465,0,0,amplifier_degradation,12,0
R10-ZA,2026-09-01 00:48:00,-1.1370000000000058,-0.6615000000000038,19.775,-0.421,0,0,amplifier_degradation,12,0
R10-ZA,2026-09-01 00:50:00,-2.54900000000001,-0.2920000000000087,19.652,-1.335,0,0,amplifier_degradation,12,0
R10-ZA,2026-09-01 00:52:00,-4.124333333333336,-0.9440000000000062,19.591,-2.792,0,0,amplifier_degradation,12,0
R10-ZA,2026-09-01 00:54:00,-4.292166666666667,-0.25600000000001444,19.371,-2.888,0,0,amplifier_degradation,12,0
R10-ZA,2026-09-01 00:56:00,-4.709000000000003,-1.208000000000009,18.306,-5.238,0,0,amplifier_degradation,12,0
R10-ZA,2026-09-01 00:58:00,-5.080999999999998,0.9959999999999845,18.95,-3.701,0,0,amplifier_degradation,12,0
R10-ZA,2026-09-01 01:00:00,-4.8880000000000035,0.6119999999999983,18.966,-3.795,0,0,amplifier_degradation,12,0
R10-ZA,2026-09-01 01:02:00,-4.516000000000009,1.1264999999999894,19.286,-3.206,0,0,amplifier_degradation,12,0
R10-ZA,2026-09-01 01:04:00,-4.448000000000006,-0.9220000000000059,19.343,-2.536,0,0,amplifier_degradation,12,0
R10-ZA,2026-09-01 01:06:00,-4.155999999999999,-1.014000000000003,18.874,-4.442,0,0,amplifier_degradation,12,0
R10-ZA,2026-09-01 01:08:00,-4.850000000000007,-1.0805000000000096,18.392,-5.229,0,0,amplifier_degradation,12,0
R10-ZA,2026-09-01 01:10:00,-0.054000000000007375,-0.26800000000000423,19.88,-0.308,0,0,none,-1,-1
R10-ZA,2026-09-01 01:12:00,0.23999999999999844,-1.3850000000000087,19.943,0.348,0,0,none,-1,-1
R10-ZA,2026-09-01 01:14:00,0.36599999999999966,0.20299999999999052,19.787,1.479,0,0,none,-1,-1
R10-ZA,2026-09-01 01:16:00,-0.03800000000000914,-0.35100000000000975,19.719,0.607,0,0,none,-1,-1
R10-ZA,2026-09-01 01:18:00,0.47199999999999065,-40.43900000000001,-11.678,-38.978,1,1,fiber_cut,14,1
R10-ZA,2026-09-01 01:20:00,-0.3500000000000014,-40.9285,-12.716,-40.048,1,1,fiber_cut,14,1
R10-ZA,2026-09-01 01:22:00,-0.20800000000000018,-40.16950000000002,-11.674,-38.985,1,1,fiber_cut,14,1
R10-ZA,2026-09-01 01:24:00,0.027999999999996916,-40.00000000000001,-11.112,-38.518,1,1,fiber_cut,14,1
R10-ZA,2026-09-01 01:26:00,0.19399999999999373,-40.754000000000005,-12.199,-39.726,1,1,fiber_cut,14,1
R10-ZA,2026-09-01 01:28:00,0.33299999999999663,-41.41450000000002,-12.257,-40.05,1,1,fiber_cut,14,1
R10-ZA,2026-09-01 01:30:00,0.14099999999998936,-0.5410000000000128,19.796,0.524,0,0,none,-1,-1
R10-ZA,2026-09-01 01:32:00,0.737999999999996,-0.14050000000001184,19.911,1.095,0,0,none,-1,-1
R10-ZA,2026-09-01 01:34:00,0.23699999999999832,0.1839999999999904,19.676,1.348,0,0,none,-1,-1
R10-ZA,2026-09-01 01:36:00,0.4849999999999959,0.2279999999999962,19.761,1.208,0,0,none,-1,-1
R10-ZA,2026-09-01 01:38:00,-0.36500000000001087,-1.570000000000011,19.996,-0.708,0,0,none,-1,-1
R10-ZA,2026-09-01 01:40:00,-0.1130000000000031,0.10999999999998522,19.561,0.387,0,0,none,-1,-1
R10-ZA,2026-09-01 01:42:00,0.43949999999999,0.6154999999999902,19.872,0.882,0,0,none,-1,-1
R10-ZA,2026-09-01 01:44:00,-0.08299999999999841,-1.9120000000000115,19.839,-0.408,0,0,none,-1,-1
R10-ZA,2026-09-01 01:46:00,0.15599999999999703,-1.079000000000006,19.925,-0.238,0,0,none,-1,-1
R10-ZA,2026-09-01 01:48:00,-0.43800000000000416,-0.46000000000001506,19.55,0.746,0,0,none,-1,-1
R10-ZA,2026-09-01 01:50:00,0.03499999999999481,-0.5510000000000055,19.472,0.717,0,0,none,-1,-1
R10-ZA,2026-09-01 01:52:00,0.28399999999999537,-1.1210000000000075,19.835,-0.002,0,0,none,-1,-1
R10-ZA,2026-09-01 01:54:00,-0.22166666666666934,-0.18900000000000894,19.613,0.508,0,0,none,-1,-1
R10-ZA,2026-09-01 01:56:00,0.03566666666665874,-0.34400000000001363,20.011,0.057,0,0,none,-1,-1
R10-ZA,2026-09-01 01:58:00,0.3999999999999879,-0.9730000000000096,20.006,-0.257,0,0,none,-1,-1
R10-ZA,2026-09-01 02:00:00,0.15850000000000009,-0.7480000000000135,19.901,0.34,0,0,none,-1,-1
R10-ZA,2026-09-01 02:02:00,0.3409999999999922,-1.665000000000008,19.92,-0.385,0,0,none,-1,-1
R10-ZA,2026-09-01 02:04:00,0.6449999999999907,-0.9700000000000042,19.454,1.022,0,0,none,-1,-1
R10-ZA,2026-09-01 02:06:00,0.8640000000000008,-0.8860000000000081,19.831,0.547,0,0,none,-1,-1
R10-ZA,2026-09-01 02:08:00,-0.1000000000000032,-0.7960000000000118,19.634,0.501,0,0,none,-1,-1
R10-ZA,2026-09-01 02:10:00,-1.1810000000000027,0.8059999999999885,20.014,0.035,0,0,none,-1,-1
R10-ZA,2026-09-01 02:12:00,0.6129999999999995,-0.711000000000011,19.889,0.447,0,0,none,-1,-1
R10-ZA,2026-09-01 02:14:00,0.08000000000000185,-1.8569999999999993,19.977,-0.301,0,0,none,-1,-1
R10-ZA,2026-09-01 02:16:00,0.27899999999999814,-1.1380000000000088,19.528,1.415,0,0,none,-1,-1
R10-ZA,2026-09-01 02:18:00,0.9759999999999991,0.1514999999999933,19.277,1.094,0,0,none,-1,-1
R10-ZA,2026-09-01 02:20:00,0.9409999999999918,-0.8730000000000047,19.682,1.3,0,0,none,-1,-1
R10-ZA,2026-09-01 02:22:00,-0.3530000000000122,-0.9610000000000039,19.994,-0.642,0,0,none,-1,-1
R10-ZA,2026-09-01 02:24:00,-0.602999999999998,-1.9795000000000087,19.982,-0.063,0,0,none,-1,-1
R10-ZA,2026-09-01 02:26:00,0.09199999999999342,-0.9730000000000096,20.061,0.56,0,0,none,-1,-1
R10-ZA,2026-09-01 02:28:00,0.5069999999999979,-1.4300000000000086,19.858,0.259,0,0,none,-1,-1
R10-ZA,2026-09-01 02:30:00,-1.2690000000000055,-1.0930000000000106,19.942,-0.952,0,0,none,-1,-1
R10-ZA,2026-09-01 02:32:00,0.1564999999999923,-1.2219999999999995,19.952,0.184,0,0,fiber_degradation,15,2
R10-ZA,2026-09-01 02:34:00,0.27100000000000257,-1.3630000000000084,19.757,-0.021,0,0,fiber_degradation,15,2
R10-ZA,2026-09-01 02:36:00,-0.19800000000000573,-2.5290000000000017,19.837,-1.762,0,0,fiber_degradation,15,2
R10-ZA,2026-09-01 02:38:00,-0.4120000000000026,-4.350500000000011,19.642,-3.114,0,0,fiber_degradation,15,2
R10-ZA,2026-09-01 02:40:00,0.8629999999999978,-4.356000000000009,19.511,-3.466,0,0,fiber_degradation,15,2
R10-ZA,2026-09-01 02:42:00,0.6129999999999995,-6.3039999999999985,19.447,-3.495,0,0,fiber_degradation,15,2
R10-ZA,2026-09-01 02:44:00,0.48299999999999876,-3.8650000000000126,19.199,-3.654,0,0,fiber_degradation,15,2
R10-ZA,2026-09-01 02:46:00,-0.1096666666666728,-6.435000000000009,18.857,-5.178,0,0,fiber_degradation,15,2
R10-ZA,2026-09-01 02:48:00,0.12566666666666926,-4.81750000000001,18.96,-4.89,0,0,fiber_degradation,15,2
R10-ZA,2026-09-01 02:50:00,0.653999999999991,-5.869000000000003,18.764,-4.458,0,0,fiber_degradation,15,2
R10-ZA,2026-09-01 02:52:00,-0.031000000000014793,-6.662000000000006,18.491,-5.749,0,0,fiber_degradation,15,2
R10-ZA,2026-09-01 02:54:00,0.14099999999998758,-9.55500000000001,17.426,-8.392,1,0,fiber_degradation,15,2
R10-ZA,2026-09-01 02:56:00,0.0589999999999975,-8.322000000000006,18.187,-6.387,1,0,fiber_degradation,15,2
R10-ZA,2026-09-01 02:58:00,-0.19499999999999673,-9.130000000000013,17.157,-8.618,1,0,fiber_degradation,15,2
R10-ZA,2026-09-01 03:00:00,-0.6290000000000013,-9.122000000000014,17.043,-8.83,1,0,fiber_degradation,15,2
R10-ZA,2026-09-01 03:02:00,0.5209999999999972,-8.873000000000008,17.174,-8.152,1,0,fiber_degradation,15,2
R10-ZA,2026-09-01 03:04:00,-0.08500000000000263,-10.872000000000005,16.434,-9.577,1,0,fiber_degradation,15,2
R10-ZA,2026-09-01 03:06:00,0.35499999999999865,-11.400000000000006,15.648,-10.877,1,0,fiber_degradation,15,2
R10-ZA,2026-09-01 03:08:00,-0.005999999999994898,-11.394500000000008,15.325,-11.243,1,0,fiber_degradation,15,2
R10-ZA,2026-09-01 03:10:00,0.28849999999999376,-12.49900000000001,15.088,-11.754,1,0,fiber_degradation,15,2
R10-ZA,2026-09-01 03:12:00,0.20799999999999486,-12.729000000000005,14.419,-12.566,1,0,fiber_degradation,15,2
R10-ZA,2026-09-01 03:14:00,0.534499999999996,-13.626,14.706,-11.78,1,0,fiber_degradation,15,2
R10-ZA,2026-09-01 03:16:00,1.0839999999999925,-13.565000000000005,14.809,-11.599,1,0,fiber_degradation,15,2
R10-ZA,2026-09-01 03:18:00,0.5579999999999998,-13.156500000000007,14.982,-11.472,1,0,fiber_degradation,15,2
R10-ZA,2026-09-01 03:20:00,0.4120000000000008,-13.208000000000007,14.994,-11.211,1,0,fiber_degradation,15,2
R10-ZA,2026-09-01 03:22:00,0.722999999999999,-13.54700000000001,14.624,-11.884,1,0,fiber_degradation,15,2
R10-ZA,2026-09-01 03:24:00,-0.09600000000000719,-13.338500000000009,14.332,-11.896,1,0,fiber_degradation,15,2
R10-ZA,2026-09-01 03:26:00,-0.9150000000000063,-13.130000000000006,14.302,-12.624,1,0,fiber_degradation,15,2
R10-ZA,2026-09-01 03:28:00,-0.22299999999999898,-12.415000000000008,14.531,-12.224,1,0,fiber_degradation,15,2
R10-ZA,2026-09-01 03:30:00,0.23099999999999277,-12.876000000000001,14.278,-12.222,1,0,fiber_degradation,15,2
R10-ZA,2026-09-01 03:32:00,-0.09200000000000053,-13.974000000000006,13.871,-13.145,1,0,fiber_degradation,15,2
R10-ZA,2026-09-01 03:34:00,-0.22400000000000375,-13.743500000000004,14.29,-12.44,1,0,fiber_degradation,15,2
R10-ZA,2026-09-01 03:36:00,0.13899999999999224,-12.683500000000015,13.825,-13.064,1,0,fiber_degradation,15,2
R10-ZA,2026-09-01 03:38:00,1.6249999999999982,-13.042500000000013,15.24,-11.074,1,0,fiber_degradation,15,2
R10-ZA,2026-09-01 03:40:00,-0.4114999999999984,-14.368000000000007,13.802,-13.21,1,0,fiber_degradation,15,2
R10-ZA,2026-09-01 03:42:00,-0.5440000000000111,-13.455000000000009,14.512,-12.321,1,0,fiber_degradation,15,2
R10-ZA,2026-09-01 03:44:00,0.1379999999999928,-13.059000000000013,14.524,-11.979,1,0,fiber_degradation,15,2
R10-ZA,2026-09-01 03:46:00,0.20149999999999224,-13.204000000000006,14.616,-12.023,1,0,fiber_degradation,15,2
R10-ZA,2026-09-01 03:48:00,0.14899999999999913,-1.2420000000000115,19.907,0.141,0,0,none,-1,-1
R10-ZA,2026-09-01 03:50:00,-0.4610000000000021,-1.1450000000000067,19.954,-0.759,0,0,none,-1,-1
R10-ZA,2026-09-01 03:52:00,-0.610000000000003,-0.6850000000000112,19.954,-0.182,0,0,none,-1,-1
R10-ZA,2026-09-01 03:54:00,-0.2629999999999981,-0.7850000000000019,19.824,0.871,0,0,none,-1,-1
R10-ZA,2026-09-01 03:56:00,-0.23700000000000188,-1.4180000000000081,19.93,-0.86,0,0,none,-1,-1
R10-ZA,2026-09-01 03:58:00,1.0019999999999882,0.0889999999999933,19.957,0.652,0,0,none,-1,-1
R10-ZA,2026-09-01 04:00:00,0.39099999999998936,-2.450000000000008,20.005,0.154,0,0,none,-1,-1
R10-ZA,2026-09-01 04:02:00,-0.10600000000000698,-1.6290000000000049,19.989,-1.118,0,0,none,-1,-1
R10-ZA,2026-09-01 04:04:00,-0.883000000000008,0.25599999999999135,19.781,0.104,0,0,none,-1,-1
R10-ZA,2026-09-01 04:06:00,-0.09200000000000585,-0.9860000000000078,19.98,-0.431,0,0,none,-1,-1
R10-ZA,2026-09-01 04:08:00,0.41600000000000037,-0.05000000000000604,19.971,0.253,0,0,none,-1,-1
R10-ZA,2026-09-01 04:10:00,0.2270000000000003,-1.237000000000009,19.783,-0.119,0,0,none,-1,-1
R10-ZA,2026-09-01 04:12:00,1.017000000000003,-1.3690000000000069,19.57,1.44,0,0,none,-1,-1
R10-ZA,2026-09-01 04:14:00,-0.5440000000000023,-2.2230000000000096,20.015,-1.176,0,0,none,-1,-1
R10-ZA,2026-09-01 04:16:00,-0.4890000000000043,-1.039000000000014,20.081,-0.583,0,0,none,-1,-1
R10-ZA,2026-09-01 04:18:00,-0.3940000000000019,-1.4910000000000068,20.095,-1.063,0,0,none,-1,-1
R10-ZA,2026-09-01 04:20:00,0.10399999999999032,-1.0510000000000037,20.002,-0.423,0,0,none,-1,-1
R10-ZA,2026-09-01 04:22:00,0.9479999999999933,-0.8490000000000144,19.764,1.582,0,0,none,-1,-1
R10-ZA,2026-09-01 04:24:00,0.6519999999999939,-0.4570000000000096,19.421,0.978,0,0,none,-1,-1
R10-ZA,2026-09-01 04:26:00,0.42599999999999305,1.08199999999999,19.651,1.415,0,0,none,-1,-1
R10-ZA,2026-09-01 04:28:00,0.03599999999999426,-1.6570000000000125,20.042,0.046,0,0,none,-1,-1
R10-ZA,2026-09-01 04:30:00,-0.3190000000000026,-0.7440000000000175,20.117,0.07,0,0,none,-1,-1
R10-ZA,2026-09-01 04:32:00,-0.17400000000000482,-1.6510000000000105,20.027,-0.426,0,0,none,-1,-1
R10-ZA,2026-09-01 04:34:00,0.8509999999999955,-1.7845000000000102,19.658,1.025,0,0,none,-1,-1
R10-ZA,2026-09-01 04:36:00,0.13200000000000145,-1.1340000000000128,19.944,-0.055,0,0,none,-1,-1
R10-ZA,2026-09-01 04:38:00,0.1805000000000021,-2.853000000000007,19.965,-0.859,0,0,none,-1,-1
R10-ZA,2026-09-01 04:40:00,0.2649999999999988,-2.7030000000000154,19.998,-0.227,0,0,none,-1,-1
R10-ZA,2026-09-01 04:42:00,0.7859999999999889,-2.0390000000000015,19.984,-0.352,0,0,none,-1,-1
R10-ZA,2026-09-01 04:44:00,0.4929999999999968,-1.7950000000000124,19.631,0.606,0,0,none,-1,-1
R10-ZA,2026-09-01 04:46:00,-0.8380000000000063,-1.5830000000000144,19.974,-0.803,0,0,none,-1,-1
R10-ZA,2026-09-01 04:48:00,-0.18350000000000755,-0.4620000000000122,20.015,0.023,0,0,none,-1,-1
R10-ZA,2026-09-01 04:50:00,0.0429999999999886,-1.4740000000000162,19.997,-0.012,0,0,none,-1,-1
R10-ZA,2026-09-01 04:52:00,-0.20299999999999763,-1.5730000000000075,19.976,-0.213,0,0,none,-1,-1
R10-ZA,2026-09-01 04:54:00,0.26499999999998813,-0.4525000000000077,19.848,0.815,0,0,none,-1,-1
R10-ZA,2026-09-01 04:56:00,-0.39400000000000013,-0.7700000000000049,19.887,-0.049,0,0,none,-1,-1
R10-ZA,2026-09-01 04:58:00,-0.5060000000000091,-0.44350000000000733,20.045,0.718,0,0,none,-1,-1
R10-ZA,2026-09-01 05:00:00,-0.40450000000001296,-1.9420000000000126,19.995,-0.846,0,0,none,-1,-1
R10-ZA,2026-09-01 05:02:00,-0.7310000000000105,-1.2740000000000062,19.912,-1.763,0,0,none,-1,-1
R10-ZA,2026-09-01 05:04:00,0.24299999999999322,-0.1240000000000041,19.929,0.911,0,0,none,-1,-1
R10-ZA,2026-09-01 05:06:00,-0.15700000000000536,-1.8580000000000094,20.07,-0.149,0,0,none,-1,-1
R10-ZA,2026-09-01 05:08:00,1.1919999999999966,-1.111000000000006,20.042,0.318,0,0,fiber_degradation,12,3
R10-ZA,2026-09-01 05:10:00,0.8089999999999922,-2.42400000000001,19.883,-0.935,0,0,fiber_degradation,12,3
R10-ZA,2026-09-01 05:12:00,0.690999999999999,-3.7610000000000063,19.794,-1.595,0,0,fiber_degradation,12,3
R10-ZA,2026-09-01 05:14:00,1.424999999999999,-4.4580000000000055,19.512,-2.475,0,0,fiber_degradation,12,3
R10-ZA,2026-09-01 05:16:00,0.5914999999999981,-4.277000000000012,19.292,-3.23,0,0,fiber_degradation,12,3
R10-ZA,2026-09-01 05:18:00,0.9169999999999963,-3.730000000000013,19.285,-2.647,0,0,fiber_degradation,12,3
R10-ZA,2026-09-01 05:20:00,1.1279999999999983,-6.837000000000007,18.591,-4.467,0,0,fiber_degradation,12,3
R10-ZA,2026-09-01 05:22:00,0.7199999999999953,-7.486000000000006,17.706,-6.133,1,0,fiber_degradation,12,3
R10-ZA,2026-09-01 05:24:00,0.9629999999999992,-9.166000000000007,17.253,-6.851,1,0,fiber_degradation,12,3
R10-ZA,2026-09-01 05:26:00,1.2319999999999975,-9.541,16.72,-7.427,1,0,fiber_degradation,12,3
R10-ZA,2026-09-01 05:28:00,1.9794999999999998,-11.341000000000006,16.114,-8.317,1,0,fiber_degradation,12,3
R10-ZA,2026-09-01 05:30:00,1.633999999999995,-11.538000000000006,15.367,-9.186,1,0,fiber_degradation,12,3
R10-ZA,2026-09-01 05:32:00,2.0784999999999876,-12.021000000000013,14.777,-9.596,1,0,fiber_degradation,12,3
R10-ZA,2026-09-01 05:34:00,1.7124999999999986,-11.32200000000001,15.271,-8.874,1,0,fiber_degradation,12,3
R10-ZA,2026-09-01 05:36:00,1.3229999999999968,-11.862000000000007,14.196,-10.282,1,0,fiber_degradation,12,3
R10-ZA,2026-09-01 05:38:00,1.0684999999999896,-12.165500000000003,14.799,-9.65,1,0,fiber_degradation,12,3
R10-ZA,2026-09-01 05:40:00,1.4669999999999934,-11.891000000000012,14.244,-10.284,1,0,fiber_degradation,12,3
R10-ZA,2026-09-01 05:42:00,1.2739999999999974,-12.157,14.381,-10.105,1,0,fiber_degradation,12,3
R10-ZA,2026-09-01 05:44:00,0.5859999999999932,-13.230000000000006,13.481,-11.436,1,0,fiber_degradation,12,3
R10-ZA,2026-09-01 05:46:00,1.451499999999994,-12.546999999999995,14.968,-9.594,1,0,fiber_degradation,12,3
R10-ZA,2026-09-01 05:48:00,0.017999999999993577,-12.280000000000012,14.2,-10.471,1,0,fiber_degradation,12,3
R10-ZA,2026-09-01 05:50:00,1.991999999999992,-10.814000000000005,15.557,-8.272,1,0,fiber_degradation,12,3
R10-ZA,2026-09-01 05:52:00,0.9359999999999982,-12.765000000000011,13.759,-10.94,1,0,fiber_degradation,12,3
R10-ZA,2026-09-01 05:54:00,-0.3060000000000045,-0.3430000000000071,20.021,0.154,0,0,none,-1,-1
R10-ZA,2026-09-01 05:56:00,0.42299999999999294,-1.371000000000011,20.076,0.006,0,0,none,-1,-1
R10-ZA,2026-09-01 05:58:00,0.0470000000000006,-0.2260000000000062,19.773,0.648,0,0,none,-1,-1
R10-ZA,2026-09-01 06:00:00,-0.08800000000000097,-1.2640000000000082,20.01,-0.341,0,0,none,-1,-1
R10-ZA,2026-09-01 06:02:00,0.5089999999999932,-1.044000000000004,20.021,0.421,0,0,none,-1,-1
R10-ZA,2026-09-01 06:04:00,-0.45900000000000674,-0.23400000000001242,19.763,0.732,0,0,none,-1,-1
R10-ZA,2026-09-01 06:06:00,0.9679999999999982,1.2969999999999953,19.388,1.934,0,0,none,-1,-1
R10-ZA,2026-09-01 06:08:00,-0.2320000000000082,0.2719999999999878,19.48,0.997,0,0,none,-1,-1
R10-ZA,2026-09-01 06:10:00,0.2959999999999976,0.42699999999999605,19.215,2.263,0,0,none,-1,-1
R10-ZA,2026-09-01 06:12:00,-0.03700000000000436,0.13599999999999035,20.011,0.854,0,0,none,-1,-1
R10-ZA,2026-09-01 06:14:00,0.779999999999994,-0.0860000000000003,19.487,1.272,0,0,none,-1,-1
R10-ZA,2026-09-01 06:16:00,0.21200000000000685,-0.4720000000000102,19.68,1.021,0,0,none,-1,-1
R10-ZA,2026-09-01 06:18:00,0.9579999999999966,0.2439999999999909,19.252,2.747,0,0,none,-1,-1
R10-ZA,2026-09-01 06:20:00,1.3659999999999837,0.5919999999999952,19.577,2.273,0,0,none,-1,-1
R10-ZA,2026-09-01 06:22:00,0.1479999999999979,-0.8530000000000086,19.751,0.674,0,0,none,-1,-1
R10-ZA,2026-09-01 06:24:00,0.9650000000000016,0.29899999999998883,19.858,0.72,0,0,none,-1,-1
R10-ZA,2026-09-01 06:26:00,1.2560000000000056,-0.035000000000009024,19.366,2.372,0,0,none,-1,-1
R10-ZA,2026-09-01 06:28:00,-0.49500000000000277,0.9179999999999975,19.571,1.675,0,0,none,-1,-1
R10-ZA,2026-09-01 06:30:00,0.6879999999999882,-0.30700000000000927,19.467,1.61,0,0,none,-1,-1
R10-ZA,2026-09-01 06:32:00,0.5829999999999931,0.785999999999996,18.999,2.548,0,0,none,-1,-1
R10-ZA,2026-09-01 06:34:00,-0.32500000000000284,1.4249999999999883,19.595,1.211,0,0,none,-1,-1
R10-ZA,2026-09-01 06:36:00,0.6509999999999909,0.18199999999999683,19.797,1.105,0,0,none,-1,-1
R10-ZA,2026-09-01 06:38:00,-0.6730000000000089,-0.8140000000000178,19.622,1.094,0,0,none,-1,-1
R10-ZA,2026-09-01 06:40:00,0.3655000000000026,0.4669999999999934,19.367,2.007,0,0,none,-1,-1
R10-ZA,2026-09-01 06:42:00,0.5469999999999917,-0.013000000000010559,19.36,1.987,0,0,none,-1,-1
R10-ZA,2026-09-01 06:44:00,-0.13200000000000855,-0.7600000000000033,19.95,-0.17,0,0,none,-1,-1
R10-ZA,2026-09-01 06:46:00,0.6119999999999859,0.3789999999999889,19.201,2.263,0,0,none,-1,-1
R10-ZA,2026-09-01 06:48:00,0.03500000000000192,-0.5390000000000104,19.989,1.186,0,0,none,-1,-1
R10-ZA,2026-09-01 06:50:00,-0.020000000000004903,0.6684999999999945,19.927,1.04,0,0,none,-1,-1
R10-ZA,2026-09-01 06:52:00,0.3399999999999963,0.8610000000000042,19.132,2.061,0,0,none,-1,-1
R10-ZA,2026-09-01 06:54:00,-0.3395000000000028,0.19749999999999623,19.516,1.737,0,0,none,-1,-1
R10-ZA,2026-09-01 06:56:00,-0.3250000000000064,-1.1500000000000075,19.984,-0.449,0,0,none,-1,-1
R10-ZA,2026-09-01 06:58:00,0.799000000000003,0.7759999999999927,19.036,2.469,0,0,none,-1,-1
R10-ZA,2026-09-01 07:00:00,0.023499999999987864,0.41999999999999815,19.485,2.191,0,0,none,-1,-1
R10-ZA,2026-09-01 07:02:00,0.12299999999999756,-0.2950000000000035,19.823,1.057,0,0,none,-1,-1
R10-ZA,2026-09-01 07:04:00,-0.1600000000000108,1.0689999999999884,19.886,1.399,0,0,none,-1,-1
R10-ZA,2026-09-01 07:06:00,-0.18150000000000333,1.234999999999987,19.441,1.646,0,0,none,-1,-1
R10-ZA,2026-09-01 07:08:00,0.26299999999999457,0.28599999999998715,19.545,0.855,0,0,none,-1,-1
R10-ZA,2026-09-01 07:10:00,-1.474000000000002,-1.3050000000000068,19.966,-0.78,0,0,none,-1,-1
R10-ZA,2026-09-01 07:12:00,0.2779999999999916,0.7449999999999903,19.646,1.666,0,0,none,-1,-1
R10-ZA,2026-09-01 07:14:00,0.48799999999999244,0.9629999999999974,19.421,2.305,0,0,none,-1,-1
R10-ZA,2026-09-01 07:16:00,-0.0020000000000042206,1.1249999999999876,19.541,1.634,0,0,none,-1,-1
R10-ZA,2026-09-01 07:18:00,0.9569999999999883,-0.2590000000000039,19.763,1.71,0,0,none,-1,-1
R10-ZA,2026-09-01 07:20:00,0.4350000000000005,0.2609999999999957,19.231,1.303,0,0,none,-1,-1
R10-ZA,2026-09-01 07:22:00,-0.20600000000000307,-0.5350000000000108,19.836,0.438,0,0,none,-1,-1
R10-ZA,2026-09-01 07:24:00,-0.2380000000000031,1.8749999999999947,19.141,1.734,0,0,none,-1,-1
R10-ZA,2026-09-01 07:26:00,0.21399999999998975,1.2274999999999974,19.173,2.345,0,0,none,-1,-1
R10-ZA,2026-09-01 07:28:00,-1.2390000000000043,1.025999999999991,19.805,0.579,0,0,none,-1,-1
R10-ZA,2026-09-01 07:30:00,-0.2435000000000045,1.3729999999999922,19.655,1.955,0,0,none,-1,-1
R10-ZA,2026-09-01 07:32:00,-0.16150000000000375,0.9000000000000004,19.838,0.815,0,0,none,-1,-1
R10-ZA,2026-09-01 07:34:00,-0.3980000000000068,-40.70400000000001,-11.38,-39.678,1,1,fiber_cut,16,4
R10-ZA,2026-09-01 07:36:00,0.05699999999999683,-38.74200000000001,-9.931,-38.154,1,1,fiber_cut,16,4
R10-ZA,2026-09-01 07:38:00,0.07599999999999518,-39.61600000000001,-10.608,-38.878,1,1,fiber_cut,16,4
R10-ZA,2026-09-01 07:40:00,0.589999999999991,-38.80050000000001,-9.653,-38.027,1,1,fiber_cut,16,4
R10-ZA,2026-09-01 07:42:00,0.06099999999999284,-39.139,-10.248,-38.518,1,1,fiber_cut,16,4
R10-ZA,2026-09-01 07:44:00,-0.6430000000000042,-38.83400000000001,-10.126,-38.641,1,1,fiber_cut,16,4
R10-ZA,2026-09-01 07:46:00,-0.25900000000000745,-39.016999999999996,-9.692,-38.193,1,1,fiber_cut,16,4
R10-ZA,2026-09-01 07:48:00,0.6280000000000001,-38.781000000000006,-9.6,-37.427,1,1,fiber_cut,16,4
R10-ZA,2026-09-01 07:50:00,-0.14900000000000446,-39.36000000000001,-10.106,-38.463,1,1,fiber_cut,16,4
R10-ZA,2026-09-01 07:52:00,-0.11400000000000077,-39.77400000000001,-10.265,-38.542,1,1,fiber_cut,16,4
R10-ZA,2026-09-01 07:54:00,-0.030000000000011795,-37.59000000000001,-9.706,-37.937,1,1,fiber_cut,16,4
R10-ZA,2026-09-01 07:56:00,0.02800000000000047,-38.43400000000001,-9.796,-38.261,1,1,fiber_cut,16,4
R10-ZA,2026-09-01 07:58:00,0.6029999999999891,-39.010000000000005,-9.134,-37.252,1,1,fiber_cut,16,4
R10-ZA,2026-09-01 08:00:00,-0.26100000000000456,-37.85900000000001,-9.575,-37.848,1,1,fiber_cut,16,4
R10-ZA,2026-09-01 08:02:00,0.15599999999999348,-39.13100000000001,-10.02,-38.113,1,1,fiber_cut,16,4
R10-ZA,2026-09-01 08:04:00,-0.18600000000000172,-37.409000000000006,-8.763,-37.049,1,1,fiber_cut,16,4
R10-ZA,2026-09-01 08:06:00,-0.17100000000000826,-39.304,-11.119,-39.036,1,1,fiber_cut,16,4
R10-ZA,2026-09-01 08:08:00,0.14199999999999058,-39.85600000000001,-10.168,-38.482,1,1,fiber_cut,16,4
R10-ZA,2026-09-01 08:10:00,-0.07500000000000462,1.5209999999999937,19.502,1.967,0,0,none,-1,-1
R10-ZA,2026-09-01 08:12:00,-0.6210000000000111,0.7714999999999925,19.142,1.478,0,0,none,-1,-1
R10-ZA,2026-09-01 08:14:00,0.051999999999997826,0.47599999999999376,18.982,1.633,0,0,none,-1,-1
R10-ZA,2026-09-01 08:16:00,0.5530000000000008,1.8479999999999919,18.657,2.776,0,0,none,-1,-1
R10-ZA,2026-09-01 08:18:00,0.6039999999999885,1.1129999999999942,19.208,2.144,0,0,none,-1,-1
R10-ZA,2026-09-01 08:20:00,-0.2780000000000076,1.8779999999999877,18.675,2.936,0,0,none,-1,-1
R10-ZA,2026-09-01 08:22:00,-0.06300000000000061,1.0819999999999865,19.437,2.01,0,0,none,-1,-1
R10-ZA,2026-09-01 08:24:00,0.2715000000000032,0.5239999999999867,19.807,1.781,0,0,none,-1,-1
R10-ZA,2026-09-01 08:26:00,0.9729999999999954,1.3229999999999933,18.923,2.928,0,0,none,-1,-1
R10-ZA,2026-09-01 08:28:00,0.544000000000004,0.4764999999999908,19.527,1.942,0,0,none,-1,-1
R10-ZA,2026-09-01 08:30:00,0.13400000000000212,0.7729999999999908,19.275,2.169,0,0,none,-1,-1
R10-ZA,2026-09-01 08:32:00,0.3739999999999899,0.7409999999999943,19.514,2.243,0,0,none,-1,-1
R10-ZA,2026-09-01 08:34:00,-0.10400000000001164,0.5899999999999928,19.232,2.178,0,0,none,-1,-1
R10-ZA,2026-09-01 08:36:00,-0.24400000000000333,1.0179999999999936,19.698,1.562,0,0,none,-1,-1
R10-ZA,2026-09-01 08:38:00,-0.6629999999999985,1.7689999999999912,19.789,1.739,0,0,none,-1,-1
R10-ZA,2026-09-01 08:40:00,0.7139999999999986,1.069999999999995,18.175,3.21,0,0,none,-1,-1
R10-ZA,2026-09-01 08:42:00,-0.2930000000000046,1.9539999999999935,18.996,2.705,0,0,none,-1,-1
R10-ZA,2026-09-01 08:44:00,0.2129999999999974,-0.3880000000000088,19.639,1.627,0,0,none,-1,-1
R10-ZA,2026-09-01 08:46:00,-0.1550000000000029,-0.9100000000000108,19.633,1.695,0,0,none,-1,-1
R10-ZA,2026-09-01 08:48:00,0.5559999999999921,1.2549999999999883,19.237,2.091,0,0,none,-1,-1
R10-ZA,2026-09-01 08:50:00,0.520999999999999,1.568999999999992,18.36,3.13,0,0,none,-1,-1
R10-ZA,2026-09-01 08:52:00,-0.02050000000000196,1.4809999999999945,18.724,3.182,0,0,none,-1,-1
R10-ZA,2026-09-01 08:54:00,0.9329999999999945,-0.42800000000000615,19.997,1.449,0,0,none,-1,-1
R10-ZA,2026-09-01 08:56:00,0.3230000000000022,0.06399999999999473,19.816,0.877,0,0,none,-1,-1
R10-ZA,2026-09-01 08:58:00,0.7489999999999952,-0.34500000000000597,19.579,1.766,0,0,none,-1,-1
R10-ZA,2026-09-01 09:00:00,0.0899999999999963,-0.04750000000000654,19.825,0.822,0,0,none,-1,-1
R10-ZA,2026-09-01 09:02:00,0.063500000000003,-0.31900000000000617,19.703,0.763,0,0,none,-1,-1
R10-ZA,2026-09-01 09:04:00,0.35599999999999987,0.3520000000000021,19.773,1.3,0,0,none,-1,-1
R10-ZA,2026-09-01 09:06:00,0.03299999999999592,1.4889999999999883,18.782,2.953,0,0,none,-1,-1
R10-ZA,2026-09-01 09:08:00,-0.47100000000001074,-0.2660000000000107,19.812,0.86,0,0,none,-1,-1
R10-ZA,2026-09-01 09:10:00,0.9159999999999915,0.07899999999998997,19.403,2.224,0,0,none,-1,-1
R10-ZA,2026-09-01 09:12:00,0.44499999999999673,1.0009999999999941,19.241,1.563,0,0,none,-1,-1
R10-ZA,2026-09-01 09:14:00,-0.5220000000000073,0.12399999999998457,20.172,0.452,0,0,none,-1,-1
R10-ZA,2026-09-01 09:16:00,-0.613999999999999,1.3929999999999954,19.839,1.499,0,0,none,-1,-1
R10-ZA,2026-09-01 09:18:00,0.5619999999999976,1.5339999999999936,19.522,2.248,0,0,none,-1,-1
R10-ZA,2026-09-01 09:20:00,0.8389999999999951,1.8799999999999937,19.107,3.343,0,0,none,-1,-1
R10-ZA,2026-09-01 09:22:00,0.12899999999999245,0.8109999999999911,19.095,2.237,0,0,none,-1,-1
R10-ZA,2026-09-01 09:24:00,0.33049999999998647,-0.28950000000000387,18.827,2.605,0,0,fiber_degradation,12,5
R10-ZA,2026-09-01 09:26:00,0.5319999999999965,-1.3900000000000095,19.944,-0.141,0,0,fiber_degradation,12,5
R10-ZA,2026-09-01 09:28:00,-0.22100000000001074,-0.16350000000000797,19.73,0.441,0,0,fiber_degradation,12,5
R10-ZA,2026-09-01 09:30:00,-0.2585000000000015,-2.385500000000013,19.897,-0.74,0,0,fiber_degradation,12,5
R10-ZA,2026-09-01 09:32:00,-0.5980000000000096,-3.8200000000000074,19.492,-2.755,0,0,fiber_degradation,12,5
R10-ZA,2026-09-01 09:34:00,0.2719999999999878,-2.844000000000012,19.274,-2.213,0,0,fiber_degradation,12,5
R10-ZA,2026-09-01 09:36:00,-0.41800000000000814,-3.940000000000012,19.094,-2.913,0,0,fiber_degradation,12,5
R10-ZA,2026-09-01 09:38:00,0.3139999999999983,-7.001500000000014,18.554,-4.492,0,0,fiber_degradation,12,5
R10-ZA,2026-09-01 09:40:00,-0.5699999999999967,-5.219000000000008,18.081,-5.28,0,0,fiber_degradation,12,5
R10-ZA,2026-09-01 09:42:00,-0.5070000000000014,-6.841000000000005,17.82,-5.594,0,0,fiber_degradation,12,5
R10-ZA,2026-09-01 09:44:00,0.6199999999999903,-6.789000000000007,17.955,-4.948,0,0,fiber_degradation,12,5
R10-ZA,2026-09-01 09:46:00,0.40499999999999226,-5.7630000000000035,18.065,-4.942,0,0,fiber_degradation,12,5
R10-ZA,2026-09-01 09:48:00,0.46199999999999264,-6.037000000000006,18.046,-4.938,0,0,fiber_degradation,12,5
R10-ZA,2026-09-01 09:50:00,0.2715000000000032,-7.371000000000009,17.601,-5.999,0,0,fiber_degradation,12,5
R10-ZA,2026-09-01 09:52:00,0.5944999999999965,-5.73900000000001,17.928,-4.845,0,0,fiber_degradation,12,5
R10-ZA,2026-09-01 09:54:00,0.34499999999999176,-7.7650000000000095,17.543,-5.779,0,0,fiber_degradation,12,5
R10-ZA,2026-09-01 09:56:00,-0.05100000000000726,-7.155000000000008,17.625,-5.74,0,0,fiber_degradation,12,5
R10-ZA,2026-09-01 09:58:00,-0.29800000000000004,-7.643000000000006,17.534,-6.037,1,0,fiber_degradation,12,5
