link_id,timestamp,X1,X2,osnr_db,y,pred,fault_type,fault_span
R01-AZ,2026-09-01 00:00:00,-1.2269999999999932,0.2559999999999949,20.001,0,0,none,-1
R01-AZ,2026-09-01 00:02:00,-0.5865000000000009,1.4479999999999895,19.922,0,0,none,-1
R01-AZ,2026-09-01 00:04:00,-0.5279999999999916,0.2094999999999895,19.935,0,0,none,-1
R01-AZ,2026-09-01 00:06:00,-0.5989999999999949,1.4229999999999947,19.858,0,0,none,-1
R01-AZ,2026-09-01 00:08:00,-1.0019999999999936,0.8579999999999934,19.904,0,0,none,-1
R01-AZ,2026-09-01 00:10:00,-1.9830000000000023,2.1949999999999896,19.905,0,0,none,-1
R01-AZ,2026-09-01 00:12:00,-1.3489999999999949,-0.5900000000000105,19.984,0,0,none,-1
R01-AZ,2026-09-01 00:14:00,-1.962,0.7249999999999979,20.036,0,0,none,-1
R01-AZ,2026-09-01 00:16:00,-1.3730000000000029,0.4319999999999915,20.017,0,0,none,-1
R01-AZ,2026-09-01 00:18:00,-2.5219999999999985,-0.0830000000000072,19.776,0,0,none,-1
R01-AZ,2026-09-01 00:20:00,-1.1629999999999985,1.404,20.01,0,0,none,-1
R01-AZ,2026-09-01 00:22:00,-1.8339999999999976,0.5680000000000014,20.006,0,0,none,-1
R01-AZ,2026-09-01 00:24:00,-1.5279999999999916,-0.8800000000000043,19.981,0,0,none,-1
R01-AZ,2026-09-01 00:26:00,-1.732000000000001,1.59499999999999,19.991,0,0,none,-1
R01-AZ,2026-09-01 00:28:00,-1.112,1.6378333333333224,19.845,0,0,none,-1
R01-AZ,2026-09-01 00:30:00,-0.7729999999999979,-0.016333333333339,19.965,0,0,none,-1
R01-AZ,2026-09-01 00:32:00,-0.7150000000000034,-0.887000000000004,19.959,0,0,none,-1
R01-AZ,2026-09-01 00:34:00,-1.312999999999997,0.79999999999999,19.94,0,0,none,-1
R01-AZ,2026-09-01 00:36:00,-9.905999999999992,-0.3310000000000119,16.682,1,1,amplifier_degradation,13
R01-AZ,2026-09-01 00:38:00,-8.948,1.1799999999999835,17.978,1,1,amplifier_degradation,13
R01-AZ,2026-09-01 00:40:00,-8.488999999999997,-0.9140000000000104,16.985,1,1,amplifier_degradation,13
R01-AZ,2026-09-01 00:42:00,-8.4505,1.4359999999999928,18.037,1,1,amplifier_degradation,13
R01-AZ,2026-09-01 00:44:00,-9.319999999999997,1.0979999999999883,17.324,1,1,amplifier_degradation,13
R01-AZ,2026-09-01 00:46:00,-8.512999999999993,1.2469999999999963,18.061,1,1,amplifier_degradation,13
R01-AZ,2026-09-01 00:48:00,-9.7015,-0.0420000000000069,17.27,1,1,amplifier_degradation,13
R01-AZ,2026-09-01 00:50:00,-8.668,0.6439999999999966,17.861,1,1,amplifier_degradation,13
R01-AZ,2026-09-01 00:52:00,-9.964,0.076999999999991,17.186,1,1,amplifier_degradation,13
R01-AZ,2026-09-01 00:54:00,-8.728000000000003,0.7119999999999944,17.671,1,1,amplifier_degradation,13
R01-AZ,2026-09-01 00:56:00,-9.379000000000003,-0.080500000000006,17.48,1,1,amplifier_degradation,13
R01-AZ,2026-09-01 00:58:00,-8.986,1.0509999999999895,17.997,1,1,amplifier_degradation,13
R01-AZ,2026-09-01 01:00:00,-9.462999999999992,1.2339999999999964,17.336,1,1,amplifier_degradation,13
R01-AZ,2026-09-01 01:02:00,-8.787999999999995,1.520999999999992,17.694,1,1,amplifier_degradation,13
R01-AZ,2026-09-01 01:04:00,-8.361999999999993,-1.115000000000007,17.255,1,1,amplifier_degradation,13
R01-AZ,2026-09-01 01:06:00,-1.355000000000004,-0.1060000000000052,19.909,0,0,none,-1
R01-AZ,2026-09-01 01:08:00,-1.8420000000000003,0.6549999999999869,19.977,0,0,none,-1
R01-AZ,2026-09-01 01:10:00,-0.4940000000000015,-0.0450000000000017,19.967,0,0,none,-1
R01-AZ,2026-09-01 01:12:00,-0.4869999999999947,0.3719999999999945,19.872,0,0,none,-1
R01-AZ,2026-09-01 01:14:00,-2.283999999999997,-2.039000000000005,19.354,0,0,none,-1
R01-AZ,2026-09-01 01:16:00,-1.8539999999999972,-0.0520000000000031,20.024,0,0,none,-1
R01-AZ,2026-09-01 01:18:00,-1.7089999999999907,0.7699999999999942,20.018,0,0,none,-1
R01-AZ,2026-09-01 01:20:00,-1.9889999999999957,0.306999999999995,19.964,0,0,none,-1
R01-AZ,2026-09-01 01:22:00,-1.051000000000002,-0.2550000000000025,19.894,0,0,none,-1
R01-AZ,2026-09-01 01:24:00,-1.3680000000000074,-0.7420000000000151,19.67,0,0,none,-1
R01-AZ,2026-09-01 01:26:00,-1.0059999999999985,0.2069999999999918,19.957,0,0,none,-1
R01-AZ,2026-09-01 01:28:00,-1.353499999999995,0.0039999999999942,19.959,0,0,none,-1
R01-AZ,2026-09-01 01:30:00,-1.7140000000000004,-1.472000000000003,19.745,0,0,none,-1
R01-AZ,2026-09-01 01:32:00,-1.8789999999999945,0.6829999999999945,20.0,0,0,none,-1
R01-AZ,2026-09-01 01:34:00,-1.6010000000000026,-0.8640000000000061,19.962,0,0,none,-1
R01-AZ,2026-09-01 01:36:00,-1.4600000000000026,-0.6870000000000047,19.961,0,0,none,-1
R01-AZ,2026-09-01 01:38:00,-1.123000000000001,-0.6560000000000041,19.939,0,0,none,-1
R01-AZ,2026-09-01 01:40:00,-2.0979999999999954,-2.112,19.87,0,0,none,-1
R01-AZ,2026-09-01 01:42:00,-1.4879999999999995,-0.8019999999999996,19.945,0,0,none,-1
R01-AZ,2026-09-01 01:44:00,-1.3999999999999897,-0.3090000000000064,19.967,0,0,none,-1
R01-AZ,2026-09-01 01:46:00,-1.7120000000000015,-1.8710000000000075,19.947,0,0,none,-1
R01-AZ,2026-09-01 01:48:00,-1.4369999999999976,0.682999999999998,20.036,0,0,none,-1
R01-AZ,2026-09-01 01:50:00,-2.042000000000005,-2.258000000000008,19.776,0,0,none,-1
R01-AZ,2026-09-01 01:52:00,-1.8839999999999983,1.138999999999994,19.954,0,0,none,-1
R01-AZ,2026-09-01 01:54:00,-1.7874999999999996,-0.7280000000000051,19.913,0,0,none,-1
R01-AZ,2026-09-01 01:56:00,-1.117999999999995,-1.0040000000000138,19.74,0,0,none,-1
R01-AZ,2026-09-01 01:58:00,-0.642000000000003,-1.5300000000000082,19.835,0,0,none,-1
R01-AZ,2026-09-01 02:00:00,-1.9000000000000004,-1.2450000000000117,19.884,0,0,none,-1
R01-AZ,2026-09-01 02:02:00,-2.3310000000000013,1.7179999999999929,20.026,0,0,none,-1
R01-AZ,2026-09-01 02:04:00,-1.0999999999999923,-0.7200000000000006,19.854,0,0,none,-1
R01-AZ,2026-09-01 02:06:00,-1.5889999999999898,-2.2070000000000043,19.756,0,0,none,-1
R01-AZ,2026-09-01 02:08:00,-0.7080000000000002,-0.7030000000000047,19.958,0,0,none,-1
R01-AZ,2026-09-01 02:10:00,-1.378999999999996,-0.600000000000005,19.883,0,0,none,-1
R01-AZ,2026-09-01 02:12:00,-1.4959999999999969,-0.1280000000000072,19.904,0,0,none,-1
R01-AZ,2026-09-01 02:14:00,-1.604999999999993,-2.644000000000009,19.578,0,0,none,-1
R01-AZ,2026-09-01 02:16:00,-1.418999999999997,-0.4750000000000174,19.906,0,0,none,-1
R01-AZ,2026-09-01 02:18:00,-0.7259999999999973,-1.939000000000004,19.757,0,0,none,-1
R01-AZ,2026-09-01 02:20:00,-0.9144999999999968,-0.0770000000000123,19.974,0,0,none,-1
R01-AZ,2026-09-01 02:22:00,-1.3339999999999943,1.1179999999999843,19.945,0,0,none,-1
R01-AZ,2026-09-01 02:24:00,-2.7060000000000013,0.3389999999999826,19.883,0,0,none,-1
R01-AZ,2026-09-01 02:26:00,-0.7789999999999981,0.2794999999999952,19.969,0,0,none,-1
R01-AZ,2026-09-01 02:28:00,-1.511499999999998,-0.2610000000000116,19.767,0,0,none,-1
R01-AZ,2026-09-01 02:30:00,-0.6950000000000038,0.0349999999999912,19.974,0,0,none,-1
R01-AZ,2026-09-01 02:32:00,-1.1229999999999958,0.2819999999999947,19.952,0,0,none,-1
R01-AZ,2026-09-01 02:34:00,-1.5750000000000028,-1.5135000000000025,19.652,0,0,none,-1
R01-AZ,2026-09-01 02:36:00,-1.5569999999999986,-1.3060000000000116,19.635,0,0,none,-1
R01-AZ,2026-09-01 02:38:00,-1.548,-0.9705000000000084,19.95,0,0,none,-1
R01-AZ,2026-09-01 02:40:00,-1.1720000000000024,-0.7560000000000109,19.882,0,0,none,-1
R01-AZ,2026-09-01 02:42:00,-2.2319999999999904,0.0099999999999997,19.772,0,0,none,-1
R01-AZ,2026-09-01 02:44:00,-1.798,-0.8430000000000071,19.985,0,0,none,-1
R01-AZ,2026-09-01 02:46:00,-1.8199999999999985,-41.02300000000001,-15.557,1,1,fiber_cut,10
R01-AZ,2026-09-01 02:48:00,-1.0824999999999996,-40.49200000000001,-15.094,1,1,fiber_cut,10
R01-AZ,2026-09-01 02:50:00,-1.4519999999999964,-39.36200000000001,-15.976,1,1,fiber_cut,10
R01-AZ,2026-09-01 02:52:00,-1.7799999999999958,-42.088000000000015,-16.15,1,1,fiber_cut,10
R01-AZ,2026-09-01 02:54:00,-2.0375000000000014,-39.762,-15.57,1,1,fiber_cut,10
R01-AZ,2026-09-01 02:56:00,-2.1485000000000003,-40.67400000000001,-15.672,1,1,fiber_cut,10
R01-AZ,2026-09-01 02:58:00,-1.1429999999999971,-41.00400000000002,-15.601,1,1,fiber_cut,10
R01-AZ,2026-09-01 03:00:00,-1.259999999999998,-39.88700000000001,-14.444,1,1,fiber_cut,10
R01-AZ,2026-09-01 03:02:00,-1.1490000000000045,-41.459,-16.233,1,1,fiber_cut,10
R01-AZ,2026-09-01 03:04:00,-1.4940000000000015,-39.295,-14.759,1,1,fiber_cut,10
R01-AZ,2026-09-01 03:06:00,-1.3870000000000022,-38.959,-15.402,1,1,fiber_cut,10
R01-AZ,2026-09-01 03:08:00,-1.525499999999994,-39.18000000000001,-14.874,1,1,fiber_cut,10
R01-AZ,2026-09-01 03:10:00,-2.328999999999997,-39.70600000000001,-14.648,1,1,fiber_cut,10
R01-AZ,2026-09-01 03:12:00,-1.274999999999995,-38.97900000000001,-15.09,1,1,fiber_cut,10
R01-AZ,2026-09-01 03:14:00,-2.3520000000000003,-40.697,-15.789,1,1,fiber_cut,10
R01-AZ,2026-09-01 03:16:00,-0.9599999999999972,-42.59100000000001,-16.031,1,1,fiber_cut,10
R01-AZ,2026-09-01 03:18:00,-1.681999999999995,-40.44500000000001,-15.504,1,1,fiber_cut,10
R01-AZ,2026-09-01 03:20:00,-2.4320000000000004,-40.47700000000001,-16.045,1,1,fiber_cut,10
R01-AZ,2026-09-01 03:22:00,-1.6989999999999963,-1.226500000000014,19.72,0,0,none,-1
R01-AZ,2026-09-01 03:24:00,-1.308999999999994,0.5734999999999939,19.942,0,0,none,-1
R01-AZ,2026-09-01 03:26:00,-2.040000000000001,-1.1060000000000052,19.792,0,0,none,-1
R01-AZ,2026-09-01 03:28:00,-1.6949999999999985,-1.5380000000000074,19.748,0,0,none,-1
R01-AZ,2026-09-01 03:30:00,-0.9000000000000004,-0.8540000000000099,19.858,0,0,none,-1
R01-AZ,2026-09-01 03:32:00,-1.5909999999999958,-1.527500000000007,19.935,0,0,none,-1
R01-AZ,2026-09-01 03:34:00,-1.1179999999999968,0.6684999999999892,20.018,0,0,none,-1
R01-AZ,2026-09-01 03:36:00,-1.5914999999999946,0.126499999999984,19.85,0,0,none,-1
R01-AZ,2026-09-01 03:38:00,-1.870000000000001,-0.04600000000001,19.663,0,0,none,-1
R01-AZ,2026-09-01 03:40:00,-1.4849999999999977,-1.365500000000008,19.835,0,0,none,-1
R01-AZ,2026-09-01 03:42:00,-1.8370000000000068,0.3359999999999861,20.025,0,0,none,-1
R01-AZ,2026-09-01 03:44:00,-0.7049999999999983,0.6544999999999934,19.973,0,0,none,-1
R01-AZ,2026-09-01 03:46:00,-1.5309999999999988,-1.973000000000006,19.54,0,0,none,-1
R01-AZ,2026-09-01 03:48:00,-1.693999999999999,-1.3720000000000052,19.937,0,0,none,-1
R01-AZ,2026-09-01 03:50:00,-1.269499999999999,-2.080000000000009,19.895,0,0,none,-1
R01-AZ,2026-09-01 03:52:00,-1.5649999999999975,0.005999999999986,19.851,0,0,none,-1
R01-AZ,2026-09-01 03:54:00,-0.8250000000000046,-2.0580000000000034,19.844,0,0,none,-1
R01-AZ,2026-09-01 03:56:00,-0.6759999999999966,0.2604999999999933,19.925,0,0,none,-1
R01-AZ,2026-09-01 03:58:00,-1.6699999999999946,1.1959999999999944,20.019,0,0,none,-1
R01-AZ,2026-09-01 04:00:00,-1.7539999999999996,-0.5230000000000103,19.946,0,0,none,-1
R01-AZ,2026-09-01 04:02:00,-0.7429999999999914,-0.6220000000000052,19.971,0,0,none,-1
R01-AZ,2026-09-01 04:04:00,-1.8740000000000023,1.0959999999999948,19.903,0,0,none,-1
R01-AZ,2026-09-01 04:06:00,-1.4159999999999986,-1.2070000000000078,19.986,0,0,none,-1
R01-AZ,2026-09-01 04:08:00,-1.4060000000000006,-1.621000000000009,19.888,0,0,none,-1
R01-AZ,2026-09-01 04:10:00,-1.4280000000000008,-1.180000000000014,19.885,0,0,none,-1
R01-AZ,2026-09-01 04:12:00,-1.1829999999999927,0.4789999999999974,19.925,0,0,none,-1
R01-AZ,2026-09-01 04:14:00,-1.2929999999999993,-0.6760000000000019,19.938,0,0,none,-1
R01-AZ,2026-09-01 04:16:00,-1.2124999999999897,-0.8960000000000061,19.974,0,0,none,-1
R01-AZ,2026-09-01 04:18:00,-1.1470000000000002,-0.3090000000000064,19.918,0,0,none,-1
R01-AZ,2026-09-01 04:20:00,-1.3290000000000006,1.0479999999999876,20.025,0,0,none,-1
R01-AZ,2026-09-01 04:22:00,-0.3081666666666596,0.3079999999999856,19.937,0,0,none,-1
R01-AZ,2026-09-01 04:24:00,-2.517333333333333,-39.426,-15.859,1,1,fiber_cut,9
R01-AZ,2026-09-01 04:26:00,-1.25,-38.955000000000005,-14.728,1,1,fiber_cut,9
R01-AZ,2026-09-01 04:28:00,-1.535000000000002,-39.53300000000001,-14.256,1,1,fiber_cut,9
R01-AZ,2026-09-01 04:30:00,-1.1690000000000058,-37.674,-14.715,1,1,fiber_cut,9
R01-AZ,2026-09-01 04:32:00,-0.3379999999999992,-39.978,-14.149,1,1,fiber_cut,9
R01-AZ,2026-09-01 04:34:00,-0.7489999999999917,-0.3455000000000137,19.949,0,0,none,-1
R01-AZ,2026-09-01 04:36:00,-0.8703333333333383,0.5899999999999928,20.015,0,0,none,-1
R01-AZ,2026-09-01 04:38:00,-1.1456666666666615,0.0019999999999829,19.969,0,0,none,-1
R01-AZ,2026-09-01 04:40:00,-1.2749999999999968,1.0849999999999902,20.009,0,0,none,-1
R01-AZ,2026-09-01 04:42:00,-0.6259999999999941,-0.4280000000000115,20.008,0,0,fiber_degradation,10
R01-AZ,2026-09-01 04:44:00,1.315999999999999,-2.5360000000000085,19.896,0,0,fiber_degradation,10
R01-AZ,2026-09-01 04:46:00,0.5080000000000009,-3.579000000000006,19.405,0,0,fiber_degradation,10
R01-AZ,2026-09-01 04:48:00,-0.3439999999999958,-5.401000000000007,18.934,0,0,fiber_degradation,10
R01-AZ,2026-09-01 04:50:00,0.4459999999999997,-6.761000000000006,17.768,0,0,fiber_degradation,10
R01-AZ,2026-09-01 04:52:00,0.0599999999999969,-10.055500000000013,15.628,1,1,fiber_degradation,10
R01-AZ,2026-09-01 04:54:00,0.1229999999999975,-10.059000000000006,15.268,1,1,fiber_degradation,10
R01-AZ,2026-09-01 04:56:00,0.4580000000000126,-9.741000000000009,14.834,1,1,fiber_degradation,10
R01-AZ,2026-09-01 04:58:00,0.4020000000000063,-11.382500000000006,14.579,1,1,fiber_degradation,10
R01-AZ,2026-09-01 05:00:00,0.2870000000000008,-11.357000000000005,14.175,1,1,fiber_degradation,10
R01-AZ,2026-09-01 05:02:00,-0.2240000000000019,-10.299000000000005,14.774,1,1,fiber_degradation,10
R01-AZ,2026-09-01 05:04:00,1.36000000000001,-11.165000000000012,15.319,1,1,fiber_degradation,10
R01-AZ,2026-09-01 05:06:00,-2.1680000000000046,0.602999999999998,20.018,0,0,none,-1
R01-AZ,2026-09-01 05:08:00,-1.650000000000002,0.8369999999999997,20.002,0,0,none,-1
R01-AZ,2026-09-01 05:10:00,-1.1869999999999976,-0.1150000000000073,19.928,0,0,none,-1
R01-AZ,2026-09-01 05:12:00,-0.3589999999999964,-0.5860000000000092,19.969,0,0,none,-1
R01-AZ,2026-09-01 05:14:00,-1.7769999999999977,0.8139999999999858,20.049,0,0,none,-1
R01-AZ,2026-09-01 05:16:00,-2.185000000000004,-1.0495000000000072,19.793,0,0,none,-1
R01-AZ,2026-09-01 05:18:00,-1.5319999999999965,0.9409999999999884,19.922,0,0,none,-1
R01-AZ,2026-09-01 05:20:00,-1.893999999999988,2.575999999999997,19.95,0,0,none,-1
R01-AZ,2026-09-01 05:22:00,-1.1119999999999983,-0.3030000000000115,19.934,0,0,none,-1
R01-AZ,2026-09-01 05:24:00,-1.3939999999999948,1.034499999999996,20.055,0,0,none,-1
R01-AZ,2026-09-01 05:26:00,-1.6680000000000028,0.7189999999999923,20.017,0,0,none,-1
R01-AZ,2026-09-01 05:28:00,-1.022999999999996,0.3799999999999937,20.042,0,0,none,-1
R01-AZ,2026-09-01 05:30:00,-2.170499999999997,1.7099999999999902,19.97,0,0,none,-1
R01-AZ,2026-09-01 05:32:00,-1.7849999999999913,-1.0550000000000033,19.959,0,0,none,-1
R01-AZ,2026-09-01 05:34:00,-5.681999999999993,0.5139999999999958,18.436,0,0,amplifier_degradation,7
R01-AZ,2026-09-01 05:36:00,-4.993,1.6239999999999846,19.298,0,0,amplifier_degradation,7
R01-AZ,2026-09-01 05:38:00,-4.6409999999999965,1.994499999999988,19.3,0,0,amplifier_degradation,7
R01-AZ,2026-09-01 05:40:00,-6.196999999999997,1.7989999999999888,19.178,0,0,amplifier_degradation,7
R01-AZ,2026-09-01 05:42:00,-6.392,2.344999999999997,18.945,0,0,amplifier_degradation,7
R01-AZ,2026-09-01 05:44:00,-6.424999999999999,1.1134999999999966,18.893,0,0,amplifier_degradation,7
R01-AZ,2026-09-01 05:46:00,-6.51,0.5384999999999973,18.035,0,0,amplifier_degradation,7
R01-AZ,2026-09-01 05:48:00,-5.419999999999998,-0.0310000000000059,18.168,0,0,amplifier_degradation,7
R01-AZ,2026-09-01 05:50:00,-5.1119999999999965,1.296999999999997,19.076,0,0,amplifier_degradation,7
R01-AZ,2026-09-01 05:52:00,-6.354999999999999,-0.6020000000000056,18.215,0,1,amplifier_degradation,7
R01-AZ,2026-09-01 05:54:00,-5.956499999999995,2.039999999999985,18.31,0,0,amplifier_degradation,7
R01-AZ,2026-09-01 05:56:00,-5.895999999999996,1.9719999999999835,18.835,0,0,amplifier_degradation,7
R01-AZ,2026-09-01 05:58:00,-5.38549999999999,0.737999999999996,18.774,0,0,amplifier_degradation,7
R01-AZ,2026-09-01 06:00:00,-6.6569999999999965,0.3019999999999907,18.478,0,0,amplifier_degradation,7
R01-AZ,2026-09-01 06:02:00,-6.220000000000004,0.6439999999999895,18.436,0,0,amplifier_degradation,7
R01-AZ,2026-09-01 06:04:00,-5.909999999999998,-0.32800000000001,17.717,0,0,amplifier_degradation,7
R01-AZ,2026-09-01 06:06:00,-6.112000000000004,0.4719999999999906,18.646,0,0,amplifier_degradation,7
R01-AZ,2026-09-01 06:08:00,-6.277000000000001,1.0469999999999953,18.489,0,0,amplifier_degradation,7
R01-AZ,2026-09-01 06:10:00,-6.301999999999994,-0.0380000000000002,17.969,0,0,amplifier_degradation,7
R01-AZ,2026-09-01 06:12:00,-4.410999999999991,1.5769999999999929,19.309,0,0,amplifier_degradation,7
R01-AZ,2026-09-01 06:14:00,-5.242000000000001,1.4129999999999932,18.907,0,0,amplifier_degradation,7
R01-AZ,2026-09-01 06:16:00,-6.33,-0.0850000000000097,18.26,0,0,amplifier_degradation,7
R01-AZ,2026-09-01 06:18:00,-6.086999999999998,1.288999999999998,17.955,0,0,amplifier_degradation,7
R01-AZ,2026-09-01 06:20:00,-5.071000000000003,0.3489999999999895,18.64,0,0,amplifier_degradation,7
R01-AZ,2026-09-01 06:22:00,-5.314999999999996,0.7459999999999933,18.207,0,0,amplifier_degradation,7
R01-AZ,2026-09-01 06:24:00,-6.603999999999999,1.3589999999999929,18.498,0,0,amplifier_degradation,7
R01-AZ,2026-09-01 06:26:00,-5.69,0.6419999999999941,18.907,0,0,amplifier_degradation,7
R01-AZ,2026-09-01 06:28:00,-6.121000000000006,0.5119999999999898,18.321,0,0,amplifier_degradation,7
R01-AZ,2026-09-01 06:30:00,-5.286000000000005,2.089999999999989,18.786,0,0,amplifier_degradation,7
R01-AZ,2026-09-01 06:32:00,-6.445,1.503999999999991,18.432,0,0,amplifier_degradation,7
R01-AZ,2026-09-01 06:34:00,-5.638500000000006,1.6169999999999884,18.991,0,0,amplifier_degradation,7
R01-AZ,2026-09-01 06:36:00,-4.564,1.8519999999999897,19.082,0,0,amplifier_degradation,7
R01-AZ,2026-09-01 06:38:00,-4.549000000000003,1.955499999999988,19.119,0,0,amplifier_degradation,7
R01-AZ,2026-09-01 06:40:00,-5.656999999999993,-1.2690000000000057,17.894,0,1,amplifier_degradation,7
R01-AZ,2026-09-01 06:42:00,-5.716499999999996,1.7780000000000005,19.018,0,0,amplifier_degradation,7
R01-AZ,2026-09-01 06:44:00,-5.840999999999999,0.4509999999999916,18.59,0,0,amplifier_degradation,7
R01-AZ,2026-09-01 06:46:00,-4.630000000000001,0.881999999999989,19.032,0,0,amplifier_degradation,7
R01-AZ,2026-09-01 06:48:00,-6.028999999999996,0.0479999999999876,17.835,0,0,amplifier_degradation,7
R01-AZ,2026-09-01 06:50:00,-5.626000000000005,1.134999999999993,18.662,0,0,amplifier_degradation,7
R01-AZ,2026-09-01 06:52:00,-5.227000000000006,-0.5080000000000044,18.575,0,0,amplifier_degradation,7
R01-AZ,2026-09-01 06:54:00,-5.873999999999997,1.7009999999999934,18.874,0,0,amplifier_degradation,7
R01-AZ,2026-09-01 06:56:00,-5.996499999999999,0.5739999999999927,18.652,0,0,amplifier_degradation,7
R01-AZ,2026-09-01 06:58:00,-6.458,0.6969999999999974,18.065,0,0,amplifier_degradation,7
R01-AZ,2026-09-01 07:00:00,-6.365000000000002,0.0989999999999895,18.307,0,0,amplifier_degradation,7
R01-AZ,2026-09-01 07:02:00,-5.703999999999997,0.6109999999999811,18.356,0,0,amplifier_degradation,7
R01-AZ,2026-09-01 07:04:00,-6.316999999999991,0.7724999999999955,18.678,0,0,amplifier_degradation,7
R01-AZ,2026-09-01 07:06:00,-5.0469999999999935,-0.3190000000000097,17.976,0,0,amplifier_degradation,7
R01-AZ,2026-09-01 07:08:00,-6.088999999999995,-0.8770000000000131,17.894,0,1,amplifier_degradation,7
R01-AZ,2026-09-01 07:10:00,-4.809999999999999,-2.0500000000000043,17.959,0,1,amplifier_degradation,7
R01-AZ,2026-09-01 07:12:00,-6.02699999999999,0.4599999999999937,18.254,0,0,amplifier_degradation,7
R01-AZ,2026-09-01 07:14:00,-5.569999999999999,-0.1450000000000031,18.412,0,0,amplifier_degradation,7
R01-AZ,2026-09-01 07:16:00,-5.729999999999995,0.3599999999999834,18.526,0,0,amplifier_degradation,7
R01-AZ,2026-09-01 07:18:00,-5.574000000000002,-0.528000000000004,18.39,0,0,amplifier_degradation,7
R01-AZ,2026-09-01 07:20:00,-6.057999999999993,-0.1620000000000114,18.242,0,0,amplifier_degradation,7
R01-AZ,2026-09-01 07:22:00,-1.2890000000000017,1.274999999999995,19.974,0,0,none,-1
R01-AZ,2026-09-01 07:24:00,-1.3960000000000026,1.1609999999999945,20.039,0,0,none,-1
R01-AZ,2026-09-01 07:26:00,-1.5629999999999935,1.6306666666666576,19.988,0,0,none,-1
R01-AZ,2026-09-01 07:28:00,-1.5624999999999964,0.5633333333333326,19.956,0,0,none,-1
R01-AZ,2026-09-01 07:30:00,-1.5619999999999976,-0.5040000000000067,19.979,0,0,none,-1
R01-AZ,2026-09-01 07:32:00,-1.521999999999995,0.6404999999999941,19.998,0,0,none,-1
R01-AZ,2026-09-01 07:34:00,-0.5189999999999966,-0.0990000000000108,19.971,0,0,none,-1
R01-AZ,2026-09-01 07:36:00,-1.5454999999999934,-1.477000000000004,19.744,0,0,none,-1
R01-AZ,2026-09-01 07:38:00,-1.2089999999999996,1.2039999999999915,19.988,0,0,none,-1
R01-AZ,2026-09-01 07:40:00,-1.9089999999999936,-0.5280000000000076,19.912,0,0,none,-1
R01-AZ,2026-09-01 07:42:00,-0.3849999999999909,-8.716000000000003,15.788,1,1,fiber_degradation,9
R01-AZ,2026-09-01 07:44:00,-0.2409999999999996,-8.537000000000004,16.256,1,1,fiber_degradation,9
R01-AZ,2026-09-01 07:46:00,-0.8694999999999933,-8.128000000000009,15.873,1,1,fiber_degradation,9
R01-AZ,2026-09-01 07:48:00,-0.1910000000000042,-10.943000000000014,15.584,1,1,fiber_degradation,9
R01-AZ,2026-09-01 07:50:00,-0.9519999999999929,-9.107000000000008,15.256,1,1,fiber_degradation,9
R01-AZ,2026-09-01 07:52:00,0.2250000000000049,-8.228000000000003,16.119,1,1,fiber_degradation,9
R01-AZ,2026-09-01 07:54:00,-0.8604999999999947,-8.352000000000011,16.291,1,1,fiber_degradation,9
R01-AZ,2026-09-01 07:56:00,-1.4199999999999964,-9.657000000000004,15.716,1,1,fiber_degradation,9
R01-AZ,2026-09-01 07:58:00,-0.2419999999999991,-8.155000000000012,16.226,1,1,fiber_degradation,9
R01-AZ,2026-09-01 08:00:00,-0.7249999999999996,-8.433000000000002,15.56,1,1,fiber_degradation,9
R01-AZ,2026-09-01 08:02:00,-1.0150000000000006,-8.439000000000009,15.737,1,1,fiber_degradation,9
R01-AZ,2026-09-01 08:04:00,-1.2484999999999964,-8.558000000000003,15.566,1,1,fiber_degradation,9
R01-AZ,2026-09-01 08:06:00,0.3369999999999997,-10.14200000000001,15.552,1,1,fiber_degradation,9
R01-AZ,2026-09-01 08:08:00,-0.049000000000003,-8.206000000000007,16.324,1,1,fiber_degradation,9
R01-AZ,2026-09-01 08:10:00,-1.2079999999999949,-1.727000000000002,19.965,0,0,none,-1
R01-AZ,2026-09-01 08:12:00,-1.609499999999997,-0.0195000000000007,20.003,0,0,none,-1
R01-AZ,2026-09-01 08:14:00,-2.0109999999999992,1.6879999999999935,19.958,0,0,none,-1
R01-AZ,2026-09-01 08:16:00,-1.6209999999999916,0.1189999999999926,19.844,0,0,none,-1
R01-AZ,2026-09-01 08:18:00,-1.871499999999994,0.024999999999995,19.96,0,0,none,-1
R01-AZ,2026-09-01 08:20:00,-1.6139999999999972,-1.1980000000000055,19.939,0,0,none,-1
R01-AZ,2026-09-01 08:22:00,-1.3180000000000032,-0.3470000000000048,19.86,0,0,none,-1
R01-AZ,2026-09-01 08:24:00,-0.9329999999999928,-2.1030000000000086,19.884,0,0,none,-1
R01-AZ,2026-09-01 08:26:00,-0.7060000000000013,-0.9475000000000068,19.827,0,0,none,-1
R01-AZ,2026-09-01 08:28:00,-2.2020000000000017,-0.1990000000000069,19.973,0,0,none,-1
R01-AZ,2026-09-01 08:30:00,-1.487999999999996,-0.5010000000000101,19.928,0,0,none,-1
R01-AZ,2026-09-01 08:32:00,-0.972999999999999,0.021999999999986,19.981,0,0,none,-1
R01-AZ,2026-09-01 08:34:00,-1.5574999999999974,0.2409999999999854,19.954,0,0,none,-1
R01-AZ,2026-09-01 08:36:00,-2.452499999999997,-0.9249999999999988,19.941,0,0,none,-1
R01-AZ,2026-09-01 08:38:00,-0.6979999999999897,-0.8680000000000092,19.966,0,0,none,-1
R01-AZ,2026-09-01 08:40:00,-1.9910000000000012,-1.3110000000000106,19.8,0,0,none,-1
R01-AZ,2026-09-01 08:42:00,-1.653999999999998,-0.8400000000000141,19.749,0,0,none,-1
R01-AZ,2026-09-01 08:44:00,-0.8630000000000013,-2.0620000000000083,19.837,0,0,none,-1
R01-AZ,2026-09-01 08:46:00,-2.4099999999999966,-0.1490000000000133,19.921,0,0,none,-1
R01-AZ,2026-09-01 08:48:00,-1.2959999999999958,0.2709999999999919,19.987,0,0,none,-1
R01-AZ,2026-09-01 08:50:00,-2.139000000000003,-2.102000000000009,19.421,0,0,none,-1
R01-AZ,2026-09-01 08:52:00,-1.3399999999999928,0.8479999999999883,19.903,0,0,none,-1
R01-AZ,2026-09-01 08:54:00,-1.063499999999996,-1.033000000000012,19.939,0,0,none,-1
R01-AZ,2026-09-01 08:56:00,-1.245000000000001,-0.7100000000000026,19.884,0,0,none,-1
R01-AZ,2026-09-01 08:58:00,-1.2920000000000016,-2.280000000000012,19.405,0,0,none,-1
R01-AZ,2026-09-01 09:00:00,-1.1299999999999972,-1.2035000000000018,19.994,0,0,none,-1
R01-AZ,2026-09-01 09:02:00,-0.7579999999999938,-1.8080000000000125,19.834,0,0,none,-1
R01-AZ,2026-09-01 09:04:00,-1.2830000000000013,-2.811000000000009,19.552,0,0,none,-1
R01-AZ,2026-09-01 09:06:00,-0.7789999999999981,-2.084,19.893,0,0,none,-1
R01-AZ,2026-09-01 09:08:00,-1.1889999999999965,-0.3390000000000093,19.926,0,0,none,-1
R01-AZ,2026-09-01 09:10:00,-1.0409999999999986,-2.226000000000006,19.694,0,0,none,-1
R01-AZ,2026-09-01 09:12:00,-1.395999999999992,-0.9835000000000136,19.909,0,0,none,-1
R01-AZ,2026-09-01 09:14:00,-0.6969999999999938,-2.100000000000012,19.955,0,0,none,-1
R01-AZ,2026-09-01 09:16:00,-13.524999999999997,-1.3335000000000043,12.49,1,1,amplifier_degradation,9
R01-AZ,2026-09-01 09:18:00,-12.886500000000003,-0.794000000000004,13.064,1,1,amplifier_degradation,9
R01-AZ,2026-09-01 09:20:00,-12.4105,-1.2165000000000037,12.86,1,1,amplifier_degradation,9
R01-AZ,2026-09-01 09:22:00,-13.012,-1.2195000000000036,12.422,1,1,amplifier_degradation,9
R01-AZ,2026-09-01 09:24:00,-12.69,-0.4010000000000104,13.19,1,1,amplifier_degradation,9
R01-AZ,2026-09-01 09:26:00,-12.72599999999999,-1.0430000000000137,12.953,1,1,amplifier_degradation,9
R01-AZ,2026-09-01 09:28:00,-14.154499999999995,-1.451000000000004,12.2,1,1,amplifier_degradation,9
R01-AZ,2026-09-01 09:30:00,-12.515,-1.6380000000000052,12.656,1,1,amplifier_degradation,9
R01-AZ,2026-09-01 09:32:00,-12.392999999999995,-1.5780000000000012,12.828,1,1,amplifier_degradation,9
R01-AZ,2026-09-01 09:34:00,-12.656999999999996,-0.8430000000000017,12.499,1,1,amplifier_degradation,9
R01-AZ,2026-09-01 09:36:00,-12.923499999999994,-1.4690000000000047,12.121,1,1,amplifier_degradation,9
R01-AZ,2026-09-01 09:38:00,-13.419,0.2389999999999936,13.112,1,1,amplifier_degradation,9
R01-AZ,2026-09-01 09:40:00,-12.953999999999992,-0.6560000000000024,13.392,1,1,amplifier_degradation,9
R01-AZ,2026-09-01 09:42:00,-13.288,-0.5980000000000061,12.043,1,1,amplifier_degradation,9
R01-AZ,2026-09-01 09:44:00,-1.8130000000000008,-1.241000000000005,19.775,0,0,none,-1
R01-AZ,2026-09-01 09:46:00,-2.15299999999999,-1.650000000000011,19.809,0,0,none,-1
R01-AZ,2026-09-01 09:48:00,-0.9620000000000032,-0.2180000000000106,19.873,0,0,none,-1
R01-AZ,2026-09-01 09:50:00,-2.3679999999999968,-0.5580000000000052,19.816,0,0,none,-1
R01-AZ,2026-09-01 09:52:00,-2.326999999999998,-1.665000000000008,19.635,0,0,none,-1
R01-AZ,2026-09-01 09:54:00,-1.6814999999999998,-1.5625000000000109,19.986,0,0,none,-1
R01-AZ,2026-09-01 09:56:00,-1.0360000000000014,-1.4600000000000095,19.95,0,0,none,-1
R01-AZ,2026-09-01 09:58:00,-0.4929999999999932,-1.0510000000000144,19.951,0,0,none,-1
R01-ZA,2026-09-01 00:00:00,0.4709999999999912,-0.0600000000000022,19.844,0,0,none,-1
R01-ZA,2026-09-01 00:02:00,0.5489999999999959,-0.3819999999999979,19.72,0,0,none,-1
R01-ZA,2026-09-01 00:04:00,-0.0800000000000018,-0.4679999999999982,20.008,0,0,none,-1
R01-ZA,2026-09-01 00:06:00,-0.1394999999999964,-0.835999999999995,19.987,0,0,none,-1
R01-ZA,2026-09-01 00:08:00,0.9149999999999938,-0.5139999999999976,19.374,0,0,none,-1
R01-ZA,2026-09-01 00:10:00,0.3990000000000009,-0.3130000000000006,19.959,0,0,none,-1
R01-ZA,2026-09-01 00:12:00,-0.3510000000000044,-0.7169999999999952,19.935,0,0,none,-1
R01-ZA,2026-09-01 00:14:00,0.5799999999999912,0.027000000000001,19.997,0,0,none,-1
R01-ZA,2026-09-01 00:16:00,0.4329999999999998,-1.1410000000000018,19.955,0,0,none,-1
R01-ZA,2026-09-01 00:18:00,1.651999999999992,-0.0179999999999935,19.936,0,0,none,-1
R01-ZA,2026-09-01 00:20:00,-0.4490000000000069,-1.2910000000000004,20.053,0,0,none,-1
R01-ZA,2026-09-01 00:22:00,0.7729999999999979,0.7390000000000043,19.745,0,0,none,-1
R01-ZA,2026-09-01 00:24:00,0.7490000000000006,-0.9499999999999956,19.735,0,0,none,-1
R01-ZA,2026-09-01 00:26:00,0.9559999999999942,0.3700000000000063,19.351,0,0,none,-1
R01-ZA,2026-09-01 00:28:00,0.3209999999999962,-0.2499999999999946,19.769,0,0,none,-1
R01-ZA,2026-09-01 00:30:00,0.4059999999999917,-0.1370000000000004,19.951,0,0,none,-1
R01-ZA,2026-09-01 00:32:00,0.5189999999999966,0.0030000000000072,19.962,0,0,none,-1
R01-ZA,2026-09-01 00:34:00,0.241999999999992,0.8790000000000031,19.806,0,0,none,-1
R01-ZA,2026-09-01 00:36:00,-0.4169999999999998,-0.1550000000000029,19.923,0,0,none,-1
R01-ZA,2026-09-01 00:38:00,1.818499999999995,-0.724000000000002,19.189,0,0,none,-1
R01-ZA,2026-09-01 00:40:00,1.2299999999999986,-0.5599999999999952,19.901,0,0,fiber_degradation,3
R01-ZA,2026-09-01 00:42:00,0.591999999999997,-1.7769999999999977,19.938,0,0,fiber_degradation,3
R01-ZA,2026-09-01 00:44:00,0.859,-4.417999999999999,19.18,0,0,fiber_degradation,3
R01-ZA,2026-09-01 00:46:00,0.1180000000000003,-4.717999999999993,17.919,0,0,fiber_degradation,3
R01-ZA,2026-09-01 00:48:00,0.2214999999999936,-7.127000000000002,16.218,1,0,fiber_degradation,3
R01-ZA,2026-09-01 00:50:00,0.363499999999993,-8.038,15.547,1,1,fiber_degradation,3
R01-ZA,2026-09-01 00:52:00,1.2359999999999918,-9.799,14.245,1,1,fiber_degradation,3
R01-ZA,2026-09-01 00:54:00,0.4919999999999991,-9.803999999999997,12.64,1,1,fiber_degradation,3
R01-ZA,2026-09-01 00:56:00,0.6359999999999957,-12.981999999999992,10.39,1,1,fiber_degradation,3
R01-ZA,2026-09-01 00:58:00,0.6439999999999948,-12.128999999999998,11.184,1,1,fiber_degradation,3
R01-ZA,2026-09-01 01:00:00,1.1200000000000028,-13.162999999999991,11.019,1,1,fiber_degradation,3
R01-ZA,2026-09-01 01:02:00,0.9009999999999928,-13.177499999999991,11.295,1,1,fiber_degradation,3
R01-ZA,2026-09-01 01:04:00,0.2729999999999979,-13.067999999999998,10.451,1,1,fiber_degradation,3
R01-ZA,2026-09-01 01:06:00,0.971,-12.230999999999996,11.484,1,1,fiber_degradation,3
R01-ZA,2026-09-01 01:08:00,0.8160000000000007,-13.218000000000002,10.851,1,1,fiber_degradation,3
R01-ZA,2026-09-01 01:10:00,0.7300000000000004,-0.2279999999999997,19.016,0,0,none,-1
R01-ZA,2026-09-01 01:12:00,0.283000000000003,-1.1860000000000015,20.132,0,0,none,-1
R01-ZA,2026-09-01 01:14:00,0.7929999999999922,-0.8820000000000032,20.014,0,0,none,-1
R01-ZA,2026-09-01 01:16:00,1.028999999999998,0.3510000000000062,19.733,0,0,none,-1
R01-ZA,2026-09-01 01:18:00,0.7549999999999919,0.5259999999999998,19.546,0,0,none,-1
R01-ZA,2026-09-01 01:20:00,0.6569999999999929,1.6930000000000067,19.542,0,0,none,-1
R01-ZA,2026-09-01 01:22:00,0.2569999999999961,2.0649999999999995,18.734,0,0,none,-1
R01-ZA,2026-09-01 01:24:00,0.9409999999999972,0.4789999999999974,19.733,0,0,none,-1
R01-ZA,2026-09-01 01:26:00,0.8049999999999979,0.7515000000000018,19.615,0,0,none,-1
R01-ZA,2026-09-01 01:28:00,-0.5140000000000011,0.5059999999999985,19.918,0,0,none,-1
R01-ZA,2026-09-01 01:30:00,0.2929999999999975,0.702,19.482,0,0,none,-1
R01-ZA,2026-09-01 01:32:00,0.9509999999999952,-1.074999999999994,19.873,0,0,none,-1
R01-ZA,2026-09-01 01:34:00,0.9659999999999958,0.7140000000000057,19.635,0,0,none,-1
R01-ZA,2026-09-01 01:36:00,0.1149999999999966,1.320000000000002,18.463,0,0,none,-1
R01-ZA,2026-09-01 01:38:00,0.516,0.6755000000000049,19.026,0,0,none,-1
R01-ZA,2026-09-01 01:40:00,0.0239999999999991,0.152000000000001,19.816,0,0,fiber_degradation,12
R01-ZA,2026-09-01 01:42:00,1.3799999999999957,-1.1809999999999938,19.778,0,0,fiber_degradation,12
R01-ZA,2026-09-01 01:44:00,0.7229999999999954,-0.7889999999999961,19.521,0,0,fiber_degradation,12
R01-ZA,2026-09-01 01:46:00,0.964999999999991,0.7630000000000052,19.223,0,0,fiber_degradation,12
R01-ZA,2026-09-01 01:48:00,0.2309999999999981,-1.2434999999999992,19.837,0,0,fiber_degradation,12
R01-ZA,2026-09-01 01:50:00,0.7594999999999974,-0.2059999999999942,19.841,0,0,fiber_degradation,12
R01-ZA,2026-09-01 01:52:00,1.4009999999999998,-0.7939999999999987,19.57,0,0,fiber_degradation,12
R01-ZA,2026-09-01 01:54:00,0.5010000000000012,-1.2490000000000006,19.674,0,0,fiber_degradation,12
R01-ZA,2026-09-01 01:56:00,-0.0790000000000059,-1.1599999999999966,19.846,0,0,fiber_degradation,12
R01-ZA,2026-09-01 01:58:00,0.3139999999999894,-1.524000000000001,19.643,0,0,fiber_degradation,12
R01-ZA,2026-09-01 02:00:00,0.6190000000000015,-2.787500000000003,19.727,0,0,fiber_degradation,12
R01-ZA,2026-09-01 02:02:00,0.8889999999999958,-1.091999999999997,19.589,0,0,fiber_degradation,12
R01-ZA,2026-09-01 02:04:00,-0.0560000000000044,-3.7485,19.473,0,0,fiber_degradation,12
R01-ZA,2026-09-01 02:06:00,0.5040000000000013,-4.356999999999999,19.495,0,0,fiber_degradation,12
R01-ZA,2026-09-01 02:08:00,0.5799999999999983,-4.702999999999999,19.348,0,0,fiber_degradation,12
R01-ZA,2026-09-01 02:10:00,-0.6829999999999998,-3.389,19.241,0,0,fiber_degradation,12
R01-ZA,2026-09-01 02:12:00,-0.0090000000000092,-2.694000000000001,19.131,0,0,fiber_degradation,12
R01-ZA,2026-09-01 02:14:00,-0.0200000000000031,-4.170999999999996,18.98,0,0,fiber_degradation,12
R01-ZA,2026-09-01 02:16:00,0.0149999999999987,-3.830000000000004,18.871,0,0,fiber_degradation,12
R01-ZA,2026-09-01 02:18:00,0.437999999999997,-3.073999999999991,19.217,0,0,fiber_degradation,12
R01-ZA,2026-09-01 02:20:00,0.9720000000000032,-4.385999999999992,19.177,0,0,fiber_degradation,12
R01-ZA,2026-09-01 02:22:00,-0.0145000000000017,-3.717999999999993,18.685,0,0,fiber_degradation,12
R01-ZA,2026-09-01 02:24:00,0.0279999999999898,-3.815,18.749,0,0,fiber_degradation,12
R01-ZA,2026-09-01 02:26:00,-0.543500000000007,-4.811500000000004,18.251,0,0,fiber_degradation,12
R01-ZA,2026-09-01 02:28:00,-0.0235000000000038,-5.100499999999995,18.498,0,0,fiber_degradation,12
R01-ZA,2026-09-01 02:30:00,0.741999999999992,-3.1110000000000007,18.506,0,0,fiber_degradation,12
R01-ZA,2026-09-01 02:32:00,1.0549999999999944,-5.196,18.356,0,0,fiber_degradation,12
R01-ZA,2026-09-01 02:34:00,0.8109999999999982,-6.744000000000003,17.659,1,0,fiber_degradation,12
R01-ZA,2026-09-01 02:36:00,0.7829999999999941,-7.214999999999996,17.703,1,0,fiber_degradation,12
R01-ZA,2026-09-01 02:38:00,1.205,-6.292500000000002,18.177,0,0,fiber_degradation,12
R01-ZA,2026-09-01 02:40:00,0.5949999999999971,-5.376999999999994,18.238,0,0,fiber_degradation,12
R01-ZA,2026-09-01 02:42:00,1.4329999999999945,-4.345999999999993,18.391,0,0,fiber_degradation,12
R01-ZA,2026-09-01 02:44:00,-0.0625000000000017,-5.904999999999999,18.002,0,0,fiber_degradation,12
R01-ZA,2026-09-01 02:46:00,-0.1710000000000082,-5.879999999999992,17.499,1,0,fiber_degradation,12
R01-ZA,2026-09-01 02:48:00,-0.3250000000000028,-6.771999999999995,17.102,1,1,fiber_degradation,12
R01-ZA,2026-09-01 02:50:00,0.0099999999999926,-5.908999999999997,18.099,0,0,fiber_degradation,12
R01-ZA,2026-09-01 02:52:00,-0.5390000000000015,-6.549999999999999,17.462,1,1,fiber_degradation,12
R01-ZA,2026-09-01 02:54:00,-0.1723333333333396,-6.663499999999994,17.416,1,0,fiber_degradation,12
R01-ZA,2026-09-01 02:56:00,0.1943333333333292,-6.776999999999996,17.787,1,0,fiber_degradation,12
R01-ZA,2026-09-01 02:58:00,0.668000000000001,-6.4470000000000045,18.04,0,0,fiber_degradation,12
R01-ZA,2026-09-01 03:00:00,0.5969999999999942,-4.952999999999992,17.774,1,0,fiber_degradation,12
R01-ZA,2026-09-01 03:02:00,0.7519999999999882,-6.359999999999996,18.044,0,0,fiber_degradation,12
R01-ZA,2026-09-01 03:04:00,-0.0554999999999967,-5.974999999999994,17.826,0,0,fiber_degradation,12
R01-ZA,2026-09-01 03:06:00,0.4420000000000001,-4.979999999999997,18.295,0,0,fiber_degradation,12
R01-ZA,2026-09-01 03:08:00,0.7029999999999923,-6.113499999999995,18.016,0,0,fiber_degradation,12
R01-ZA,2026-09-01 03:10:00,0.2219999999999959,-6.896999999999997,17.537,1,0,fiber_degradation,12
R01-ZA,2026-09-01 03:12:00,0.3929999999999936,-5.664999999999992,18.068,0,0,fiber_degradation,12
R01-ZA,2026-09-01 03:14:00,0.9759999999999992,-5.41899999999999,18.34,0,0,fiber_degradation,12
R01-ZA,2026-09-01 03:16:00,0.3689999999999962,-6.107000000000001,18.012,0,0,fiber_degradation,12
R01-ZA,2026-09-01 03:18:00,-0.310000000000004,0.6970000000000027,19.778,0,0,none,-1
R01-ZA,2026-09-01 03:20:00,0.8549999999999951,0.791500000000001,18.635,0,0,none,-1
R01-ZA,2026-09-01 03:22:00,0.0179999999999953,2.8475,19.362,0,0,none,-1
R01-ZA,2026-09-01 03:24:00,0.1959999999999926,2.363000000000005,19.594,0,0,none,-1
R01-ZA,2026-09-01 03:26:00,0.1569999999999964,1.5809999999999995,19.167,0,0,none,-1
R01-ZA,2026-09-01 03:28:00,0.9044999999999916,2.4200000000000053,19.12,0,0,none,-1
R01-ZA,2026-09-01 03:30:00,0.8479999999999972,1.453000000000003,19.571,0,0,none,-1
R01-ZA,2026-09-01 03:32:00,-0.1920000000000037,0.7545000000000037,19.505,0,0,fiber_degradation,16
R01-ZA,2026-09-01 03:34:00,0.5319999999999965,0.1570000000000035,19.135,0,0,fiber_degradation,16
R01-ZA,2026-09-01 03:36:00,0.1470000000000002,0.7240000000000038,19.483,0,0,fiber_degradation,16
R01-ZA,2026-09-01 03:38:00,0.638999999999994,1.3870000000000058,18.883,0,0,fiber_degradation,16
R01-ZA,2026-09-01 03:40:00,0.3979999999999926,0.3150000000000013,19.187,0,0,fiber_degradation,16
R01-ZA,2026-09-01 03:42:00,-0.0880000000000045,-1.381999999999998,19.342,0,0,fiber_degradation,16
R01-ZA,2026-09-01 03:44:00,0.605500000000001,-0.8319999999999936,19.204,0,0,fiber_degradation,16
R01-ZA,2026-09-01 03:46:00,-0.6259999999999994,-1.5109999999999977,19.115,0,0,fiber_degradation,16
R01-ZA,2026-09-01 03:48:00,0.0999999999999925,-1.8936666666666648,18.753,0,0,fiber_degradation,16
R01-ZA,2026-09-01 03:50:00,0.6474999999999902,-2.691333333333331,18.926,0,0,fiber_degradation,16
R01-ZA,2026-09-01 03:52:00,0.6789999999999967,-4.1430000000000025,18.625,0,0,fiber_degradation,16
R01-ZA,2026-09-01 03:54:00,-0.1685000000000034,-4.725999999999997,18.453,0,0,fiber_degradation,16
R01-ZA,2026-09-01 03:56:00,0.3919999999999959,-4.548,18.466,0,0,fiber_degradation,16
R01-ZA,2026-09-01 03:58:00,1.2429999999999932,-5.344000000000001,18.164,0,0,fiber_degradation,16
R01-ZA,2026-09-01 04:00:00,-0.331500000000009,-4.059999999999999,17.999,0,0,fiber_degradation,16
R01-ZA,2026-09-01 04:02:00,0.7139999999999969,-5.802499999999993,18.003,0,0,fiber_degradation,16
R01-ZA,2026-09-01 04:04:00,0.4539999999999988,-5.862,17.56,0,0,fiber_degradation,16
R01-ZA,2026-09-01 04:06:00,0.3920000000000012,-7.174000000000001,17.792,0,0,fiber_degradation,16
R01-ZA,2026-09-01 04:08:00,1.190499999999993,-6.296999999999999,17.728,1,0,fiber_degradation,16
R01-ZA,2026-09-01 04:10:00,0.8039999999999985,-6.380999999999999,17.421,0,0,fiber_degradation,16
R01-ZA,2026-09-01 04:12:00,0.3249999999999975,-7.400999999999994,17.689,0,1,fiber_degradation,16
R01-ZA,2026-09-01 04:14:00,0.5119999999999987,-6.825999999999997,17.68,1,0,fiber_degradation,16
R01-ZA,2026-09-01 04:16:00,-0.6080000000000076,-6.7280000000000015,17.466,1,1,fiber_degradation,16
R01-ZA,2026-09-01 04:18:00,0.9699999999999972,-6.231999999999992,17.779,0,0,fiber_degradation,16
R01-ZA,2026-09-01 04:20:00,0.0529999999999972,-6.815,17.452,1,0,fiber_degradation,16
R01-ZA,2026-09-01 04:22:00,0.2189999999999923,-6.316999999999998,17.464,1,0,fiber_degradation,16
R01-ZA,2026-09-01 04:24:00,0.5619999999999958,-7.310499999999999,17.774,1,0,fiber_degradation,16
R01-ZA,2026-09-01 04:26:00,0.0704999999999973,-6.448,17.529,0,0,fiber_degradation,16
R01-ZA,2026-09-01 04:28:00,0.5559999999999938,-6.064000000000002,17.856,0,0,fiber_degradation,16
R01-ZA,2026-09-01 04:30:00,0.5109999999999939,1.775000000000002,19.308,0,0,none,-1
R01-ZA,2026-09-01 04:32:00,0.6459999999999972,1.7384999999999984,19.079,0,0,none,-1
R01-ZA,2026-09-01 04:34:00,1.1874999999999982,0.6970000000000045,18.781,0,0,none,-1
R01-ZA,2026-09-01 04:36:00,0.5480000000000036,0.2519999999999989,19.709,0,0,none,-1
R01-ZA,2026-09-01 04:38:00,1.139999999999997,1.0835000000000043,19.39,0,0,fiber_degradation,8
R01-ZA,2026-09-01 04:40:00,0.0289999999999999,1.2380000000000049,19.695,0,0,fiber_degradation,8
R01-ZA,2026-09-01 04:42:00,0.3519999999999914,-0.9785000000000004,19.877,0,0,fiber_degradation,8
R01-ZA,2026-09-01 04:44:00,0.677999999999999,-0.4769999999999932,19.882,0,0,fiber_degradation,8
R01-ZA,2026-09-01 04:46:00,1.2839999999999971,0.277000000000001,19.419,0,0,fiber_degradation,8
R01-ZA,2026-09-01 04:48:00,1.2609999999999957,0.3340000000000032,19.772,0,0,fiber_degradation,8
R01-ZA,2026-09-01 04:50:00,-0.4080000000000012,0.8550000000000022,19.95,0,0,fiber_degradation,8
R01-ZA,2026-09-01 04:52:00,-0.0889999999999968,-1.7349999999999888,19.871,0,0,fiber_degradation,8
R01-ZA,2026-09-01 04:54:00,1.3459999999999963,-2.493999999999996,19.858,0,0,fiber_degradation,8
R01-ZA,2026-09-01 04:56:00,-0.3800000000000043,-1.807499999999996,19.73,0,0,fiber_degradation,8
R01-ZA,2026-09-01 04:58:00,-0.0569999999999986,-1.589999999999991,19.75,0,0,fiber_degradation,8
R01-ZA,2026-09-01 05:00:00,0.4329999999999945,-2.1379999999999963,19.803,0,0,fiber_degradation,8
R01-ZA,2026-09-01 05:02:00,0.2899999999999973,-0.6509999999999945,19.82,0,0,fiber_degradation,8
R01-ZA,2026-09-01 05:04:00,0.2889999999999979,-1.7549999999999972,19.718,0,0,fiber_degradation,8
R01-ZA,2026-09-01 05:06:00,-0.375,-4.942999999999994,18.948,0,0,fiber_degradation,8
R01-ZA,2026-09-01 05:08:00,-0.1970000000000027,-2.491999999999996,19.419,0,0,fiber_degradation,8
R01-ZA,2026-09-01 05:10:00,-0.1430000000000042,-3.7499999999999982,18.984,0,0,fiber_degradation,8
R01-ZA,2026-09-01 05:12:00,-0.6420000000000012,-3.798499999999999,18.829,0,0,fiber_degradation,8
R01-ZA,2026-09-01 05:14:00,0.6179999999999914,-3.919999999999998,19.178,0,0,fiber_degradation,8
R01-ZA,2026-09-01 05:16:00,1.0909999999999958,-4.162999999999991,19.342,0,0,fiber_degradation,8
R01-ZA,2026-09-01 05:18:00,1.1609999999999925,-4.729999999999997,18.951,0,0,fiber_degradation,8
R01-ZA,2026-09-01 05:20:00,0.4979999999999904,-4.185999999999996,18.618,0,0,fiber_degradation,8
R01-ZA,2026-09-01 05:22:00,1.288999999999998,-2.394999999999998,19.324,0,0,fiber_degradation,8
R01-ZA,2026-09-01 05:24:00,0.9564999999999876,-2.6709999999999887,19.717,0,0,fiber_degradation,8
R01-ZA,2026-09-01 05:26:00,0.3679999999999968,-3.8289999999999953,18.97,0,0,fiber_degradation,8
R01-ZA,2026-09-01 05:28:00,0.8670000000000027,-4.460499999999993,18.995,0,0,fiber_degradation,8
R01-ZA,2026-09-01 05:30:00,0.0789999999999953,-3.505999999999995,19.3,0,0,fiber_degradation,8
R01-ZA,2026-09-01 05:32:00,1.4309999999999905,-3.4729999999999936,19.29,0,0,fiber_degradation,8
R01-ZA,2026-09-01 05:34:00,0.6669999999999892,-4.173500000000002,18.81,0,0,fiber_degradation,8
R01-ZA,2026-09-01 05:36:00,0.1149999999999948,-2.796000000000003,18.651,0,0,fiber_degradation,8
R01-ZA,2026-09-01 05:38:00,0.9449999999999984,-4.246999999999996,19.225,0,0,fiber_degradation,8
R01-ZA,2026-09-01 05:40:00,0.3814999999999973,0.3440000000000029,19.823,0,0,none,-1
R01-ZA,2026-09-01 05:42:00,0.2599999999999909,-0.5079999999999991,19.674,0,0,none,-1
R01-ZA,2026-09-01 05:44:00,0.7429999999999932,0.7130000000000027,19.758,0,0,none,-1
R01-ZA,2026-09-01 05:46:00,0.952999999999994,0.6060000000000105,19.259,0,0,none,-1
R01-ZA,2026-09-01 05:48:00,0.930999999999992,-0.5960000000000001,19.71,0,0,none,-1
R01-ZA,2026-09-01 05:50:00,-0.0805000000000095,0.1059999999999963,19.948,0,0,none,-1
R01-ZA,2026-09-01 05:52:00,0.6749999999999865,-0.1959999999999997,19.693,0,0,none,-1
R01-ZA,2026-09-01 05:54:00,1.1294999999999875,1.2584999999999926,19.277,0,0,none,-1
R01-ZA,2026-09-01 05:56:00,1.420999999999994,0.3550000000000022,19.587,0,0,none,-1
R01-ZA,2026-09-01 05:58:00,-0.0200000000000013,-0.4729999999999936,19.709,0,0,none,-1
R01-ZA,2026-09-01 06:00:00,0.745499999999991,-1.459500000000002,20.019,0,0,none,-1
R01-ZA,2026-09-01 06:02:00,-0.0030000000000001,0.3084999999999986,19.86,0,0,none,-1
R01-ZA,2026-09-01 06:04:00,0.5529999999999866,-1.4889999999999937,19.873,0,0,none,-1
R01-ZA,2026-09-01 06:06:00,1.1444999999999936,-1.0239999999999956,19.711,0,0,none,-1
R01-ZA,2026-09-01 06:08:00,0.8990000000000027,-0.0579999999999998,19.64,0,0,none,-1
R01-ZA,2026-09-01 06:10:00,0.3749999999999929,0.0875000000000039,19.665,0,0,none,-1
R01-ZA,2026-09-01 06:12:00,0.1494999999999979,0.0540000000000056,19.987,0,0,none,-1
R01-ZA,2026-09-01 06:14:00,-0.2089999999999996,-0.5370000000000026,19.912,0,0,none,-1
R01-ZA,2026-09-01 06:16:00,-0.2350000000000029,0.2320000000000011,19.649,0,0,none,-1
R01-ZA,2026-09-01 06:18:00,0.9069999999999948,0.8580000000000005,19.387,0,0,none,-1
R01-ZA,2026-09-01 06:20:00,0.933999999999994,-0.7119999999999926,19.813,0,0,none,-1
R01-ZA,2026-09-01 06:22:00,0.1619999999999954,0.3780000000000019,19.448,0,0,none,-1
R01-ZA,2026-09-01 06:24:00,1.1160000000000014,-0.1720000000000059,19.788,0,0,none,-1
R01-ZA,2026-09-01 06:26:00,0.7289999999999992,-2.310999999999993,19.997,0,0,fiber_degradation,3
R01-ZA,2026-09-01 06:28:00,0.3069999999999986,-1.4109999999999945,19.878,0,0,fiber_degradation,3
R01-ZA,2026-09-01 06:30:00,0.2419999999999955,-3.755500000000005,18.76,0,0,fiber_degradation,3
R01-ZA,2026-09-01 06:32:00,1.042999999999985,-4.208999999999998,19.176,0,0,fiber_degradation,3
R01-ZA,2026-09-01 06:34:00,0.3989999999999973,-5.256000000000002,17.39,0,0,fiber_degradation,3
R01-ZA,2026-09-01 06:36:00,1.264999999999997,-8.58799999999999,15.29,1,1,fiber_degradation,3
R01-ZA,2026-09-01 06:38:00,1.0300000000000011,-8.186,14.971,1,1,fiber_degradation,3
R01-ZA,2026-09-01 06:40:00,1.6629999999999985,-9.355,14.142,1,1,fiber_degradation,3
R01-ZA,2026-09-01 06:42:00,1.203499999999993,-9.285,13.448,1,1,fiber_degradation,3
R01-ZA,2026-09-01 06:44:00,1.1214999999999993,-11.883,12.057,1,1,fiber_degradation,3
R01-ZA,2026-09-01 06:46:00,1.035000000000002,-12.972999999999995,10.514,1,1,fiber_degradation,3
R01-ZA,2026-09-01 06:48:00,-0.5539999999999985,-13.583999999999998,9.853,1,1,fiber_degradation,3
R01-ZA,2026-09-01 06:50:00,1.1139999999999937,-13.3235,10.915,1,1,fiber_degradation,3
R01-ZA,2026-09-01 06:52:00,0.4089999999999918,-12.468499999999992,11.535,1,1,fiber_degradation,3
R01-ZA,2026-09-01 06:54:00,-0.1370000000000057,-12.127999999999991,10.637,1,1,fiber_degradation,3
R01-ZA,2026-09-01 06:56:00,0.948999999999991,-13.584499999999997,10.288,1,1,fiber_degradation,3
R01-ZA,2026-09-01 06:58:00,0.1196666666666619,-12.866000000000003,10.053,1,1,fiber_degradation,3
R01-ZA,2026-09-01 07:00:00,0.127333333333329,-12.077499999999995,9.796,1,1,fiber_degradation,3
R01-ZA,2026-09-01 07:02:00,0.1350000000000015,-11.288999999999996,11.373,1,1,fiber_degradation,3
R01-ZA,2026-09-01 07:04:00,0.6405000000000065,-0.3409999999999868,19.767,0,0,none,-1
R01-ZA,2026-09-01 07:06:00,0.8979999999999997,1.5740000000000034,19.385,0,0,none,-1
R01-ZA,2026-09-01 07:08:00,0.6454999999999949,0.1740000000000066,19.743,0,0,none,-1
R01-ZA,2026-09-01 07:10:00,0.0909999999999939,-0.2050000000000071,19.897,0,0,none,-1
R01-ZA,2026-09-01 07:12:00,0.7039999999999953,0.6460000000000026,19.52,0,0,none,-1
R01-ZA,2026-09-01 07:14:00,0.8529999999999927,1.6129999999999924,18.655,0,0,none,-1
R01-ZA,2026-09-01 07:16:00,0.9160000000000004,0.1130000000000013,19.744,0,0,none,-1
R01-ZA,2026-09-01 07:18:00,0.5079999999999973,-0.3020000000000049,19.956,0,0,none,-1
R01-ZA,2026-09-01 07:20:00,1.2099999999999973,-0.0560000000000044,19.466,0,0,none,-1
R01-ZA,2026-09-01 07:22:00,0.774999999999995,-1.517999999999999,19.65,0,0,fiber_degradation,5
R01-ZA,2026-09-01 07:24:00,0.1429999999999935,-1.0260000000000034,20.068,0,0,fiber_degradation,5
R01-ZA,2026-09-01 07:26:00,1.1289999999999942,-1.658999999999999,20.016,0,0,fiber_degradation,5
R01-ZA,2026-09-01 07:28:00,0.0244999999999908,-0.6539999999999999,20.012,0,0,fiber_degradation,5
R01-ZA,2026-09-01 07:30:00,0.953000000000003,-3.468999999999996,19.697,0,0,fiber_degradation,5
R01-ZA,2026-09-01 07:32:00,0.4939999999999962,-3.6259999999999977,19.473,0,0,fiber_degradation,5
R01-ZA,2026-09-01 07:34:00,0.3390000000000022,-3.6659999999999897,18.714,0,0,fiber_degradation,5
R01-ZA,2026-09-01 07:36:00,-0.1765000000000025,-5.231999999999996,18.675,0,0,fiber_degradation,5
R01-ZA,2026-09-01 07:38:00,-0.0800000000000036,-3.5129999999999963,18.945,0,0,fiber_degradation,5
R01-ZA,2026-09-01 07:40:00,0.7859999999999925,-3.7390000000000025,19.249,0,0,fiber_degradation,5
R01-ZA,2026-09-01 07:42:00,0.3749999999999946,-4.164,19.325,0,0,fiber_degradation,5
R01-ZA,2026-09-01 07:44:00,0.3954999999999984,-4.464000000000006,19.167,0,0,fiber_degradation,5
R01-ZA,2026-09-01 07:46:00,-0.5250000000000021,0.6389999999999976,19.971,0,0,none,-1
R01-ZA,2026-09-01 07:48:00,1.131999999999996,1.2270000000000003,18.495,0,0,none,-1
R01-ZA,2026-09-01 07:50:00,0.2599999999999944,1.3299999999999963,19.203,0,0,none,-1
R01-ZA,2026-09-01 07:52:00,-1.1490000000000098,2.1819999999999986,18.883,0,0,amplifier_degradation,4
R01-ZA,2026-09-01 07:54:00,-0.5620000000000047,0.6880000000000024,20.012,0,0,amplifier_degradation,4
R01-ZA,2026-09-01 07:56:00,-0.1340000000000003,1.758000000000008,19.772,0,0,amplifier_degradation,4
R01-ZA,2026-09-01 07:58:00,-0.434000000000001,0.3050000000000015,19.981,0,0,amplifier_degradation,4
R01-ZA,2026-09-01 08:00:00,-1.108000000000006,0.370000000000001,20.068,0,0,amplifier_degradation,4
R01-ZA,2026-09-01 08:02:00,-0.5080000000000027,1.0310000000000024,20.128,0,0,amplifier_degradation,4
R01-ZA,2026-09-01 08:04:00,-1.2860000000000031,1.0195000000000023,19.98,0,0,amplifier_degradation,4
R01-ZA,2026-09-01 08:06:00,-2.375500000000004,0.7279999999999998,19.936,0,0,amplifier_degradation,4
R01-ZA,2026-09-01 08:08:00,-2.4230000000000054,-0.3829999999999973,19.948,0,0,amplifier_degradation,4
R01-ZA,2026-09-01 08:10:00,-1.9309999999999992,1.6490000000000045,20.063,0,0,amplifier_degradation,4
R01-ZA,2026-09-01 08:12:00,-2.032000000000002,0.6340000000000057,19.893,0,0,amplifier_degradation,4
R01-ZA,2026-09-01 08:14:00,-2.4480000000000057,1.884000000000004,19.801,0,0,amplifier_degradation,4
R01-ZA,2026-09-01 08:16:00,-2.810000000000008,1.3369999999999995,19.832,0,0,amplifier_degradation,4
R01-ZA,2026-09-01 08:18:00,-3.1570000000000054,1.594999999999997,19.153,0,0,amplifier_degradation,4
R01-ZA,2026-09-01 08:20:00,-3.104000000000008,-0.1290000000000031,19.214,0,0,amplifier_degradation,4
R01-ZA,2026-09-01 08:22:00,-3.6229999999999976,2.254000000000003,19.165,0,0,amplifier_degradation,4
R01-ZA,2026-09-01 08:24:00,-4.8100000000000005,2.868000000000002,19.501,0,0,amplifier_degradation,4
R01-ZA,2026-09-01 08:26:00,-4.894000000000011,-1.3060000000000027,17.793,0,0,amplifier_degradation,4
R01-ZA,2026-09-01 08:28:00,-5.207000000000004,1.8149999999999995,18.766,0,0,amplifier_degradation,4
R01-ZA,2026-09-01 08:30:00,-5.194000000000008,0.0395000000000056,17.918,0,0,amplifier_degradation,4
R01-ZA,2026-09-01 08:32:00,-5.984000000000004,0.8439999999999959,17.833,0,0,amplifier_degradation,4
R01-ZA,2026-09-01 08:34:00,-4.92800000000001,0.538000000000002,18.142,0,0,amplifier_degradation,4
R01-ZA,2026-09-01 08:36:00,-4.841000000000003,1.1779999999999973,18.42,0,0,amplifier_degradation,4
R01-ZA,2026-09-01 08:38:00,-5.232000000000001,2.069000000000006,18.12,0,0,amplifier_degradation,4
R01-ZA,2026-09-01 08:40:00,-6.094999999999999,0.7940000000000023,17.901,0,0,amplifier_degradation,4
R01-ZA,2026-09-01 08:42:00,-6.655000000000008,1.483999999999991,17.518,0,0,amplifier_degradation,4
R01-ZA,2026-09-01 08:44:00,-7.166000000000008,2.4069999999999965,17.64,0,0,amplifier_degradation,4
R01-ZA,2026-09-01 08:46:00,-6.702500000000001,2.893999999999997,17.04,0,0,amplifier_degradation,4
R01-ZA,2026-09-01 08:48:00,-6.124000000000006,1.3210000000000033,16.616,1,0,amplifier_degradation,4
R01-ZA,2026-09-01 08:50:00,-8.254000000000005,2.523000000000007,16.889,1,0,amplifier_degradation,4
R01-ZA,2026-09-01 08:52:00,-6.817000000000007,0.5469999999999988,16.564,1,0,amplifier_degradation,4
R01-ZA,2026-09-01 08:54:00,-7.728,0.9390000000000088,15.64,1,1,amplifier_degradation,4
R01-ZA,2026-09-01 08:56:00,-8.296999999999995,2.586000000000002,16.195,1,0,amplifier_degradation,4
R01-ZA,2026-09-01 08:58:00,-8.142000000000003,1.9040000000000017,16.014,1,0,amplifier_degradation,4
R01-ZA,2026-09-01 09:00:00,-8.663000000000004,2.2720000000000056,16.147,1,0,amplifier_degradation,4
R01-ZA,2026-09-01 09:02:00,-8.153000000000008,2.9465000000000057,16.236,1,0,amplifier_degradation,4
R01-ZA,2026-09-01 09:04:00,-8.736,1.215,15.909,1,1,amplifier_degradation,4
R01-ZA,2026-09-01 09:06:00,-8.602000000000004,2.3830000000000098,15.734,1,0,amplifier_degradation,4
R01-ZA,2026-09-01 09:08:00,-8.876999999999997,0.3910000000000035,15.299,1,1,amplifier_degradation,4
R01-ZA,2026-09-01 09:10:00,-8.678000000000004,2.869000000000005,15.736,1,0,amplifier_degradation,4
R01-ZA,2026-09-01 09:12:00,-9.709,1.6370000000000076,15.949,1,1,amplifier_degradation,4
R01-ZA,2026-09-01 09:14:00,-7.436000000000005,0.4550000000000036,15.856,1,1,amplifier_degradation,4
R01-ZA,2026-09-01 09:16:00,-8.87700000000001,0.4600000000000026,15.212,1,1,amplifier_degradation,4
R01-ZA,2026-09-01 09:18:00,-8.413000000000006,0.877999999999993,15.443,1,1,amplifier_degradation,4
R01-ZA,2026-09-01 09:20:00,-8.594000000000003,2.757999999999999,15.719,1,0,amplifier_degradation,4
R01-ZA,2026-09-01 09:22:00,-8.293000000000012,2.417,16.044,1,0,amplifier_degradation,4
R01-ZA,2026-09-01 09:24:00,-8.847000000000007,1.4475000000000031,16.075,1,1,amplifier_degradation,4
R01-ZA,2026-09-01 09:26:00,-9.146000000000008,1.5679999999999996,15.798,1,1,amplifier_degradation,4
R01-ZA,2026-09-01 09:28:00,-7.982000000000006,2.9389999999999983,16.182,1,0,amplifier_degradation,4
R01-ZA,2026-09-01 09:30:00,-8.392000000000001,2.128000000000002,16.496,1,0,amplifier_degradation,4
R01-ZA,2026-09-01 09:32:00,-8.147500000000015,2.0635000000000066,16.534,1,0,amplifier_degradation,4
R01-ZA,2026-09-01 09:34:00,-7.903000000000004,1.999000000000004,16.112,1,0,amplifier_degradation,4
R01-ZA,2026-09-01 09:36:00,-8.023000000000001,1.3080000000000016,15.5,1,1,amplifier_degradation,4
R01-ZA,2026-09-01 09:38:00,-8.242000000000003,2.655000000000003,16.413,1,0,amplifier_degradation,4
R01-ZA,2026-09-01 09:40:00,-9.156000000000002,0.9720000000000032,15.509,1,1,amplifier_degradation,4
R01-ZA,2026-09-01 09:42:00,-0.0150000000000076,1.0459999999999976,18.795,0,0,none,-1
R01-ZA,2026-09-01 09:44:00,0.513999999999994,1.5669999999999984,18.99,0,0,none,-1
R01-ZA,2026-09-01 09:46:00,0.2350000000000029,1.7910000000000004,20.071,0,0,none,-1
R01-ZA,2026-09-01 09:48:00,-0.3330000000000019,1.2050000000000036,19.591,0,0,none,-1
R01-ZA,2026-09-01 09:50:00,0.8730000000000011,1.5060000000000038,19.144,0,0,none,-1
R01-ZA,2026-09-01 09:52:00,2.8339999999999943,-12.810999999999993,13.579,1,1,fiber_degradation,5
R01-ZA,2026-09-01 09:54:00,2.840499999999995,-13.030499999999993,14.14,1,1,fiber_degradation,5
R01-ZA,2026-09-01 09:56:00,2.846999999999989,-13.250000000000002,13.47,1,1,fiber_degradation,5
R01-ZA,2026-09-01 09:58:00,2.642999999999997,-12.465999999999996,13.422,1,1,fiber_degradation,5
R02-AZ,2026-09-01 00:00:00,-0.2270000000000021,-2.0000000000000053,19.767,0,0,none,-1
R02-AZ,2026-09-01 00:02:00,0.4880000000000031,-1.3800000000000008,20.008,0,0,none,-1
R02-AZ,2026-09-01 00:04:00,-0.6960000000000033,-0.6380000000000052,19.826,0,0,none,-1
R02-AZ,2026-09-01 00:06:00,-0.6325000000000038,-1.889000000000003,19.415,0,0,none,-1
R02-AZ,2026-09-01 00:08:00,-0.2199999999999971,-1.0730000000000022,19.907,0,0,none,-1
R02-AZ,2026-09-01 00:10:00,-0.0779999999999958,-1.2090000000000067,19.824,0,0,none,-1
R02-AZ,2026-09-01 00:12:00,-0.6819999999999968,-1.7720000000000056,19.489,0,0,none,-1
R02-AZ,2026-09-01 00:14:00,-0.552999999999999,-1.2775000000000016,19.861,0,0,amplifier_degradation,17
R02-AZ,2026-09-01 00:16:00,-0.1319999999999996,-1.7440000000000089,19.579,0,0,amplifier_degradation,17
R02-AZ,2026-09-01 00:18:00,-1.0929999999999946,-2.819000000000001,19.427,0,0,amplifier_degradation,17
R02-AZ,2026-09-01 00:20:00,-0.8885000000000041,-1.2630000000000037,19.76,0,0,amplifier_degradation,17
R02-AZ,2026-09-01 00:22:00,-1.019,-1.5970000000000066,19.795,0,0,amplifier_degradation,17
R02-AZ,2026-09-01 00:24:00,-1.8760000000000008,-0.3340000000000032,19.683,0,0,amplifier_degradation,17
R02-AZ,2026-09-01 00:26:00,-3.116999999999996,-2.740000000000005,18.99,0,0,amplifier_degradation,17
R02-AZ,2026-09-01 00:28:00,-2.6854999999999998,-1.765000000000004,19.204,0,0,amplifier_degradation,17
R02-AZ,2026-09-01 00:30:00,-3.583999999999996,-2.0270000000000064,18.914,0,0,amplifier_degradation,17
R02-AZ,2026-09-01 00:32:00,-3.5749999999999904,-1.1710000000000065,19.327,0,0,amplifier_degradation,17
R02-AZ,2026-09-01 00:34:00,-3.6474999999999937,-1.9810000000000048,18.836,0,0,amplifier_degradation,17
R02-AZ,2026-09-01 00:36:00,-3.397999999999996,-3.7089999999999934,19.172,0,1,amplifier_degradation,17
R02-AZ,2026-09-01 00:38:00,-3.533000000000012,-1.3179999999999996,19.139,0,0,amplifier_degradation,17
R02-AZ,2026-09-01 00:40:00,-2.879500000000002,-0.9339999999999976,19.63,0,0,amplifier_degradation,17
R02-AZ,2026-09-01 00:42:00,-4.054500000000003,-0.996999999999998,19.036,0,0,amplifier_degradation,17
R02-AZ,2026-09-01 00:44:00,-3.1815,-1.0570000000000075,19.137,0,0,amplifier_degradation,17
R02-AZ,2026-09-01 00:46:00,-2.8770000000000007,-2.616500000000011,18.753,0,0,amplifier_degradation,17
R02-AZ,2026-09-01 00:48:00,-4.352000000000006,-1.1820000000000004,19.206,0,0,amplifier_degradation,17
R02-AZ,2026-09-01 00:50:00,-3.803000000000006,-1.7039999999999988,19.13,0,0,amplifier_degradation,17
R02-AZ,2026-09-01 00:52:00,0.2720000000000002,-1.8700000000000043,19.886,0,0,none,-1
R02-AZ,2026-09-01 00:54:00,-0.4525000000000041,-0.8129999999999988,19.837,0,0,none,-1
R02-AZ,2026-09-01 00:56:00,0.186999999999994,-1.4040000000000017,20.035,0,0,none,-1
R02-AZ,2026-09-01 00:58:00,0.5500000000000007,-1.0060000000000129,19.892,0,0,none,-1
R02-AZ,2026-09-01 01:00:00,0.2910000000000003,-1.7860000000000014,19.476,0,0,none,-1
R02-AZ,2026-09-01 01:02:00,0.1379999999999981,-0.3820000000000068,20.122,0,0,none,-1
R02-AZ,2026-09-01 01:04:00,0.3314999999999948,-1.3469999999999995,20.059,0,0,amplifier_degradation,18
R02-AZ,2026-09-01 01:06:00,-1.3039999999999967,-1.212500000000004,19.592,0,0,amplifier_degradation,18
R02-AZ,2026-09-01 01:08:00,-1.2470000000000017,-2.5109999999999992,19.559,0,0,amplifier_degradation,18
R02-AZ,2026-09-01 01:10:00,-1.5690000000000026,-1.7279999999999909,19.793,0,0,amplifier_degradation,18
R02-AZ,2026-09-01 01:12:00,-1.891,-0.9450000000000074,19.583,0,0,amplifier_degradation,18
R02-AZ,2026-09-01 01:14:00,-2.2874999999999943,-1.3880000000000052,19.381,0,0,amplifier_degradation,18
R02-AZ,2026-09-01 01:16:00,-3.1809999999999974,-1.0870000000000015,19.636,0,0,amplifier_degradation,18
R02-AZ,2026-09-01 01:18:00,-2.6500000000000004,-1.8485000000000085,19.112,0,0,amplifier_degradation,18
R02-AZ,2026-09-01 01:20:00,-3.5109999999999992,-1.428999999999995,19.351,0,0,amplifier_degradation,18
R02-AZ,2026-09-01 01:22:00,-3.716999999999999,-1.070999999999998,19.491,0,0,amplifier_degradation,18
R02-AZ,2026-09-01 01:24:00,-4.866000000000003,-1.5290000000000088,19.299,0,0,amplifier_degradation,18
R02-AZ,2026-09-01 01:26:00,-4.765000000000002,-1.1890000000000018,19.309,0,0,amplifier_degradation,18
R02-AZ,2026-09-01 01:28:00,-4.972999999999997,-1.3230000000000055,19.102,0,0,amplifier_degradation,18
R02-AZ,2026-09-01 01:30:00,-6.035999999999996,-0.8059999999999956,18.924,1,1,amplifier_degradation,18
R02-AZ,2026-09-01 01:32:00,-6.043000000000005,0.1329999999999902,19.196,0,0,amplifier_degradation,18
R02-AZ,2026-09-01 01:34:00,-5.985999999999997,-0.5829999999999966,19.025,1,1,amplifier_degradation,18
R02-AZ,2026-09-01 01:36:00,-7.170000000000007,-2.873999999999992,18.459,1,1,amplifier_degradation,18
R02-AZ,2026-09-01 01:38:00,-7.508000000000002,0.1349999999999962,18.267,1,1,amplifier_degradation,18
R02-AZ,2026-09-01 01:40:00,-7.633000000000003,0.2739999999999902,18.874,1,1,amplifier_degradation,18
R02-AZ,2026-09-01 01:42:00,-8.009999999999998,0.0199999999999942,18.411,1,1,amplifier_degradation,18
R02-AZ,2026-09-01 01:44:00,-8.187000000000001,-1.889000000000005,17.579,1,1,amplifier_degradation,18
R02-AZ,2026-09-01 01:46:00,-8.855999999999998,-0.3310000000000084,18.427,1,1,amplifier_degradation,18
R02-AZ,2026-09-01 01:48:00,-9.645,-1.7100000000000026,17.461,1,1,amplifier_degradation,18
R02-AZ,2026-09-01 01:50:00,-9.803999999999997,-1.8130000000000093,17.682,1,1,amplifier_degradation,18
R02-AZ,2026-09-01 01:52:00,-9.801999999999998,-2.220000000000004,17.469,1,1,amplifier_degradation,18
R02-AZ,2026-09-01 01:54:00,-8.781999999999996,-0.6380000000000088,17.98,1,1,amplifier_degradation,18
R02-AZ,2026-09-01 01:56:00,-10.59600000000001,-2.114000000000006,16.996,1,1,amplifier_degradation,18
R02-AZ,2026-09-01 01:58:00,-9.814000000000004,-1.836500000000003,17.107,1,1,amplifier_degradation,18
R02-AZ,2026-09-01 02:00:00,-9.448,-1.080999999999996,18.143,1,1,amplifier_degradation,18
R02-AZ,2026-09-01 02:02:00,-9.947000000000005,-1.6890000000000107,17.47,1,1,amplifier_degradation,18
R02-AZ,2026-09-01 02:04:00,-9.145,0.0639999999999965,18.291,1,1,amplifier_degradation,18
R02-AZ,2026-09-01 02:06:00,-9.321500000000007,-0.5220000000000056,18.2,1,1,amplifier_degradation,18
R02-AZ,2026-09-01 02:08:00,-8.9965,-1.9160000000000057,17.688,1,1,amplifier_degradation,18
R02-AZ,2026-09-01 02:10:00,-9.488,-0.7820000000000018,18.021,1,1,amplifier_degradation,18
R02-AZ,2026-09-01 02:12:00,-9.627999999999997,-1.594999999999997,17.846,1,1,amplifier_degradation,18
R02-AZ,2026-09-01 02:14:00,-9.91600000000001,-0.2655000000000029,17.871,1,1,amplifier_degradation,18
R02-AZ,2026-09-01 02:16:00,-9.566,-0.7810000000000006,18.343,1,1,amplifier_degradation,18
R02-AZ,2026-09-01 02:18:00,-10.948000000000004,-0.6750000000000007,17.708,1,1,amplifier_degradation,18
R02-AZ,2026-09-01 02:20:00,-10.491000000000012,-1.940500000000002,17.174,1,1,amplifier_degradation,18
R02-AZ,2026-09-01 02:22:00,-8.781000000000002,-2.021500000000003,17.461,1,1,amplifier_degradation,18
R02-AZ,2026-09-01 02:24:00,-9.661500000000006,0.1890000000000018,18.325,1,1,amplifier_degradation,18
R02-AZ,2026-09-01 02:26:00,-9.456999999999995,-1.910000000000004,17.586,1,1,amplifier_degradation,18
R02-AZ,2026-09-01 02:28:00,-8.960000000000004,-0.7200000000000006,18.39,1,1,amplifier_degradation,18
R02-AZ,2026-09-01 02:30:00,-0.3000000000000007,0.0849999999999937,20.126,0,0,none,-1
R02-AZ,2026-09-01 02:32:00,-0.7390000000000043,0.6489999999999974,20.122,0,0,none,-1
R02-AZ,2026-09-01 02:34:00,-0.3840000000000056,-0.3165000000000049,19.963,0,0,none,-1
R02-AZ,2026-09-01 02:36:00,0.1629999999999984,-0.0390000000000085,20.079,0,0,none,-1
R02-AZ,2026-09-01 02:38:00,-0.0485000000000042,-0.423,20.101,0,0,none,-1
R02-AZ,2026-09-01 02:40:00,0.4134999999999991,-0.9375,20.073,0,0,none,-1
R02-AZ,2026-09-01 02:42:00,-0.0019999999999917,-0.3800000000000043,20.099,0,0,amplifier_degradation,11
R02-AZ,2026-09-01 02:44:00,-2.0795000000000083,-0.559000000000001,19.687,0,0,amplifier_degradation,11
R02-AZ,2026-09-01 02:46:00,-2.027000000000005,-0.3795000000000055,18.899,0,0,amplifier_degradation,11
R02-AZ,2026-09-01 02:48:00,-1.4180000000000028,-0.2170000000000094,19.227,0,0,amplifier_degradation,11
R02-AZ,2026-09-01 02:50:00,-2.2620000000000022,-1.6999999999999993,19.075,0,0,amplifier_degradation,11
R02-AZ,2026-09-01 02:52:00,-1.6859999999999982,-1.0730000000000004,19.32,0,0,amplifier_degradation,11
R02-AZ,2026-09-01 02:54:00,-2.531999999999993,-0.6245000000000047,19.159,0,0,amplifier_degradation,11
R02-AZ,2026-09-01 02:56:00,-3.3889999999999976,-0.2415000000000038,18.985,0,0,amplifier_degradation,11
R02-AZ,2026-09-01 02:58:00,-4.298,-2.177000000000003,18.466,0,0,amplifier_degradation,11
R02-AZ,2026-09-01 03:00:00,-3.879833333333332,-0.9715000000000024,18.44,0,0,amplifier_degradation,11
R02-AZ,2026-09-01 03:02:00,-3.4616666666666696,0.2339999999999982,19.266,0,0,amplifier_degradation,11
R02-AZ,2026-09-01 03:04:00,-3.661999999999999,1.3139999999999965,18.941,0,0,amplifier_degradation,11
R02-AZ,2026-09-01 03:06:00,-3.639000000000001,-1.408999999999999,18.23,0,0,amplifier_degradation,11
R02-AZ,2026-09-01 03:08:00,-4.452999999999999,-0.7320000000000082,18.199,0,0,amplifier_degradation,11
R02-AZ,2026-09-01 03:10:00,-4.157000000000009,-1.100999999999999,17.814,0,0,amplifier_degradation,11
R02-AZ,2026-09-01 03:12:00,-5.191000000000001,0.0069999999999925,17.894,0,0,amplifier_degradation,11
R02-AZ,2026-09-01 03:14:00,-5.788000000000004,-0.2140000000000057,17.616,0,0,amplifier_degradation,11
R02-AZ,2026-09-01 03:16:00,-4.810000000000004,-1.3010000000000108,16.904,1,0,amplifier_degradation,11
R02-AZ,2026-09-01 03:18:00,-6.136999999999995,1.5419999999999945,18.06,0,0,amplifier_degradation,11
R02-AZ,2026-09-01 03:20:00,-7.429499999999997,-1.400500000000001,15.878,1,1,amplifier_degradation,11
R02-AZ,2026-09-01 03:22:00,-5.940999999999999,-0.9009999999999998,16.473,1,1,amplifier_degradation,11
R02-AZ,2026-09-01 03:24:00,-8.181999999999999,-0.2480000000000011,16.285,1,1,amplifier_degradation,11
R02-AZ,2026-09-01 03:26:00,-6.657000000000001,-0.5569999999999986,16.14,1,1,amplifier_degradation,11
R02-AZ,2026-09-01 03:28:00,-7.174,-0.6170000000000009,15.907,1,1,amplifier_degradation,11
R02-AZ,2026-09-01 03:30:00,-7.749999999999997,-0.3350000000000008,16.351,1,1,amplifier_degradation,11
R02-AZ,2026-09-01 03:32:00,-8.073000000000002,-1.700000000000001,15.441,1,1,amplifier_degradation,11
R02-AZ,2026-09-01 03:34:00,-8.024499999999998,-1.458500000000008,14.746,1,1,amplifier_degradation,11
R02-AZ,2026-09-01 03:36:00,-8.652,-2.0410000000000075,13.759,1,1,amplifier_degradation,11
R02-AZ,2026-09-01 03:38:00,-8.896999999999995,-0.1869999999999976,14.997,1,1,amplifier_degradation,11
R02-AZ,2026-09-01 03:40:00,-9.212000000000003,-0.3920000000000012,14.69,1,1,amplifier_degradation,11
R02-AZ,2026-09-01 03:42:00,-9.121,-0.6750000000000025,14.131,1,1,amplifier_degradation,11
R02-AZ,2026-09-01 03:44:00,-9.803499999999998,0.0869999999999926,14.263,1,1,amplifier_degradation,11
R02-AZ,2026-09-01 03:46:00,-8.865999999999993,-0.4060000000000006,15.035,1,1,amplifier_degradation,11
R02-AZ,2026-09-01 03:48:00,-9.466000000000005,-1.1265000000000072,13.641,1,1,amplifier_degradation,11
R02-AZ,2026-09-01 03:50:00,-8.5575,-2.0209999999999955,13.855,1,1,amplifier_degradation,11
R02-AZ,2026-09-01 03:52:00,-8.120000000000001,-0.1235000000000017,15.257,1,1,amplifier_degradation,11
R02-AZ,2026-09-01 03:54:00,-9.512,-0.3410000000000046,14.588,1,1,amplifier_degradation,11
R02-AZ,2026-09-01 03:56:00,-8.666999999999996,-0.1429999999999971,15.198,1,1,amplifier_degradation,11
R02-AZ,2026-09-01 03:58:00,-8.301999999999996,-1.0220000000000071,15.345,1,1,amplifier_degradation,11
R02-AZ,2026-09-01 04:00:00,-7.418999999999999,-0.8770000000000007,14.926,1,1,amplifier_degradation,11
R02-AZ,2026-09-01 04:02:00,-8.844000000000001,-0.0990000000000073,15.18,1,1,amplifier_degradation,11
R02-AZ,2026-09-01 04:04:00,-8.564000000000002,-1.3220000000000045,14.454,1,1,amplifier_degradation,11
R02-AZ,2026-09-01 04:06:00,-9.295000000000002,0.495000000000001,14.995,1,1,amplifier_degradation,11
R02-AZ,2026-09-01 04:08:00,-9.075000000000005,-0.2870000000000043,14.629,1,1,amplifier_degradation,11
R02-AZ,2026-09-01 04:10:00,-8.491000000000005,0.3309999999999977,14.484,1,1,amplifier_degradation,11
R02-AZ,2026-09-01 04:12:00,-8.454000000000004,1.272499999999999,15.313,1,1,amplifier_degradation,11
R02-AZ,2026-09-01 04:14:00,-8.828999999999997,0.7119999999999944,14.937,1,1,amplifier_degradation,11
R02-AZ,2026-09-01 04:16:00,-8.194500000000009,-1.8645000000000136,14.467,1,1,amplifier_degradation,11
R02-AZ,2026-09-01 04:18:00,-7.778999999999996,-0.6820000000000022,15.59,1,1,amplifier_degradation,11
R02-AZ,2026-09-01 04:20:00,0.118999999999998,-0.983000000000004,20.05,0,0,none,-1
R02-AZ,2026-09-01 04:22:00,-0.3129999999999935,-2.2355000000000054,19.492,0,0,none,-1
R02-AZ,2026-09-01 04:24:00,-0.4530000000000029,-1.4559999999999975,19.792,0,0,none,-1
R02-AZ,2026-09-01 04:26:00,-0.1460000000000043,-1.2130000000000063,19.928,0,0,none,-1
R02-AZ,2026-09-01 04:28:00,0.092000000000004,-0.8125,19.825,0,0,fiber_degradation,4
R02-AZ,2026-09-01 04:30:00,0.8109999999999964,-1.015000000000004,20.095,0,0,fiber_degradation,4
R02-AZ,2026-09-01 04:32:00,0.1739999999999906,-1.3800000000000026,19.668,0,0,fiber_degradation,4
R02-AZ,2026-09-01 04:34:00,0.2070000000000007,-1.8730000000000029,19.921,0,0,fiber_degradation,4
R02-AZ,2026-09-01 04:36:00,0.5639999999999983,-1.522000000000002,19.851,0,0,fiber_degradation,4
R02-AZ,2026-09-01 04:38:00,0.1220000000000052,-1.422000000000006,20.01,0,0,fiber_degradation,4
R02-AZ,2026-09-01 04:40:00,1.5754999999999928,-3.2510000000000048,19.912,0,0,fiber_degradation,4
R02-AZ,2026-09-01 04:42:00,0.8350000000000026,-3.004999999999999,19.613,0,0,fiber_degradation,4
R02-AZ,2026-09-01 04:44:00,1.7220000000000013,-1.3350000000000009,19.832,0,0,fiber_degradation,4
R02-AZ,2026-09-01 04:46:00,1.876999999999997,-3.336000000000004,19.739,0,0,fiber_degradation,4
R02-AZ,2026-09-01 04:48:00,1.2735000000000003,-4.505000000000004,19.282,0,0,fiber_degradation,4
R02-AZ,2026-09-01 04:50:00,0.7344999999999988,-3.5969999999999978,19.216,0,0,fiber_degradation,4
R02-AZ,2026-09-01 04:52:00,1.1620000000000044,-4.031000000000002,18.853,0,0,fiber_degradation,4
R02-AZ,2026-09-01 04:54:00,-0.1400000000000005,-2.8750000000000053,19.061,0,0,fiber_degradation,4
R02-AZ,2026-09-01 04:56:00,1.4209999999999994,-3.8323333333333327,19.287,0,0,fiber_degradation,4
R02-AZ,2026-09-01 04:58:00,1.657,-5.014666666666674,19.153,0,0,fiber_degradation,4
R02-AZ,2026-09-01 05:00:00,0.910499999999992,-4.043000000000003,18.586,0,0,fiber_degradation,4
R02-AZ,2026-09-01 05:02:00,1.917,-4.498999999999997,19.148,0,0,fiber_degradation,4
R02-AZ,2026-09-01 05:04:00,0.6769999999999978,-5.072000000000001,18.61,0,0,fiber_degradation,4
R02-AZ,2026-09-01 05:06:00,0.1139999999999936,-3.673000000000002,19.039,0,0,fiber_degradation,4
R02-AZ,2026-09-01 05:08:00,0.3810000000000038,-4.076000000000002,18.759,0,0,fiber_degradation,4
R02-AZ,2026-09-01 05:10:00,1.7240000000000002,-4.662999999999995,18.713,0,0,fiber_degradation,4
R02-AZ,2026-09-01 05:12:00,0.7115000000000062,-6.327,18.054,0,0,fiber_degradation,4
R02-AZ,2026-09-01 05:14:00,0.5294999999999987,-4.354999999999993,18.443,0,0,fiber_degradation,4
R02-AZ,2026-09-01 05:16:00,1.2249999999999996,-4.260000000000007,18.609,0,0,fiber_degradation,4
R02-AZ,2026-09-01 05:18:00,0.3230000000000004,-4.742000000000004,18.481,0,0,fiber_degradation,4
R02-AZ,2026-09-01 05:20:00,1.568000000000005,-5.334,18.56,0,0,fiber_degradation,4
R02-AZ,2026-09-01 05:22:00,0.4770000000000021,-6.828999999999995,17.454,0,0,fiber_degradation,4
R02-AZ,2026-09-01 05:24:00,1.1179999999999986,-5.856000000000005,17.452,0,0,fiber_degradation,4
R02-AZ,2026-09-01 05:26:00,0.889999999999997,-6.304000000000002,17.052,0,0,fiber_degradation,4
R02-AZ,2026-09-01 05:28:00,1.3480000000000023,-7.513,17.15,0,0,fiber_degradation,4
R02-AZ,2026-09-01 05:30:00,-0.0870000000000033,-5.571500000000011,16.886,1,0,fiber_degradation,4
R02-AZ,2026-09-01 05:32:00,0.8369999999999926,-6.203000000000005,17.598,0,0,fiber_degradation,4
R02-AZ,2026-09-01 05:34:00,-0.0510000000000019,-4.827000000000004,17.198,0,0,fiber_degradation,4
R02-AZ,2026-09-01 05:36:00,0.7650000000000023,-7.567000000000005,16.029,1,0,fiber_degradation,4
R02-AZ,2026-09-01 05:38:00,0.8239999999999963,-5.743999999999998,17.927,0,0,fiber_degradation,4
R02-AZ,2026-09-01 05:40:00,1.0050000000000008,-5.989000000000001,17.33,0,0,fiber_degradation,4
R02-AZ,2026-09-01 05:42:00,0.3825000000000074,-9.353000000000009,15.636,1,1,fiber_degradation,4
R02-AZ,2026-09-01 05:44:00,1.1405000000000118,-7.048999999999998,17.418,0,0,fiber_degradation,4
R02-AZ,2026-09-01 05:46:00,0.4580000000000055,-6.919500000000001,16.627,1,0,fiber_degradation,4
R02-AZ,2026-09-01 05:48:00,0.1329999999999991,-6.682,16.489,1,0,fiber_degradation,4
R02-AZ,2026-09-01 05:50:00,0.8619999999999983,-7.148000000000005,16.861,1,0,fiber_degradation,4
R02-AZ,2026-09-01 05:52:00,1.1129999999999889,-6.324500000000004,17.177,0,0,fiber_degradation,4
R02-AZ,2026-09-01 05:54:00,0.189,-6.897999999999998,16.946,1,0,fiber_degradation,4
R02-AZ,2026-09-01 05:56:00,0.7630000000000035,-6.764000000000005,17.126,0,0,fiber_degradation,4
R02-AZ,2026-09-01 05:58:00,1.1969999999999956,-5.793999999999995,17.356,0,0,fiber_degradation,4
R02-AZ,2026-09-01 06:00:00,1.366999999999997,-6.981000000000007,16.726,1,0,fiber_degradation,4
R02-AZ,2026-09-01 06:02:00,0.4490000000000034,-7.848000000000008,16.101,1,1,fiber_degradation,4
R02-AZ,2026-09-01 06:04:00,0.3119999999999976,-7.007000000000003,16.782,1,0,fiber_degradation,4
R02-AZ,2026-09-01 06:06:00,1.0979999999999972,-5.401500000000002,17.409,0,0,fiber_degradation,4
R02-AZ,2026-09-01 06:08:00,0.0859999999999967,-6.634000000000004,16.342,1,0,fiber_degradation,4
R02-AZ,2026-09-01 06:10:00,1.022000000000002,-7.820999999999998,16.401,1,0,fiber_degradation,4
R02-AZ,2026-09-01 06:12:00,0.3059999999999991,-6.767,16.613,1,0,fiber_degradation,4
R02-AZ,2026-09-01 06:14:00,0.7714999999999961,-7.996999999999998,16.208,1,1,fiber_degradation,4
R02-AZ,2026-09-01 06:16:00,1.0114999999999874,-6.307,17.412,0,0,fiber_degradation,4
R02-AZ,2026-09-01 06:18:00,-0.0830000000000001,-6.524500000000003,16.592,1,0,fiber_degradation,4
R02-AZ,2026-09-01 06:20:00,0.0199999999999995,-3.1314999999999973,18.996,0,0,none,-1
R02-AZ,2026-09-01 06:22:00,-0.594000000000003,-2.401000000000004,19.47,0,0,none,-1
R02-AZ,2026-09-01 06:24:00,-0.2429999999999967,-1.719000000000012,19.455,0,0,none,-1
R02-AZ,2026-09-01 06:26:00,-0.4390000000000036,-2.4955000000000105,19.621,0,0,none,-1
R02-AZ,2026-09-01 06:28:00,0.7369999999999983,-4.779000000000004,18.548,0,0,fiber_degradation,10
R02-AZ,2026-09-01 06:30:00,0.1500000000000021,-4.574499999999999,17.933,0,0,fiber_degradation,10
R02-AZ,2026-09-01 06:32:00,0.5829999999999949,-5.030000000000001,18.45,0,0,fiber_degradation,10
R02-AZ,2026-09-01 06:34:00,0.517500000000009,-3.7920000000000034,19.013,0,0,fiber_degradation,10
R02-AZ,2026-09-01 06:36:00,-0.0990000000000019,-5.249000000000009,18.301,0,0,fiber_degradation,10
R02-AZ,2026-09-01 06:38:00,1.1659999999999968,-4.475000000000001,18.887,0,0,fiber_degradation,10
R02-AZ,2026-09-01 06:40:00,0.6980000000000111,-4.235000000000005,17.811,0,0,fiber_degradation,10
R02-AZ,2026-09-01 06:42:00,0.6579999999999995,-6.099000000000007,17.954,0,0,fiber_degradation,10
R02-AZ,2026-09-01 06:44:00,0.3919999999999959,-5.574500000000002,18.089,0,0,fiber_degradation,10
R02-AZ,2026-09-01 06:46:00,0.9615000000000028,-5.7225,17.58,0,0,fiber_degradation,10
R02-AZ,2026-09-01 06:48:00,-0.6105000000000036,-4.438000000000008,18.438,0,0,fiber_degradation,10
R02-AZ,2026-09-01 06:50:00,-0.6229999999999976,-5.315000000000007,17.71,0,0,fiber_degradation,10
R02-AZ,2026-09-01 06:52:00,0.2760000000000016,-5.725,17.864,0,0,fiber_degradation,10
R02-AZ,2026-09-01 06:54:00,0.3483333333333291,-5.252000000000008,18.843,0,0,fiber_degradation,10
R02-AZ,2026-09-01 06:56:00,0.5161666666666687,-5.351000000000006,18.613,0,0,fiber_degradation,10
R02-AZ,2026-09-01 06:58:00,0.6839999999999993,-5.450000000000003,18.016,0,0,fiber_degradation,10
R02-AZ,2026-09-01 07:00:00,-0.1060000000000034,-5.359000000000005,18.115,0,0,fiber_degradation,10
R02-AZ,2026-09-01 07:02:00,0.7960000000000029,-6.300999999999997,18.394,0,0,fiber_degradation,10
R02-AZ,2026-09-01 07:04:00,0.5119999999999898,-4.458000000000007,18.021,0,0,fiber_degradation,10
R02-AZ,2026-09-01 07:06:00,0.3629999999999977,-5.755500000000001,18.645,0,0,fiber_degradation,10
R02-AZ,2026-09-01 07:08:00,-0.2989999999999959,-4.409000000000008,18.152,0,0,fiber_degradation,10
R02-AZ,2026-09-01 07:10:00,0.3779999999999965,-5.204000000000001,17.995,0,0,fiber_degradation,10
R02-AZ,2026-09-01 07:12:00,-0.1910000000000025,-5.416000000000011,18.022,0,0,fiber_degradation,10
R02-AZ,2026-09-01 07:14:00,0.1440000000000001,-6.054000000000004,18.146,0,0,fiber_degradation,10
R02-AZ,2026-09-01 07:16:00,0.7680000000000007,-4.631000000000011,18.876,0,0,fiber_degradation,10
R02-AZ,2026-09-01 07:18:00,0.1530000000000058,-6.312000000000001,17.601,0,0,fiber_degradation,10
R02-AZ,2026-09-01 07:20:00,1.5050000000000008,-4.932000000000008,18.705,0,0,fiber_degradation,10
R02-AZ,2026-09-01 07:22:00,0.9714999999999973,-5.2730000000000015,18.77,0,0,fiber_degradation,10
R02-AZ,2026-09-01 07:24:00,0.6049999999999986,-5.765000000000004,17.78,0,0,fiber_degradation,10
R02-AZ,2026-09-01 07:26:00,-0.164000000000005,-6.037999999999997,18.22,0,0,fiber_degradation,10
R02-AZ,2026-09-01 07:28:00,1.092000000000006,-4.75700000000001,17.926,0,0,fiber_degradation,10
R02-AZ,2026-09-01 07:30:00,-0.6989999999999927,-5.205000000000005,17.125,0,0,fiber_degradation,10
R02-AZ,2026-09-01 07:32:00,0.4819999999999922,-4.6960000000000015,17.999,0,0,fiber_degradation,10
R02-AZ,2026-09-01 07:34:00,0.2349999999999905,-5.996000000000006,17.765,0,0,fiber_degradation,10
R02-AZ,2026-09-01 07:36:00,0.5200000000000031,-3.807000000000002,18.901,0,0,fiber_degradation,10
R02-AZ,2026-09-01 07:38:00,-0.0170000000000101,-5.432000000000006,18.337,0,0,fiber_degradation,10
R02-AZ,2026-09-01 07:40:00,0.3909999999999947,-5.503000000000002,18.379,0,0,fiber_degradation,10
R02-AZ,2026-09-01 07:42:00,0.8659999999999961,-5.229500000000003,18.187,0,0,fiber_degradation,10
R02-AZ,2026-09-01 07:44:00,0.3504999999999914,-6.061999999999996,17.874,0,0,fiber_degradation,10
R02-AZ,2026-09-01 07:46:00,-0.1760000000000054,-7.270500000000005,16.876,1,1,fiber_degradation,10
R02-AZ,2026-09-01 07:48:00,-0.4449999999999985,-5.504999999999999,18.29,0,0,fiber_degradation,10
R02-AZ,2026-09-01 07:50:00,0.8069999999999986,-5.312000000000001,17.793,0,0,fiber_degradation,10
R02-AZ,2026-09-01 07:52:00,0.1295000000000001,-5.041000000000004,18.095,0,0,fiber_degradation,10
R02-AZ,2026-09-01 07:54:00,-1.025000000000002,-4.685500000000005,17.895,0,0,fiber_degradation,10
R02-AZ,2026-09-01 07:56:00,0.8170000000000002,-4.162000000000001,18.359,0,0,fiber_degradation,10
R02-AZ,2026-09-01 07:58:00,0.5739999999999998,-5.330000000000005,18.016,0,0,fiber_degradation,10
R02-AZ,2026-09-01 08:00:00,0.0529999999999972,-4.980500000000003,18.089,0,0,fiber_degradation,10
R02-AZ,2026-09-01 08:02:00,0.3455000000000012,-4.832000000000006,18.127,0,0,fiber_degradation,10
R02-AZ,2026-09-01 08:04:00,0.1210000000000022,-6.245999999999997,17.779,0,0,fiber_degradation,10
R02-AZ,2026-09-01 08:06:00,0.7944999999999993,-5.59100000000001,18.202,0,0,fiber_degradation,10
R02-AZ,2026-09-01 08:08:00,0.784999999999993,-5.122500000000008,17.945,0,0,fiber_degradation,10
R02-AZ,2026-09-01 08:10:00,-0.022000000000002,-5.138000000000007,17.732,0,0,fiber_degradation,10
R02-AZ,2026-09-01 08:12:00,0.8399999999999999,-6.470000000000004,17.689,0,0,fiber_degradation,10
R02-AZ,2026-09-01 08:14:00,-0.3889999999999975,-2.5145,19.166,0,0,none,-1
R02-AZ,2026-09-01 08:16:00,-0.4680000000000017,-2.0589999999999997,19.493,0,0,none,-1
R02-AZ,2026-09-01 08:18:00,-0.6895000000000024,-3.0460000000000047,19.125,0,0,none,-1
R02-AZ,2026-09-01 08:20:00,-0.3010000000000037,-42.21099999999999,-18.641,1,1,fiber_cut,6
R02-AZ,2026-09-01 08:22:00,-0.585999999999995,-41.581,-19.095,1,1,fiber_cut,6
R02-AZ,2026-09-01 08:24:00,-0.5279999999999951,-41.992,-19.246,1,1,fiber_cut,6
R02-AZ,2026-09-01 08:26:00,-0.3620000000000019,-41.93000000000001,-19.087,1,1,fiber_cut,6
R02-AZ,2026-09-01 08:28:00,-0.0729999999999986,-42.399,-18.818,1,1,fiber_cut,6
R02-AZ,2026-09-01 08:30:00,-1.1839999999999993,-41.098000000000006,-19.569,1,1,fiber_cut,6
R02-AZ,2026-09-01 08:32:00,-0.0449999999999981,-41.779,-19.068,1,1,fiber_cut,6
R02-AZ,2026-09-01 08:34:00,-1.0854999999999997,-41.36000000000001,-19.317,1,1,fiber_cut,6
R02-AZ,2026-09-01 08:36:00,-0.8850000000000122,-2.820999999999996,19.237,0,0,none,-1
R02-AZ,2026-09-01 08:38:00,-0.5199999999999942,-2.145999999999997,19.114,0,0,none,-1
R02-AZ,2026-09-01 08:40:00,-0.0030000000000001,-2.535000000000005,19.554,0,0,none,-1
R02-AZ,2026-09-01 08:42:00,0.3639999999999954,-2.9410000000000007,19.608,0,0,none,-1
R02-AZ,2026-09-01 08:44:00,0.3070000000000021,-3.837000000000007,19.104,0,0,none,-1
R02-AZ,2026-09-01 08:46:00,-0.5250000000000004,-3.014000000000003,19.434,0,0,none,-1
R02-AZ,2026-09-01 08:48:00,-0.9419999999999966,-3.0189999999999984,19.023,0,0,none,-1
R02-AZ,2026-09-01 08:50:00,-0.7529999999999966,-2.3680000000000057,19.415,0,0,none,-1
R02-AZ,2026-09-01 08:52:00,-0.4590000000000049,-1.9959999999999989,19.137,0,0,none,-1
R02-AZ,2026-09-01 08:54:00,0.2169999999999987,-2.273999999999999,19.542,0,0,none,-1
R02-AZ,2026-09-01 08:56:00,-0.2380000000000013,-2.038999999999996,19.605,0,0,none,-1
R02-AZ,2026-09-01 08:58:00,0.1889999999999982,-1.994000000000005,19.745,0,0,none,-1
R02-AZ,2026-09-01 09:00:00,0.4779999999999962,-3.964,19.033,0,0,none,-1
R02-AZ,2026-09-01 09:02:00,0.6949999999999985,-0.7560000000000038,19.941,0,0,none,-1
R02-AZ,2026-09-01 09:04:00,-0.7980000000000071,-1.9790000000000043,19.472,0,0,none,-1
R02-AZ,2026-09-01 09:06:00,-0.5649999999999995,-1.3770000000000042,19.68,0,0,none,-1
R02-AZ,2026-09-01 09:08:00,-1.6660000000000004,-2.0820000000000007,19.113,0,0,none,-1
R02-AZ,2026-09-01 09:10:00,-0.3070000000000039,-3.248000000000003,19.152,0,0,none,-1
R02-AZ,2026-09-01 09:12:00,0.607999999999997,-2.5325000000000024,19.534,0,0,none,-1
R02-AZ,2026-09-01 09:14:00,0.251000000000003,-2.861500000000005,19.207,0,0,none,-1
R02-AZ,2026-09-01 09:16:00,-0.577,-3.659000000000004,19.529,0,0,none,-1
R02-AZ,2026-09-01 09:18:00,-0.7319999999999958,-2.060000000000004,19.35,0,0,none,-1
R02-AZ,2026-09-01 09:20:00,0.0229999999999996,-2.223000000000006,19.669,0,0,none,-1
R02-AZ,2026-09-01 09:22:00,-0.4724999999999983,-2.586000000000002,19.367,0,0,none,-1
R02-AZ,2026-09-01 09:24:00,-0.3079999999999998,-2.2760000000000105,19.37,0,0,none,-1
R02-AZ,2026-09-01 09:26:00,0.0279999999999986,-0.1510000000000069,19.959,0,0,none,-1
R02-AZ,2026-09-01 09:28:00,-0.1670000000000033,-2.587000000000007,19.29,0,0,none,-1
R02-AZ,2026-09-01 09:30:00,-0.0130000000000016,-1.62600000000001,19.446,0,0,none,-1
R02-AZ,2026-09-01 09:32:00,-0.0059999999999984,-2.9785000000000057,19.549,0,0,none,-1
R02-AZ,2026-09-01 09:34:00,-0.0389999999999961,-1.4629999999999992,19.801,0,0,none,-1
R02-AZ,2026-09-01 09:36:00,0.0709999999999997,-1.8400000000000036,19.579,0,0,none,-1
R02-AZ,2026-09-01 09:38:00,0.4369999999999994,-2.192000000000004,19.701,0,0,none,-1
R02-AZ,2026-09-01 09:40:00,0.7139999999999915,-3.709000000000005,19.277,0,0,none,-1
R02-AZ,2026-09-01 09:42:00,0.4980000000000046,-2.4510000000000005,19.744,0,0,none,-1
R02-AZ,2026-09-01 09:44:00,-0.3859999999999992,-3.4370000000000047,19.223,0,0,none,-1
R02-AZ,2026-09-01 09:46:00,-1.0414999999999883,-1.8690000000000035,19.329,0,0,fiber_degradation,2
R02-AZ,2026-09-01 09:48:00,-0.2439999999999997,-1.9800000000000055,19.202,0,0,fiber_degradation,2
R02-AZ,2026-09-01 09:50:00,0.2089999999999978,-3.253000000000004,19.342,0,0,fiber_degradation,2
R02-AZ,2026-09-01 09:52:00,0.2370000000000036,-2.763000000000005,19.451,0,0,fiber_degradation,2
R02-AZ,2026-09-01 09:54:00,-0.3380000000000045,-4.293000000000003,18.224,0,0,fiber_degradation,2
R02-AZ,2026-09-01 09:56:00,0.036999999999999,-1.964999999999998,19.397,0,0,fiber_degradation,2
R02-AZ,2026-09-01 09:58:00,-0.7370000000000054,-3.9200000000000017,18.982,0,0,fiber_degradation,2
R02-ZA,2026-09-01 00:00:00,-1.8589999999999984,-4.023999999999997,19.676,0,0,none,-1
R02-ZA,2026-09-01 00:02:00,-1.599999999999996,-2.12900000000001,19.901,0,0,none,-1
R02-ZA,2026-09-01 00:04:00,-2.2590000000000074,-2.051999999999998,19.781,0,0,none,-1
R02-ZA,2026-09-01 00:06:00,-2.135999999999997,-2.2120000000000104,19.626,0,0,none,-1
R02-ZA,2026-09-01 00:08:00,-2.929999999999998,-1.9105000000000023,19.832,0,0,none,-1
R02-ZA,2026-09-01 00:10:00,-3.003000000000002,-43.153,-18.912,1,1,fiber_cut,4
R02-ZA,2026-09-01 00:12:00,-1.9319999999999933,-41.41,-18.02,1,1,fiber_cut,4
R02-ZA,2026-09-01 00:14:00,-1.9664999999999944,-40.633,-17.951,1,1,fiber_cut,4
R02-ZA,2026-09-01 00:16:00,-2.2730000000000032,-41.489,-17.84,1,1,fiber_cut,4
R02-ZA,2026-09-01 00:18:00,-2.6049999999999933,-42.30000000000001,-19.044,1,1,fiber_cut,4
R02-ZA,2026-09-01 00:20:00,-2.766000000000002,-41.02700000000001,-17.675,1,1,fiber_cut,4
R02-ZA,2026-09-01 00:22:00,-1.3679999999999986,-42.789,-17.833,1,1,fiber_cut,4
R02-ZA,2026-09-01 00:24:00,-2.6170000000000044,-40.422,-17.258,1,1,fiber_cut,4
R02-ZA,2026-09-01 00:26:00,-2.2279999999999944,-0.3500000000000085,20.078,0,0,none,-1
R02-ZA,2026-09-01 00:28:00,-1.955999999999996,-0.7960000000000029,20.017,0,0,none,-1
R02-ZA,2026-09-01 00:30:00,-2.1849999999999987,-1.4129999999999967,19.964,0,0,none,-1
R02-ZA,2026-09-01 00:32:00,-2.386000000000001,-2.342000000000008,19.528,0,0,none,-1
R02-ZA,2026-09-01 00:34:00,-1.755000000000006,-1.078000000000003,20.017,0,0,none,-1
R02-ZA,2026-09-01 00:36:00,-1.411999999999999,-1.344000000000003,19.965,0,0,none,-1
R02-ZA,2026-09-01 00:38:00,-0.6800000000000015,-2.2815000000000047,19.905,0,0,none,-1
R02-ZA,2026-09-01 00:40:00,-2.164999999999996,-1.0660000000000045,20.032,0,0,none,-1
R02-ZA,2026-09-01 00:42:00,-2.0696666666666665,-1.003000000000002,20.076,0,0,none,-1
R02-ZA,2026-09-01 00:44:00,-2.6653333333333364,-1.866,19.807,0,0,none,-1
R02-ZA,2026-09-01 00:46:00,-1.863999999999999,-1.3950000000000014,19.751,0,0,none,-1
R02-ZA,2026-09-01 00:48:00,-1.626000000000003,-2.264500000000007,20.016,0,0,none,-1
R02-ZA,2026-09-01 00:50:00,-2.0489999999999995,-3.5319999999999965,19.528,0,0,none,-1
R02-ZA,2026-09-01 00:52:00,-2.0980000000000025,-1.5369999999999957,19.994,0,0,none,-1
R02-ZA,2026-09-01 00:54:00,-1.9969999999999888,-1.033000000000003,20.027,0,0,none,-1
R02-ZA,2026-09-01 00:56:00,-2.543000000000001,-2.118000000000004,20.043,0,0,none,-1
R02-ZA,2026-09-01 00:58:00,-1.9429999999999976,0.0769999999999928,19.984,0,0,none,-1
R02-ZA,2026-09-01 01:00:00,-1.8510000000000024,-2.0330000000000066,19.716,0,0,none,-1
R02-ZA,2026-09-01 01:02:00,-2.12399999999999,0.929000000000002,20.108,0,0,none,-1
R02-ZA,2026-09-01 01:04:00,-2.087000000000001,-1.629999999999999,19.9,0,0,none,-1
R02-ZA,2026-09-01 01:06:00,-2.215,-2.3030000000000044,19.615,0,0,none,-1
R02-ZA,2026-09-01 01:08:00,-2.245999999999997,-1.1550000000000047,19.953,0,0,none,-1
R02-ZA,2026-09-01 01:10:00,-2.939000000000004,-0.4305000000000021,20.061,0,0,none,-1
R02-ZA,2026-09-01 01:12:00,-2.317500000000001,-2.4590000000000014,19.97,0,0,none,-1
R02-ZA,2026-09-01 01:14:00,-1.7529999999999983,-1.5850000000000095,19.927,0,0,none,-1
R02-ZA,2026-09-01 01:16:00,-2.3320000000000007,-1.3250000000000028,19.744,0,0,none,-1
R02-ZA,2026-09-01 01:18:00,-2.0570000000000004,-3.503000000000005,19.853,0,0,none,-1
R02-ZA,2026-09-01 01:20:00,-2.49,-1.4459999999999995,19.964,0,0,none,-1
R02-ZA,2026-09-01 01:22:00,-1.4530000000000012,-1.314500000000013,20.088,0,0,none,-1
R02-ZA,2026-09-01 01:24:00,-1.565999999999999,-1.878000000000002,19.979,0,0,none,-1
R02-ZA,2026-09-01 01:26:00,-2.355000000000004,-1.4894999999999945,19.828,0,0,fiber_degradation,19
R02-ZA,2026-09-01 01:28:00,-2.294000000000004,-0.599000000000002,19.963,0,0,fiber_degradation,19
R02-ZA,2026-09-01 01:30:00,-2.321999999999992,-4.3580000000000005,19.495,0,0,fiber_degradation,19
R02-ZA,2026-09-01 01:32:00,-1.373000000000001,-4.928000000000001,19.863,0,0,fiber_degradation,19
R02-ZA,2026-09-01 01:34:00,-2.995999999999997,-2.701000000000008,19.844,0,0,fiber_degradation,19
R02-ZA,2026-09-01 01:36:00,-1.7960000000000154,-2.275000000000002,19.671,0,0,fiber_degradation,19
R02-ZA,2026-09-01 01:38:00,-2.8229999999999986,-4.516000000000002,19.751,0,1,fiber_degradation,19
R02-ZA,2026-09-01 01:40:00,-2.1229999999999998,-5.292000000000003,19.824,0,1,fiber_degradation,19
R02-ZA,2026-09-01 01:42:00,-2.838500000000004,-4.457999999999998,19.721,1,1,fiber_degradation,19
R02-ZA,2026-09-01 01:44:00,-2.8895000000000017,-5.097000000000012,19.731,1,1,fiber_degradation,19
R02-ZA,2026-09-01 01:46:00,-2.143999999999997,-4.752500000000008,19.841,1,1,fiber_degradation,19
R02-ZA,2026-09-01 01:48:00,-2.413500000000002,-6.940000000000005,19.379,1,1,fiber_degradation,19
R02-ZA,2026-09-01 01:50:00,-1.1709999999999976,-5.835000000000003,19.806,1,1,fiber_degradation,19
R02-ZA,2026-09-01 01:52:00,-2.162000000000001,-6.886000000000003,19.706,1,1,fiber_degradation,19
R02-ZA,2026-09-01 01:54:00,-2.3820000000000032,-7.087000000000009,19.579,1,1,fiber_degradation,19
R02-ZA,2026-09-01 01:56:00,-2.4050000000000047,-8.398000000000003,19.379,1,1,fiber_degradation,19
R02-ZA,2026-09-01 01:58:00,-3.0959999999999948,-5.652000000000005,19.507,1,1,fiber_degradation,19
R02-ZA,2026-09-01 02:00:00,-1.3054999999999968,-8.589000000000004,19.355,1,1,fiber_degradation,19
R02-ZA,2026-09-01 02:02:00,-1.6760000000000002,-10.053000000000006,19.228,1,1,fiber_degradation,19
R02-ZA,2026-09-01 02:04:00,-3.1780000000000026,-8.44400000000001,19.286,1,1,fiber_degradation,19
R02-ZA,2026-09-01 02:06:00,-2.495999999999995,-11.267000000000012,18.378,1,1,fiber_degradation,19
R02-ZA,2026-09-01 02:08:00,-2.4224999999999994,-9.737000000000002,19.165,1,1,fiber_degradation,19
R02-ZA,2026-09-01 02:10:00,-2.3324999999999942,-10.007,19.135,1,1,fiber_degradation,19
R02-ZA,2026-09-01 02:12:00,-2.379,-12.142,18.566,1,1,fiber_degradation,19
R02-ZA,2026-09-01 02:14:00,-1.419000000000004,-11.815000000000005,18.87,1,1,fiber_degradation,19
R02-ZA,2026-09-01 02:16:00,-3.085000000000002,-10.764000000000006,18.423,1,1,fiber_degradation,19
R02-ZA,2026-09-01 02:18:00,-2.661000000000003,-10.266000000000004,18.865,1,1,fiber_degradation,19
R02-ZA,2026-09-01 02:20:00,-2.893999999999995,-10.364,18.915,1,1,fiber_degradation,19
R02-ZA,2026-09-01 02:22:00,-2.2640000000000047,-11.284999999999998,18.669,1,1,fiber_degradation,19
R02-ZA,2026-09-01 02:24:00,-2.144,-12.287,18.582,1,1,fiber_degradation,19
R02-ZA,2026-09-01 02:26:00,-1.620000000000001,-11.286,18.812,1,1,fiber_degradation,19
R02-ZA,2026-09-01 02:28:00,-1.5820000000000023,-9.739499999999998,18.988,1,1,fiber_degradation,19
R02-ZA,2026-09-01 02:30:00,-2.281000000000008,-9.352000000000004,18.874,1,1,fiber_degradation,19
R02-ZA,2026-09-01 02:32:00,-1.9759999999999955,-11.919500000000005,18.759,1,1,fiber_degradation,19
R02-ZA,2026-09-01 02:34:00,-2.4200000000000053,-10.831000000000005,18.963,1,1,fiber_degradation,19
R02-ZA,2026-09-01 02:36:00,-1.7170000000000003,-11.338000000000005,18.671,1,1,fiber_degradation,19
R02-ZA,2026-09-01 02:38:00,-1.5944999999999965,-8.992000000000004,19.052,1,1,fiber_degradation,19
R02-ZA,2026-09-01 02:40:00,-2.528999999999998,-11.653000000000008,18.319,1,1,fiber_degradation,19
R02-ZA,2026-09-01 02:42:00,-1.6494999999999962,-10.136500000000002,18.843,1,1,fiber_degradation,19
R02-ZA,2026-09-01 02:44:00,-2.5750000000000046,-10.082999999999997,19.064,1,1,fiber_degradation,19
R02-ZA,2026-09-01 02:46:00,-2.2120000000000037,-1.0940000000000012,20.015,0,0,none,-1
R02-ZA,2026-09-01 02:48:00,-2.1930000000000014,0.6159999999999997,19.968,0,0,none,-1
R02-ZA,2026-09-01 02:50:00,-2.322000000000001,-1.0370000000000097,20.0,0,0,none,-1
R02-ZA,2026-09-01 02:52:00,-2.151999999999996,-1.4590000000000083,19.965,0,0,none,-1
R02-ZA,2026-09-01 02:54:00,-1.5429999999999957,-1.868999999999993,20.011,0,0,none,-1
R02-ZA,2026-09-01 02:56:00,-1.8045000000000009,0.3344999999999931,20.067,0,0,none,-1
R02-ZA,2026-09-01 02:58:00,-2.481000000000005,1.0669999999999948,20.112,0,0,none,-1
R02-ZA,2026-09-01 03:00:00,-2.3174999999999955,-0.4710000000000036,20.064,0,0,none,-1
R02-ZA,2026-09-01 03:02:00,-3.009999999999996,0.7459999999999969,20.106,0,0,none,-1
R02-ZA,2026-09-01 03:04:00,-2.067999999999998,-2.458000000000004,19.86,0,0,none,-1
R02-ZA,2026-09-01 03:06:00,-2.369,-1.342000000000004,19.968,0,0,none,-1
R02-ZA,2026-09-01 03:08:00,-2.336000000000002,-0.2190000000000065,20.03,0,0,none,-1
R02-ZA,2026-09-01 03:10:00,-1.7859999999999978,-0.5610000000000106,19.959,0,0,none,-1
R02-ZA,2026-09-01 03:12:00,-2.1739999999999924,-0.8140000000000018,19.983,0,0,none,-1
R02-ZA,2026-09-01 03:14:00,-2.046999999999993,0.6149999999999913,20.028,0,0,none,-1
R02-ZA,2026-09-01 03:16:00,-2.8429999999999964,-0.3089999999999957,19.912,0,0,none,-1
R02-ZA,2026-09-01 03:18:00,-2.235999999999992,-1.033999999999999,19.924,0,0,none,-1
R02-ZA,2026-09-01 03:20:00,-1.6474999999999955,1.1199999999999903,19.785,0,0,none,-1
R02-ZA,2026-09-01 03:22:00,-2.2170000000000005,0.7709999999999972,20.017,0,0,none,-1
R02-ZA,2026-09-01 03:24:00,-1.5839999999999996,-2.3500000000000014,19.861,0,0,none,-1
R02-ZA,2026-09-01 03:26:00,-2.133999999999997,-0.5810000000000084,19.947,0,0,none,-1
R02-ZA,2026-09-01 03:28:00,-2.408999999999997,-0.7065000000000019,19.957,0,0,none,-1
R02-ZA,2026-09-01 03:30:00,-2.4429999999999907,0.3649999999999895,20.036,0,0,none,-1
R02-ZA,2026-09-01 03:32:00,-2.689000000000004,-1.554333333333334,20.067,0,0,none,-1
R02-ZA,2026-09-01 03:34:00,-1.714999999999998,-0.8826666666666707,19.961,0,0,none,-1
R02-ZA,2026-09-01 03:36:00,-1.4720000000000066,-0.5180000000000096,19.947,0,0,none,-1
R02-ZA,2026-09-01 03:38:00,-1.958499999999999,-0.9755000000000108,20.176,0,0,none,-1
R02-ZA,2026-09-01 03:40:00,-2.3010000000000077,-0.1444999999999989,20.086,0,0,none,-1
R02-ZA,2026-09-01 03:42:00,-2.457500000000005,-1.0949999999999989,19.837,0,0,none,-1
R02-ZA,2026-09-01 03:44:00,-2.0520000000000014,-0.4409999999999989,20.144,0,0,none,-1
R02-ZA,2026-09-01 03:46:00,-2.368000000000002,1.621999999999998,20.034,0,0,none,-1
R02-ZA,2026-09-01 03:48:00,-2.394999999999998,-0.8990000000000027,19.98,0,0,none,-1
R02-ZA,2026-09-01 03:50:00,-2.2044999999999995,-0.2399999999999984,20.002,0,0,none,-1
R02-ZA,2026-09-01 03:52:00,-1.874000000000008,-0.2800000000000064,19.92,0,0,none,-1
R02-ZA,2026-09-01 03:54:00,-1.8269999999999944,-0.8239999999999981,20.011,0,0,none,-1
R02-ZA,2026-09-01 03:56:00,-2.1369999999999987,0.4819999999999957,19.894,0,0,none,-1
R02-ZA,2026-09-01 03:58:00,-1.7629999999999963,0.2659999999999982,20.029,0,0,none,-1
R02-ZA,2026-09-01 04:00:00,-2.5745000000000022,-0.4850000000000065,20.042,0,0,none,-1
R02-ZA,2026-09-01 04:02:00,-2.004499999999995,0.7259999999999955,20.059,0,0,none,-1
R02-ZA,2026-09-01 04:04:00,-2.392000000000005,-0.616000000000005,20.023,0,0,none,-1
R02-ZA,2026-09-01 04:06:00,-1.5910000000000046,-0.2700000000000049,20.069,0,0,none,-1
R02-ZA,2026-09-01 04:08:00,-2.054499999999999,-0.8690000000000033,19.946,0,0,none,-1
R02-ZA,2026-09-01 04:10:00,-2.1529999999999987,-0.4680000000000017,19.982,0,0,none,-1
R02-ZA,2026-09-01 04:12:00,-2.5224999999999973,0.6820000000000022,19.964,0,0,none,-1
R02-ZA,2026-09-01 04:14:00,-3.066000000000008,-1.4909999999999997,20.005,0,0,none,-1
R02-ZA,2026-09-01 04:16:00,-2.528999999999998,0.9679999999999982,19.789,0,0,none,-1
R02-ZA,2026-09-01 04:18:00,-2.7205000000000013,-0.3799999999999954,20.006,0,0,none,-1
R02-ZA,2026-09-01 04:20:00,-2.636000000000001,0.6129999999999978,20.082,0,0,none,-1
R02-ZA,2026-09-01 04:22:00,-2.157999999999996,0.7234999999999925,19.984,0,0,none,-1
R02-ZA,2026-09-01 04:24:00,-2.204000000000004,-0.2160000000000028,20.047,0,0,none,-1
R02-ZA,2026-09-01 04:26:00,-2.1155000000000026,-0.4760000000000097,20.134,0,0,none,-1
R02-ZA,2026-09-01 04:28:00,-1.6405000000000047,1.116999999999997,19.76,0,0,none,-1
R02-ZA,2026-09-01 04:30:00,-0.8314999999999966,-0.1490000000000009,19.992,0,0,none,-1
R02-ZA,2026-09-01 04:32:00,-2.116000000000003,-0.496000000000004,20.118,0,0,none,-1
R02-ZA,2026-09-01 04:34:00,-2.3809999999999985,-0.5610000000000053,19.983,0,0,none,-1
R02-ZA,2026-09-01 04:36:00,-2.8635,-0.583000000000002,19.871,0,0,none,-1
R02-ZA,2026-09-01 04:38:00,-2.2315000000000005,0.239499999999996,20.114,0,0,none,-1
R02-ZA,2026-09-01 04:40:00,-2.474000000000004,-1.3109999999999982,20.014,0,0,none,-1
R02-ZA,2026-09-01 04:42:00,-1.236500000000003,0.0110000000000045,20.067,0,0,none,-1
R02-ZA,2026-09-01 04:44:00,-2.666999999999998,-0.3300000000000036,19.879,0,0,none,-1
R02-ZA,2026-09-01 04:46:00,-2.2580000000000027,-1.0909999999999958,20.037,0,0,none,-1
R02-ZA,2026-09-01 04:48:00,-1.7360000000000009,2.1129999999999978,19.296,0,0,none,-1
R02-ZA,2026-09-01 04:50:00,-2.087000000000007,0.8319999999999954,19.987,0,0,none,-1
R02-ZA,2026-09-01 04:52:00,-1.851999999999995,0.4519999999999946,20.006,0,0,none,-1
R02-ZA,2026-09-01 04:54:00,-1.2065,-0.0295000000000005,19.51,0,0,none,-1
R02-ZA,2026-09-01 04:56:00,-2.251000000000003,-0.1760000000000001,20.129,0,0,none,-1
R02-ZA,2026-09-01 04:58:00,-2.132000000000007,-1.9810000000000016,20.063,0,0,none,-1
R02-ZA,2026-09-01 05:00:00,-2.346000000000004,0.5969999999999942,20.153,0,0,none,-1
R02-ZA,2026-09-01 05:02:00,-2.337,-0.1339999999999985,20.041,0,0,none,-1
R02-ZA,2026-09-01 05:04:00,-2.176999999999996,0.4175000000000004,20.053,0,0,none,-1
R02-ZA,2026-09-01 05:06:00,-1.314500000000001,0.5489999999999995,19.825,0,0,none,-1
R02-ZA,2026-09-01 05:08:00,-1.9360000000000015,-1.7205000000000066,19.892,0,0,none,-1
R02-ZA,2026-09-01 05:10:00,-2.2730000000000032,-1.097999999999999,19.855,0,0,none,-1
R02-ZA,2026-09-01 05:12:00,-2.693000000000003,-0.2180000000000053,20.011,0,0,none,-1
R02-ZA,2026-09-01 05:14:00,-2.417999999999997,-0.4080000000000066,19.819,0,0,none,-1
R02-ZA,2026-09-01 05:16:00,-2.2719999999999985,-0.2150000000000016,20.134,0,0,none,-1
R02-ZA,2026-09-01 05:18:00,-2.897000000000008,-0.2170000000000005,19.952,0,0,none,-1
R02-ZA,2026-09-01 05:20:00,-2.196999999999996,0.3340000000000032,20.058,0,0,none,-1
R02-ZA,2026-09-01 05:22:00,-2.022999999999998,0.2409999999999996,20.022,0,0,none,-1
R02-ZA,2026-09-01 05:24:00,-1.2979999999999985,-11.417000000000002,12.309,1,1,fiber_degradation,6
R02-ZA,2026-09-01 05:26:00,-1.8530000000000035,-11.494000000000003,11.459,1,1,fiber_degradation,6
R02-ZA,2026-09-01 05:28:00,-2.520500000000004,-12.196000000000002,11.433,1,1,fiber_degradation,6
R02-ZA,2026-09-01 05:30:00,-2.9944999999999986,-12.1705,11.371,1,1,fiber_degradation,6
R02-ZA,2026-09-01 05:32:00,-2.4419999999999966,-12.20033333333334,11.664,1,1,fiber_degradation,6
R02-ZA,2026-09-01 05:34:00,-1.273500000000002,-12.15566666666667,12.048,1,1,fiber_degradation,6
R02-ZA,2026-09-01 05:36:00,-2.086999999999996,-12.298,11.392,1,1,fiber_degradation,6
R02-ZA,2026-09-01 05:38:00,-2.835499999999998,-12.572000000000005,10.267,1,1,fiber_degradation,6
R02-ZA,2026-09-01 05:40:00,-1.7979999999999985,-13.265000000000002,10.639,1,1,fiber_degradation,6
R02-ZA,2026-09-01 05:42:00,-2.6880000000000006,-15.069499999999998,9.494,1,1,fiber_degradation,6
R02-ZA,2026-09-01 05:44:00,-2.0980000000000043,-11.536000000000003,12.035,1,1,fiber_degradation,6
R02-ZA,2026-09-01 05:46:00,-2.0109999999999904,-12.188,10.994,1,1,fiber_degradation,6
R02-ZA,2026-09-01 05:48:00,-2.0970000000000013,-12.31450000000001,10.89,1,1,fiber_degradation,6
R02-ZA,2026-09-01 05:50:00,-2.042,-12.80500000000001,11.671,1,1,fiber_degradation,6
R02-ZA,2026-09-01 05:52:00,-1.8149999999999995,-12.049000000000008,10.794,1,1,fiber_degradation,6
R02-ZA,2026-09-01 05:54:00,-2.0484999999999958,-12.512000000000008,12.042,1,1,fiber_degradation,6
R02-ZA,2026-09-01 05:56:00,-2.286999999999999,-12.657000000000002,10.697,1,1,fiber_degradation,6
R02-ZA,2026-09-01 05:58:00,-1.9820000000000049,-13.878999999999998,10.906,1,1,fiber_degradation,6
R02-ZA,2026-09-01 06:00:00,-1.888999999999996,-12.834000000000009,10.28,1,1,fiber_degradation,6
R02-ZA,2026-09-01 06:02:00,-2.164000000000001,-13.984500000000002,10.807,1,1,fiber_degradation,6
R02-ZA,2026-09-01 06:04:00,-1.783999999999999,-12.373999999999992,11.759,1,1,fiber_degradation,6
R02-ZA,2026-09-01 06:06:00,-2.767000000000001,-12.344000000000005,10.422,1,1,fiber_degradation,6
R02-ZA,2026-09-01 06:08:00,-2.2569999999999943,-14.224000000000004,10.329,1,1,fiber_degradation,6
R02-ZA,2026-09-01 06:10:00,-2.4999999999999982,-12.630000000000004,10.831,1,1,fiber_degradation,6
R02-ZA,2026-09-01 06:12:00,-2.870999999999992,-11.336,11.123,1,1,fiber_degradation,6
R02-ZA,2026-09-01 06:14:00,-2.514999999999993,-13.174500000000004,10.021,1,1,fiber_degradation,6
R02-ZA,2026-09-01 06:16:00,-2.669499999999997,-12.180000000000009,11.65,1,1,fiber_degradation,6
R02-ZA,2026-09-01 06:18:00,-2.492499999999998,-13.139999999999995,10.692,1,1,fiber_degradation,6
R02-ZA,2026-09-01 06:20:00,-3.232000000000001,-12.123000000000005,10.753,1,1,fiber_degradation,6
R02-ZA,2026-09-01 06:22:00,-1.2309999999999928,-13.385000000000003,11.178,1,1,fiber_degradation,6
R02-ZA,2026-09-01 06:24:00,-2.8260000000000023,-13.166,10.736,1,1,fiber_degradation,6
R02-ZA,2026-09-01 06:26:00,-1.7670000000000012,-11.835,11.503,1,1,fiber_degradation,6
R02-ZA,2026-09-01 06:28:00,-1.6074999999999982,-12.218999999999994,11.446,1,1,fiber_degradation,6
R02-ZA,2026-09-01 06:30:00,-1.4340000000000046,-12.993000000000006,11.129,1,1,fiber_degradation,6
R02-ZA,2026-09-01 06:32:00,-1.8189999999999935,-12.398000000000009,11.308,1,1,fiber_degradation,6
R02-ZA,2026-09-01 06:34:00,-2.908999999999999,-11.879000000000003,10.753,1,1,fiber_degradation,6
R02-ZA,2026-09-01 06:36:00,-2.5360000000000067,-11.470000000000006,11.133,1,1,fiber_degradation,6
R02-ZA,2026-09-01 06:38:00,-2.5959999999999983,-12.000000000000004,10.97,1,1,fiber_degradation,6
R02-ZA,2026-09-01 06:40:00,-2.151000000000007,-12.098999999999997,10.512,1,1,fiber_degradation,6
R02-ZA,2026-09-01 06:42:00,-2.855999999999998,-12.217000000000008,9.74,1,1,fiber_degradation,6
R02-ZA,2026-09-01 06:44:00,-1.4070000000000036,-0.7799999999999976,20.104,0,0,none,-1
R02-ZA,2026-09-01 06:46:00,-2.3909999999999947,-0.2730000000000014,20.107,0,0,none,-1
R02-ZA,2026-09-01 06:48:00,-1.2579999999999956,0.0739999999999891,19.977,0,0,none,-1
R02-ZA,2026-09-01 06:50:00,-2.5409999999999915,-40.4975,-5.532,1,1,fiber_cut,19
R02-ZA,2026-09-01 06:52:00,-1.8089999999999973,-40.902000000000015,-4.907,1,1,fiber_cut,19
R02-ZA,2026-09-01 06:54:00,-2.784500000000003,-39.91000000000001,-3.83,1,1,fiber_cut,19
R02-ZA,2026-09-01 06:56:00,-1.754500000000002,-40.806,-3.966,1,1,fiber_cut,19
R02-ZA,2026-09-01 06:58:00,-2.5409999999999986,-41.74900000000001,-6.453,1,1,fiber_cut,19
R02-ZA,2026-09-01 07:00:00,-1.865999999999996,-41.290000000000006,-4.722,1,1,fiber_cut,19
R02-ZA,2026-09-01 07:02:00,-2.0280000000000005,-1.2850000000000037,20.062,0,0,none,-1
R02-ZA,2026-09-01 07:04:00,-2.360999999999999,-0.8399999999999963,20.039,0,0,none,-1
R02-ZA,2026-09-01 07:06:00,-2.7739999999999974,0.373999999999997,19.994,0,0,none,-1
R02-ZA,2026-09-01 07:08:00,-1.5509999999999984,-1.8630000000000069,20.005,0,0,none,-1
R02-ZA,2026-09-01 07:10:00,-2.010499999999995,-1.007000000000012,20.002,0,0,none,-1
R02-ZA,2026-09-01 07:12:00,-2.583000000000005,-1.6250000000000018,19.897,0,0,none,-1
R02-ZA,2026-09-01 07:14:00,-1.5870000000000033,-0.1990000000000016,19.811,0,0,none,-1
R02-ZA,2026-09-01 07:16:00,-2.2050000000000054,0.6319999999999997,20.014,0,0,none,-1
R02-ZA,2026-09-01 07:18:00,-0.8320000000000025,-0.5470000000000059,19.92,0,0,none,-1
R02-ZA,2026-09-01 07:20:00,-2.529000000000005,-1.942000000000002,19.692,0,0,fiber_degradation,6
R02-ZA,2026-09-01 07:22:00,-2.176,-2.4780000000000038,19.709,0,0,fiber_degradation,6
R02-ZA,2026-09-01 07:24:00,-1.9439999999999973,-3.7680000000000096,19.13,0,0,fiber_degradation,6
R02-ZA,2026-09-01 07:26:00,-1.7029999999999994,-4.215999999999999,18.417,0,0,fiber_degradation,6
R02-ZA,2026-09-01 07:28:00,-1.461999999999998,-4.663999999999994,18.667,0,0,fiber_degradation,6
R02-ZA,2026-09-01 07:30:00,-2.119999999999992,-4.682000000000011,18.067,0,0,fiber_degradation,6
R02-ZA,2026-09-01 07:32:00,-2.299999999999999,-6.399000000000003,17.052,1,1,fiber_degradation,6
R02-ZA,2026-09-01 07:34:00,-1.3179999999999996,-6.981000000000007,16.531,1,1,fiber_degradation,6
R02-ZA,2026-09-01 07:36:00,-2.3559999999999963,-6.713000000000006,15.895,1,1,fiber_degradation,6
R02-ZA,2026-09-01 07:38:00,-2.0890000000000004,-8.281000000000006,15.351,1,1,fiber_degradation,6
R02-ZA,2026-09-01 07:40:00,-2.437999999999997,-9.136000000000005,14.594,1,1,fiber_degradation,6
R02-ZA,2026-09-01 07:42:00,-1.7279999999999944,-10.174000000000005,14.191,1,1,fiber_degradation,6
R02-ZA,2026-09-01 07:44:00,-2.319000000000001,-10.329,12.784,1,1,fiber_degradation,6
R02-ZA,2026-09-01 07:46:00,-2.627000000000004,-9.799999999999995,12.934,1,1,fiber_degradation,6
R02-ZA,2026-09-01 07:48:00,-1.9300000000000035,-11.147000000000002,12.337,1,1,fiber_degradation,6
R02-ZA,2026-09-01 07:50:00,-2.8519999999999985,-15.383499999999996,9.926,1,1,fiber_degradation,6
R02-ZA,2026-09-01 07:52:00,-1.9125000000000012,-12.833000000000007,10.422,1,1,fiber_degradation,6
R02-ZA,2026-09-01 07:54:00,-2.8089999999999997,-13.722000000000005,8.949,1,1,fiber_degradation,6
R02-ZA,2026-09-01 07:56:00,-1.8999999999999968,-14.307500000000012,9.506,1,1,fiber_degradation,6
R02-ZA,2026-09-01 07:58:00,-2.095499999999996,-14.644000000000004,9.443,1,1,fiber_degradation,6
R02-ZA,2026-09-01 08:00:00,-2.538000000000002,-14.288000000000004,9.057,1,1,fiber_degradation,6
R02-ZA,2026-09-01 08:02:00,-2.724000000000002,-14.584000000000009,9.076,1,1,fiber_degradation,6
R02-ZA,2026-09-01 08:04:00,-1.5984999999999925,-14.263000000000003,9.885,1,1,fiber_degradation,6
R02-ZA,2026-09-01 08:06:00,-3.008500000000005,-16.022000000000006,8.385,1,1,fiber_degradation,6
R02-ZA,2026-09-01 08:08:00,-1.603999999999994,-14.233000000000004,9.395,1,1,fiber_degradation,6
R02-ZA,2026-09-01 08:10:00,-2.9810000000000034,-12.973000000000006,9.503,1,1,fiber_degradation,6
R02-ZA,2026-09-01 08:12:00,-3.038999999999996,-14.640000000000008,9.407,1,1,fiber_degradation,6
R02-ZA,2026-09-01 08:14:00,-1.7399999999999949,-14.524000000000006,9.366,1,1,fiber_degradation,6
R02-ZA,2026-09-01 08:16:00,-1.8355000000000068,-13.91,9.609,1,1,fiber_degradation,6
R02-ZA,2026-09-01 08:18:00,-1.4810000000000034,-13.880999999999998,10.588,1,1,fiber_degradation,6
R02-ZA,2026-09-01 08:20:00,-1.6330000000000044,-1.7900000000000045,19.779,0,0,none,-1
R02-ZA,2026-09-01 08:22:00,-2.799000000000003,-0.751000000000003,19.99,0,0,none,-1
R02-ZA,2026-09-01 08:24:00,-2.223999999999995,-1.7750000000000004,19.738,0,0,none,-1
R02-ZA,2026-09-01 08:26:00,-2.352000000000002,-2.3969999999999985,19.884,0,0,none,-1
R02-ZA,2026-09-01 08:28:00,-2.5720000000000045,-1.0970000000000102,19.985,0,0,none,-1
R02-ZA,2026-09-01 08:30:00,-1.4380000000000006,-2.172000000000004,19.817,0,0,none,-1
R02-ZA,2026-09-01 08:32:00,-2.088999999999998,-2.511999999999997,19.785,0,0,none,-1
R02-ZA,2026-09-01 08:34:00,-1.8000000000000007,-2.5930000000000035,19.766,0,0,none,-1
R02-ZA,2026-09-01 08:36:00,-2.074,-2.080000000000002,19.932,0,0,none,-1
R02-ZA,2026-09-01 08:38:00,-3.2979999999999965,-2.8640000000000043,19.48,0,0,none,-1
R02-ZA,2026-09-01 08:40:00,-2.745999999999997,-2.2349999999999994,19.568,0,0,none,-1
R02-ZA,2026-09-01 08:42:00,-1.9469999999999972,-2.577999999999994,19.897,0,0,none,-1
R02-ZA,2026-09-01 08:44:00,-2.757999999999999,-0.8300000000000018,20.026,0,0,none,-1
R02-ZA,2026-09-01 08:46:00,-1.8840000000000077,-2.682000000000002,19.712,0,0,none,-1
R02-ZA,2026-09-01 08:48:00,-2.8099999999999987,-1.0490000000000048,19.89,0,0,none,-1
R02-ZA,2026-09-01 08:50:00,-2.269,-2.0140000000000065,19.859,0,0,none,-1
R02-ZA,2026-09-01 08:52:00,-1.6060000000000016,-1.5540000000000038,20.023,0,0,none,-1
R02-ZA,2026-09-01 08:54:00,-1.3710000000000058,-2.2150000000000034,19.9,0,0,none,-1
R02-ZA,2026-09-01 08:56:00,-1.5090000000000074,-2.4434999999999967,19.871,0,0,none,-1
R02-ZA,2026-09-01 08:58:00,-1.802,-1.355999999999998,19.973,0,0,none,-1
R02-ZA,2026-09-01 09:00:00,-2.231999999999997,-2.182000000000002,19.919,0,0,none,-1
R02-ZA,2026-09-01 09:02:00,-2.244000000000005,-2.1140000000000043,19.841,0,0,none,-1
R02-ZA,2026-09-01 09:04:00,-3.0680000000000014,-2.6819999999999986,19.584,0,0,none,-1
R02-ZA,2026-09-01 09:06:00,-2.370000000000001,-2.374000000000004,19.597,0,0,none,-1
R02-ZA,2026-09-01 09:08:00,-1.912999999999995,-0.291999999999998,19.807,0,0,none,-1
R02-ZA,2026-09-01 09:10:00,-2.461000000000002,-1.706500000000002,19.93,0,0,none,-1
R02-ZA,2026-09-01 09:12:00,-2.251000000000001,-0.9940000000000052,19.967,0,0,none,-1
R02-ZA,2026-09-01 09:14:00,-1.7940000000000025,-2.365000000000004,20.054,0,0,none,-1
R02-ZA,2026-09-01 09:16:00,-1.5439999999999952,-2.550000000000008,19.709,0,0,none,-1
R02-ZA,2026-09-01 09:18:00,-1.1970000000000045,-1.9890000000000043,20.014,0,0,none,-1
R02-ZA,2026-09-01 09:20:00,-1.600999999999997,-0.6709999999999958,20.005,0,0,none,-1
R02-ZA,2026-09-01 09:22:00,-2.3369999999999944,-2.5450000000000124,19.712,0,0,none,-1
R02-ZA,2026-09-01 09:24:00,-1.977999999999998,-1.5009999999999994,19.982,0,0,none,-1
R02-ZA,2026-09-01 09:26:00,-2.5389999999999944,-1.768000000000006,19.916,0,0,none,-1
R02-ZA,2026-09-01 09:28:00,-1.4754999999999967,-1.421999999999997,19.998,0,0,none,-1
R02-ZA,2026-09-01 09:30:00,-1.4389999999999985,-2.525000000000002,20.024,0,0,none,-1
R02-ZA,2026-09-01 09:32:00,-2.705,-2.745500000000007,19.961,0,0,none,-1
R02-ZA,2026-09-01 09:34:00,-2.3100000000000005,-1.6454999999999949,19.847,0,0,none,-1
R02-ZA,2026-09-01 09:36:00,-2.1469999999999967,-1.5650000000000066,19.95,0,0,none,-1
R02-ZA,2026-09-01 09:38:00,-1.920999999999996,-1.8430000000000015,19.88,0,0,none,-1
R02-ZA,2026-09-01 09:40:00,-3.409000000000004,-2.1290000000000013,19.66,0,0,none,-1
R02-ZA,2026-09-01 09:42:00,-1.7349999999999903,-2.9795000000000016,19.867,0,0,none,-1
R02-ZA,2026-09-01 09:44:00,-1.3804999999999978,-3.328000000000003,19.645,0,0,none,-1
R02-ZA,2026-09-01 09:46:00,-1.104000000000001,-1.9940000000000069,19.994,0,0,none,-1
R02-ZA,2026-09-01 09:48:00,-2.9269999999999943,-1.8550000000000024,19.872,0,0,amplifier_degradation,14
R02-ZA,2026-09-01 09:50:00,-3.4490000000000016,-2.6555000000000053,19.481,0,0,amplifier_degradation,14
R02-ZA,2026-09-01 09:52:00,-4.035000000000004,-1.1100000000000048,19.725,0,0,amplifier_degradation,14
R02-ZA,2026-09-01 09:54:00,-3.255999999999992,-1.575500000000007,19.575,0,0,amplifier_degradation,14
R02-ZA,2026-09-01 09:56:00,-2.78,-1.731500000000004,19.773,0,0,amplifier_degradation,14
R02-ZA,2026-09-01 09:58:00,-2.772999999999998,-1.6170000000000044,19.655,0,0,amplifier_degradation,14
R03-AZ,2026-09-01 00:00:00,-0.9939999999999944,0.0280000000000004,20.25,0,0,none,-1
R03-AZ,2026-09-01 00:02:00,-0.4269999999999943,-1.6400000000000006,20.175,0,0,none,-1
R03-AZ,2026-09-01 00:04:00,-0.4159999999999968,0.0670000000000001,20.269,0,0,none,-1
R03-AZ,2026-09-01 00:06:00,-0.3479999999999972,-0.7239999999999984,20.1,0,0,none,-1
R03-AZ,2026-09-01 00:08:00,-0.7969999999999988,-2.306499999999998,19.452,0,0,none,-1
R03-AZ,2026-09-01 00:10:00,0.1030000000000033,-1.4765000000000033,20.297,0,0,none,-1
R03-AZ,2026-09-01 00:12:00,-0.0959999999999983,-1.9640000000000024,19.968,0,0,none,-1
R03-AZ,2026-09-01 00:14:00,-0.8739999999999988,-1.6470000000000056,19.993,0,0,none,-1
R03-AZ,2026-09-01 00:16:00,-0.6469999999999949,-1.891999999999994,19.547,0,0,none,-1
R03-AZ,2026-09-01 00:18:00,-0.4139999999999961,-2.002000000000004,19.561,0,0,none,-1
R03-AZ,2026-09-01 00:20:00,-0.7539999999999925,0.2380000000000031,20.303,0,0,none,-1
R03-AZ,2026-09-01 00:22:00,-0.5604999999999976,-1.7689999999999984,20.018,0,0,none,-1
R03-AZ,2026-09-01 00:24:00,-0.3289999999999971,-0.7110000000000056,20.277,0,0,none,-1
R03-AZ,2026-09-01 00:26:00,-0.8124999999999947,0.5249999999999968,20.213,0,0,none,-1
R03-AZ,2026-09-01 00:28:00,-0.8304999999999954,-1.653499999999994,19.677,0,0,none,-1
R03-AZ,2026-09-01 00:30:00,-0.6740000000000048,-0.3400000000000087,20.334,0,0,none,-1
R03-AZ,2026-09-01 00:32:00,-0.5960000000000019,-0.5829999999999949,20.362,0,0,none,-1
R03-AZ,2026-09-01 00:34:00,0.0750000000000081,-0.5449999999999982,20.12,0,0,none,-1
R03-AZ,2026-09-01 00:36:00,-0.2800000000000011,-2.18,20.118,0,0,none,-1
R03-AZ,2026-09-01 00:38:00,-1.0839999999999923,-1.1039999999999992,20.289,0,0,none,-1
R03-AZ,2026-09-01 00:40:00,-0.3779999999999965,-2.356999999999997,20.177,0,0,none,-1
R03-AZ,2026-09-01 00:42:00,0.7300000000000022,-2.155000000000001,19.813,0,0,none,-1
R03-AZ,2026-09-01 00:44:00,-0.4189999999999987,-0.3805000000000049,20.271,0,0,none,-1
R03-AZ,2026-09-01 00:46:00,-0.1025000000000009,-0.5039999999999996,20.228,0,0,none,-1
R03-AZ,2026-09-01 00:48:00,-1.0189999999999948,-1.9349999999999987,19.983,0,0,none,-1
R03-AZ,2026-09-01 00:50:00,-0.8840000000000003,-0.6829999999999963,20.325,0,0,none,-1
R03-AZ,2026-09-01 00:52:00,-0.6009999999999991,-1.1980000000000022,19.913,0,0,none,-1
R03-AZ,2026-09-01 00:54:00,-8.029999999999998,-1.382000000000005,19.998,1,1,amplifier_degradation,19
R03-AZ,2026-09-01 00:56:00,-9.114999999999991,0.2479999999999993,19.659,1,1,amplifier_degradation,19
R03-AZ,2026-09-01 00:58:00,-8.065999999999995,-1.643000000000001,20.023,1,1,amplifier_degradation,19
R03-AZ,2026-09-01 01:00:00,-8.279999999999992,-0.5049999999999972,20.064,1,1,amplifier_degradation,19
R03-AZ,2026-09-01 01:02:00,-7.734999999999999,-0.0940000000000012,20.134,1,1,amplifier_degradation,19
R03-AZ,2026-09-01 01:04:00,-9.225999999999996,0.1054999999999939,19.775,1,1,amplifier_degradation,19
R03-AZ,2026-09-01 01:06:00,-7.847999999999995,0.5850000000000026,20.264,0,1,amplifier_degradation,19
R03-AZ,2026-09-01 01:08:00,-8.144999999999992,0.1369999999999986,20.243,1,1,amplifier_degradation,19
R03-AZ,2026-09-01 01:10:00,-8.492999999999988,-1.2080000000000055,20.107,1,1,amplifier_degradation,19
R03-AZ,2026-09-01 01:12:00,-8.936499999999995,-1.1370000000000005,19.824,1,1,amplifier_degradation,19
R03-AZ,2026-09-01 01:14:00,-7.759,-0.0259999999999998,20.244,1,1,amplifier_degradation,19
R03-AZ,2026-09-01 01:16:00,-8.694999999999988,0.5660000000000025,20.091,1,1,amplifier_degradation,19
R03-AZ,2026-09-01 01:18:00,-8.072999999999995,-1.8740000000000008,19.916,1,1,amplifier_degradation,19
R03-AZ,2026-09-01 01:20:00,-7.609999999999998,-0.9309999999999992,19.894,1,1,amplifier_degradation,19
R03-AZ,2026-09-01 01:22:00,-8.034000000000004,-1.9539999999999955,19.81,1,1,amplifier_degradation,19
R03-AZ,2026-09-01 01:24:00,-7.419666666666655,-0.3750000000000071,20.105,1,1,amplifier_degradation,19
R03-AZ,2026-09-01 01:26:00,-7.922333333333329,0.0660000000000007,20.214,0,1,amplifier_degradation,19
R03-AZ,2026-09-01 01:28:00,-7.745000000000001,-0.4160000000000003,20.212,1,1,amplifier_degradation,19
R03-AZ,2026-09-01 01:30:00,0.3550000000000128,-1.7520000000000042,20.243,0,0,none,-1
R03-AZ,2026-09-01 01:32:00,-0.3379999999999956,1.0749999999999922,20.259,0,0,none,-1
R03-AZ,2026-09-01 01:34:00,-1.3369999999999995,0.0360000000000049,20.188,0,0,none,-1
R03-AZ,2026-09-01 01:36:00,0.073000000000011,0.4960000000000004,20.303,0,0,none,-1
R03-AZ,2026-09-01 01:38:00,0.6140000000000061,-0.5189999999999966,20.249,0,0,none,-1
R03-AZ,2026-09-01 01:40:00,-0.6259999999999888,-0.9990000000000024,20.343,0,0,none,-1
R03-AZ,2026-09-01 01:42:00,-0.2669999999999994,0.1485000000000038,20.271,0,0,none,-1
R03-AZ,2026-09-01 01:44:00,-0.1099999999999958,-0.2600000000000015,20.288,0,0,none,-1
R03-AZ,2026-09-01 01:46:00,-0.2419999999999902,0.0749999999999921,20.3,0,0,none,-1
R03-AZ,2026-09-01 01:48:00,-0.6349999999999874,0.5299999999999976,20.318,0,0,none,-1
R03-AZ,2026-09-01 01:50:00,-0.4319999999999879,-0.8839999999999986,20.286,0,0,none,-1
R03-AZ,2026-09-01 01:52:00,-0.306999999999995,-0.2449999999999974,20.256,0,0,none,-1
R03-AZ,2026-09-01 01:54:00,-0.1359999999999956,-0.6360000000000028,20.259,0,0,none,-1
R03-AZ,2026-09-01 01:56:00,-0.7620000000000005,0.4550000000000018,20.371,0,0,none,-1
R03-AZ,2026-09-01 01:58:00,-0.402000000000001,0.4670000000000005,20.347,0,0,none,-1
R03-AZ,2026-09-01 02:00:00,0.995000000000001,0.5274999999999981,20.326,0,0,none,-1
R03-AZ,2026-09-01 02:02:00,-0.3439999999999941,-0.2710000000000114,20.09,0,0,none,-1
R03-AZ,2026-09-01 02:04:00,-0.7750000000000021,-1.1099999999999994,20.258,0,0,none,-1
R03-AZ,2026-09-01 02:06:00,-0.4569999999999972,0.0345000000000048,20.04,0,0,none,-1
R03-AZ,2026-09-01 02:08:00,0.7630000000000106,-1.328000000000003,20.222,0,0,none,-1
R03-AZ,2026-09-01 02:10:00,-1.656999999999993,-1.232000000000001,19.937,0,0,none,-1
R03-AZ,2026-09-01 02:12:00,-0.4159999999999915,-0.0630000000000006,20.114,0,0,none,-1
R03-AZ,2026-09-01 02:14:00,-0.952999999999994,0.5009999999999977,20.292,0,0,none,-1
R03-AZ,2026-09-01 02:16:00,-0.2759999999999927,-0.3859999999999974,20.217,0,0,none,-1
R03-AZ,2026-09-01 02:18:00,-0.7620000000000022,1.032999999999996,20.317,0,0,none,-1
R03-AZ,2026-09-01 02:20:00,-0.3879999999999963,-0.8540000000000028,20.052,0,0,none,-1
R03-AZ,2026-09-01 02:22:00,-0.7070000000000007,0.6479999999999997,20.288,0,0,none,-1
R03-AZ,2026-09-01 02:24:00,-0.5549999999999926,0.5190000000000001,20.39,0,0,none,-1
R03-AZ,2026-09-01 02:26:00,-0.08,-1.0450000000000037,19.997,0,0,none,-1
R03-AZ,2026-09-01 02:28:00,-0.5929999999999964,0.3399999999999998,19.87,0,0,none,-1
R03-AZ,2026-09-01 02:30:00,-0.8239999999999981,-0.9566666666666688,20.186,0,0,none,-1
R03-AZ,2026-09-01 02:32:00,0.2110000000000003,-1.0933333333333373,20.33,0,0,none,-1
R03-AZ,2026-09-01 02:34:00,-0.3359999999999949,-0.9230000000000018,20.28,0,0,none,-1
R03-AZ,2026-09-01 02:36:00,0.1190000000000015,-0.4759999999999991,20.377,0,0,none,-1
R03-AZ,2026-09-01 02:38:00,0.5900000000000052,-1.267000000000003,20.183,0,0,none,-1
R03-AZ,2026-09-01 02:40:00,-1.093,-0.4350000000000023,20.323,0,0,none,-1
R03-AZ,2026-09-01 02:42:00,-0.5079999999999973,0.3329999999999948,20.262,0,0,none,-1
R03-AZ,2026-09-01 02:44:00,-0.7579999999999938,-0.4930000000000056,20.219,0,0,none,-1
R03-AZ,2026-09-01 02:46:00,-0.2689999999999948,1.5335,20.348,0,0,none,-1
R03-AZ,2026-09-01 02:48:00,-0.3339999999999978,0.0740000000000016,20.363,0,0,none,-1
R03-AZ,2026-09-01 02:50:00,-1.2769999999999992,0.5260000000000034,20.381,0,0,none,-1
R03-AZ,2026-09-01 02:52:00,-0.9814999999999988,-1.297000000000004,20.15,0,0,none,-1
R03-AZ,2026-09-01 02:54:00,-0.6639999999999944,0.3259999999999952,20.322,0,0,none,-1
R03-AZ,2026-09-01 02:56:00,-1.104999999999993,-0.8279999999999941,20.193,0,0,none,-1
R03-AZ,2026-09-01 02:58:00,-0.0359999999999942,-0.1679999999999992,20.247,0,0,amplifier_degradation,10
R03-AZ,2026-09-01 03:00:00,-0.7829999999999995,0.4689999999999958,20.22,0,0,amplifier_degradation,10
R03-AZ,2026-09-01 03:02:00,-0.955999999999996,-1.3744999999999994,19.965,0,0,amplifier_degradation,10
R03-AZ,2026-09-01 03:04:00,-1.1209999999999969,-0.8200000000000003,19.561,0,0,amplifier_degradation,10
R03-AZ,2026-09-01 03:06:00,-0.903999999999998,0.660499999999999,20.165,0,0,amplifier_degradation,10
R03-AZ,2026-09-01 03:08:00,-0.2819999999999965,-0.020999999999999,20.248,0,0,amplifier_degradation,10
R03-AZ,2026-09-01 03:10:00,-0.213999999999995,-1.9129999999999916,19.75,0,0,amplifier_degradation,10
R03-AZ,2026-09-01 03:12:00,-1.0540000000000005,-0.3519999999999985,20.198,0,0,amplifier_degradation,10
R03-AZ,2026-09-01 03:14:00,-1.1549999999999976,-0.2610000000000028,19.937,0,0,amplifier_degradation,10
R03-AZ,2026-09-01 03:16:00,-0.0235000000000003,-2.006,19.933,0,0,amplifier_degradation,10
R03-AZ,2026-09-01 03:18:00,-0.9959999999999968,1.3750000000000036,20.177,0,0,amplifier_degradation,10
R03-AZ,2026-09-01 03:20:00,-2.0159999999999947,-0.8220000000000027,19.436,0,0,amplifier_degradation,10
R03-AZ,2026-09-01 03:22:00,-1.6409999999999911,-1.5120000000000022,19.795,0,0,amplifier_degradation,10
R03-AZ,2026-09-01 03:24:00,-1.7679999999999954,0.2109999999999914,20.12,0,0,amplifier_degradation,10
R03-AZ,2026-09-01 03:26:00,-1.7259999999999902,0.0979999999999989,20.111,0,0,amplifier_degradation,10
R03-AZ,2026-09-01 03:28:00,-1.4659999999999869,-2.025000000000002,19.803,0,0,amplifier_degradation,10
R03-AZ,2026-09-01 03:30:00,-0.8144999999999971,-0.0819999999999918,19.787,0,0,amplifier_degradation,10
R03-AZ,2026-09-01 03:32:00,-2.503999999999998,-2.277499999999998,19.143,0,0,amplifier_degradation,10
R03-AZ,2026-09-01 03:34:00,-1.4359999999999964,1.024000000000003,20.202,0,0,amplifier_degradation,10
R03-AZ,2026-09-01 03:36:00,-1.8609999999999955,0.0489999999999977,19.645,0,0,amplifier_degradation,10
R03-AZ,2026-09-01 03:38:00,-1.574999999999994,0.0019999999999917,19.797,0,0,amplifier_degradation,10
R03-AZ,2026-09-01 03:40:00,-2.158999999999997,-1.291999999999998,19.541,0,0,amplifier_degradation,10
R03-AZ,2026-09-01 03:42:00,-2.2209999999999948,-1.0499999999999972,19.336,0,0,amplifier_degradation,10
R03-AZ,2026-09-01 03:44:00,-2.4269999999999943,-1.6400000000000023,18.636,0,0,amplifier_degradation,10
R03-AZ,2026-09-01 03:46:00,-2.058499999999997,-1.3449999999999989,19.319,0,0,amplifier_degradation,10
R03-AZ,2026-09-01 03:48:00,-2.632499999999995,-2.7859999999999925,18.975,0,0,amplifier_degradation,10
R03-AZ,2026-09-01 03:50:00,-3.4874999999999936,-2.201999999999998,18.549,0,0,amplifier_degradation,10
R03-AZ,2026-09-01 03:52:00,-1.796999999999997,-1.4339999999999975,19.377,0,0,amplifier_degradation,10
R03-AZ,2026-09-01 03:54:00,-2.290999999999997,-0.4550000000000089,19.594,0,0,amplifier_degradation,10
R03-AZ,2026-09-01 03:56:00,-2.7619999999999933,-0.8820000000000014,18.883,0,0,amplifier_degradation,10
R03-AZ,2026-09-01 03:58:00,-2.3899999999999952,-2.399000000000001,18.151,0,0,amplifier_degradation,10
R03-AZ,2026-09-01 04:00:00,-2.811999999999994,-0.1910000000000007,19.183,0,0,amplifier_degradation,10
R03-AZ,2026-09-01 04:02:00,-3.030999999999997,-1.4174999999999969,18.568,0,0,amplifier_degradation,10
R03-AZ,2026-09-01 04:04:00,-3.1039999999999885,0.1309999999999984,19.223,0,0,amplifier_degradation,10
R03-AZ,2026-09-01 04:06:00,-2.3279999999999923,-1.175000000000006,19.368,0,0,amplifier_degradation,10
R03-AZ,2026-09-01 04:08:00,-2.7279999999999944,-1.3675000000000015,18.665,0,0,amplifier_degradation,10
R03-AZ,2026-09-01 04:10:00,-3.320999999999991,-0.6469999999999985,19.142,0,0,amplifier_degradation,10
R03-AZ,2026-09-01 04:12:00,-3.230999999999998,-0.5219999999999985,18.703,0,0,amplifier_degradation,10
R03-AZ,2026-09-01 04:14:00,-3.096000000000002,-1.261999999999999,18.198,0,0,amplifier_degradation,10
R03-AZ,2026-09-01 04:16:00,-2.7520000000000024,-1.203000000000003,19.166,0,0,amplifier_degradation,10
R03-AZ,2026-09-01 04:18:00,-3.244999999999996,-0.6150000000000073,19.409,0,0,amplifier_degradation,10
R03-AZ,2026-09-01 04:20:00,-3.1930000000000014,-1.5610000000000015,18.938,0,0,amplifier_degradation,10
R03-AZ,2026-09-01 04:22:00,-3.2579999999999902,-2.7740000000000045,17.427,0,0,amplifier_degradation,10
R03-AZ,2026-09-01 04:24:00,-2.135999999999992,-1.1160000000000032,19.139,0,0,amplifier_degradation,10
R03-AZ,2026-09-01 04:26:00,-3.144999999999996,-3.006000000000004,18.301,0,0,amplifier_degradation,10
R03-AZ,2026-09-01 04:28:00,-2.3624999999999954,-3.663499999999986,18.641,0,0,amplifier_degradation,10
R03-AZ,2026-09-01 04:30:00,-3.058499999999992,-2.4329999999999945,18.967,0,0,amplifier_degradation,10
R03-AZ,2026-09-01 04:32:00,-3.299999999999992,-0.2369999999999983,18.907,0,0,amplifier_degradation,10
R03-AZ,2026-09-01 04:34:00,-3.3489999999999984,-1.6530000000000005,18.277,0,0,amplifier_degradation,10
R03-AZ,2026-09-01 04:36:00,-3.1709999999999923,-1.0050000000000008,18.776,0,0,amplifier_degradation,10
R03-AZ,2026-09-01 04:38:00,-2.8480000000000008,-1.2810000000000006,19.04,0,0,amplifier_degradation,10
R03-AZ,2026-09-01 04:40:00,0.049000000000003,-2.151999999999996,19.944,0,0,none,-1
R03-AZ,2026-09-01 04:42:00,0.300000000000006,-0.2824999999999988,20.249,0,0,none,-1
R03-AZ,2026-09-01 04:44:00,-0.8470000000000013,-2.7150000000000016,19.771,0,0,none,-1
R03-AZ,2026-09-01 04:46:00,-0.554000000000002,-1.0450000000000037,20.059,0,0,none,-1
R03-AZ,2026-09-01 04:48:00,-0.0319999999999911,-1.9429999999999945,19.836,0,0,none,-1
R03-AZ,2026-09-01 04:50:00,-0.8769999999999971,-1.1249999999999964,19.678,0,0,none,-1
R03-AZ,2026-09-01 04:52:00,-0.5229999999999979,-2.5909999999999997,19.472,0,0,none,-1
R03-AZ,2026-09-01 04:54:00,-0.7289999999999939,-2.2099999999999955,19.968,0,0,none,-1
R03-AZ,2026-09-01 04:56:00,-0.1409999999999929,-2.4399999999999995,20.216,0,0,none,-1
R03-AZ,2026-09-01 04:58:00,-0.3789999999999907,-0.634999999999998,20.242,0,0,none,-1
R03-AZ,2026-09-01 05:00:00,-0.2299999999999915,-0.4969999999999981,20.088,0,0,none,-1
R03-AZ,2026-09-01 05:02:00,-0.6990000000000016,-2.0125000000000046,19.554,0,0,none,-1
R03-AZ,2026-09-01 05:04:00,-1.2019999999999982,-3.196000000000001,19.398,0,0,none,-1
R03-AZ,2026-09-01 05:06:00,-0.7094999999999985,-2.224000000000002,19.45,0,0,none,-1
R03-AZ,2026-09-01 05:08:00,-0.5679999999999978,-1.3690000000000015,19.974,0,0,none,-1
R03-AZ,2026-09-01 05:10:00,-0.7059999999999977,-1.5510000000000073,19.984,0,0,none,-1
R03-AZ,2026-09-01 05:12:00,-0.807999999999991,-2.567,19.704,0,0,none,-1
R03-AZ,2026-09-01 05:14:00,-0.1674999999999986,-2.550999999999995,19.44,0,0,none,-1
R03-AZ,2026-09-01 05:16:00,-0.9500000000000012,-2.0085,19.556,0,0,none,-1
R03-AZ,2026-09-01 05:18:00,-0.6309999999999949,-2.949999999999994,19.733,0,0,none,-1
R03-AZ,2026-09-01 05:20:00,0.1105000000000053,-2.248000000000003,19.84,0,0,none,-1
R03-AZ,2026-09-01 05:22:00,-0.3304999999999971,-1.4269999999999996,19.586,0,0,none,-1
R03-AZ,2026-09-01 05:24:00,-0.3319999999999972,-2.775999999999989,19.913,0,0,none,-1
R03-AZ,2026-09-01 05:26:00,-0.4724999999999983,-2.674999999999999,19.811,0,0,none,-1
R03-AZ,2026-09-01 05:28:00,-0.1519999999999939,-1.2950000000000053,20.184,0,0,none,-1
R03-AZ,2026-09-01 05:30:00,-0.8859999999999957,-1.3149999999999942,19.72,0,0,none,-1
R03-AZ,2026-09-01 05:32:00,-0.3969999999999967,-2.2330000000000023,19.853,0,0,none,-1
R03-AZ,2026-09-01 05:34:00,-0.1949999999999967,-2.5540000000000056,20.052,0,0,none,-1
R03-AZ,2026-09-01 05:36:00,-0.4729999999999936,-2.656999999999986,19.491,0,0,none,-1
R03-AZ,2026-09-01 05:38:00,0.7540000000000102,-3.4395000000000024,19.77,0,0,none,-1
R03-AZ,2026-09-01 05:40:00,-0.3139999999999965,-1.6309999999999985,19.595,0,0,none,-1
R03-AZ,2026-09-01 05:42:00,-1.2359999999999989,-2.545,20.047,0,0,none,-1
R03-AZ,2026-09-01 05:44:00,-0.2010000000000005,-0.9929999999999932,19.932,0,0,none,-1
R03-AZ,2026-09-01 05:46:00,-1.2179999999999929,-44.151,-6.769,1,1,fiber_cut,19
R03-AZ,2026-09-01 05:48:00,-0.5669999999999913,-42.104,-5.609,1,1,fiber_cut,19
R03-AZ,2026-09-01 05:50:00,-0.5905000000000022,-41.663,-5.876,1,1,fiber_cut,19
R03-AZ,2026-09-01 05:52:00,-1.160999999999996,-40.282,-5.104,1,1,fiber_cut,19
R03-AZ,2026-09-01 05:54:00,-0.3479999999999918,-41.398,-4.764,1,1,fiber_cut,19
R03-AZ,2026-09-01 05:56:00,-0.7289999999999957,-42.36216666666666,-6.234,1,1,fiber_cut,19
R03-AZ,2026-09-01 05:58:00,0.0140000000000011,-43.21833333333333,-5.736,1,1,fiber_cut,19
R03-AZ,2026-09-01 06:00:00,-0.637999999999991,-42.354,-6.547,1,1,fiber_cut,19
R03-AZ,2026-09-01 06:02:00,-0.0809999999999906,-41.532,-6.29,1,1,fiber_cut,19
R03-AZ,2026-09-01 06:04:00,0.5009999999999994,-41.907,-4.628,1,1,fiber_cut,19
R03-AZ,2026-09-01 06:06:00,-0.5019999999999882,-41.585,-5.71,1,1,fiber_cut,19
R03-AZ,2026-09-01 06:08:00,-0.7529999999999966,-1.0020000000000078,20.026,0,0,none,-1
R03-AZ,2026-09-01 06:10:00,-1.2020000000000015,-0.9290000000000004,19.528,0,0,none,-1
R03-AZ,2026-09-01 06:12:00,-1.3029999999999973,-3.413000000000002,19.375,0,0,none,-1
R03-AZ,2026-09-01 06:14:00,-0.2060000000000066,-1.5239999999999956,19.964,0,0,none,-1
R03-AZ,2026-09-01 06:16:00,-0.5609999999999875,0.0294999999999951,20.021,0,0,none,-1
R03-AZ,2026-09-01 06:18:00,-0.7969999999999988,-2.534999999999995,19.875,0,0,none,-1
R03-AZ,2026-09-01 06:20:00,0.14050000000001,-0.9539999999999988,20.1,0,0,none,-1
R03-AZ,2026-09-01 06:22:00,-1.2269999999999932,-3.257,19.644,0,0,none,-1
R03-AZ,2026-09-01 06:24:00,-0.3500000000000014,-2.541999999999998,19.73,0,0,none,-1
R03-AZ,2026-09-01 06:26:00,0.4665000000000052,-0.748999999999997,20.164,0,0,none,-1
R03-AZ,2026-09-01 06:28:00,-0.1209999999999986,-1.7830000000000013,20.123,0,0,none,-1
R03-AZ,2026-09-01 06:30:00,-0.3959999999999866,-1.383999999999995,19.82,0,0,none,-1
R03-AZ,2026-09-01 06:32:00,0.7860000000000049,-1.7069999999999972,20.142,0,0,fiber_degradation,16
R03-AZ,2026-09-01 06:34:00,0.0075000000000038,-1.1100000000000012,20.056,0,0,fiber_degradation,16
R03-AZ,2026-09-01 06:36:00,-0.9559999999999976,-2.362833333333331,19.737,0,0,fiber_degradation,16
R03-AZ,2026-09-01 06:38:00,-0.1529999999999933,-3.724166666666669,19.286,0,0,fiber_degradation,16
R03-AZ,2026-09-01 06:40:00,-0.508499999999998,-0.7885000000000026,20.159,0,0,fiber_degradation,16
R03-AZ,2026-09-01 06:42:00,-0.4999999999999964,-1.1424999999999963,19.896,0,0,fiber_degradation,16
R03-AZ,2026-09-01 06:44:00,-0.9999999999999948,-4.317,19.702,0,0,fiber_degradation,16
R03-AZ,2026-09-01 06:46:00,-0.7859999999999943,-3.559000000000003,19.559,0,0,fiber_degradation,16
R03-AZ,2026-09-01 06:48:00,-0.8789999999999942,-3.600999999999999,19.059,0,0,fiber_degradation,16
R03-AZ,2026-09-01 06:50:00,0.0150000000000041,-3.2529999999999983,19.864,0,0,fiber_degradation,16
R03-AZ,2026-09-01 06:52:00,-1.1449999999999942,-2.6249999999999982,19.073,0,0,fiber_degradation,16
R03-AZ,2026-09-01 06:54:00,-0.5444999999999904,-4.211000000000004,19.142,0,0,fiber_degradation,16
R03-AZ,2026-09-01 06:56:00,0.0560000000000062,-5.797000000000002,19.16,0,0,fiber_degradation,16
R03-AZ,2026-09-01 06:58:00,-0.9989999999999934,-4.668999999999997,19.042,0,0,fiber_degradation,16
R03-AZ,2026-09-01 07:00:00,-1.0669999999999984,-3.977000000000002,19.265,0,0,fiber_degradation,16
R03-AZ,2026-09-01 07:02:00,-0.2229999999999989,-3.899000000000001,19.329,0,0,fiber_degradation,16
R03-AZ,2026-09-01 07:04:00,-0.0324999999999935,-5.019999999999998,19.027,0,0,fiber_degradation,16
R03-AZ,2026-09-01 07:06:00,0.2280000000000015,-5.7769999999999975,18.913,0,0,fiber_degradation,16
R03-AZ,2026-09-01 07:08:00,-0.770999999999999,-4.473000000000001,19.148,0,0,fiber_degradation,16
R03-AZ,2026-09-01 07:10:00,-0.4729999999999936,-4.577,19.139,0,0,fiber_degradation,16
R03-AZ,2026-09-01 07:12:00,0.1700000000000106,-4.754,19.186,0,0,fiber_degradation,16
R03-AZ,2026-09-01 07:14:00,1.0400000000000027,-4.986000000000001,19.453,0,0,fiber_degradation,16
R03-AZ,2026-09-01 07:16:00,0.495000000000001,-5.565999999999997,19.063,0,0,fiber_degradation,16
R03-AZ,2026-09-01 07:18:00,-0.3159999999999936,-5.747499999999997,18.694,0,0,fiber_degradation,16
R03-AZ,2026-09-01 07:20:00,-0.1619999999999937,-7.1530000000000005,18.645,0,1,fiber_degradation,16
R03-AZ,2026-09-01 07:22:00,-0.4890000000000007,-5.758000000000001,18.509,0,0,fiber_degradation,16
R03-AZ,2026-09-01 07:24:00,0.1150000000000055,-5.901000000000003,18.896,0,0,fiber_degradation,16
R03-AZ,2026-09-01 07:26:00,-1.4459999999999926,-7.119999999999996,17.834,1,1,fiber_degradation,16
R03-AZ,2026-09-01 07:28:00,-0.1259999999999959,-7.338000000000003,18.232,0,1,fiber_degradation,16
R03-AZ,2026-09-01 07:30:00,0.2019999999999999,-5.021999999999997,19.078,0,0,fiber_degradation,16
R03-AZ,2026-09-01 07:32:00,-0.230999999999991,-5.828999999999999,19.044,0,0,fiber_degradation,16
R03-AZ,2026-09-01 07:34:00,-0.2439999999999962,-6.078000000000001,19.199,0,0,fiber_degradation,16
R03-AZ,2026-09-01 07:36:00,0.2700000000000049,-6.368000000000002,18.953,0,0,fiber_degradation,16
R03-AZ,2026-09-01 07:38:00,0.004999999999999,-7.558999999999999,18.753,0,1,fiber_degradation,16
R03-AZ,2026-09-01 07:40:00,-2.110999999999997,-6.039999999999997,17.773,1,1,fiber_degradation,16
R03-AZ,2026-09-01 07:42:00,-0.3329999999999984,-4.835999999999993,18.783,0,0,fiber_degradation,16
R03-AZ,2026-09-01 07:44:00,0.0840000000000049,-7.379000000000003,18.228,0,1,fiber_degradation,16
R03-AZ,2026-09-01 07:46:00,-1.124999999999995,-7.355500000000003,18.158,0,1,fiber_degradation,16
R03-AZ,2026-09-01 07:48:00,-0.6759999999999966,-6.199000000000009,18.308,0,1,fiber_degradation,16
R03-AZ,2026-09-01 07:50:00,0.6449999999999996,-6.111000000000002,18.966,0,0,fiber_degradation,16
R03-AZ,2026-09-01 07:52:00,-0.2259999999999866,-6.826500000000001,18.309,0,1,fiber_degradation,16
R03-AZ,2026-09-01 07:54:00,-0.082999999999993,-6.694999999999999,17.852,0,0,fiber_degradation,16
R03-AZ,2026-09-01 07:56:00,-1.045999999999994,-5.569999999999995,18.697,0,0,fiber_degradation,16
R03-AZ,2026-09-01 07:58:00,-0.9219999999999952,-7.961000000000006,17.326,1,1,fiber_degradation,16
R03-AZ,2026-09-01 08:00:00,-0.145999999999999,-5.972999999999999,18.462,0,0,fiber_degradation,16
R03-AZ,2026-09-01 08:02:00,-0.9919999999999972,-6.030999999999992,18.615,0,1,fiber_degradation,16
R03-AZ,2026-09-01 08:04:00,-1.1059999999999928,-6.7690000000000055,18.537,0,1,fiber_degradation,16
R03-AZ,2026-09-01 08:06:00,-0.4179999999999904,-4.956000000000001,19.259,0,0,fiber_degradation,16
R03-AZ,2026-09-01 08:08:00,0.034000000000006,-0.7725000000000026,20.236,0,0,none,-1
R03-AZ,2026-09-01 08:10:00,-0.0700000000000002,-1.214999999999998,20.38,0,0,none,-1
R03-AZ,2026-09-01 08:12:00,0.4190000000000093,0.418000000000001,20.315,0,0,none,-1
R03-AZ,2026-09-01 08:14:00,-0.2839999999999953,-1.006000000000002,20.281,0,0,none,-1
R03-AZ,2026-09-01 08:16:00,-0.6919999999999895,-0.7759999999999962,20.05,0,0,none,-1
R03-AZ,2026-09-01 08:18:00,0.0720000000000045,0.0554999999999985,20.376,0,0,none,-1
R03-AZ,2026-09-01 08:20:00,-0.0549999999999943,0.6420000000000012,20.34,0,0,none,-1
R03-AZ,2026-09-01 08:22:00,-0.1089999999999928,-1.127000000000001,20.272,0,0,none,-1
R03-AZ,2026-09-01 08:24:00,0.5220000000000038,-1.0424999999999986,20.243,0,0,none,-1
R03-AZ,2026-09-01 08:26:00,-0.7109999999999879,-0.1960000000000086,20.313,0,0,none,-1
R03-AZ,2026-09-01 08:28:00,-0.2669999999999959,-0.8190000000000026,20.16,0,0,none,-1
R03-AZ,2026-09-01 08:30:00,0.1220000000000034,3.552713678800501e-15,20.304,0,0,none,-1
R03-AZ,2026-09-01 08:32:00,-0.2609999999999939,0.2280000000000051,20.255,0,0,none,-1
R03-AZ,2026-09-01 08:34:00,-0.446999999999992,-0.0019999999999953,20.291,0,0,none,-1
R03-AZ,2026-09-01 08:36:00,-0.593,-1.254999999999999,20.377,0,0,none,-1
R03-AZ,2026-09-01 08:38:00,-0.7889999999999908,-0.2130000000000063,20.379,0,0,none,-1
R03-AZ,2026-09-01 08:40:00,-0.1739999999999923,0.1060000000000016,20.343,0,0,none,-1
R03-AZ,2026-09-01 08:42:00,-1.0569999999999895,-0.6400000000000023,20.235,0,0,none,-1
R03-AZ,2026-09-01 08:44:00,-0.9149999999999956,1.0219999999999985,20.344,0,0,none,-1
R03-AZ,2026-09-01 08:46:00,-1.083999999999998,-0.2049999999999912,20.16,0,0,none,-1
R03-AZ,2026-09-01 08:48:00,0.0680000000000067,0.6360000000000046,20.337,0,0,none,-1
R03-AZ,2026-09-01 08:50:00,0.0810000000000066,0.7070000000000007,20.272,0,0,none,-1
R03-AZ,2026-09-01 08:52:00,-1.8629999999999924,0.9976666666666638,17.743,0,0,amplifier_degradation,2
R03-AZ,2026-09-01 08:54:00,-3.8069999999999897,1.2883333333333322,19.133,0,0,amplifier_degradation,2
R03-AZ,2026-09-01 08:56:00,-3.546,2.515000000000001,19.578,0,0,amplifier_degradation,2
R03-AZ,2026-09-01 08:58:00,-3.2539999999999907,1.815000000000003,19.448,0,0,amplifier_degradation,2
R03-AZ,2026-09-01 09:00:00,-3.821999999999994,-0.8719999999999999,17.769,0,0,amplifier_degradation,2
R03-AZ,2026-09-01 09:02:00,-3.4879999999999978,-0.1519999999999974,18.14,0,0,amplifier_degradation,2
R03-AZ,2026-09-01 09:04:00,-3.823,0.5489999999999995,18.61,0,0,amplifier_degradation,2
R03-AZ,2026-09-01 09:06:00,-4.474999999999998,-0.0060000000000002,18.285,0,0,amplifier_degradation,2
R03-AZ,2026-09-01 09:08:00,-3.5699999999999985,0.617999999999995,18.693,0,0,amplifier_degradation,2
R03-AZ,2026-09-01 09:10:00,-4.120499999999996,-0.610000000000003,17.701,0,0,amplifier_degradation,2
R03-AZ,2026-09-01 09:12:00,-3.2309999999999928,0.5530000000000079,18.555,0,0,amplifier_degradation,2
R03-AZ,2026-09-01 09:14:00,-2.508999999999993,0.8499999999999943,19.101,0,0,amplifier_degradation,2
R03-AZ,2026-09-01 09:16:00,-3.8729999999999913,-0.7399999999999984,17.551,0,0,amplifier_degradation,2
R03-AZ,2026-09-01 09:18:00,-3.046999999999993,0.1005000000000055,18.455,0,0,amplifier_degradation,2
R03-AZ,2026-09-01 09:20:00,-3.609999999999996,-0.8210000000000051,18.028,0,0,amplifier_degradation,2
R03-AZ,2026-09-01 09:22:00,-3.761999999999993,-1.181000000000001,17.977,0,0,amplifier_degradation,2
R03-AZ,2026-09-01 09:24:00,-2.495999999999992,-0.5260000000000016,18.428,0,0,amplifier_degradation,2
R03-AZ,2026-09-01 09:26:00,-3.5224999999999973,0.9320000000000022,19.29,0,0,amplifier_degradation,2
R03-AZ,2026-09-01 09:28:00,-3.558,-0.7034999999999982,18.138,0,0,amplifier_degradation,2
R03-AZ,2026-09-01 09:30:00,-2.629999999999992,-1.290500000000003,19.121,0,0,amplifier_degradation,2
R03-AZ,2026-09-01 09:32:00,-3.700999999999999,0.041999999999998,18.796,0,0,amplifier_degradation,2
R03-AZ,2026-09-01 09:34:00,-4.198999999999996,0.1234999999999928,19.333,0,0,amplifier_degradation,2
R03-AZ,2026-09-01 09:36:00,-3.6880000000000006,-1.3010000000000002,17.956,0,0,amplifier_degradation,2
R03-AZ,2026-09-01 09:38:00,-3.337999999999994,0.0680000000000049,18.767,0,0,amplifier_degradation,2
R03-AZ,2026-09-01 09:40:00,-3.252999999999993,-0.016,18.082,0,0,amplifier_degradation,2
R03-AZ,2026-09-01 09:42:00,-3.033999999999992,-1.277000000000001,17.749,0,0,amplifier_degradation,2
R03-AZ,2026-09-01 09:44:00,-3.5299999999999905,-0.2479999999999993,18.66,0,0,amplifier_degradation,2
R03-AZ,2026-09-01 09:46:00,-3.822999999999995,-1.5809999999999942,17.611,0,0,amplifier_degradation,2
R03-AZ,2026-09-01 09:48:00,-3.858999999999998,-0.4699999999999917,18.708,0,0,amplifier_degradation,2
R03-AZ,2026-09-01 09:50:00,-0.7849999999999948,-0.7580000000000044,20.063,0,0,none,-1
R03-AZ,2026-09-01 09:52:00,-0.707499999999996,-0.5009999999999959,20.108,0,0,none,-1
R03-AZ,2026-09-01 09:54:00,-0.5269999999999957,-0.5970000000000013,20.288,0,0,none,-1
R03-AZ,2026-09-01 09:56:00,-0.3115000000000005,0.0269999999999992,20.33,0,0,none,-1
R03-AZ,2026-09-01 09:58:00,0.3320000000000114,0.4510000000000023,20.326,0,0,none,-1
R03-ZA,2026-09-01 00:00:00,2.1869999999999976,0.0349999999999912,18.893,0,0,none,-1
R03-ZA,2026-09-01 00:02:00,0.6094999999999988,-0.3750000000000124,19.296,0,0,none,-1
R03-ZA,2026-09-01 00:04:00,1.152999999999997,-1.7070000000000114,19.648,0,0,none,-1
R03-ZA,2026-09-01 00:06:00,1.128000000000002,0.3749999999999893,19.43,0,0,none,-1
R03-ZA,2026-09-01 00:08:00,0.4530000000000065,-0.8750000000000036,19.215,0,0,none,-1
R03-ZA,2026-09-01 00:10:00,0.4859999999999917,-0.0595000000000034,20.268,0,0,none,-1
R03-ZA,2026-09-01 00:12:00,1.779999999999994,-1.0400000000000098,19.953,0,0,none,-1
R03-ZA,2026-09-01 00:14:00,0.8290000000000006,-2.2620000000000147,20.033,0,0,none,-1
R03-ZA,2026-09-01 00:16:00,1.5970000000000013,-0.4960000000000093,19.862,0,0,none,-1
R03-ZA,2026-09-01 00:18:00,1.4080000000000084,0.093499999999997,19.145,0,0,none,-1
R03-ZA,2026-09-01 00:20:00,0.7650000000000023,-1.2560000000000162,20.303,0,0,none,-1
R03-ZA,2026-09-01 00:22:00,0.4029999999999969,-1.0390000000000033,20.125,0,0,none,-1
R03-ZA,2026-09-01 00:24:00,1.0349999999999966,-2.776500000000013,20.356,0,0,none,-1
R03-ZA,2026-09-01 00:26:00,0.8959999999999955,0.2159999999999922,20.012,0,0,none,-1
R03-ZA,2026-09-01 00:28:00,0.8869999999999933,-0.8150000000000119,19.931,0,0,none,-1
R03-ZA,2026-09-01 00:30:00,0.5800000000000107,-0.145500000000009,18.621,0,0,none,-1
R03-ZA,2026-09-01 00:32:00,-0.081000000000003,-1.3250000000000064,20.146,0,0,none,-1
R03-ZA,2026-09-01 00:34:00,0.5549999999999944,-1.0070000000000068,20.029,0,0,none,-1
R03-ZA,2026-09-01 00:36:00,1.4530000000000012,1.039999999999992,18.88,0,0,none,-1
R03-ZA,2026-09-01 00:38:00,1.006000000000002,-0.151000000000014,19.457,0,0,none,-1
R03-ZA,2026-09-01 00:40:00,1.0990000000000073,-1.1520000000000137,19.5,0,0,none,-1
R03-ZA,2026-09-01 00:42:00,1.0719999999999992,-0.2895000000000056,19.419,0,0,none,-1
R03-ZA,2026-09-01 00:44:00,1.3620000000000037,-0.2500000000000035,19.649,0,0,none,-1
R03-ZA,2026-09-01 00:46:00,0.3029999999999972,-14.606000000000009,12.428,1,1,flapping,7
R03-ZA,2026-09-01 00:48:00,0.7064999999999984,-0.2550000000000043,19.766,0,0,flapping,7
R03-ZA,2026-09-01 00:50:00,0.0949999999999953,-0.3710000000000057,20.206,0,0,flapping,7
R03-ZA,2026-09-01 00:52:00,0.6169999999999956,-13.675000000000006,12.172,1,1,flapping,7
R03-ZA,2026-09-01 00:54:00,1.2440000000000015,2.2939999999999987,19.057,0,0,flapping,7
R03-ZA,2026-09-01 00:56:00,0.8329999999999984,-1.7620000000000149,20.289,0,0,flapping,7
R03-ZA,2026-09-01 00:58:00,1.593,-0.2905000000000068,19.653,0,0,flapping,7
R03-ZA,2026-09-01 01:00:00,1.154499999999997,-15.928000000000011,11.995,1,1,flapping,7
R03-ZA,2026-09-01 01:02:00,0.8739999999999952,-0.8920000000000101,20.328,0,0,flapping,7
R03-ZA,2026-09-01 01:04:00,1.3009999999999966,-12.921000000000005,13.357,1,1,flapping,7
R03-ZA,2026-09-01 01:06:00,0.579999999999993,-2.1880000000000006,19.901,0,0,flapping,7
R03-ZA,2026-09-01 01:08:00,1.4650000000000034,-15.144000000000007,12.371,1,1,flapping,7
R03-ZA,2026-09-01 01:10:00,0.309000000000001,0.1079999999999952,19.966,0,0,flapping,7
R03-ZA,2026-09-01 01:12:00,0.916000000000004,-1.2810000000000097,20.063,0,0,flapping,7
R03-ZA,2026-09-01 01:14:00,1.5814999999999966,-1.103000000000005,19.615,0,0,flapping,7
R03-ZA,2026-09-01 01:16:00,1.0159999999999982,-1.680000000000005,12.66,1,0,flapping,7
R03-ZA,2026-09-01 01:18:00,1.4600000000000044,-1.6280000000000072,19.452,0,0,flapping,7
R03-ZA,2026-09-01 01:20:00,0.9640000000000022,-1.7926666666666726,20.328,0,0,flapping,7
R03-ZA,2026-09-01 01:22:00,1.560000000000004,-1.6373333333333413,19.96,0,0,flapping,7
R03-ZA,2026-09-01 01:24:00,1.0459999999999958,-2.571000000000007,20.174,0,0,flapping,7
R03-ZA,2026-09-01 01:26:00,2.380999999999993,-14.368000000000006,13.159,1,1,flapping,7
R03-ZA,2026-09-01 01:28:00,0.8069999999999986,-1.0020000000000095,19.879,0,0,flapping,7
R03-ZA,2026-09-01 01:30:00,2.487,-14.27600000000001,13.162,1,1,flapping,7
R03-ZA,2026-09-01 01:32:00,1.303999999999995,-12.268000000000017,13.98,1,1,flapping,7
R03-ZA,2026-09-01 01:34:00,1.7780000000000022,-0.7550000000000043,19.428,0,0,flapping,7
R03-ZA,2026-09-01 01:36:00,0.829999999999993,-0.4510000000000111,19.589,0,0,flapping,7
R03-ZA,2026-09-01 01:38:00,1.2260000000000009,-1.6969999999999992,19.937,0,0,flapping,7
R03-ZA,2026-09-01 01:40:00,1.4220000000000024,-1.6700000000000053,19.939,0,0,flapping,7
R03-ZA,2026-09-01 01:42:00,0.8909999999999982,-14.65950000000001,11.771,1,1,flapping,7
R03-ZA,2026-09-01 01:44:00,1.0640000000000054,-13.524000000000004,12.994,1,1,flapping,7
R03-ZA,2026-09-01 01:46:00,0.5729999999999968,-13.987000000000004,12.524,1,1,flapping,7
R03-ZA,2026-09-01 01:48:00,0.6290000000000013,-2.1900000000000084,20.191,0,0,flapping,7
R03-ZA,2026-09-01 01:50:00,0.8020000000000049,-14.244000000000003,11.93,1,1,flapping,7
R03-ZA,2026-09-01 01:52:00,1.1855000000000082,-14.963500000000009,12.276,1,1,flapping,7
R03-ZA,2026-09-01 01:54:00,0.7880000000000003,-15.45800000000001,12.017,1,1,flapping,7
R03-ZA,2026-09-01 01:56:00,-0.2349999999999958,-15.445000000000016,11.334,1,1,flapping,7
R03-ZA,2026-09-01 01:58:00,0.023000000000005,-13.975000000000009,12.201,1,1,flapping,7
R03-ZA,2026-09-01 02:00:00,1.4569999999999972,-14.486500000000008,12.828,1,1,flapping,7
R03-ZA,2026-09-01 02:02:00,1.0940000000000047,-14.320000000000007,12.484,1,1,flapping,7
R03-ZA,2026-09-01 02:04:00,1.836999999999998,-13.311000000000009,13.242,1,1,flapping,7
R03-ZA,2026-09-01 02:06:00,1.3404999999999987,-13.88800000000001,12.995,1,1,flapping,7
R03-ZA,2026-09-01 02:08:00,2.074999999999994,-0.9670000000000076,19.305,0,0,flapping,7
R03-ZA,2026-09-01 02:10:00,0.7299999999999986,-0.7700000000000085,19.754,0,0,flapping,7
R03-ZA,2026-09-01 02:12:00,1.068000000000005,-13.82100000000001,13.353,1,1,flapping,7
R03-ZA,2026-09-01 02:14:00,0.7289999999999992,0.1109999999999935,19.623,0,0,flapping,7
R03-ZA,2026-09-01 02:16:00,0.3769999999999935,-13.557000000000006,12.983,1,1,flapping,7
R03-ZA,2026-09-01 02:18:00,1.4380000000000006,-0.6600000000000126,19.54,0,0,flapping,7
R03-ZA,2026-09-01 02:20:00,0.1120000000000001,-0.297000000000013,19.79,0,0,flapping,7
R03-ZA,2026-09-01 02:22:00,0.7910000000000004,-13.6635,12.673,1,1,flapping,7
R03-ZA,2026-09-01 02:24:00,0.8799999999999937,-1.2900000000000045,19.457,0,0,flapping,7
R03-ZA,2026-09-01 02:26:00,0.0249999999999985,-13.746500000000006,12.312,1,1,flapping,7
R03-ZA,2026-09-01 02:28:00,1.809000000000001,-15.39300000000001,12.779,1,1,flapping,7
R03-ZA,2026-09-01 02:30:00,1.186,0.0389999999999943,18.717,0,0,flapping,7
R03-ZA,2026-09-01 02:32:00,1.9979999999999996,-15.291000000000006,12.388,1,1,flapping,7
R03-ZA,2026-09-01 02:34:00,1.2020000000000035,-14.774,12.432,1,1,flapping,7
R03-ZA,2026-09-01 02:36:00,0.7749999999999932,-1.0330000000000048,19.891,0,0,flapping,7
R03-ZA,2026-09-01 02:38:00,0.6919999999999984,-12.021000000000008,13.047,1,1,flapping,7
R03-ZA,2026-09-01 02:40:00,1.5845000000000038,-0.3340000000000103,19.275,0,0,none,-1
R03-ZA,2026-09-01 02:42:00,1.294499999999994,-1.2150000000000103,19.674,0,0,none,-1
R03-ZA,2026-09-01 02:44:00,0.0909999999999975,-1.0180000000000042,20.317,0,0,none,-1
R03-ZA,2026-09-01 02:46:00,1.2920000000000034,-1.0250000000000128,19.698,0,0,none,-1
R03-ZA,2026-09-01 02:48:00,1.7190000000000047,-1.3100000000000094,19.726,0,0,none,-1
R03-ZA,2026-09-01 02:50:00,0.8079999999999927,-1.572500000000009,20.253,0,0,none,-1
R03-ZA,2026-09-01 02:52:00,1.3020000000000014,0.9119999999999956,19.226,0,0,none,-1
R03-ZA,2026-09-01 02:54:00,0.1179999999999985,-1.4140000000000068,20.199,0,0,none,-1
R03-ZA,2026-09-01 02:56:00,1.0459999999999994,-1.635000000000007,20.233,0,0,none,-1
R03-ZA,2026-09-01 02:58:00,1.2500000000000036,-0.160000000000009,19.573,0,0,none,-1
R03-ZA,2026-09-01 03:00:00,1.7039999999999882,-2.036500000000005,20.227,0,0,none,-1
R03-ZA,2026-09-01 03:02:00,1.0554999999999986,-1.398000000000005,20.084,0,0,none,-1
R03-ZA,2026-09-01 03:04:00,1.3829999999999938,-1.552500000000009,20.055,0,0,none,-1
R03-ZA,2026-09-01 03:06:00,0.1464999999999978,-1.9550000000000125,20.251,0,0,none,-1
R03-ZA,2026-09-01 03:08:00,0.4480000000000057,-0.8940000000000019,20.238,0,0,none,-1
R03-ZA,2026-09-01 03:10:00,0.7089999999999996,-1.909000000000006,20.297,0,0,none,-1
R03-ZA,2026-09-01 03:12:00,0.4040000000000017,-0.3925000000000089,20.222,0,0,none,-1
R03-ZA,2026-09-01 03:14:00,1.125999999999996,-0.8720000000000123,19.934,0,0,none,-1
R03-ZA,2026-09-01 03:16:00,1.2730000000000017,0.1859999999999946,19.327,0,0,none,-1
R03-ZA,2026-09-01 03:18:00,1.008000000000001,-1.1875000000000089,19.878,0,0,none,-1
R03-ZA,2026-09-01 03:20:00,0.8669999999999973,-1.5210000000000026,19.748,0,0,none,-1
R03-ZA,2026-09-01 03:22:00,1.0810000000000013,-2.2970000000000117,20.111,0,0,none,-1
R03-ZA,2026-09-01 03:24:00,0.8180000000000014,0.1149999999999984,19.916,0,0,none,-1
R03-ZA,2026-09-01 03:26:00,0.4929999999999968,-1.7820000000000071,20.22,0,0,none,-1
R03-ZA,2026-09-01 03:28:00,0.5229999999999961,-0.3085000000000057,20.049,0,0,none,-1
R03-ZA,2026-09-01 03:30:00,0.6959999999999997,-1.471000000000009,19.82,0,0,none,-1
R03-ZA,2026-09-01 03:32:00,1.928999999999988,-1.5120000000000022,19.893,0,0,none,-1
R03-ZA,2026-09-01 03:34:00,1.9040000000000017,-0.6220000000000052,19.295,0,0,none,-1
R03-ZA,2026-09-01 03:36:00,-0.0609999999999963,0.4559999999999977,19.623,0,0,none,-1
R03-ZA,2026-09-01 03:38:00,1.6259999999999977,-0.9320000000000022,19.989,0,0,none,-1
R03-ZA,2026-09-01 03:40:00,1.163999999999998,0.0909999999999922,19.649,0,0,none,-1
R03-ZA,2026-09-01 03:42:00,-0.1780000000000008,-0.3710000000000093,19.893,0,0,none,-1
R03-ZA,2026-09-01 03:44:00,1.4480000000000004,-1.6050000000000129,19.803,0,0,none,-1
R03-ZA,2026-09-01 03:46:00,0.7460000000000022,-2.391000000000007,20.417,0,0,none,-1
R03-ZA,2026-09-01 03:48:00,1.509999999999998,-1.588500000000007,19.414,0,0,none,-1
R03-ZA,2026-09-01 03:50:00,1.201000000000004,0.1619999999999901,19.445,0,0,none,-1
R03-ZA,2026-09-01 03:52:00,0.1689999999999969,-1.471000000000009,19.843,0,0,none,-1
R03-ZA,2026-09-01 03:54:00,2.140000000000009,0.5534999999999961,18.631,0,0,none,-1
R03-ZA,2026-09-01 03:56:00,1.7300000000000022,-1.7230000000000043,19.967,0,0,fiber_degradation,17
R03-ZA,2026-09-01 03:58:00,1.1029999999999929,-2.806000000000008,20.155,0,0,fiber_degradation,17
R03-ZA,2026-09-01 04:00:00,2.0529999999999884,-5.039000000000003,19.459,0,0,fiber_degradation,17
R03-ZA,2026-09-01 04:02:00,1.3424999999999958,-8.554000000000006,19.346,0,1,fiber_degradation,17
R03-ZA,2026-09-01 04:04:00,1.766999999999996,-10.108000000000011,18.892,1,1,fiber_degradation,17
R03-ZA,2026-09-01 04:06:00,1.981999999999997,-13.505000000000008,18.309,1,1,fiber_degradation,17
R03-ZA,2026-09-01 04:08:00,2.11000000000001,-11.097000000000008,18.295,1,1,fiber_degradation,17
R03-ZA,2026-09-01 04:10:00,1.3079999999999998,-13.175000000000004,18.21,1,1,fiber_degradation,17
R03-ZA,2026-09-01 04:12:00,1.5410000000000004,-10.80400000000001,18.278,1,1,fiber_degradation,17
R03-ZA,2026-09-01 04:14:00,1.3489999999999949,-12.665000000000008,18.19,1,1,fiber_degradation,17
R03-ZA,2026-09-01 04:16:00,0.9050000000000028,-0.768000000000006,19.354,0,0,none,-1
R03-ZA,2026-09-01 04:18:00,1.2629999999999946,-0.3080000000000122,19.648,0,0,none,-1
R03-ZA,2026-09-01 04:20:00,0.6139999999999954,-2.092000000000008,20.342,0,0,none,-1
R03-ZA,2026-09-01 04:22:00,0.6709999999999923,-1.0890000000000055,19.453,0,0,none,-1
R03-ZA,2026-09-01 04:24:00,1.262999999999998,1.0919999999999916,18.755,0,0,none,-1
R03-ZA,2026-09-01 04:26:00,0.3220000000000009,0.4229999999999965,18.84,0,0,none,-1
R03-ZA,2026-09-01 04:28:00,1.151999999999994,0.794999999999991,19.529,0,0,none,-1
R03-ZA,2026-09-01 04:30:00,0.550999999999993,-2.2835000000000125,20.443,0,0,none,-1
R03-ZA,2026-09-01 04:32:00,1.3790000000000011,0.8389999999999898,19.017,0,0,none,-1
R03-ZA,2026-09-01 04:34:00,1.2289999999999974,-1.3110000000000015,19.735,0,0,none,-1
R03-ZA,2026-09-01 04:36:00,0.6834999999999987,-0.5380000000000127,19.975,0,0,none,-1
R03-ZA,2026-09-01 04:38:00,1.7799999999999994,-0.7150000000000087,18.847,0,0,none,-1
R03-ZA,2026-09-01 04:40:00,1.173,-0.942000000000009,19.455,0,0,none,-1
R03-ZA,2026-09-01 04:42:00,1.276999999999994,-0.7180000000000053,19.244,0,0,none,-1
R03-ZA,2026-09-01 04:44:00,1.1840000000000028,-0.960000000000008,19.572,0,0,none,-1
R03-ZA,2026-09-01 04:46:00,1.367999999999995,0.6044999999999909,18.722,0,0,none,-1
R03-ZA,2026-09-01 04:48:00,1.1000000000000032,0.3379999999999938,19.21,0,0,none,-1
R03-ZA,2026-09-01 04:50:00,0.3749999999999946,0.2269999999999967,19.517,0,0,none,-1
R03-ZA,2026-09-01 04:52:00,1.487000000000002,0.3414999999999946,19.37,0,0,none,-1
R03-ZA,2026-09-01 04:54:00,0.4110000000000049,-0.4900000000000037,19.806,0,0,none,-1
R03-ZA,2026-09-01 04:56:00,0.6789999999999985,-0.4070000000000089,19.656,0,0,none,-1
R03-ZA,2026-09-01 04:58:00,1.1139999999999954,0.4019999999999939,19.187,0,0,none,-1
R03-ZA,2026-09-01 05:00:00,1.849000000000004,-0.4370000000000047,19.29,0,0,none,-1
R03-ZA,2026-09-01 05:02:00,0.6350000000000069,-0.1400000000000076,18.633,0,0,none,-1
R03-ZA,2026-09-01 05:04:00,1.09,-0.5395000000000127,19.462,0,0,none,-1
R03-ZA,2026-09-01 05:06:00,0.4359999999999946,-0.8690000000000069,20.015,0,0,none,-1
R03-ZA,2026-09-01 05:08:00,0.9539999999999988,-0.3310000000000066,19.531,0,0,none,-1
R03-ZA,2026-09-01 05:10:00,1.846000000000004,0.704999999999993,18.367,0,0,none,-1
R03-ZA,2026-09-01 05:12:00,1.1299999999999972,0.5764999999999851,18.885,0,0,none,-1
R03-ZA,2026-09-01 05:14:00,1.1819999999999915,-0.311000000000007,19.375,0,0,none,-1
R03-ZA,2026-09-01 05:16:00,0.7761666666666578,-0.0315000000000065,19.678,0,0,none,-1
R03-ZA,2026-09-01 05:18:00,0.3703333333333347,0.2479999999999975,19.908,0,0,none,-1
R03-ZA,2026-09-01 05:20:00,1.143000000000006,-0.0845000000000002,19.634,0,0,none,-1
R03-ZA,2026-09-01 05:22:00,1.5709999999999995,-0.3590000000000071,19.283,0,0,none,-1
R03-ZA,2026-09-01 05:24:00,0.862999999999996,-0.6600000000000072,19.591,0,0,none,-1
R03-ZA,2026-09-01 05:26:00,1.4199999999999964,-1.7210000000000107,19.862,0,0,none,-1
R03-ZA,2026-09-01 05:28:00,1.517999999999999,0.4049999999999922,19.074,0,0,none,-1
R03-ZA,2026-09-01 05:30:00,0.6580000000000066,-0.8350000000000097,19.66,0,0,none,-1
R03-ZA,2026-09-01 05:32:00,1.425000000000006,0.4659999999999957,18.428,0,0,none,-1
R03-ZA,2026-09-01 05:34:00,1.938999999999993,0.136999999999988,18.789,0,0,none,-1
R03-ZA,2026-09-01 05:36:00,0.5379999999999985,-0.4410000000000114,19.611,0,0,none,-1
R03-ZA,2026-09-01 05:38:00,2.1229999999999998,0.7329999999999828,18.157,0,0,none,-1
R03-ZA,2026-09-01 05:40:00,0.7525000000000013,-0.991000000000014,20.031,0,0,none,-1
R03-ZA,2026-09-01 05:42:00,0.7300000000000022,-0.7310000000000034,20.156,0,0,none,-1
R03-ZA,2026-09-01 05:44:00,0.7899999999999938,0.8339999999999979,18.645,0,0,none,-1
R03-ZA,2026-09-01 05:46:00,0.7849999999999966,0.0639999999999929,19.45,0,0,none,-1
R03-ZA,2026-09-01 05:48:00,1.3450000000000006,-1.0790000000000113,19.926,0,0,none,-1
R03-ZA,2026-09-01 05:50:00,0.8709999999999969,0.0599999999999916,20.084,0,0,none,-1
R03-ZA,2026-09-01 05:52:00,0.5019999999999971,-41.536,-13.378,1,1,fiber_cut,10
R03-ZA,2026-09-01 05:54:00,1.1574999999999953,-41.229000000000006,-11.685,1,1,fiber_cut,10
R03-ZA,2026-09-01 05:56:00,0.9760000000000026,-40.055000000000014,-10.315,1,1,fiber_cut,10
R03-ZA,2026-09-01 05:58:00,0.5029999999999948,-38.96250000000002,-10.877,1,1,fiber_cut,10
R03-ZA,2026-09-01 06:00:00,0.6970000000000027,-39.75500000000001,-11.177,1,1,fiber_cut,10
R03-ZA,2026-09-01 06:02:00,0.8650000000000002,-38.767,-10.853,1,1,fiber_cut,10
R03-ZA,2026-09-01 06:04:00,1.4440000000000008,-40.01400000000001,-11.09,1,1,fiber_cut,10
R03-ZA,2026-09-01 06:06:00,0.4749999999999943,-40.10500000000002,-12.145,1,1,fiber_cut,10
R03-ZA,2026-09-01 06:08:00,0.9399999999999924,-40.32500000000002,-10.765,1,1,fiber_cut,10
R03-ZA,2026-09-01 06:10:00,1.1969999999999992,-39.172,-10.735,1,1,fiber_cut,10
R03-ZA,2026-09-01 06:12:00,1.5199999999999978,-41.31100000000001,-11.739,1,1,fiber_cut,10
R03-ZA,2026-09-01 06:14:00,1.8190000000000008,-39.028000000000006,-10.034,1,1,fiber_cut,10
R03-ZA,2026-09-01 06:16:00,2.285999999999998,-41.24500000000001,-11.392,1,1,fiber_cut,10
R03-ZA,2026-09-01 06:18:00,0.3279999999999994,-38.470000000000006,-10.404,1,1,fiber_cut,10
R03-ZA,2026-09-01 06:20:00,1.5669999999999948,-39.93200000000001,-10.779,1,1,fiber_cut,10
R03-ZA,2026-09-01 06:22:00,0.7199999999999989,-39.774,-11.192,1,1,fiber_cut,10
R03-ZA,2026-09-01 06:24:00,1.712999999999994,1.156999999999993,18.395,0,0,none,-1
R03-ZA,2026-09-01 06:26:00,1.0360000000000014,-0.3470000000000119,19.668,0,0,none,-1
R03-ZA,2026-09-01 06:28:00,1.112999999999996,0.0899999999999998,19.338,0,0,none,-1
R03-ZA,2026-09-01 06:30:00,0.7630000000000017,1.1209999999999951,19.02,0,0,none,-1
R03-ZA,2026-09-01 06:32:00,0.6429999999999954,-0.5820000000000078,19.821,0,0,none,-1
R03-ZA,2026-09-01 06:34:00,0.4144999999999985,0.3139999999999965,19.428,0,0,none,-1
R03-ZA,2026-09-01 06:36:00,0.2139999999999933,0.2229999999999918,19.103,0,0,none,-1
R03-ZA,2026-09-01 06:38:00,1.0909999999999958,-0.0130000000000034,18.877,0,0,none,-1
R03-ZA,2026-09-01 06:40:00,1.4150000000000027,-0.6770000000000103,19.562,0,0,none,-1
R03-ZA,2026-09-01 06:42:00,1.0489999999999997,-0.0430000000000063,19.617,0,0,none,-1
R03-ZA,2026-09-01 06:44:00,2.0450000000000053,0.0034999999999918,18.153,0,0,none,-1
R03-ZA,2026-09-01 06:46:00,0.3230000000000022,0.1709999999999851,19.53,0,0,none,-1
R03-ZA,2026-09-01 06:48:00,0.8339999999999961,0.7939999999999952,18.909,0,0,none,-1
R03-ZA,2026-09-01 06:50:00,1.1569999999999985,2.097999999999997,18.679,0,0,none,-1
R03-ZA,2026-09-01 06:52:00,0.6970000000000045,0.4029999999999898,19.778,0,0,none,-1
R03-ZA,2026-09-01 06:54:00,1.0879999999999992,0.1429999999999882,19.523,0,0,none,-1
R03-ZA,2026-09-01 06:56:00,0.3710000000000004,1.233999999999991,19.627,0,0,amplifier_degradation,7
R03-ZA,2026-09-01 06:58:00,0.4759999999999973,-0.1770000000000031,20.027,0,0,amplifier_degradation,7
R03-ZA,2026-09-01 07:00:00,0.1469999999999967,0.5979999999999901,19.81,0,0,amplifier_degradation,7
R03-ZA,2026-09-01 07:02:00,-0.7710000000000008,-0.2845000000000048,20.243,0,0,amplifier_degradation,7
R03-ZA,2026-09-01 07:04:00,-0.7939999999999969,1.135999999999994,20.118,0,0,amplifier_degradation,7
R03-ZA,2026-09-01 07:06:00,-1.505999999999995,0.3029999999999937,20.305,0,0,amplifier_degradation,7
R03-ZA,2026-09-01 07:08:00,-1.6290000000000069,1.212999999999994,20.181,0,0,amplifier_degradation,7
R03-ZA,2026-09-01 07:10:00,-0.8150000000000048,-0.2700000000000049,20.313,0,0,amplifier_degradation,7
R03-ZA,2026-09-01 07:12:00,-2.123999999999997,1.0559999999999956,20.271,0,0,amplifier_degradation,7
R03-ZA,2026-09-01 07:14:00,-4.2280000000000015,-1.809000000000012,19.483,0,0,amplifier_degradation,7
R03-ZA,2026-09-01 07:16:00,-3.351499999999998,0.4189999999999898,20.133,0,0,amplifier_degradation,7
R03-ZA,2026-09-01 07:18:00,-4.3100000000000005,-0.2165000000000052,19.83,0,0,amplifier_degradation,7
R03-ZA,2026-09-01 07:20:00,-4.054,0.7419999999999973,20.086,0,0,amplifier_degradation,7
R03-ZA,2026-09-01 07:22:00,-4.661499999999998,1.9479999999999915,19.555,0,0,amplifier_degradation,7
R03-ZA,2026-09-01 07:24:00,-5.678999999999999,1.7969999999999953,19.477,0,0,amplifier_degradation,7
R03-ZA,2026-09-01 07:26:00,-5.2499999999999964,2.017999999999999,19.628,0,0,amplifier_degradation,7
R03-ZA,2026-09-01 07:28:00,-4.234000000000005,-1.2900000000000027,19.22,0,0,amplifier_degradation,7
R03-ZA,2026-09-01 07:30:00,-5.618,-0.3960000000000043,18.88,0,0,amplifier_degradation,7
R03-ZA,2026-09-01 07:32:00,-5.139000000000008,1.215999999999994,19.386,0,0,amplifier_degradation,7
R03-ZA,2026-09-01 07:34:00,-6.011000000000005,0.056999999999995,18.924,0,0,amplifier_degradation,7
R03-ZA,2026-09-01 07:36:00,-5.333000000000004,0.563999999999993,19.111,0,0,amplifier_degradation,7
R03-ZA,2026-09-01 07:38:00,-5.594999999999999,0.1864999999999881,18.627,0,0,amplifier_degradation,7
R03-ZA,2026-09-01 07:40:00,-5.980999999999996,0.8469999999999942,18.867,0,0,amplifier_degradation,7
R03-ZA,2026-09-01 07:42:00,-5.557000000000002,1.3119999999999958,19.365,0,0,amplifier_degradation,7
R03-ZA,2026-09-01 07:44:00,-5.998000000000001,0.7599999999999909,18.948,0,0,amplifier_degradation,7
R03-ZA,2026-09-01 07:46:00,0.2059999999999977,1.097999999999992,19.036,0,0,none,-1
R03-ZA,2026-09-01 07:48:00,0.6854999999999958,-0.4530000000000047,19.316,0,0,none,-1
R03-ZA,2026-09-01 07:50:00,1.0864999999999974,0.2299999999999915,18.755,0,0,none,-1
R03-ZA,2026-09-01 07:52:00,0.4049999999999958,0.5199999999999942,19.118,0,0,none,-1
R03-ZA,2026-09-01 07:54:00,1.0220000000000002,1.4189999999999898,18.605,0,0,none,-1
R03-ZA,2026-09-01 07:56:00,0.4990000000000023,-0.4900000000000037,19.282,0,0,none,-1
R03-ZA,2026-09-01 07:58:00,1.3959999999999957,0.2779999999999951,19.227,0,0,none,-1
R03-ZA,2026-09-01 08:00:00,1.0419999999999998,0.9329999999999892,18.58,0,0,none,-1
R03-ZA,2026-09-01 08:02:00,0.3960000000000025,0.5700000000000003,19.582,0,0,none,-1
R03-ZA,2026-09-01 08:04:00,-0.0809999999999977,0.0709999999999873,19.446,0,0,none,-1
R03-ZA,2026-09-01 08:06:00,0.5289999999999981,1.0459999999999976,18.813,0,0,none,-1
R03-ZA,2026-09-01 08:08:00,-0.0664999999999995,-1.674999999999999,20.388,0,0,none,-1
R03-ZA,2026-09-01 08:10:00,1.2049999999999963,0.7679999999999971,18.673,0,0,fiber_degradation,5
R03-ZA,2026-09-01 08:12:00,2.1789999999999967,1.422999999999993,18.207,0,0,fiber_degradation,5
R03-ZA,2026-09-01 08:14:00,1.392999999999999,0.321999999999992,19.339,0,0,fiber_degradation,5
R03-ZA,2026-09-01 08:16:00,1.1799999999999995,-0.8960000000000115,20.237,0,0,fiber_degradation,5
R03-ZA,2026-09-01 08:18:00,1.9409999999999967,-0.5845000000000002,18.546,0,0,fiber_degradation,5
R03-ZA,2026-09-01 08:20:00,1.1920000000000035,-0.6240000000000094,18.875,0,0,fiber_degradation,5
R03-ZA,2026-09-01 08:22:00,2.495999999999995,0.6149999999999896,19.078,0,0,fiber_degradation,5
R03-ZA,2026-09-01 08:24:00,2.4330000000000016,-1.2250000000000068,19.112,0,0,fiber_degradation,5
R03-ZA,2026-09-01 08:26:00,1.6440000000000072,-0.283000000000003,18.361,0,0,fiber_degradation,5
R03-ZA,2026-09-01 08:28:00,3.098999999999995,-0.0510000000000054,18.359,0,0,fiber_degradation,5
R03-ZA,2026-09-01 08:30:00,2.6590000000000025,0.4279999999999884,18.352,0,0,fiber_degradation,5
R03-ZA,2026-09-01 08:32:00,2.6469999999999985,-1.28300000000001,19.303,0,0,fiber_degradation,5
R03-ZA,2026-09-01 08:34:00,1.9749999999999943,-1.2160000000000082,19.219,0,0,fiber_degradation,5
R03-ZA,2026-09-01 08:36:00,2.4150000000000063,-1.9389999999999985,19.247,0,0,fiber_degradation,5
R03-ZA,2026-09-01 08:38:00,1.6100000000000012,-0.629000000000012,19.701,0,0,fiber_degradation,5
R03-ZA,2026-09-01 08:40:00,3.055999999999996,-0.8530000000000069,18.503,0,0,fiber_degradation,5
R03-ZA,2026-09-01 08:42:00,1.8654999999999955,-1.5360000000000138,19.084,0,0,fiber_degradation,5
R03-ZA,2026-09-01 08:44:00,2.6969999999999974,-1.4620000000000033,19.389,0,0,fiber_degradation,5
R03-ZA,2026-09-01 08:46:00,2.067,-0.7570000000000068,19.555,0,0,fiber_degradation,5
R03-ZA,2026-09-01 08:48:00,2.087999999999999,-1.083000000000009,18.83,0,0,fiber_degradation,5
R03-ZA,2026-09-01 08:50:00,1.5119999999999916,-0.2760000000000104,19.391,0,0,none,-1
R03-ZA,2026-09-01 08:52:00,1.156000000000006,1.5279999999999827,18.759,0,0,none,-1
R03-ZA,2026-09-01 08:54:00,0.9820000000000028,2.576999999999991,18.283,0,0,none,-1
R03-ZA,2026-09-01 08:56:00,2.1075,-0.5050000000000132,18.774,0,0,none,-1
R03-ZA,2026-09-01 08:58:00,1.071500000000002,0.9489999999999944,18.742,0,0,none,-1
R03-ZA,2026-09-01 09:00:00,0.8379999999999974,0.540999999999995,19.485,0,0,none,-1
R03-ZA,2026-09-01 09:02:00,0.7959999999999958,0.708999999999989,18.57,0,0,none,-1
R03-ZA,2026-09-01 09:04:00,0.889999999999997,1.5319999999999947,18.919,0,0,none,-1
R03-ZA,2026-09-01 09:06:00,1.258999999999995,0.6349999999999909,18.919,0,0,none,-1
R03-ZA,2026-09-01 09:08:00,0.6109999999999971,0.586999999999998,19.228,0,0,none,-1
R03-ZA,2026-09-01 09:10:00,0.8440000000000047,-1.0980000000000096,20.094,0,0,none,-1
R03-ZA,2026-09-01 09:12:00,1.653500000000001,0.1339999999999914,19.225,0,0,none,-1
R03-ZA,2026-09-01 09:14:00,1.086500000000001,0.4729999999999901,18.741,0,0,none,-1
R03-ZA,2026-09-01 09:16:00,1.924000000000003,-0.2750000000000092,18.393,0,0,none,-1
R03-ZA,2026-09-01 09:18:00,0.8819999999999961,0.774999999999995,19.59,0,0,none,-1
R03-ZA,2026-09-01 09:20:00,1.5869999999999944,0.9484999999999904,18.75,0,0,none,-1
R03-ZA,2026-09-01 09:22:00,0.9539999999999972,0.7619999999999933,18.832,0,0,none,-1
R03-ZA,2026-09-01 09:24:00,2.2940000000000023,1.2799999999999925,18.704,0,0,none,-1
R03-ZA,2026-09-01 09:26:00,0.163999999999989,0.8889999999999993,19.922,0,0,none,-1
R03-ZA,2026-09-01 09:28:00,1.5560000000000027,0.2439999999999926,18.319,0,0,none,-1
R03-ZA,2026-09-01 09:30:00,0.3819999999999997,-0.694500000000005,20.189,0,0,none,-1
R03-ZA,2026-09-01 09:32:00,0.1460000000000025,1.0894999999999977,19.254,0,0,none,-1
R03-ZA,2026-09-01 09:34:00,1.8510000000000009,0.5819999999999865,18.446,0,0,none,-1
R03-ZA,2026-09-01 09:36:00,0.4899999999999984,0.8199999999999861,19.587,0,0,none,-1
R03-ZA,2026-09-01 09:38:00,1.1939999999999973,0.6089999999999911,18.437,0,0,none,-1
R03-ZA,2026-09-01 09:40:00,1.093,0.5889999999999915,19.35,0,0,none,-1
R03-ZA,2026-09-01 09:42:00,0.5180000000000042,0.5339999999999954,19.645,0,0,none,-1
R03-ZA,2026-09-01 09:44:00,0.1164999999999985,1.5499999999999954,18.753,0,0,none,-1
R03-ZA,2026-09-01 09:46:00,1.019999999999989,-0.7510000000000101,19.66,0,0,none,-1
R03-ZA,2026-09-01 09:48:00,0.697000000000001,-0.8350000000000115,19.0,0,0,none,-1
R03-ZA,2026-09-01 09:50:00,1.2764999999999933,0.0559999999999938,18.769,0,0,none,-1
R03-ZA,2026-09-01 09:52:00,1.4419999999999966,0.9819999999999958,18.624,0,0,none,-1
R03-ZA,2026-09-01 09:54:00,0.8679999999999986,1.3069999999999968,18.756,0,0,none,-1
R03-ZA,2026-09-01 09:56:00,0.6289999999999978,0.1370000000000004,19.216,0,0,none,-1
R03-ZA,2026-09-01 09:58:00,-0.2370000000000001,0.8389999999999933,19.399,0,0,none,-1
R04-AZ,2026-09-01 00:00:00,-0.2820000000000089,-1.4380000000000024,20.519,0,0,none,-1
R04-AZ,2026-09-01 00:02:00,0.2959999999999958,-1.5199999999999942,20.513,0,0,none,-1
R04-AZ,2026-09-01 00:04:00,-0.2925000000000022,-1.227000000000002,20.396,0,0,none,-1
R04-AZ,2026-09-01 00:06:00,-0.4480000000000075,-1.8549999999999969,20.379,0,0,none,-1
R04-AZ,2026-09-01 00:08:00,-1.0685000000000129,-1.2784999999999975,20.536,0,0,none,-1
R04-AZ,2026-09-01 00:10:00,-1.1960000000000068,-1.1914999999999925,20.502,0,0,none,-1
R04-AZ,2026-09-01 00:12:00,-1.1940000000000008,-1.3859999999999992,20.367,0,0,none,-1
R04-AZ,2026-09-01 00:14:00,-0.8000000000000043,-1.9950000000000043,20.447,0,0,none,-1
R04-AZ,2026-09-01 00:16:00,-0.1370000000000004,-1.8510000000000009,20.435,0,0,none,-1
R04-AZ,2026-09-01 00:18:00,-0.6470000000000109,-1.5610000000000015,20.265,0,0,none,-1
R04-AZ,2026-09-01 00:20:00,-1.5060000000000002,-1.9970000000000088,20.104,0,0,none,-1
R04-AZ,2026-09-01 00:22:00,-1.4620000000000155,-0.5549999999999997,20.342,0,0,none,-1
R04-AZ,2026-09-01 00:24:00,-1.7260000000000095,-0.8790000000000067,20.354,0,0,none,-1
R04-AZ,2026-09-01 00:26:00,-0.799000000000003,-2.092000000000006,20.231,0,0,none,-1
R04-AZ,2026-09-01 00:28:00,-0.6470000000000073,-0.7630000000000035,20.712,0,0,none,-1
R04-AZ,2026-09-01 00:30:00,-0.9030000000000022,-0.7719999999999985,20.259,0,0,none,-1
R04-AZ,2026-09-01 00:32:00,-0.5190000000000055,-2.388999999999994,20.254,0,0,none,-1
R04-AZ,2026-09-01 00:34:00,-0.0350000000000108,-0.9599999999999992,20.544,0,0,none,-1
R04-AZ,2026-09-01 00:36:00,-0.7750000000000057,-0.496000000000004,20.703,0,0,none,-1
R04-AZ,2026-09-01 00:38:00,-0.9960000000000075,-0.1185000000000009,20.476,0,0,none,-1
R04-AZ,2026-09-01 00:40:00,-0.8220000000000098,-1.1860000000000015,20.308,0,0,none,-1
R04-AZ,2026-09-01 00:42:00,-0.8425000000000029,-1.8449999999999989,20.435,0,0,none,-1
R04-AZ,2026-09-01 00:44:00,-0.2770000000000063,-0.8610000000000024,20.453,0,0,none,-1
R04-AZ,2026-09-01 00:46:00,-1.144000000000002,-0.0369999999999954,20.53,0,0,none,-1
R04-AZ,2026-09-01 00:48:00,-0.6230000000000064,-0.7459999999999969,20.607,0,0,none,-1
R04-AZ,2026-09-01 00:50:00,-1.363500000000009,-0.2985000000000024,20.363,0,0,none,-1
R04-AZ,2026-09-01 00:52:00,0.1379999999999945,0.2019999999999999,20.615,0,0,fiber_degradation,17
R04-AZ,2026-09-01 00:54:00,-0.1400000000000059,-1.1519999999999977,20.556,0,0,fiber_degradation,17
R04-AZ,2026-09-01 00:56:00,-0.6809999999999974,-3.3845000000000063,20.183,0,0,fiber_degradation,17
R04-AZ,2026-09-01 00:58:00,-1.4950000000000063,-3.5400000000000045,20.07,0,0,fiber_degradation,17
R04-AZ,2026-09-01 01:00:00,-0.545000000000007,-3.676999999999989,20.003,0,0,fiber_degradation,17
R04-AZ,2026-09-01 01:02:00,-0.9970000000000088,-4.019666666666669,19.955,0,0,fiber_degradation,17
R04-AZ,2026-09-01 01:04:00,-0.8255000000000159,-4.259333333333334,19.843,0,0,fiber_degradation,17
R04-AZ,2026-09-01 01:06:00,-0.4790000000000081,-2.5799999999999983,20.277,0,0,fiber_degradation,17
R04-AZ,2026-09-01 01:08:00,-1.1260000000000048,-4.791,19.921,0,0,fiber_degradation,17
R04-AZ,2026-09-01 01:10:00,-0.8290000000000131,-5.430999999999999,19.895,0,0,fiber_degradation,17
R04-AZ,2026-09-01 01:12:00,-0.5190000000000126,-4.891000000000005,20.149,0,0,fiber_degradation,17
R04-AZ,2026-09-01 01:14:00,-0.5910000000000064,-4.324000000000007,19.88,0,0,fiber_degradation,17
R04-AZ,2026-09-01 01:16:00,-0.8165000000000031,-5.6935,19.776,0,0,fiber_degradation,17
R04-AZ,2026-09-01 01:18:00,-0.3520000000000056,-6.015999999999998,19.587,0,0,fiber_degradation,17
R04-AZ,2026-09-01 01:20:00,-0.8370000000000015,-6.342499999999999,18.728,1,1,fiber_degradation,17
R04-AZ,2026-09-01 01:22:00,-0.3485000000000031,-5.308,19.747,0,0,fiber_degradation,17
R04-AZ,2026-09-01 01:24:00,-0.0685000000000091,-5.645,19.565,0,0,fiber_degradation,17
R04-AZ,2026-09-01 01:26:00,-0.815000000000003,-6.502999999999997,19.326,0,1,fiber_degradation,17
R04-AZ,2026-09-01 01:28:00,-0.6230000000000047,-5.589999999999996,19.725,0,0,fiber_degradation,17
R04-AZ,2026-09-01 01:30:00,-0.3770000000000024,-6.231,19.472,0,0,fiber_degradation,17
R04-AZ,2026-09-01 01:32:00,-0.5390000000000121,-0.6989999999999981,20.463,0,0,none,-1
R04-AZ,2026-09-01 01:34:00,-0.460500000000005,-1.138000000000007,20.62,0,0,none,-1
R04-AZ,2026-09-01 01:36:00,-0.6010000000000062,-0.933999999999994,20.351,0,0,none,-1
R04-AZ,2026-09-01 01:38:00,-0.6900000000000048,-1.878,20.335,0,0,none,-1
R04-AZ,2026-09-01 01:40:00,-0.7070000000000078,-2.2680000000000007,20.47,0,0,none,-1
R04-AZ,2026-09-01 01:42:00,-0.7010000000000058,-0.5180000000000025,20.653,0,0,none,-1
R04-AZ,2026-09-01 01:44:00,-1.2720000000000038,-0.930500000000002,20.655,0,0,none,-1
R04-AZ,2026-09-01 01:46:00,-0.2710000000000025,-0.0239999999999991,20.617,0,0,none,-1
R04-AZ,2026-09-01 01:48:00,0.1044999999999891,-2.135999999999996,20.389,0,0,none,-1
R04-AZ,2026-09-01 01:50:00,-0.7640000000000029,-0.018000000000006,20.617,0,0,none,-1
R04-AZ,2026-09-01 01:52:00,-0.4660000000000011,-0.7710000000000026,20.494,0,0,none,-1
R04-AZ,2026-09-01 01:54:00,-0.0580000000000069,-0.677999999999999,20.661,0,0,none,-1
R04-AZ,2026-09-01 01:56:00,-0.4020000000000046,-1.6190000000000015,20.731,0,0,none,-1
R04-AZ,2026-09-01 01:58:00,-0.2880000000000056,-3.121000000000004,20.269,0,0,fiber_degradation,14
R04-AZ,2026-09-01 02:00:00,-0.0940000000000083,-2.877999999999995,20.433,0,0,fiber_degradation,14
R04-AZ,2026-09-01 02:02:00,-0.8630000000000049,-1.3820000000000032,20.545,0,0,fiber_degradation,14
R04-AZ,2026-09-01 02:04:00,-0.3240000000000105,-1.583999999999998,20.626,0,0,fiber_degradation,14
R04-AZ,2026-09-01 02:06:00,0.2239999999999948,-0.974000000000002,20.637,0,0,fiber_degradation,14
R04-AZ,2026-09-01 02:08:00,-0.4175000000000057,-3.4124999999999925,20.108,0,0,fiber_degradation,14
R04-AZ,2026-09-01 02:10:00,-0.7030000000000065,-0.0200000000000013,20.491,0,0,fiber_degradation,14
R04-AZ,2026-09-01 02:12:00,-0.2850000000000037,-2.373000000000003,20.253,0,0,fiber_degradation,14
R04-AZ,2026-09-01 02:14:00,-0.2330000000000023,-0.7299999999999951,20.501,0,0,fiber_degradation,14
R04-AZ,2026-09-01 02:16:00,-0.8500000000000032,-1.901999999999994,20.323,0,0,fiber_degradation,14
R04-AZ,2026-09-01 02:18:00,-1.3070000000000075,-1.7200000000000024,20.441,0,0,fiber_degradation,14
R04-AZ,2026-09-01 02:20:00,-0.732999999999997,-1.4850000000000012,20.295,0,0,fiber_degradation,14
R04-AZ,2026-09-01 02:22:00,-0.6640000000000033,-1.836000000000004,20.362,0,0,fiber_degradation,14
R04-AZ,2026-09-01 02:24:00,0.1319999999999979,-2.4560000000000013,20.515,0,0,fiber_degradation,14
R04-AZ,2026-09-01 02:26:00,-0.7140000000000004,-2.4130000000000003,19.933,0,0,fiber_degradation,14
R04-AZ,2026-09-01 02:28:00,-0.5000000000000018,-2.650999999999998,20.027,0,0,fiber_degradation,14
R04-AZ,2026-09-01 02:30:00,-0.6850000000000112,-1.6600000000000072,20.214,0,0,fiber_degradation,14
R04-AZ,2026-09-01 02:32:00,0.231999999999994,-1.2170000000000003,20.37,0,0,fiber_degradation,14
R04-AZ,2026-09-01 02:34:00,-1.1065000000000058,-3.4125,19.876,0,0,fiber_degradation,14
R04-AZ,2026-09-01 02:36:00,-1.1350000000000031,-2.6880000000000024,19.529,0,0,fiber_degradation,14
R04-AZ,2026-09-01 02:38:00,-1.3060000000000027,-2.0230000000000032,19.952,0,0,fiber_degradation,14
R04-AZ,2026-09-01 02:40:00,-0.3879999999999999,-3.1800000000000037,19.953,0,0,fiber_degradation,14
R04-AZ,2026-09-01 02:42:00,-0.720000000000006,-2.485000000000003,20.33,0,0,fiber_degradation,14
R04-AZ,2026-09-01 02:44:00,-0.8699999999999992,-2.127000000000004,20.177,0,0,fiber_degradation,14
R04-AZ,2026-09-01 02:46:00,-0.6800000000000015,-2.145999999999997,20.304,0,0,fiber_degradation,14
R04-AZ,2026-09-01 02:48:00,-0.5669999999999984,-2.196000000000001,20.219,0,0,fiber_degradation,14
R04-AZ,2026-09-01 02:50:00,-0.8870000000000093,-2.9500000000000046,20.23,0,0,fiber_degradation,14
R04-AZ,2026-09-01 02:52:00,-0.935000000000004,-2.612000000000004,20.108,0,0,fiber_degradation,14
R04-AZ,2026-09-01 02:54:00,-0.7139999999999969,-1.870000000000001,20.175,0,0,fiber_degradation,14
R04-AZ,2026-09-01 02:56:00,-0.9920000000000062,-1.4019999999999977,20.352,0,0,fiber_degradation,14
R04-AZ,2026-09-01 02:58:00,-1.733000000000006,-2.1600000000000072,19.972,0,0,fiber_degradation,14
R04-AZ,2026-09-01 03:00:00,-0.5510000000000073,-3.1560000000000024,20.281,0,0,fiber_degradation,14
R04-AZ,2026-09-01 03:02:00,-0.7080000000000002,-3.968999999999996,19.714,0,0,fiber_degradation,14
R04-AZ,2026-09-01 03:04:00,-0.2980000000000036,-2.195000000000004,20.373,0,0,fiber_degradation,14
R04-AZ,2026-09-01 03:06:00,-0.1500000000000039,-3.967999999999998,19.898,0,0,fiber_degradation,14
R04-AZ,2026-09-01 03:08:00,-0.3830000000000044,-1.2470000000000017,20.43,0,0,fiber_degradation,14
R04-AZ,2026-09-01 03:10:00,0.1784999999999943,-1.4460000000000033,20.447,0,0,fiber_degradation,14
R04-AZ,2026-09-01 03:12:00,-0.1965000000000074,-1.263,20.463,0,0,fiber_degradation,14
R04-AZ,2026-09-01 03:14:00,-0.795000000000007,0.8305000000000025,20.681,0,0,none,-1
R04-AZ,2026-09-01 03:16:00,-1.0445000000000064,0.2919999999999998,20.48,0,0,none,-1
R04-AZ,2026-09-01 03:18:00,-1.5110000000000063,-0.3859999999999957,20.593,0,0,none,-1
R04-AZ,2026-09-01 03:20:00,-1.9060000000000024,-0.3440000000000029,20.464,0,0,none,-1
R04-AZ,2026-09-01 03:22:00,-0.7510000000000012,1.2889999999999997,20.566,0,0,none,-1
R04-AZ,2026-09-01 03:24:00,-0.1440000000000001,0.3760000000000048,20.693,0,0,none,-1
R04-AZ,2026-09-01 03:26:00,0.0099999999999962,0.5010000000000012,20.516,0,0,none,-1
R04-AZ,2026-09-01 03:28:00,-0.6519999999999992,-1.5010000000000012,20.423,0,0,none,-1
R04-AZ,2026-09-01 03:30:00,-0.5530000000000097,-0.6540000000000017,20.51,0,0,none,-1
R04-AZ,2026-09-01 03:32:00,-1.1190000000000089,0.6835000000000022,20.671,0,0,none,-1
R04-AZ,2026-09-01 03:34:00,-1.1120000000000037,0.8850000000000033,20.659,0,0,none,-1
R04-AZ,2026-09-01 03:36:00,-0.4810000000000016,-0.6234999999999999,20.677,0,0,none,-1
R04-AZ,2026-09-01 03:38:00,-0.3905000000000083,0.3059999999999974,20.693,0,0,none,-1
R04-AZ,2026-09-01 03:40:00,-0.5480000000000071,-1.5590000000000046,20.642,0,0,none,-1
R04-AZ,2026-09-01 03:42:00,-0.920000000000007,0.2289999999999992,20.609,0,0,none,-1
R04-AZ,2026-09-01 03:44:00,-0.6044999999999945,1.1339999999999968,20.621,0,0,none,-1
R04-AZ,2026-09-01 03:46:00,-0.5600000000000094,0.8109999999999982,20.662,0,0,none,-1
R04-AZ,2026-09-01 03:48:00,-0.648000000000005,0.502500000000003,20.669,0,0,none,-1
R04-AZ,2026-09-01 03:50:00,0.3289999999999953,0.4504999999999999,20.276,0,0,none,-1
R04-AZ,2026-09-01 03:52:00,-1.0330000000000084,0.6545000000000023,20.607,0,0,none,-1
R04-AZ,2026-09-01 03:54:00,-0.4240000000000066,0.0329999999999994,20.655,0,0,none,-1
R04-AZ,2026-09-01 03:56:00,-0.987000000000002,-0.4529999999999976,20.637,0,0,none,-1
R04-AZ,2026-09-01 03:58:00,-1.5840000000000014,-0.3789999999999995,20.512,0,0,none,-1
R04-AZ,2026-09-01 04:00:00,-0.3804999999999978,0.9695000000000018,20.531,0,0,none,-1
R04-AZ,2026-09-01 04:02:00,-2.093000000000007,1.4169999999999998,20.678,0,0,none,-1
R04-AZ,2026-09-01 04:04:00,-0.4760000000000097,1.8639999999999968,20.598,0,0,none,-1
R04-AZ,2026-09-01 04:06:00,-0.8840000000000003,2.501999999999999,20.443,0,0,none,-1
R04-AZ,2026-09-01 04:08:00,-1.0265000000000075,0.7370000000000037,20.631,0,0,none,-1
R04-AZ,2026-09-01 04:10:00,-0.3130000000000041,0.4164999999999974,20.601,0,0,none,-1
R04-AZ,2026-09-01 04:12:00,-1.512000000000013,1.7949999999999964,20.311,0,0,none,-1
R04-AZ,2026-09-01 04:14:00,-0.4159999999999986,2.298499999999999,20.546,0,0,none,-1
R04-AZ,2026-09-01 04:16:00,-0.2950000000000035,1.6395000000000035,20.424,0,0,none,-1
R04-AZ,2026-09-01 04:18:00,-1.1940000000000044,0.5469999999999988,20.657,0,0,none,-1
R04-AZ,2026-09-01 04:20:00,0.2499999999999982,1.5799999999999983,20.637,0,0,none,-1
R04-AZ,2026-09-01 04:22:00,-0.2300000000000004,1.2184999999999953,20.64,0,0,none,-1
R04-AZ,2026-09-01 04:24:00,-1.738000000000003,0.3539999999999956,20.598,0,0,none,-1
R04-AZ,2026-09-01 04:26:00,0.0359999999999924,1.466000000000001,20.554,0,0,none,-1
R04-AZ,2026-09-01 04:28:00,-0.6890000000000107,0.4499999999999993,20.705,0,0,none,-1
R04-AZ,2026-09-01 04:30:00,0.2649999999999917,1.8790000000000011,20.163,0,0,none,-1
R04-AZ,2026-09-01 04:32:00,-0.0200000000000084,0.769000000000009,20.678,0,0,none,-1
R04-AZ,2026-09-01 04:34:00,-1.2210000000000036,0.8339999999999996,20.762,0,0,none,-1
R04-AZ,2026-09-01 04:36:00,-0.0259999999999998,1.279,20.522,0,0,none,-1
R04-AZ,2026-09-01 04:38:00,-0.622000000000007,1.7420000000000029,20.668,0,0,fiber_degradation,5
R04-AZ,2026-09-01 04:40:00,-0.583000000000002,-0.0180000000000006,20.682,0,0,fiber_degradation,5
R04-AZ,2026-09-01 04:42:00,-0.3830000000000062,-1.2120000000000033,20.543,0,0,fiber_degradation,5
R04-AZ,2026-09-01 04:44:00,-0.700999999999997,-0.8500000000000032,20.658,0,0,fiber_degradation,5
R04-AZ,2026-09-01 04:46:00,-0.3185000000000038,0.5059999999999985,20.707,0,0,fiber_degradation,5
R04-AZ,2026-09-01 04:48:00,-0.7640000000000136,0.1359999999999974,20.672,0,0,fiber_degradation,5
R04-AZ,2026-09-01 04:50:00,-1.2569999999999997,-0.9669999999999952,20.016,0,0,fiber_degradation,5
R04-AZ,2026-09-01 04:52:00,-0.6670000000000051,-0.507000000000005,20.588,0,0,fiber_degradation,5
R04-AZ,2026-09-01 04:54:00,-1.4790000000000043,-2.891999999999996,19.633,0,0,fiber_degradation,5
R04-AZ,2026-09-01 04:56:00,0.4279999999999937,-2.1009999999999973,20.224,0,0,fiber_degradation,5
R04-AZ,2026-09-01 04:58:00,-0.4760000000000062,-1.3849999999999998,20.344,0,0,fiber_degradation,5
R04-AZ,2026-09-01 05:00:00,-0.3200000000000038,-2.657,20.003,0,0,fiber_degradation,5
R04-AZ,2026-09-01 05:02:00,-0.0490000000000065,-2.086000000000004,20.282,0,0,fiber_degradation,5
R04-AZ,2026-09-01 05:04:00,-0.3960000000000114,-1.2120000000000033,20.351,0,0,fiber_degradation,5
R04-AZ,2026-09-01 05:06:00,-1.0870000000000122,-2.336999999999996,19.586,0,0,fiber_degradation,5
R04-AZ,2026-09-01 05:08:00,-1.2350000000000083,-2.4114999999999984,19.515,0,0,fiber_degradation,5
R04-AZ,2026-09-01 05:10:00,-0.9425000000000044,-2.2645000000000017,19.926,0,0,fiber_degradation,5
R04-AZ,2026-09-01 05:12:00,-1.4730000000000023,-2.0700000000000003,19.616,0,0,fiber_degradation,5
R04-AZ,2026-09-01 05:14:00,-1.1740000000000084,-2.539,19.591,0,0,fiber_degradation,5
R04-AZ,2026-09-01 05:16:00,-1.323500000000001,-3.386500000000005,19.201,0,0,fiber_degradation,5
R04-AZ,2026-09-01 05:18:00,0.2619999999999969,-2.8030000000000044,19.502,0,0,fiber_degradation,5
R04-AZ,2026-09-01 05:20:00,-0.3050000000000032,-2.7940000000000005,19.69,0,0,fiber_degradation,5
R04-AZ,2026-09-01 05:22:00,-0.5160000000000071,-3.817999999999998,18.852,0,0,fiber_degradation,5
R04-AZ,2026-09-01 05:24:00,-0.3250000000000099,-4.833999999999994,19.152,0,0,fiber_degradation,5
R04-AZ,2026-09-01 05:26:00,0.0069999999999961,-2.5799999999999983,19.507,0,0,fiber_degradation,5
R04-AZ,2026-09-01 05:28:00,-1.2880000000000038,-0.7129999999999974,20.579,0,0,none,-1
R04-AZ,2026-09-01 05:30:00,-0.2600000000000051,0.9279999999999956,20.506,0,0,none,-1
R04-AZ,2026-09-01 05:32:00,-0.8800000000000008,0.3349999999999955,20.698,0,0,none,-1
R04-AZ,2026-09-01 05:34:00,-0.6675000000000022,0.8480000000000079,20.608,0,0,none,-1
R04-AZ,2026-09-01 05:36:00,-1.40800000000001,-0.4764999999999979,20.626,0,0,none,-1
R04-AZ,2026-09-01 05:38:00,0.1189999999999944,-1.0860000000000056,20.688,0,0,none,-1
R04-AZ,2026-09-01 05:40:00,0.2569999999999961,-1.0190000000000037,20.588,0,0,none,-1
R04-AZ,2026-09-01 05:42:00,-0.51400000000001,-0.2020000000000035,20.6,0,0,none,-1
R04-AZ,2026-09-01 05:44:00,-0.8070000000000022,0.2840000000000025,20.685,0,0,none,-1
R04-AZ,2026-09-01 05:46:00,-0.8010000000000108,-0.1699999999999928,20.62,0,0,none,-1
R04-AZ,2026-09-01 05:48:00,-0.0100000000000015,-0.8789999999999996,20.658,0,0,none,-1
R04-AZ,2026-09-01 05:50:00,-6.511000000000012,-0.5539999999999985,19.784,0,1,amplifier_degradation,16
R04-AZ,2026-09-01 05:52:00,-7.19000000000001,-1.3649999999999984,19.186,0,1,amplifier_degradation,16
R04-AZ,2026-09-01 05:54:00,-5.716999999999997,0.3060000000000009,20.017,0,0,amplifier_degradation,16
R04-AZ,2026-09-01 05:56:00,-6.246000000000006,-0.2800000000000064,19.712,0,1,amplifier_degradation,16
R04-AZ,2026-09-01 05:58:00,-6.005000000000003,-0.0630000000000023,19.804,0,0,amplifier_degradation,16
R04-AZ,2026-09-01 06:00:00,-6.259000000000009,-1.317000000000002,19.142,1,1,amplifier_degradation,16
R04-AZ,2026-09-01 06:02:00,-6.702000000000002,0.4100000000000001,19.764,0,0,amplifier_degradation,16
R04-AZ,2026-09-01 06:04:00,-5.654000000000005,0.2020000000000106,19.691,0,0,amplifier_degradation,16
R04-AZ,2026-09-01 06:06:00,-6.7120000000000015,0.7060000000000031,19.872,0,0,amplifier_degradation,16
R04-AZ,2026-09-01 06:08:00,-6.166,-0.8099999999999987,20.003,0,1,amplifier_degradation,16
R04-AZ,2026-09-01 06:10:00,-6.4140000000000015,-1.008000000000001,19.076,1,1,amplifier_degradation,16
R04-AZ,2026-09-01 06:12:00,-6.856000000000005,-0.0169999999999994,19.176,0,1,amplifier_degradation,16
R04-AZ,2026-09-01 06:14:00,-6.221999999999998,1.2765000000000004,19.627,0,0,amplifier_degradation,16
R04-AZ,2026-09-01 06:16:00,-6.452000000000011,0.7629999999999999,19.626,0,0,amplifier_degradation,16
R04-AZ,2026-09-01 06:18:00,-6.932000000000009,-0.2194999999999964,19.422,0,1,amplifier_degradation,16
R04-AZ,2026-09-01 06:20:00,-5.903000000000006,-0.9065000000000012,19.522,0,1,amplifier_degradation,16
R04-AZ,2026-09-01 06:22:00,-6.626999999999997,-1.000000000000005,18.93,1,1,amplifier_degradation,16
R04-AZ,2026-09-01 06:24:00,-6.943000000000007,0.0960000000000089,19.41,0,1,amplifier_degradation,16
R04-AZ,2026-09-01 06:26:00,-0.9395000000000148,-0.3170000000000073,20.599,0,0,none,-1
R04-AZ,2026-09-01 06:28:00,-1.342000000000004,0.2599999999999944,20.615,0,0,none,-1
R04-AZ,2026-09-01 06:30:00,-0.8530000000000033,0.5569999999999986,20.614,0,0,none,-1
R04-AZ,2026-09-01 06:32:00,-1.3705000000000052,-0.4840000000000053,20.323,0,0,none,-1
R04-AZ,2026-09-01 06:34:00,-1.2185000000000024,-0.425000000000006,20.665,0,0,none,-1
R04-AZ,2026-09-01 06:36:00,-0.0370000000000096,0.4819999999999975,20.61,0,0,none,-1
R04-AZ,2026-09-01 06:38:00,-0.3695000000000128,0.1674999999999968,20.659,0,0,fiber_degradation,2
R04-AZ,2026-09-01 06:40:00,-0.8380000000000027,-0.008999999999995,20.678,0,0,fiber_degradation,2
R04-AZ,2026-09-01 06:42:00,-0.7740000000000062,-0.0474999999999994,20.64,0,0,fiber_degradation,2
R04-AZ,2026-09-01 06:44:00,-0.2660000000000053,-0.3550000000000004,20.559,0,0,fiber_degradation,2
R04-AZ,2026-09-01 06:46:00,0.5079999999999956,-1.6360000000000046,20.625,0,0,fiber_degradation,2
R04-AZ,2026-09-01 06:48:00,-0.3350000000000026,-1.85,20.617,0,0,fiber_degradation,2
R04-AZ,2026-09-01 06:50:00,-0.577,-1.5559999999999974,20.501,0,0,fiber_degradation,2
R04-AZ,2026-09-01 06:52:00,0.056999999999995,-1.1780000000000062,20.42,0,0,fiber_degradation,2
R04-AZ,2026-09-01 06:54:00,-0.7130000000000081,-2.549000000000003,20.256,0,0,fiber_degradation,2
R04-AZ,2026-09-01 06:56:00,0.1519999999999903,-1.8129999999999955,20.446,0,0,fiber_degradation,2
R04-AZ,2026-09-01 06:58:00,0.0269999999999956,-1.998000000000001,20.541,0,0,fiber_degradation,2
R04-AZ,2026-09-01 07:00:00,1.011999999999999,-0.4299999999999979,20.548,0,0,fiber_degradation,2
R04-AZ,2026-09-01 07:02:00,0.1119999999999947,-2.3939999999999984,20.451,0,0,fiber_degradation,2
R04-AZ,2026-09-01 07:04:00,0.3959999999999919,-2.5150000000000112,20.171,0,0,fiber_degradation,2
R04-AZ,2026-09-01 07:06:00,0.8329999999999949,-3.2150000000000016,20.27,0,0,fiber_degradation,2
R04-AZ,2026-09-01 07:08:00,0.9799999999999915,-3.0260000000000016,20.419,0,0,fiber_degradation,2
R04-AZ,2026-09-01 07:10:00,0.7299999999999969,-1.1359999999999992,20.573,0,0,fiber_degradation,2
R04-AZ,2026-09-01 07:12:00,0.2449999999999867,-2.2500000000000018,20.445,0,0,fiber_degradation,2
R04-AZ,2026-09-01 07:14:00,0.3719999999999928,-2.882000000000007,20.398,0,0,fiber_degradation,2
R04-AZ,2026-09-01 07:16:00,0.8989999999999974,-2.929500000000001,20.453,0,0,fiber_degradation,2
R04-AZ,2026-09-01 07:18:00,0.0679999999999942,-2.7365000000000013,20.101,0,0,fiber_degradation,2
R04-AZ,2026-09-01 07:20:00,-0.3285000000000035,-2.7340000000000035,20.309,0,0,fiber_degradation,2
R04-AZ,2026-09-01 07:22:00,-0.1150000000000055,-3.2209999999999965,20.234,0,0,fiber_degradation,2
R04-AZ,2026-09-01 07:24:00,0.4559999999999942,-2.337999999999996,20.436,0,0,fiber_degradation,2
R04-AZ,2026-09-01 07:26:00,0.6519999999999975,-2.5780000000000047,20.598,0,0,fiber_degradation,2
R04-AZ,2026-09-01 07:28:00,-0.2550000000000043,-4.42,19.786,0,0,fiber_degradation,2
R04-AZ,2026-09-01 07:30:00,1.3964999999999907,-3.317,20.21,0,0,fiber_degradation,2
R04-AZ,2026-09-01 07:32:00,1.327,-3.9650000000000016,19.593,0,0,fiber_degradation,2
R04-AZ,2026-09-01 07:34:00,0.4410000000000007,-3.5360000000000067,20.223,0,0,fiber_degradation,2
R04-AZ,2026-09-01 07:36:00,0.5159999999999929,-2.905,20.235,0,0,fiber_degradation,2
R04-AZ,2026-09-01 07:38:00,0.0859999999999931,-3.244999999999997,20.158,0,0,fiber_degradation,2
R04-AZ,2026-09-01 07:40:00,-0.0050000000000043,-2.054000000000004,20.059,0,0,fiber_degradation,2
R04-AZ,2026-09-01 07:42:00,0.7499999999999982,-2.0219999999999985,20.149,0,0,fiber_degradation,2
R04-AZ,2026-09-01 07:44:00,0.3034999999999979,-3.4720000000000013,19.576,0,0,fiber_degradation,2
R04-AZ,2026-09-01 07:46:00,0.6129999999999978,-4.425999999999997,19.662,0,0,fiber_degradation,2
R04-AZ,2026-09-01 07:48:00,0.5469999999999899,-3.397333333333334,19.691,0,0,fiber_degradation,2
R04-AZ,2026-09-01 07:50:00,0.3879999999999928,-2.820666666666666,19.714,0,0,fiber_degradation,2
R04-AZ,2026-09-01 07:52:00,0.918999999999988,-1.041999999999998,20.246,0,0,fiber_degradation,2
R04-AZ,2026-09-01 07:54:00,1.1620000000000008,-3.218,19.82,0,0,fiber_degradation,2
R04-AZ,2026-09-01 07:56:00,0.11099999999999,-2.4085,20.11,0,0,fiber_degradation,2
R04-AZ,2026-09-01 07:58:00,-0.7610000000000028,-1.4380000000000024,20.353,0,0,none,-1
R04-AZ,2026-09-01 08:00:00,-1.5760000000000094,-1.2150000000000052,20.459,0,0,none,-1
R04-AZ,2026-09-01 08:02:00,-0.7539999999999978,-1.260999999999992,20.526,0,0,none,-1
R04-AZ,2026-09-01 08:04:00,0.4369999999999976,-0.6759999999999948,20.669,0,0,none,-1
R04-AZ,2026-09-01 08:06:00,-0.746000000000004,-0.2080000000000019,20.508,0,0,none,-1
R04-AZ,2026-09-01 08:08:00,-0.741000000000005,-1.731000000000007,20.107,0,0,none,-1
R04-AZ,2026-09-01 08:10:00,-1.0700000000000074,-0.7790000000000017,20.41,0,0,none,-1
R04-AZ,2026-09-01 08:12:00,-1.1300000000000008,-2.526999999999996,20.276,0,0,none,-1
R04-AZ,2026-09-01 08:14:00,-1.5810000000000066,-2.119999999999996,19.947,0,0,none,-1
R04-AZ,2026-09-01 08:16:00,-0.8624999999999972,-1.2539999999999996,20.302,0,0,none,-1
R04-AZ,2026-09-01 08:18:00,-1.586000000000002,-1.6365000000000034,20.125,0,0,none,-1
R04-AZ,2026-09-01 08:20:00,-0.1910000000000042,-2.8509999999999973,20.342,0,0,none,-1
R04-AZ,2026-09-01 08:22:00,-0.7159999999999993,-0.4160000000000092,20.509,0,0,none,-1
R04-AZ,2026-09-01 08:24:00,-0.3730000000000064,-1.8579999999999932,20.369,0,0,none,-1
R04-AZ,2026-09-01 08:26:00,-1.3315,-1.0709999999999995,19.853,0,0,none,-1
R04-AZ,2026-09-01 08:28:00,-0.4980000000000046,-0.6840000000000082,20.542,0,0,none,-1
R04-AZ,2026-09-01 08:30:00,-0.8900000000000112,-1.135000000000007,20.699,0,0,none,-1
R04-AZ,2026-09-01 08:32:00,-0.894000000000009,-3.003999999999998,20.197,0,0,none,-1
R04-AZ,2026-09-01 08:34:00,-0.4780000000000033,-1.9289999999999967,20.575,0,0,none,-1
R04-AZ,2026-09-01 08:36:00,-0.636000000000001,-0.6429999999999936,20.596,0,0,none,-1
R04-AZ,2026-09-01 08:38:00,-0.1160000000000049,-1.98899999999999,20.506,0,0,none,-1
R04-AZ,2026-09-01 08:40:00,0.2939999999999934,-1.0779999999999994,20.513,0,0,none,-1
R04-AZ,2026-09-01 08:42:00,-0.5330000000000084,-1.830500000000001,20.052,0,0,none,-1
R04-AZ,2026-09-01 08:44:00,-0.3630000000000031,-2.3225,20.274,0,0,none,-1
R04-AZ,2026-09-01 08:46:00,-1.211000000000004,-0.6750000000000007,20.563,0,0,none,-1
R04-AZ,2026-09-01 08:48:00,-0.5260000000000051,-0.7874999999999996,20.401,0,0,none,-1
R04-AZ,2026-09-01 08:50:00,-0.9635000000000052,-1.413999999999998,20.257,0,0,none,-1
R04-AZ,2026-09-01 08:52:00,-1.5570000000000004,-0.6539999999999999,20.325,0,0,none,-1
R04-AZ,2026-09-01 08:54:00,-0.7860000000000031,-2.462999999999999,20.096,0,0,none,-1
R04-AZ,2026-09-01 08:56:00,-1.115000000000007,-2.577,20.121,0,0,none,-1
R04-AZ,2026-09-01 08:58:00,-0.7095000000000056,-0.6419999999999995,20.467,0,0,none,-1
R04-AZ,2026-09-01 09:00:00,-0.6270000000000042,-0.4400000000000101,20.233,0,0,none,-1
R04-AZ,2026-09-01 09:02:00,-0.8860000000000063,-0.9234999999999952,20.476,0,0,none,-1
R04-AZ,2026-09-01 09:04:00,-1.2220000000000013,-1.3620000000000037,20.354,0,0,none,-1
R04-AZ,2026-09-01 09:06:00,-1.6410000000000071,-1.0030000000000037,20.126,0,0,none,-1
R04-AZ,2026-09-01 09:08:00,-1.5080000000000044,0.2355,20.635,0,0,none,-1
R04-AZ,2026-09-01 09:10:00,-0.8730000000000047,-0.7029999999999994,20.365,0,0,none,-1
R04-AZ,2026-09-01 09:12:00,-0.2670000000000012,-2.1660000000000075,20.471,0,0,none,-1
R04-AZ,2026-09-01 09:14:00,-0.1114999999999959,-1.628000000000002,20.365,0,0,none,-1
R04-AZ,2026-09-01 09:16:00,-0.4380000000000077,-1.2940000000000025,20.432,0,0,none,-1
R04-AZ,2026-09-01 09:18:00,-0.6320000000000014,-0.9609999999999984,20.657,0,0,none,-1
R04-AZ,2026-09-01 09:20:00,0.3299999999999947,-1.6420000000000012,20.492,0,0,none,-1
R04-AZ,2026-09-01 09:22:00,-0.8570000000000046,-0.0449999999999999,20.601,0,0,none,-1
R04-AZ,2026-09-01 09:24:00,-0.5890000000000057,-0.5189999999999966,20.58,0,0,none,-1
R04-AZ,2026-09-01 09:26:00,-0.9889999999999972,-0.6029999999999998,20.484,0,0,none,-1
R04-AZ,2026-09-01 09:28:00,-0.9735000000000033,-0.6440000000000001,20.694,0,0,none,-1
R04-AZ,2026-09-01 09:30:00,-0.5220000000000073,-1.9804999999999997,20.56,0,0,none,-1
R04-AZ,2026-09-01 09:32:00,-1.0889999999999986,-0.8575000000000035,20.596,0,0,none,-1
R04-AZ,2026-09-01 09:34:00,0.2809999999999952,-1.7780000000000022,20.356,0,0,none,-1
R04-AZ,2026-09-01 09:36:00,-0.9710000000000072,-0.8300000000000018,20.608,0,0,none,-1
R04-AZ,2026-09-01 09:38:00,-1.0370000000000044,-1.897,20.599,0,0,none,-1
R04-AZ,2026-09-01 09:40:00,-0.9380000000000096,-1.6971666666666678,20.268,0,0,none,-1
R04-AZ,2026-09-01 09:42:00,-0.8390000000000022,-1.49733333333333,20.348,0,0,none,-1
R04-AZ,2026-09-01 09:44:00,-0.2510000000000101,-1.1990000000000016,20.488,0,0,none,-1
R04-AZ,2026-09-01 09:46:00,-1.099000000000009,-1.1580000000000013,20.643,0,0,none,-1
R04-AZ,2026-09-01 09:48:00,-1.0000000000000018,0.3730000000000029,20.579,0,0,none,-1
R04-AZ,2026-09-01 09:50:00,-0.4650000000000105,-0.3440000000000083,20.618,0,0,none,-1
R04-AZ,2026-09-01 09:52:00,-0.8440000000000012,-0.0550000000000014,20.688,0,0,none,-1
R04-AZ,2026-09-01 09:54:00,-0.6355000000000022,-0.4605000000000032,20.348,0,0,none,-1
R04-AZ,2026-09-01 09:56:00,-0.1620000000000079,-1.226499999999996,20.564,0,0,none,-1
R04-AZ,2026-09-01 09:58:00,-0.8590000000000071,-0.0290000000000016,20.419,0,0,none,-1
R04-ZA,2026-09-01 00:00:00,-1.4689999999999994,-0.9509999999999864,20.14,0,0,none,-1
R04-ZA,2026-09-01 00:02:00,-1.8140000000000072,-1.5179999999999936,19.986,0,0,none,-1
R04-ZA,2026-09-01 00:04:00,-1.8790000000000011,-1.836999999999998,20.495,0,0,none,-1
R04-ZA,2026-09-01 00:06:00,-1.7960000000000065,-1.5989999999999966,19.968,0,0,none,-1
R04-ZA,2026-09-01 00:08:00,-2.1249999999999982,-1.9629999999999992,19.995,0,0,none,-1
R04-ZA,2026-09-01 00:10:00,-1.404,-1.9439999999999955,19.964,0,0,none,-1
R04-ZA,2026-09-01 00:12:00,-1.150000000000002,-1.329499999999994,20.415,0,0,none,-1
R04-ZA,2026-09-01 00:14:00,-2.209000000000005,-1.572999999999995,19.595,0,0,none,-1
R04-ZA,2026-09-01 00:16:00,-1.2330000000000003,-1.887999999999991,20.102,0,0,none,-1
R04-ZA,2026-09-01 00:18:00,-1.4959999999999951,-1.9459999999999944,20.064,0,0,none,-1
R04-ZA,2026-09-01 00:20:00,-1.787000000000006,-3.0499999999999954,19.397,0,0,none,-1
R04-ZA,2026-09-01 00:22:00,-1.603000000000003,-0.4029999999999969,20.518,0,0,none,-1
R04-ZA,2026-09-01 00:24:00,-2.135000000000005,-1.1409999999999965,19.877,0,0,none,-1
R04-ZA,2026-09-01 00:26:00,-0.6739999999999942,-0.7440000000000015,20.343,0,0,none,-1
R04-ZA,2026-09-01 00:28:00,-1.416000000000002,-3.102499999999994,19.686,0,0,none,-1
R04-ZA,2026-09-01 00:30:00,-1.043000000000001,-0.169999999999991,20.37,0,0,none,-1
R04-ZA,2026-09-01 00:32:00,-1.8920000000000048,0.6910000000000025,20.512,0,0,none,-1
R04-ZA,2026-09-01 00:34:00,-1.3510000000000044,-1.1929999999999996,20.414,0,0,none,-1
R04-ZA,2026-09-01 00:36:00,-1.5070000000000032,-1.2099999999999973,20.361,0,0,none,-1
R04-ZA,2026-09-01 00:38:00,-1.2769999999999992,-0.3479999999999936,20.298,0,0,fiber_degradation,14
R04-ZA,2026-09-01 00:40:00,-0.9044999999999987,-2.2849999999999917,19.894,0,0,fiber_degradation,14
R04-ZA,2026-09-01 00:42:00,-2.421999999999997,-3.162999999999993,19.361,0,0,fiber_degradation,14
R04-ZA,2026-09-01 00:44:00,-1.2759999999999962,-2.009999999999996,20.002,0,0,fiber_degradation,14
R04-ZA,2026-09-01 00:46:00,-1.0139999999999991,-3.987999999999996,19.638,0,0,fiber_degradation,14
R04-ZA,2026-09-01 00:48:00,-1.9230000000000051,-2.4974999999999934,19.185,0,0,fiber_degradation,14
R04-ZA,2026-09-01 00:50:00,-1.1499999999999968,-4.259999999999991,19.798,0,0,fiber_degradation,14
R04-ZA,2026-09-01 00:52:00,-0.7899999999999991,-4.566999999999995,19.2,0,0,fiber_degradation,14
R04-ZA,2026-09-01 00:54:00,-1.897000000000004,-4.932999999999998,18.917,0,1,fiber_degradation,14
R04-ZA,2026-09-01 00:56:00,-1.2820000000000071,-4.848999999999995,19.277,0,0,fiber_degradation,14
R04-ZA,2026-09-01 00:58:00,-0.3009999999999984,-6.660999999999991,18.619,0,1,fiber_degradation,14
R04-ZA,2026-09-01 01:00:00,-2.1220000000000017,-4.15,18.267,1,0,fiber_degradation,14
R04-ZA,2026-09-01 01:02:00,-1.2885000000000026,-6.620999999999995,17.673,1,1,fiber_degradation,14
R04-ZA,2026-09-01 01:04:00,-1.5690000000000008,-5.657999999999987,18.281,1,1,fiber_degradation,14
R04-ZA,2026-09-01 01:06:00,-0.6165000000000003,-5.322999999999992,18.996,0,0,fiber_degradation,14
R04-ZA,2026-09-01 01:08:00,-1.1210000000000004,-6.121499999999994,18.297,1,1,fiber_degradation,14
R04-ZA,2026-09-01 01:10:00,-0.7569999999999961,-7.171999999999999,18.573,1,1,fiber_degradation,14
R04-ZA,2026-09-01 01:12:00,-1.5110000000000028,-5.0679999999999925,18.574,1,0,fiber_degradation,14
R04-ZA,2026-09-01 01:14:00,-1.8694999999999968,-5.052999999999996,18.811,0,1,fiber_degradation,14
R04-ZA,2026-09-01 01:16:00,-1.4159999999999968,-2.2839999999999936,19.721,0,0,none,-1
R04-ZA,2026-09-01 01:18:00,-0.8929999999999971,-0.6010000000000026,20.273,0,0,none,-1
R04-ZA,2026-09-01 01:20:00,-1.5460000000000012,-1.315999999999999,19.941,0,0,none,-1
R04-ZA,2026-09-01 01:22:00,-1.0130000000000052,-2.5389999999999944,20.044,0,0,none,-1
R04-ZA,2026-09-01 01:24:00,-1.4189999999999987,-2.6419999999999924,19.292,0,0,none,-1
R04-ZA,2026-09-01 01:26:00,-2.026000000000004,-1.9410000000000007,20.112,0,0,none,-1
R04-ZA,2026-09-01 01:28:00,-0.1070000000000011,-0.4749999999999907,20.558,0,0,none,-1
R04-ZA,2026-09-01 01:30:00,-1.8080000000000016,-1.7459999999999898,19.583,0,0,none,-1
R04-ZA,2026-09-01 01:32:00,-1.550500000000001,-2.9459999999999944,19.469,0,0,none,-1
R04-ZA,2026-09-01 01:34:00,-0.785999999999996,-1.270999999999999,20.234,0,0,none,-1
R04-ZA,2026-09-01 01:36:00,-1.5370000000000026,-4.466999999999993,19.145,0,0,none,-1
R04-ZA,2026-09-01 01:38:00,-1.763999999999994,-1.512999999999991,20.189,0,0,none,-1
R04-ZA,2026-09-01 01:40:00,-1.5239999999999991,-3.5724999999999945,19.351,0,0,none,-1
R04-ZA,2026-09-01 01:42:00,-1.689,-1.8619999999999948,19.899,0,0,none,-1
R04-ZA,2026-09-01 01:44:00,-1.5919999999999952,-0.6144999999999925,19.96,0,0,none,-1
R04-ZA,2026-09-01 01:46:00,-1.0929999999999946,-2.59699999999999,19.584,0,0,none,-1
R04-ZA,2026-09-01 01:48:00,-1.9129999999999967,-0.9429999999999924,20.092,0,0,none,-1
R04-ZA,2026-09-01 01:50:00,-1.6690000000000005,-42.30549999999999,-18.993,1,1,fiber_cut,8
R04-ZA,2026-09-01 01:52:00,-0.6729999999999965,-43.17249999999999,-17.768,1,1,fiber_cut,8
R04-ZA,2026-09-01 01:54:00,-1.7190000000000012,-42.156,-17.933,1,1,fiber_cut,8
R04-ZA,2026-09-01 01:56:00,-2.1599999999999966,-42.010000000000005,-18.637,1,1,fiber_cut,8
R04-ZA,2026-09-01 01:58:00,-1.721,-43.129,-19.014,1,1,fiber_cut,8
R04-ZA,2026-09-01 02:00:00,-1.9370000000000065,-43.012,-18.291,1,1,fiber_cut,8
R04-ZA,2026-09-01 02:02:00,-1.6080000000000076,-42.35199999999999,-17.771,1,1,fiber_cut,8
R04-ZA,2026-09-01 02:04:00,-0.7979999999999965,-41.462,-17.474,1,1,fiber_cut,8
R04-ZA,2026-09-01 02:06:00,-1.2044999999999997,-42.92699999999999,-18.61,1,1,fiber_cut,8
R04-ZA,2026-09-01 02:08:00,-1.165000000000001,-42.53099999999999,-18.429,1,1,fiber_cut,8
R04-ZA,2026-09-01 02:10:00,-1.6939999999999955,-42.471,-18.427,1,1,fiber_cut,8
R04-ZA,2026-09-01 02:12:00,-2.094999999999997,-3.574999999999996,19.144,0,0,none,-1
R04-ZA,2026-09-01 02:14:00,-1.5440000000000005,-2.639999999999993,19.637,0,0,none,-1
R04-ZA,2026-09-01 02:16:00,-1.9799999999999969,-2.629999999999997,19.933,0,0,none,-1
R04-ZA,2026-09-01 02:18:00,-1.327000000000007,-0.920999999999994,20.247,0,0,none,-1
R04-ZA,2026-09-01 02:20:00,-1.7460000000000022,-1.830999999999996,20.137,0,0,none,-1
R04-ZA,2026-09-01 02:22:00,-1.323999999999998,-1.4329999999999945,20.142,0,0,none,-1
R04-ZA,2026-09-01 02:24:00,-3.0180000000000025,-0.2469999999999874,20.166,0,0,none,-1
R04-ZA,2026-09-01 02:26:00,-0.9269999999999996,-3.2179999999999875,19.965,0,0,none,-1
R04-ZA,2026-09-01 02:28:00,-0.7160000000000046,-2.6509999999999927,19.791,0,0,none,-1
R04-ZA,2026-09-01 02:30:00,-1.3599999999999994,-1.9199999999999855,19.739,0,0,none,-1
R04-ZA,2026-09-01 02:32:00,-1.7399999999999969,-3.378999999999998,19.574,0,0,none,-1
R04-ZA,2026-09-01 02:34:00,-2.006999999999996,-3.195999999999996,19.381,0,0,none,-1
R04-ZA,2026-09-01 02:36:00,-0.6500000000000039,-0.2869999999999937,20.394,0,0,none,-1
R04-ZA,2026-09-01 02:38:00,-2.189500000000008,-2.4049999999999923,19.736,0,0,none,-1
R04-ZA,2026-09-01 02:40:00,-0.6050000000000058,-2.7099999999999937,19.667,0,0,none,-1
R04-ZA,2026-09-01 02:42:00,-1.1085000000000065,-4.363499999999995,19.64,0,0,none,-1
R04-ZA,2026-09-01 02:44:00,-1.2030000000000012,-3.314999999999996,19.659,0,0,none,-1
R04-ZA,2026-09-01 02:46:00,-2.2925000000000004,-2.4434999999999967,19.807,0,0,none,-1
R04-ZA,2026-09-01 02:48:00,-1.7100000000000026,-2.40899999999999,19.399,0,0,none,-1
R04-ZA,2026-09-01 02:50:00,-0.7619999999999933,-3.0099999999999927,19.755,0,0,none,-1
R04-ZA,2026-09-01 02:52:00,-1.820000000000002,-0.6679999999999975,20.079,0,0,none,-1
R04-ZA,2026-09-01 02:54:00,-0.9930000000000004,-3.818000000000005,19.413,0,0,none,-1
R04-ZA,2026-09-01 02:56:00,-1.137999999999998,-2.7759999999999927,19.771,0,0,none,-1
R04-ZA,2026-09-01 02:58:00,-1.1484999999999983,-2.116999999999992,19.613,0,0,none,-1
R04-ZA,2026-09-01 03:00:00,-1.8920000000000063,-1.9879999999999889,19.511,0,0,none,-1
R04-ZA,2026-09-01 03:02:00,-1.753000000000002,-2.603999999999994,19.716,0,0,none,-1
R04-ZA,2026-09-01 03:04:00,-1.7570000000000014,-2.3344999999999985,19.704,0,0,none,-1
R04-ZA,2026-09-01 03:06:00,-1.8100000000000005,-3.997999999999996,19.051,0,0,none,-1
R04-ZA,2026-09-01 03:08:00,-1.745000000000001,-1.4629999999999903,20.043,0,0,none,-1
R04-ZA,2026-09-01 03:10:00,-1.4590000000000032,-1.074999999999994,20.161,0,0,none,-1
R04-ZA,2026-09-01 03:12:00,-1.596999999999996,-3.010999999999996,19.513,0,0,none,-1
R04-ZA,2026-09-01 03:14:00,-0.833000000000002,-2.9379999999999957,20.098,0,0,none,-1
R04-ZA,2026-09-01 03:16:00,-0.8490000000000038,-0.7164999999999946,20.135,0,0,none,-1
R04-ZA,2026-09-01 03:18:00,-1.4360000000000015,-1.8539999999999972,19.987,0,0,none,-1
R04-ZA,2026-09-01 03:20:00,-1.0170000000000066,-2.2089999999999907,19.496,0,0,none,-1
R04-ZA,2026-09-01 03:22:00,-1.1699999999999982,-4.149999999999992,19.625,0,0,none,-1
R04-ZA,2026-09-01 03:24:00,-1.0409999999999986,-2.0429999999999997,19.629,0,0,none,-1
R04-ZA,2026-09-01 03:26:00,-1.978000000000001,-2.4739999999999918,19.852,0,0,none,-1
R04-ZA,2026-09-01 03:28:00,-1.3640000000000043,-3.798999999999992,19.544,0,0,none,-1
R04-ZA,2026-09-01 03:30:00,-0.982999999999997,-3.3529999999999927,19.937,0,0,none,-1
R04-ZA,2026-09-01 03:32:00,-0.5549999999999944,-3.6129999999999978,19.599,0,0,none,-1
R04-ZA,2026-09-01 03:34:00,-2.216000000000001,-3.4459999999999926,19.322,0,0,none,-1
R04-ZA,2026-09-01 03:36:00,-0.3100000000000058,-1.4599999999999902,19.88,0,0,none,-1
R04-ZA,2026-09-01 03:38:00,-1.5319999999999965,-2.163999999999998,19.139,0,0,amplifier_degradation,5
R04-ZA,2026-09-01 03:40:00,-1.917,-1.326999999999991,19.296,0,0,amplifier_degradation,5
R04-ZA,2026-09-01 03:42:00,-1.9080000000000013,-3.521999999999992,18.446,0,0,amplifier_degradation,5
R04-ZA,2026-09-01 03:44:00,-3.898500000000008,-2.969999999999999,18.04,0,1,amplifier_degradation,5
R04-ZA,2026-09-01 03:46:00,-4.207999999999998,-4.220999999999988,17.334,1,1,amplifier_degradation,5
R04-ZA,2026-09-01 03:48:00,-3.858000000000004,-2.652999999999997,17.313,1,0,amplifier_degradation,5
R04-ZA,2026-09-01 03:50:00,-4.898,-3.3459999999999965,17.264,1,1,amplifier_degradation,5
R04-ZA,2026-09-01 03:52:00,-5.677000000000001,-1.6209999999999931,17.431,0,1,amplifier_degradation,5
R04-ZA,2026-09-01 03:54:00,-6.053000000000001,-2.196000000000001,16.931,1,1,amplifier_degradation,5
R04-ZA,2026-09-01 03:56:00,-6.873500000000004,-3.799,15.232,1,1,amplifier_degradation,5
R04-ZA,2026-09-01 03:58:00,-5.223000000000001,-2.957999999999988,15.926,1,1,amplifier_degradation,5
R04-ZA,2026-09-01 04:00:00,-6.789000000000003,-2.279999999999994,16.057,1,1,amplifier_degradation,5
R04-ZA,2026-09-01 04:02:00,-6.446500000000002,-2.656999999999993,14.408,1,1,amplifier_degradation,5
R04-ZA,2026-09-01 04:04:00,-7.702500000000006,-1.692999999999989,14.317,1,1,amplifier_degradation,5
R04-ZA,2026-09-01 04:06:00,-7.944000000000006,-2.1259999999999994,14.496,1,1,amplifier_degradation,5
R04-ZA,2026-09-01 04:08:00,-7.993,-5.441999999999993,12.379,1,1,amplifier_degradation,5
R04-ZA,2026-09-01 04:10:00,-7.9680000000000035,-2.5259999999999927,13.811,1,1,amplifier_degradation,5
R04-ZA,2026-09-01 04:12:00,-9.387000000000004,-0.6434999999999942,13.502,1,1,amplifier_degradation,5
R04-ZA,2026-09-01 04:14:00,-9.623000000000005,-2.317999999999989,12.297,1,1,amplifier_degradation,5
R04-ZA,2026-09-01 04:16:00,-10.726000000000008,-3.555999999999996,11.548,1,1,amplifier_degradation,5
R04-ZA,2026-09-01 04:18:00,-10.846,-1.4499999999999922,11.763,1,1,amplifier_degradation,5
R04-ZA,2026-09-01 04:20:00,-11.355000000000006,-2.927999999999992,11.17,1,1,amplifier_degradation,5
R04-ZA,2026-09-01 04:22:00,-11.702999999999994,-4.223999999999995,10.021,1,1,amplifier_degradation,5
R04-ZA,2026-09-01 04:24:00,-12.545,-2.2609999999999992,10.129,1,1,amplifier_degradation,5
R04-ZA,2026-09-01 04:26:00,-13.625999999999996,-3.051999999999996,9.294,1,1,amplifier_degradation,5
R04-ZA,2026-09-01 04:28:00,-12.733999999999998,-2.478000000000001,9.959,1,1,amplifier_degradation,5
R04-ZA,2026-09-01 04:30:00,-11.708999999999994,-3.2829999999999977,9.993,1,1,amplifier_degradation,5
R04-ZA,2026-09-01 04:32:00,-12.553999999999998,-1.948499999999992,9.4,1,1,amplifier_degradation,5
R04-ZA,2026-09-01 04:34:00,-11.823000000000006,-2.728999999999992,10.407,1,1,amplifier_degradation,5
R04-ZA,2026-09-01 04:36:00,-12.348999999999997,-2.0469999999999957,10.5,1,1,amplifier_degradation,5
R04-ZA,2026-09-01 04:38:00,-12.848999999999997,-3.106999999999997,9.421,1,1,amplifier_degradation,5
R04-ZA,2026-09-01 04:40:00,-12.151000000000003,-0.7549999999999901,10.605,1,1,amplifier_degradation,5
R04-ZA,2026-09-01 04:42:00,-12.009999999999998,-2.92799999999999,10.249,1,1,amplifier_degradation,5
R04-ZA,2026-09-01 04:44:00,-12.6055,-2.3559999999999928,10.383,1,1,amplifier_degradation,5
R04-ZA,2026-09-01 04:46:00,-13.291,-1.597499999999993,9.304,1,1,amplifier_degradation,5
R04-ZA,2026-09-01 04:48:00,-11.982000000000005,-2.711999999999991,10.843,1,1,amplifier_degradation,5
R04-ZA,2026-09-01 04:50:00,-13.0265,-2.0659999999999865,9.901,1,1,amplifier_degradation,5
R04-ZA,2026-09-01 04:52:00,-12.4255,-0.8739999999999863,10.293,1,1,amplifier_degradation,5
R04-ZA,2026-09-01 04:54:00,-12.32,-3.5369999999999973,9.822,1,1,amplifier_degradation,5
R04-ZA,2026-09-01 04:56:00,-11.699,-0.9029999999999953,10.27,1,1,amplifier_degradation,5
R04-ZA,2026-09-01 04:58:00,-13.071000000000003,-4.304999999999996,8.75,1,1,amplifier_degradation,5
R04-ZA,2026-09-01 05:00:00,-12.482,-1.929999999999989,10.166,1,1,amplifier_degradation,5
R04-ZA,2026-09-01 05:02:00,-14.070000000000002,-0.5109999999999868,9.773,1,1,amplifier_degradation,5
R04-ZA,2026-09-01 05:04:00,-1.6635000000000026,-2.9854999999999983,19.257,0,0,none,-1
R04-ZA,2026-09-01 05:06:00,-1.7260000000000026,-2.4994999999999923,20.072,0,0,none,-1
R04-ZA,2026-09-01 05:08:00,-1.3200000000000038,-3.180999999999992,19.678,0,0,none,-1
R04-ZA,2026-09-01 05:10:00,-0.7509999999999977,-3.170999999999994,19.704,0,0,none,-1
R04-ZA,2026-09-01 05:12:00,-2.530000000000003,-2.385499999999995,19.455,0,0,none,-1
R04-ZA,2026-09-01 05:14:00,-0.7590000000000021,-1.823999999999991,19.994,0,0,none,-1
R04-ZA,2026-09-01 05:16:00,-1.565999999999999,-0.9269999999999978,19.893,0,0,none,-1
R04-ZA,2026-09-01 05:18:00,-2.125999999999996,-1.2699999999999942,20.085,0,0,none,-1
R04-ZA,2026-09-01 05:20:00,-1.6359999999999992,-2.8049999999999926,19.464,0,0,none,-1
R04-ZA,2026-09-01 05:22:00,-1.5630000000000042,-4.255999999999997,18.75,0,0,none,-1
R04-ZA,2026-09-01 05:24:00,-1.552999999999999,-3.3829999999999973,19.565,0,0,none,-1
R04-ZA,2026-09-01 05:26:00,-1.7429999999999968,-1.8814999999999935,20.017,0,0,none,-1
R04-ZA,2026-09-01 05:28:00,-0.7519999999999953,-3.077999999999994,19.649,0,0,none,-1
R04-ZA,2026-09-01 05:30:00,-1.6254999999999988,-3.0159999999999894,19.622,0,0,none,-1
R04-ZA,2026-09-01 05:32:00,-1.735999999999995,-1.821999999999992,19.734,0,0,none,-1
R04-ZA,2026-09-01 05:34:00,-2.162000000000001,-2.7209999999999983,19.697,0,0,none,-1
R04-ZA,2026-09-01 05:36:00,-2.159500000000005,-1.3259999999999952,20.006,0,0,none,-1
R04-ZA,2026-09-01 05:38:00,-2.1930000000000067,-2.5359999999999925,19.541,0,0,none,-1
R04-ZA,2026-09-01 05:40:00,-1.1929999999999978,-2.372999999999996,20.014,0,0,none,-1
R04-ZA,2026-09-01 05:42:00,-1.7404999999999973,-3.014999999999992,19.671,0,0,none,-1
R04-ZA,2026-09-01 05:44:00,-2.1375000000000046,-1.8759999999999977,19.479,0,0,none,-1
R04-ZA,2026-09-01 05:46:00,-0.8974999999999937,-1.729999999999995,20.326,0,0,none,-1
R04-ZA,2026-09-01 05:48:00,-1.1530000000000022,-1.9239999999999924,19.693,0,0,none,-1
R04-ZA,2026-09-01 05:50:00,-1.4579999999999984,-2.214999999999998,20.121,0,0,none,-1
R04-ZA,2026-09-01 05:52:00,-1.0049999999999957,-1.788999999999996,19.846,0,0,none,-1
R04-ZA,2026-09-01 05:54:00,-1.9530000000000007,-2.032999999999989,19.28,0,0,none,-1
R04-ZA,2026-09-01 05:56:00,-1.4085000000000054,-1.1829999999999945,19.979,0,0,none,-1
R04-ZA,2026-09-01 05:58:00,-1.3179999999999996,-2.3904999999999905,19.628,0,0,none,-1
R04-ZA,2026-09-01 06:00:00,-2.316999999999993,-1.9109999999999976,19.93,0,0,none,-1
R04-ZA,2026-09-01 06:02:00,-1.3949999999999996,-0.8454999999999977,20.293,0,0,none,-1
R04-ZA,2026-09-01 06:04:00,-1.2269999999999968,-2.0219999999999896,19.833,0,0,none,-1
R04-ZA,2026-09-01 06:06:00,-1.8129999999999988,-2.8499999999999925,20.146,0,0,none,-1
R04-ZA,2026-09-01 06:08:00,-1.6960000000000068,-2.623000000000001,19.79,0,0,none,-1
R04-ZA,2026-09-01 06:10:00,-0.4880000000000031,-0.8819999999999961,20.531,0,0,none,-1
R04-ZA,2026-09-01 06:12:00,-1.3219999999999956,-2.399999999999995,19.488,0,0,amplifier_degradation,11
R04-ZA,2026-09-01 06:14:00,-2.5070000000000103,-0.7349999999999905,19.923,0,0,amplifier_degradation,11
R04-ZA,2026-09-01 06:16:00,-2.1530000000000022,0.0825000000000013,20.139,0,0,amplifier_degradation,11
R04-ZA,2026-09-01 06:18:00,-1.5570000000000075,-1.6349999999999891,19.651,0,0,amplifier_degradation,11
R04-ZA,2026-09-01 06:20:00,-2.0294999999999934,-2.0419999999999963,19.217,0,0,amplifier_degradation,11
R04-ZA,2026-09-01 06:22:00,-2.494999999999997,-1.3669999999999902,19.146,0,0,amplifier_degradation,11
R04-ZA,2026-09-01 06:24:00,-1.631999999999998,-1.8334999999999937,20.029,0,0,amplifier_degradation,11
R04-ZA,2026-09-01 06:26:00,-2.7009999999999987,-2.028999999999993,19.359,0,0,amplifier_degradation,11
R04-ZA,2026-09-01 06:28:00,-3.411999999999999,-2.555999999999996,19.045,0,0,amplifier_degradation,11
R04-ZA,2026-09-01 06:30:00,-3.180999999999999,-1.4179999999999977,19.804,0,0,amplifier_degradation,11
R04-ZA,2026-09-01 06:32:00,-4.162500000000005,-1.771999999999997,19.065,0,0,amplifier_degradation,11
R04-ZA,2026-09-01 06:34:00,-2.999500000000001,-2.187999999999988,18.961,0,0,amplifier_degradation,11
R04-ZA,2026-09-01 06:36:00,-3.8634999999999966,-2.0554999999999914,18.779,0,0,amplifier_degradation,11
R04-ZA,2026-09-01 06:38:00,-3.634,-1.407999999999987,19.058,0,0,amplifier_degradation,11
R04-ZA,2026-09-01 06:40:00,-3.548000000000007,-0.9334999999999932,19.501,0,0,amplifier_degradation,11
R04-ZA,2026-09-01 06:42:00,-1.9730000000000043,-1.088999999999995,19.704,0,0,amplifier_degradation,11
R04-ZA,2026-09-01 06:44:00,-3.571,-2.0520000000000014,18.948,0,0,amplifier_degradation,11
R04-ZA,2026-09-01 06:46:00,-3.820999999999996,-2.360999999999993,18.758,0,0,amplifier_degradation,11
R04-ZA,2026-09-01 06:48:00,-3.3219999999999974,-2.2124999999999915,19.198,0,0,amplifier_degradation,11
R04-ZA,2026-09-01 06:50:00,-3.203000000000001,-0.7869999999999973,20.005,0,0,amplifier_degradation,11
R04-ZA,2026-09-01 06:52:00,-3.5080000000000133,-1.4159999999999895,19.358,0,0,amplifier_degradation,11
R04-ZA,2026-09-01 06:54:00,-3.0180000000000007,0.1470000000000091,19.748,0,0,amplifier_degradation,11
R04-ZA,2026-09-01 06:56:00,-0.856500000000004,-0.8379999999999921,20.243,0,0,none,-1
R04-ZA,2026-09-01 06:58:00,-1.211000000000011,-0.403999999999991,20.493,0,0,none,-1
R04-ZA,2026-09-01 07:00:00,-1.3840000000000003,-0.9889999999999936,20.249,0,0,none,-1
R04-ZA,2026-09-01 07:02:00,-0.8010000000000055,-0.7939999999999969,20.005,0,0,none,-1
R04-ZA,2026-09-01 07:04:00,-2.7049999999999983,-1.4889999999999883,19.353,0,0,none,-1
R04-ZA,2026-09-01 07:06:00,-1.9259999999999984,-0.9049999999999976,19.862,0,0,none,-1
R04-ZA,2026-09-01 07:08:00,-1.4509999999999987,-1.2449999999999903,20.122,0,0,none,-1
R04-ZA,2026-09-01 07:10:00,-2.009000000000002,-0.8299999999999894,20.367,0,0,none,-1
R04-ZA,2026-09-01 07:12:00,-1.997999999999996,-1.70549999999999,19.695,0,0,none,-1
R04-ZA,2026-09-01 07:14:00,-1.6110000000000009,-1.589999999999991,19.746,0,0,none,-1
R04-ZA,2026-09-01 07:16:00,-0.5729999999999968,-1.151999999999994,20.504,0,0,none,-1
R04-ZA,2026-09-01 07:18:00,-0.9324999999999974,-0.393999999999993,20.233,0,0,none,-1
R04-ZA,2026-09-01 07:20:00,-1.166000000000002,-2.142999999999988,20.331,0,0,fiber_degradation,13
R04-ZA,2026-09-01 07:22:00,-1.494000000000005,-2.6549999999999887,19.511,0,0,fiber_degradation,13
R04-ZA,2026-09-01 07:24:00,-0.847999999999999,-2.658999999999997,20.168,0,0,fiber_degradation,13
R04-ZA,2026-09-01 07:26:00,-0.8965000000000032,-2.248999999999997,19.819,0,0,fiber_degradation,13
R04-ZA,2026-09-01 07:28:00,-0.7200000000000006,-3.471999999999989,19.381,0,0,fiber_degradation,13
R04-ZA,2026-09-01 07:30:00,-1.5270000000000064,-3.270999999999992,18.892,0,0,fiber_degradation,13
R04-ZA,2026-09-01 07:32:00,-1.4549999999999963,-3.492999999999988,18.982,0,0,fiber_degradation,13
R04-ZA,2026-09-01 07:34:00,-1.290000000000001,-4.4634999999999945,18.325,0,0,fiber_degradation,13
R04-ZA,2026-09-01 07:36:00,-0.8620000000000001,-3.587999999999996,18.887,0,0,fiber_degradation,13
R04-ZA,2026-09-01 07:38:00,-2.1880000000000006,-8.317999999999994,16.762,1,1,fiber_degradation,13
R04-ZA,2026-09-01 07:40:00,-0.9420000000000002,-6.178000000000001,18.006,1,1,fiber_degradation,13
R04-ZA,2026-09-01 07:42:00,-1.836000000000002,-7.737499999999994,16.569,1,1,fiber_degradation,13
R04-ZA,2026-09-01 07:44:00,-2.0779999999999994,-7.992999999999997,16.675,1,1,fiber_degradation,13
R04-ZA,2026-09-01 07:46:00,-0.6960000000000015,-7.462999999999992,16.758,1,1,fiber_degradation,13
R04-ZA,2026-09-01 07:48:00,-1.5019999999999951,-7.024999999999992,16.578,1,1,fiber_degradation,13
R04-ZA,2026-09-01 07:50:00,-2.5465000000000053,-8.304999999999989,15.841,1,1,fiber_degradation,13
R04-ZA,2026-09-01 07:52:00,-1.8029999999999955,-9.658999999999992,14.779,1,1,fiber_degradation,13
R04-ZA,2026-09-01 07:54:00,-1.330500000000001,-10.262999999999996,14.655,1,1,fiber_degradation,13
R04-ZA,2026-09-01 07:56:00,-1.894000000000004,-12.391999999999996,13.386,1,1,fiber_degradation,13
R04-ZA,2026-09-01 07:58:00,-1.158999999999999,-11.268999999999991,14.123,1,1,fiber_degradation,13
R04-ZA,2026-09-01 08:00:00,-0.4580000000000055,-13.842499999999992,13.508,1,1,fiber_degradation,13
R04-ZA,2026-09-01 08:02:00,-1.163000000000002,-12.316999999999991,12.53,1,1,fiber_degradation,13
R04-ZA,2026-09-01 08:04:00,-1.7450000000000028,-11.943999999999988,12.35,1,1,fiber_degradation,13
R04-ZA,2026-09-01 08:06:00,-1.3140000000000018,-12.385999999999996,12.247,1,1,fiber_degradation,13
R04-ZA,2026-09-01 08:08:00,-0.524000000000008,-13.440999999999995,11.697,1,1,fiber_degradation,13
R04-ZA,2026-09-01 08:10:00,-0.938500000000003,-11.750999999999996,12.311,1,1,fiber_degradation,13
R04-ZA,2026-09-01 08:12:00,-2.341999999999997,-14.129999999999992,10.684,1,1,fiber_degradation,13
R04-ZA,2026-09-01 08:14:00,-0.9080000000000013,-14.507999999999988,11.855,1,1,fiber_degradation,13
R04-ZA,2026-09-01 08:16:00,-1.5940000000000012,-13.75599999999999,11.046,1,1,fiber_degradation,13
R04-ZA,2026-09-01 08:18:00,-2.057999999999998,-14.355999999999996,10.813,1,1,fiber_degradation,13
R04-ZA,2026-09-01 08:20:00,-2.196000000000005,-13.475499999999997,11.337,1,1,fiber_degradation,13
R04-ZA,2026-09-01 08:22:00,-1.2330000000000094,-15.847999999999994,10.906,1,1,fiber_degradation,13
R04-ZA,2026-09-01 08:24:00,-2.034000000000004,-13.818999999999996,11.116,1,1,fiber_degradation,13
R04-ZA,2026-09-01 08:26:00,-0.8850000000000087,-14.656999999999991,11.27,1,1,fiber_degradation,13
R04-ZA,2026-09-01 08:28:00,-0.5870000000000033,-13.446999999999996,11.777,1,1,fiber_degradation,13
R04-ZA,2026-09-01 08:30:00,-0.8219999999999992,-13.48,12.135,1,1,fiber_degradation,13
R04-ZA,2026-09-01 08:32:00,-0.679000000000002,-13.706999999999992,12.096,1,1,fiber_degradation,13
R04-ZA,2026-09-01 08:34:00,-1.211000000000002,-14.17,11.696,1,1,fiber_degradation,13
R04-ZA,2026-09-01 08:36:00,-2.253000000000002,-13.404999999999989,11.341,1,1,fiber_degradation,13
R04-ZA,2026-09-01 08:38:00,-0.3800000000000025,-13.130999999999991,11.87,1,1,fiber_degradation,13
R04-ZA,2026-09-01 08:40:00,-1.490999999999996,-1.115999999999998,20.141,0,0,none,-1
R04-ZA,2026-09-01 08:42:00,-1.2300000000000093,-1.255999999999995,20.297,0,0,none,-1
R04-ZA,2026-09-01 08:44:00,-1.3059999999999974,-0.5609999999999893,20.178,0,0,none,-1
R04-ZA,2026-09-01 08:46:00,-2.472999999999997,-0.3769999999999918,20.013,0,0,none,-1
R04-ZA,2026-09-01 08:48:00,-1.3280000000000012,-1.7149999999999943,20.18,0,0,none,-1
R04-ZA,2026-09-01 08:50:00,-1.0369999999999973,-1.1019999999999914,19.719,0,0,none,-1
R04-ZA,2026-09-01 08:52:00,-2.277000000000001,-0.9599999999999956,19.863,0,0,none,-1
R04-ZA,2026-09-01 08:54:00,-1.3319999999999954,-1.337999999999994,20.104,0,0,none,-1
R04-ZA,2026-09-01 08:56:00,-1.894000000000004,-1.8229999999999895,20.38,0,0,none,-1
R04-ZA,2026-09-01 08:58:00,-1.5169999999999997,-1.3529999999999838,20.005,0,0,none,-1
R04-ZA,2026-09-01 09:00:00,-1.4260000000000002,-1.3819999999999997,20.184,0,0,none,-1
R04-ZA,2026-09-01 09:02:00,-1.7969999999999935,-0.1099999999999958,20.286,0,0,none,-1
R04-ZA,2026-09-01 09:04:00,-1.533000000000003,-0.4179999999999868,20.168,0,0,none,-1
R04-ZA,2026-09-01 09:06:00,-0.8149999999999995,-0.8629999999999942,20.463,0,0,none,-1
R04-ZA,2026-09-01 09:08:00,-1.434999999999997,0.5600000000000076,20.322,0,0,none,-1
R04-ZA,2026-09-01 09:10:00,-1.6629999999999985,0.4260000000000055,20.428,0,0,none,-1
R04-ZA,2026-09-01 09:12:00,-1.3300000000000072,-1.0299999999999958,20.224,0,0,none,-1
R04-ZA,2026-09-01 09:14:00,-0.2650000000000059,-0.4429999999999943,20.355,0,0,none,-1
R04-ZA,2026-09-01 09:16:00,-2.167999999999997,0.3705000000000051,20.408,0,0,none,-1
R04-ZA,2026-09-01 09:18:00,-0.8430000000000035,-0.1229999999999922,20.542,0,0,none,-1
R04-ZA,2026-09-01 09:20:00,-1.652000000000001,-0.6369999999999916,19.918,0,0,none,-1
R04-ZA,2026-09-01 09:22:00,-0.8549999999999986,-0.1489999999999973,20.282,0,0,none,-1
R04-ZA,2026-09-01 09:24:00,-1.652999999999997,-2.046999999999993,20.135,0,0,none,-1
R04-ZA,2026-09-01 09:26:00,-0.5576666666666714,-1.3459999999999912,20.408,0,0,none,-1
R04-ZA,2026-09-01 09:28:00,-1.034333333333338,-0.8324999999999854,20.401,0,0,none,-1
R04-ZA,2026-09-01 09:30:00,-1.899000000000003,-0.4669999999999934,20.248,0,0,none,-1
R04-ZA,2026-09-01 09:32:00,-1.381000000000002,-1.8959999999999968,19.865,0,0,none,-1
R04-ZA,2026-09-01 09:34:00,-0.8825000000000038,-1.8129999999999988,20.378,0,0,none,-1
R04-ZA,2026-09-01 09:36:00,-1.5845000000000002,0.022000000000002,20.403,0,0,none,-1
R04-ZA,2026-09-01 09:38:00,-1.004999999999999,-1.4709999999999948,20.167,0,0,none,-1
R04-ZA,2026-09-01 09:40:00,-1.2000000000000064,0.0690000000000115,20.386,0,0,none,-1
R04-ZA,2026-09-01 09:42:00,-1.4530000000000047,-2.267999999999992,19.618,0,0,none,-1
R04-ZA,2026-09-01 09:44:00,-1.6220000000000017,-1.4399999999999906,20.102,0,0,none,-1
R04-ZA,2026-09-01 09:46:00,-1.853000000000005,-0.679499999999992,20.067,0,0,none,-1
R04-ZA,2026-09-01 09:48:00,-1.1430000000000042,-0.8619999999999983,20.347,0,0,none,-1
R04-ZA,2026-09-01 09:50:00,-0.7370000000000019,-1.5329999999999977,20.253,0,0,none,-1
R04-ZA,2026-09-01 09:52:00,-1.4810000000000016,-1.0639999999999965,20.029,0,0,none,-1
R04-ZA,2026-09-01 09:54:00,-1.4220000000000024,-0.6609999999999854,20.033,0,0,none,-1
R04-ZA,2026-09-01 09:56:00,-1.418999999999997,-0.8194999999999926,20.305,0,0,none,-1
R04-ZA,2026-09-01 09:58:00,-1.9730000000000008,-0.092999999999991,20.029,0,0,none,-1
R05-AZ,2026-09-01 00:00:00,-0.0299999999999993,0.5700000000000003,19.585,0,0,none,-1
R05-AZ,2026-09-01 00:02:00,-0.4369999999999958,1.4130000000000091,18.599,0,0,none,-1
R05-AZ,2026-09-01 00:04:00,-0.1059999999999927,-0.2439999999999909,20.33,0,0,none,-1
R05-AZ,2026-09-01 00:06:00,-0.6060000000000034,0.2830000000000101,19.909,0,0,none,-1
R05-AZ,2026-09-01 00:08:00,0.3620000000000054,0.7080000000000037,20.058,0,0,none,-1
R05-AZ,2026-09-01 00:10:00,0.8999999999999932,2.807000000000002,18.33,0,0,none,-1
R05-AZ,2026-09-01 00:12:00,-0.138000000000007,-0.7439999999999944,20.315,0,0,none,-1
R05-AZ,2026-09-01 00:14:00,0.1859999999999964,2.797000000000008,18.805,0,0,none,-1
R05-AZ,2026-09-01 00:16:00,-0.7129999999999956,1.3110000000000088,20.205,0,0,none,-1
R05-AZ,2026-09-01 00:18:00,0.8065000000000033,1.0530000000000097,18.813,0,0,none,-1
R05-AZ,2026-09-01 00:20:00,-0.5129999999999946,0.1660000000000039,19.941,0,0,amplifier_degradation,18
R05-AZ,2026-09-01 00:22:00,-0.1889999999999965,1.7275000000000045,19.099,0,0,amplifier_degradation,18
R05-AZ,2026-09-01 00:24:00,-0.7989999999999942,1.781000000000013,19.247,0,0,amplifier_degradation,18
R05-AZ,2026-09-01 00:26:00,-0.6510000000000034,-0.778999999999991,19.758,0,0,amplifier_degradation,18
R05-AZ,2026-09-01 00:28:00,-1.834000000000005,-0.3239999999999998,20.067,0,0,amplifier_degradation,18
R05-AZ,2026-09-01 00:30:00,-1.8250000000000028,1.4130000000000038,19.225,0,0,amplifier_degradation,18
R05-AZ,2026-09-01 00:32:00,-2.4239999999999906,-0.0319999999999911,19.621,0,0,amplifier_degradation,18
R05-AZ,2026-09-01 00:34:00,-2.640000000000004,1.0390000000000086,19.653,0,0,amplifier_degradation,18
R05-AZ,2026-09-01 00:36:00,-2.517999999999999,2.018000000000008,19.299,0,0,amplifier_degradation,18
R05-AZ,2026-09-01 00:38:00,-4.402000000000003,0.9235000000000132,20.219,0,0,amplifier_degradation,18
R05-AZ,2026-09-01 00:40:00,-4.0,-0.0319999999999893,19.497,0,0,amplifier_degradation,18
R05-AZ,2026-09-01 00:42:00,-4.688999999999995,-0.1799999999999961,20.175,0,0,amplifier_degradation,18
R05-AZ,2026-09-01 00:44:00,-5.318999999999999,0.7500000000000071,20.205,0,0,amplifier_degradation,18
R05-AZ,2026-09-01 00:46:00,-5.273999999999994,1.5210000000000043,19.657,0,0,amplifier_degradation,18
R05-AZ,2026-09-01 00:48:00,-4.4179999999999975,0.2940000000000076,19.392,0,0,amplifier_degradation,18
R05-AZ,2026-09-01 00:50:00,-5.609000000000007,1.3980000000000103,19.246,0,0,amplifier_degradation,18
R05-AZ,2026-09-01 00:52:00,-4.169999999999991,-0.7079999999999931,19.488,0,0,amplifier_degradation,18
R05-AZ,2026-09-01 00:54:00,-4.447999999999997,0.4245000000000072,18.518,0,0,amplifier_degradation,18
R05-AZ,2026-09-01 00:56:00,-5.021000000000003,0.4010000000000033,19.976,0,0,amplifier_degradation,18
R05-AZ,2026-09-01 00:58:00,-5.363499999999998,1.8270000000000088,19.31,0,0,amplifier_degradation,18
R05-AZ,2026-09-01 01:00:00,-5.701999999999996,0.849000000000002,19.69,0,0,amplifier_degradation,18
R05-AZ,2026-09-01 01:02:00,-5.945999999999995,1.8820000000000088,19.546,0,0,amplifier_degradation,18
R05-AZ,2026-09-01 01:04:00,-5.048000000000002,1.261000000000001,19.081,0,0,amplifier_degradation,18
R05-AZ,2026-09-01 01:06:00,-5.143999999999997,0.3560000000000105,19.41,0,0,amplifier_degradation,18
R05-AZ,2026-09-01 01:08:00,-5.033499999999998,-1.429999999999989,20.215,0,0,amplifier_degradation,18
R05-AZ,2026-09-01 01:10:00,-5.3089999999999975,1.5585000000000075,19.541,0,0,amplifier_degradation,18
R05-AZ,2026-09-01 01:12:00,0.4460000000000033,0.5120000000000076,19.607,0,0,none,-1
R05-AZ,2026-09-01 01:14:00,0.1799999999999961,-0.4104999999999972,19.838,0,0,none,-1
R05-AZ,2026-09-01 01:16:00,-0.182500000000001,1.3460000000000072,18.976,0,0,none,-1
R05-AZ,2026-09-01 01:18:00,-0.1209999999999951,0.947000000000008,19.766,0,0,none,-1
R05-AZ,2026-09-01 01:20:00,0.6969999999999938,1.8540000000000063,18.037,0,0,none,-1
R05-AZ,2026-09-01 01:22:00,0.2019999999999981,0.6340000000000074,19.493,0,0,none,-1
R05-AZ,2026-09-01 01:24:00,-0.2350000000000012,1.5205000000000055,19.371,0,0,none,-1
R05-AZ,2026-09-01 01:26:00,0.3640000000000061,2.943000000000003,17.847,0,0,none,-1
R05-AZ,2026-09-01 01:28:00,-0.1509999999999927,-0.1909999999999954,19.682,0,0,none,-1
R05-AZ,2026-09-01 01:30:00,0.398000000000005,1.5100000000000051,19.343,0,0,none,-1
R05-AZ,2026-09-01 01:32:00,0.977999999999998,0.3345000000000073,19.034,0,0,none,-1
R05-AZ,2026-09-01 01:34:00,-0.3739999999999952,0.0260000000000104,19.259,0,0,none,-1
R05-AZ,2026-09-01 01:36:00,0.071000000000005,1.7600000000000031,18.986,0,0,none,-1
R05-AZ,2026-09-01 01:38:00,0.2020000000000017,1.773000000000005,19.112,0,0,none,-1
R05-AZ,2026-09-01 01:40:00,-0.5379999999999985,-0.1320000000000032,20.155,0,0,none,-1
R05-AZ,2026-09-01 01:42:00,-0.0404999999999979,1.5320000000000071,19.767,0,0,none,-1
R05-AZ,2026-09-01 01:44:00,0.1990000000000016,0.2340000000000053,19.67,0,0,none,-1
R05-AZ,2026-09-01 01:46:00,0.2769999999999992,0.4490000000000069,18.885,0,0,none,-1
R05-AZ,2026-09-01 01:48:00,0.3544999999999998,2.907000000000002,18.973,0,0,none,-1
R05-AZ,2026-09-01 01:50:00,0.4199999999999981,2.2310000000000088,18.708,0,0,none,-1
R05-AZ,2026-09-01 01:52:00,0.3780000000000001,1.4630000000000027,19.42,0,0,none,-1
R05-AZ,2026-09-01 01:54:00,0.3360000000000021,0.6950000000000021,19.802,0,0,none,-1
R05-AZ,2026-09-01 01:56:00,0.2430000000000056,1.6840000000000082,19.134,0,0,none,-1
R05-AZ,2026-09-01 01:58:00,0.2170000000000023,0.7850000000000055,18.851,0,0,none,-1
R05-AZ,2026-09-01 02:00:00,0.7209999999999983,0.3829999999999955,19.016,0,0,none,-1
R05-AZ,2026-09-01 02:02:00,0.7110000000000021,0.6235000000000017,19.12,0,0,none,-1
R05-AZ,2026-09-01 02:04:00,0.7710000000000061,0.5480000000000107,18.855,0,0,none,-1
R05-AZ,2026-09-01 02:06:00,0.1070000000000028,1.8830000000000064,19.506,0,0,none,-1
R05-AZ,2026-09-01 02:08:00,0.0460000000000011,1.1580000000000013,19.344,0,0,none,-1
R05-AZ,2026-09-01 02:10:00,-0.5359999999999978,0.5360000000000067,20.055,0,0,none,-1
R05-AZ,2026-09-01 02:12:00,0.6375000000000046,1.8420000000000092,18.02,0,0,none,-1
R05-AZ,2026-09-01 02:14:00,0.4600000000000026,1.287000000000006,19.111,0,0,none,-1
R05-AZ,2026-09-01 02:16:00,0.1510000000000104,2.0820000000000043,18.866,0,0,none,-1
R05-AZ,2026-09-01 02:18:00,0.8980000000000032,1.2320000000000046,19.329,0,0,none,-1
R05-AZ,2026-09-01 02:20:00,-0.4069999999999965,2.0050000000000097,19.706,0,0,none,-1
R05-AZ,2026-09-01 02:22:00,-0.2554999999999996,0.7333333333333343,19.702,0,0,none,-1
R05-AZ,2026-09-01 02:24:00,0.7200000000000006,1.7236666666666718,18.772,0,0,none,-1
R05-AZ,2026-09-01 02:26:00,-0.2015000000000011,2.2860000000000067,18.761,0,0,none,-1
R05-AZ,2026-09-01 02:28:00,0.7330000000000023,0.9940000000000088,19.459,0,0,none,-1
R05-AZ,2026-09-01 02:30:00,0.0299999999999958,0.6670000000000105,19.86,0,0,none,-1
R05-AZ,2026-09-01 02:32:00,0.0130000000000016,2.072000000000015,19.543,0,0,none,-1
R05-AZ,2026-09-01 02:34:00,0.0190000000000001,2.5390000000000086,18.964,0,0,none,-1
R05-AZ,2026-09-01 02:36:00,0.8520000000000039,1.5160000000000036,18.459,0,0,none,-1
R05-AZ,2026-09-01 02:38:00,0.6270000000000024,1.2900000000000045,19.078,0,0,none,-1
R05-AZ,2026-09-01 02:40:00,1.2080000000000035,1.7775000000000052,18.377,0,0,none,-1
R05-AZ,2026-09-01 02:42:00,0.0150000000000005,2.2190000000000083,18.375,0,0,none,-1
R05-AZ,2026-09-01 02:44:00,0.3549999999999969,1.037000000000015,19.628,0,0,none,-1
R05-AZ,2026-09-01 02:46:00,0.1220000000000016,1.8380000000000063,19.369,0,0,none,-1
R05-AZ,2026-09-01 02:48:00,0.8010000000000037,1.2270000000000003,19.385,0,0,none,-1
R05-AZ,2026-09-01 02:50:00,0.0170000000000047,2.022000000000004,19.418,0,0,none,-1
R05-AZ,2026-09-01 02:52:00,0.2209999999999983,1.1240000000000077,19.179,0,0,none,-1
R05-AZ,2026-09-01 02:54:00,0.5579999999999998,0.8759999999999994,19.861,0,0,none,-1
R05-AZ,2026-09-01 02:56:00,0.4620000000000051,1.34100000000001,19.454,0,0,none,-1
R05-AZ,2026-09-01 02:58:00,0.0225000000000061,1.4490000000000034,18.534,0,0,none,-1
R05-AZ,2026-09-01 03:00:00,0.5090000000000128,1.147000000000013,19.611,0,0,none,-1
R05-AZ,2026-09-01 03:02:00,0.284000000000006,1.456000000000003,19.208,0,0,none,-1
R05-AZ,2026-09-01 03:04:00,0.4870000000000001,0.8290000000000095,19.823,0,0,none,-1
R05-AZ,2026-09-01 03:06:00,0.6480000000000086,1.323000000000004,19.416,0,0,none,-1
R05-AZ,2026-09-01 03:08:00,-0.6655000000000015,1.8870000000000056,19.271,0,0,none,-1
R05-AZ,2026-09-01 03:10:00,0.5739999999999981,2.0370000000000044,18.591,0,0,none,-1
R05-AZ,2026-09-01 03:12:00,-0.4279999999999919,2.993500000000012,19.388,0,0,none,-1
R05-AZ,2026-09-01 03:14:00,0.6280000000000054,1.077000000000007,19.157,0,0,none,-1
R05-AZ,2026-09-01 03:16:00,0.189,0.4629999999999992,19.913,0,0,none,-1
R05-AZ,2026-09-01 03:18:00,1.4020000000000046,1.403000000000004,18.745,0,0,none,-1
R05-AZ,2026-09-01 03:20:00,1.0749999999999993,0.7490000000000059,19.357,0,0,none,-1
R05-AZ,2026-09-01 03:22:00,-0.125499999999997,2.4890000000000114,19.37,0,0,none,-1
R05-AZ,2026-09-01 03:24:00,-0.0589999999999975,2.189000000000002,18.943,0,0,none,-1
R05-AZ,2026-09-01 03:26:00,0.1279999999999965,1.150000000000002,19.227,0,0,none,-1
R05-AZ,2026-09-01 03:28:00,0.2770000000000028,1.5775000000000006,19.224,0,0,none,-1
R05-AZ,2026-09-01 03:30:00,1.093,0.0110000000000027,18.993,0,0,none,-1
R05-AZ,2026-09-01 03:32:00,0.6525000000000105,0.4190000000000058,19.068,0,0,none,-1
R05-AZ,2026-09-01 03:34:00,0.3579999999999952,1.6555,18.894,0,0,none,-1
R05-AZ,2026-09-01 03:36:00,0.7350000000000048,-15.060999999999998,15.456,1,1,flapping,17
R05-AZ,2026-09-01 03:38:00,-0.4559999999999888,-17.680500000000002,14.83,1,1,flapping,17
R05-AZ,2026-09-01 03:40:00,-0.8504999999999985,-16.92049999999999,14.288,1,1,flapping,17
R05-AZ,2026-09-01 03:42:00,0.9559999999999976,1.907500000000006,18.743,0,0,flapping,17
R05-AZ,2026-09-01 03:44:00,0.1740000000000048,-16.408999999999995,14.846,1,1,flapping,17
R05-AZ,2026-09-01 03:46:00,0.1720000000000006,-16.81399999999998,14.909,1,1,flapping,17
R05-AZ,2026-09-01 03:48:00,0.0890000000000004,-15.4475,15.282,1,1,flapping,17
R05-AZ,2026-09-01 03:50:00,1.100000000000005,0.0470000000000112,19.341,0,0,flapping,17
R05-AZ,2026-09-01 03:52:00,0.6140000000000008,-16.73599999999999,14.944,1,1,flapping,17
R05-AZ,2026-09-01 03:54:00,0.3420000000000023,-16.429999999999993,15.263,1,1,flapping,17
R05-AZ,2026-09-01 03:56:00,0.9310000000000044,-17.537499999999998,14.601,1,1,flapping,17
R05-AZ,2026-09-01 03:58:00,-0.551999999999996,-15.692999999999987,14.903,1,1,flapping,17
R05-AZ,2026-09-01 04:00:00,0.2799999999999976,1.2215000000000025,19.336,0,0,flapping,17
R05-AZ,2026-09-01 04:02:00,0.7409999999999979,0.8830000000000062,19.492,0,0,flapping,17
R05-AZ,2026-09-01 04:04:00,0.6319999999999997,2.4600000000000097,17.796,0,0,flapping,17
R05-AZ,2026-09-01 04:06:00,1.1770000000000032,-16.186999999999998,14.916,1,1,flapping,17
R05-AZ,2026-09-01 04:08:00,0.5340000000000007,-16.512499999999996,14.953,1,1,flapping,17
R05-AZ,2026-09-01 04:10:00,-0.4009999999999962,-15.327999999999996,15.231,1,1,flapping,17
R05-AZ,2026-09-01 04:12:00,0.388000000000007,-15.844499999999991,14.947,1,1,flapping,17
R05-AZ,2026-09-01 04:14:00,0.1230000000000028,-16.674999999999983,15.043,1,1,flapping,17
R05-AZ,2026-09-01 04:16:00,1.040500000000003,-17.677999999999997,14.668,1,1,flapping,17
R05-AZ,2026-09-01 04:18:00,1.9430000000000032,-15.970499999999996,15.292,1,1,flapping,17
R05-AZ,2026-09-01 04:20:00,-0.3760000000000012,-17.00099999999999,14.615,1,1,flapping,17
R05-AZ,2026-09-01 04:22:00,-0.4524999999999988,-15.826999999999996,15.064,1,1,flapping,17
R05-AZ,2026-09-01 04:24:00,0.0090000000000038,-16.395999999999994,14.985,1,1,flapping,17
R05-AZ,2026-09-01 04:26:00,1.2639999999999991,1.0820000000000043,18.022,0,0,flapping,17
R05-AZ,2026-09-01 04:28:00,0.6334999999999962,-15.861999999999997,15.091,1,1,flapping,17
R05-AZ,2026-09-01 04:30:00,0.872000000000007,-18.149,14.603,1,1,flapping,17
R05-AZ,2026-09-01 04:32:00,-0.6689999999999987,1.925000000000006,19.476,0,0,flapping,17
R05-AZ,2026-09-01 04:34:00,0.2355,-17.29399999999999,14.812,1,1,flapping,17
R05-AZ,2026-09-01 04:36:00,-0.0620000000000011,0.2340000000000035,19.795,0,0,flapping,17
R05-AZ,2026-09-01 04:38:00,0.5645000000000007,0.0490000000000048,20.042,0,0,none,-1
R05-AZ,2026-09-01 04:40:00,0.150999999999998,1.4790000000000063,19.291,0,0,none,-1
R05-AZ,2026-09-01 04:42:00,-0.0910000000000028,0.6820000000000075,19.796,0,0,none,-1
R05-AZ,2026-09-01 04:44:00,0.347999999999999,1.7650000000000077,19.073,0,0,none,-1
R05-AZ,2026-09-01 04:46:00,-0.2879999999999914,0.9000000000000021,20.171,0,0,none,-1
R05-AZ,2026-09-01 04:48:00,0.9890000000000024,1.720000000000006,19.11,0,0,none,-1
R05-AZ,2026-09-01 04:50:00,0.7309999999999963,1.0480000000000071,19.261,0,0,none,-1
R05-AZ,2026-09-01 04:52:00,0.8085000000000075,0.5990000000000073,19.333,0,0,none,-1
R05-AZ,2026-09-01 04:54:00,0.7230000000000008,1.8640000000000116,18.722,0,0,none,-1
R05-AZ,2026-09-01 04:56:00,0.384999999999998,1.8730000000000064,18.736,0,0,none,-1
R05-AZ,2026-09-01 04:58:00,0.5680000000000085,1.303000000000008,19.195,0,0,none,-1
R05-AZ,2026-09-01 05:00:00,0.2175000000000011,1.4185000000000016,19.748,0,0,none,-1
R05-AZ,2026-09-01 05:02:00,-0.2349999999999941,1.951000000000004,19.235,0,0,none,-1
R05-AZ,2026-09-01 05:04:00,-0.076999999999991,1.4990000000000112,19.702,0,0,none,-1
R05-AZ,2026-09-01 05:06:00,0.6675000000000058,-0.059000000000001,19.076,0,0,none,-1
R05-AZ,2026-09-01 05:08:00,0.2790000000000034,-0.8904999999999976,20.178,0,0,none,-1
R05-AZ,2026-09-01 05:10:00,0.5649999999999924,-0.5199999999999942,20.083,0,0,none,-1
R05-AZ,2026-09-01 05:12:00,0.3259999999999987,1.176000000000009,19.414,0,0,none,-1
R05-AZ,2026-09-01 05:14:00,0.2905000000000051,-0.3379999999999956,20.201,0,0,none,-1
R05-AZ,2026-09-01 05:16:00,0.7859999999999996,1.0310000000000097,19.325,0,0,none,-1
R05-AZ,2026-09-01 05:18:00,-0.4399999999999924,0.0870000000000068,20.208,0,0,none,-1
R05-AZ,2026-09-01 05:20:00,-0.479000000000001,-1.1489999999999867,20.206,0,0,none,-1
R05-AZ,2026-09-01 05:22:00,0.3770000000000006,0.0980000000000078,19.758,0,0,none,-1
R05-AZ,2026-09-01 05:24:00,0.8919999999999977,0.5010000000000083,19.365,0,0,none,-1
R05-AZ,2026-09-01 05:26:00,0.5810000000000066,0.3840000000000074,19.493,0,0,none,-1
R05-AZ,2026-09-01 05:28:00,1.0939999999999994,-0.0139999999999922,19.89,0,0,none,-1
R05-AZ,2026-09-01 05:30:00,1.1239999999999988,-0.164999999999992,19.365,0,0,none,-1
R05-AZ,2026-09-01 05:32:00,0.7895000000000056,0.3000000000000113,19.279,0,0,none,-1
R05-AZ,2026-09-01 05:34:00,0.6690000000000023,-0.4169999999999891,19.973,0,0,none,-1
R05-AZ,2026-09-01 05:36:00,-0.1479999999999961,0.4809999999999998,20.124,0,0,none,-1
R05-AZ,2026-09-01 05:38:00,-0.0339999999999918,-1.6439999999999912,20.233,0,0,none,-1
R05-AZ,2026-09-01 05:40:00,0.0389999999999943,-1.4429999999999872,19.925,0,0,none,-1
R05-AZ,2026-09-01 05:42:00,0.5700000000000074,0.1360000000000081,19.793,0,0,none,-1
R05-AZ,2026-09-01 05:44:00,-0.196999999999992,1.1340000000000003,19.403,0,0,none,-1
R05-AZ,2026-09-01 05:46:00,0.7680000000000007,-0.5179999999999936,19.289,0,0,none,-1
R05-AZ,2026-09-01 05:48:00,0.5760000000000023,0.121000000000004,19.739,0,0,none,-1
R05-AZ,2026-09-01 05:50:00,0.548,0.3090000000000117,19.383,0,0,none,-1
R05-AZ,2026-09-01 05:52:00,0.1080000000000005,0.8790000000000084,20.039,0,0,none,-1
R05-AZ,2026-09-01 05:54:00,0.7700000000000031,0.645999999999999,19.565,0,0,none,-1
R05-AZ,2026-09-01 05:56:00,0.3319999999999989,0.1280000000000001,19.68,0,0,none,-1
R05-AZ,2026-09-01 05:58:00,-0.482999999999997,0.2675000000000054,19.862,0,0,none,-1
R05-AZ,2026-09-01 06:00:00,0.5409999999999986,-0.3579999999999952,20.179,0,0,none,-1
R05-AZ,2026-09-01 06:02:00,0.2590000000000074,-0.1009999999999973,19.678,0,0,none,-1
R05-AZ,2026-09-01 06:04:00,1.5349999999999984,0.1260000000000083,19.16,0,0,fiber_degradation,12
R05-AZ,2026-09-01 06:06:00,0.4470000000000009,-1.1429999999999954,19.831,0,0,fiber_degradation,12
R05-AZ,2026-09-01 06:08:00,1.8010000000000057,-0.8949999999999871,19.95,0,0,fiber_degradation,12
R05-AZ,2026-09-01 06:10:00,0.5930000000000071,-1.688999999999984,20.01,0,0,fiber_degradation,12
R05-AZ,2026-09-01 06:12:00,0.325000000000001,-2.9489999999999963,20.15,0,0,fiber_degradation,12
R05-AZ,2026-09-01 06:14:00,1.3200000000000056,-4.009999999999993,20.023,0,0,fiber_degradation,12
R05-AZ,2026-09-01 06:16:00,1.423999999999996,-2.6519999999999904,19.982,0,0,fiber_degradation,12
R05-AZ,2026-09-01 06:18:00,0.9539999999999988,-3.0529999999999955,19.895,0,0,fiber_degradation,12
R05-AZ,2026-09-01 06:20:00,1.4460000000000015,-5.037999999999997,19.741,0,0,fiber_degradation,12
R05-AZ,2026-09-01 06:22:00,2.014999999999999,-3.454999999999993,19.63,0,0,fiber_degradation,12
R05-AZ,2026-09-01 06:24:00,1.463000000000001,-6.074,19.467,0,0,fiber_degradation,12
R05-AZ,2026-09-01 06:26:00,0.9340000000000116,-8.196999999999987,18.376,0,1,fiber_degradation,12
R05-AZ,2026-09-01 06:28:00,1.277000000000008,-5.968,19.021,0,0,fiber_degradation,12
R05-AZ,2026-09-01 06:30:00,1.8499999999999923,-6.7079999999999895,19.004,0,0,fiber_degradation,12
R05-AZ,2026-09-01 06:32:00,1.5359999999999996,-8.839999999999998,18.09,0,1,fiber_degradation,12
R05-AZ,2026-09-01 06:34:00,1.3130000000000042,-8.440999999999988,18.007,1,1,fiber_degradation,12
R05-AZ,2026-09-01 06:36:00,0.5680000000000067,-8.742999999999999,17.77,1,1,fiber_degradation,12
R05-AZ,2026-09-01 06:38:00,1.519000000000002,-10.141999999999992,17.103,1,1,fiber_degradation,12
R05-AZ,2026-09-01 06:40:00,1.3860000000000063,-9.298499999999992,17.79,0,1,fiber_degradation,12
R05-AZ,2026-09-01 06:42:00,1.1490000000000045,-11.58099999999999,16.682,1,1,fiber_degradation,12
R05-AZ,2026-09-01 06:44:00,1.1175000000000068,-9.128999999999998,17.576,1,1,fiber_degradation,12
R05-AZ,2026-09-01 06:46:00,1.1349999999999945,-10.56099999999999,16.887,1,1,fiber_degradation,12
R05-AZ,2026-09-01 06:48:00,0.1760000000000054,-9.764999999999992,17.245,1,1,fiber_degradation,12
R05-AZ,2026-09-01 06:50:00,1.156000000000006,-7.731999999999992,17.453,1,0,fiber_degradation,12
R05-AZ,2026-09-01 06:52:00,1.0329999999999997,-10.39799999999999,16.666,1,1,fiber_degradation,12
R05-AZ,2026-09-01 06:54:00,1.1099999999999977,-9.36899999999999,17.242,1,1,fiber_degradation,12
R05-AZ,2026-09-01 06:56:00,0.9609999999999984,-8.384999999999991,17.656,1,1,fiber_degradation,12
R05-AZ,2026-09-01 06:58:00,1.806499999999996,-8.770999999999999,17.235,1,0,fiber_degradation,12
R05-AZ,2026-09-01 07:00:00,1.0705000000000062,-11.635999999999989,17.156,1,1,fiber_degradation,12
R05-AZ,2026-09-01 07:02:00,1.3850000000000031,-10.742999999999997,16.988,1,1,fiber_degradation,12
R05-AZ,2026-09-01 07:04:00,0.8510000000000009,-9.621499999999994,17.03,1,1,fiber_degradation,12
R05-AZ,2026-09-01 07:06:00,1.0209999999999972,-9.824999999999989,17.432,1,1,fiber_degradation,12
R05-AZ,2026-09-01 07:08:00,0.5460000000000012,-10.493499999999989,17.11,1,1,fiber_degradation,12
R05-AZ,2026-09-01 07:10:00,-0.2519999999999989,0.1880000000000059,20.09,0,0,none,-1
R05-AZ,2026-09-01 07:12:00,0.695999999999998,-0.2169999999999845,20.073,0,0,none,-1
R05-AZ,2026-09-01 07:14:00,0.7090000000000014,0.5330000000000066,19.826,0,0,none,-1
R05-AZ,2026-09-01 07:16:00,0.1089999999999964,0.6650000000000063,19.387,0,0,none,-1
R05-AZ,2026-09-01 07:18:00,-0.6129999999999942,1.3030000000000044,19.906,0,0,none,-1
R05-AZ,2026-09-01 07:20:00,0.5085000000000015,0.3750000000000071,19.803,0,0,none,-1
R05-AZ,2026-09-01 07:22:00,0.3059999999999991,-2.090999999999997,20.071,0,0,none,-1
R05-AZ,2026-09-01 07:24:00,-0.2890000000000015,1.152000000000008,19.745,0,0,none,-1
R05-AZ,2026-09-01 07:26:00,0.1805000000000056,-1.326499999999994,20.108,0,0,none,-1
R05-AZ,2026-09-01 07:28:00,-0.3470000000000031,-0.1839999999999921,20.318,0,0,none,-1
R05-AZ,2026-09-01 07:30:00,0.1090000000000035,-0.069999999999986,20.093,0,0,none,-1
R05-AZ,2026-09-01 07:32:00,-0.405999999999997,0.9930000000000164,19.164,0,0,none,-1
R05-AZ,2026-09-01 07:34:00,-0.0399999999999991,0.5900000000000087,19.513,0,0,none,-1
R05-AZ,2026-09-01 07:36:00,0.4709999999999965,-0.6624999999999908,19.822,0,0,none,-1
R05-AZ,2026-09-01 07:38:00,-0.8879999999999946,-0.5099999999999838,19.941,0,0,none,-1
R05-AZ,2026-09-01 07:40:00,0.5755000000000035,-0.9659999999999922,20.175,0,0,none,-1
R05-AZ,2026-09-01 07:42:00,-0.2299999999999933,-3.300999999999989,20.332,0,0,none,-1
R05-AZ,2026-09-01 07:44:00,0.5860000000000021,-1.2559999999999931,20.101,0,0,none,-1
R05-AZ,2026-09-01 07:46:00,0.1770000000000031,-0.2150000000000016,20.005,0,0,none,-1
R05-AZ,2026-09-01 07:48:00,0.9395000000000042,-0.2669999999999977,19.756,0,0,none,-1
R05-AZ,2026-09-01 07:50:00,0.2230000000000025,-0.0014999999999911,19.852,0,0,none,-1
R05-AZ,2026-09-01 07:52:00,0.1960000000000068,-0.0379999999999913,19.878,0,0,none,-1
R05-AZ,2026-09-01 07:54:00,-0.5549999999999944,-0.6089999999999911,20.176,0,0,none,-1
R05-AZ,2026-09-01 07:56:00,0.2180000000000035,1.1875000000000124,19.839,0,0,none,-1
R05-AZ,2026-09-01 07:58:00,0.5810000000000048,-0.809999999999997,20.23,0,0,none,-1
R05-AZ,2026-09-01 08:00:00,-0.0269999999999992,0.4150000000000062,19.915,0,0,none,-1
R05-AZ,2026-09-01 08:02:00,0.5559999999999992,-0.2399999999999913,20.21,0,0,none,-1
R05-AZ,2026-09-01 08:04:00,0.6090000000000018,-0.6810000000000009,20.02,0,0,none,-1
R05-AZ,2026-09-01 08:06:00,-0.4000000000000003,0.0694999999999979,19.832,0,0,none,-1
R05-AZ,2026-09-01 08:08:00,0.6930000000000032,-0.3209999999999962,19.933,0,0,none,-1
R05-AZ,2026-09-01 08:10:00,0.6509999999999998,-0.1390000000000011,19.386,0,0,none,-1
R05-AZ,2026-09-01 08:12:00,0.2395000000000013,0.2280000000000051,19.538,0,0,none,-1
R05-AZ,2026-09-01 08:14:00,0.2519999999999971,-1.2709999999999937,20.107,0,0,none,-1
R05-AZ,2026-09-01 08:16:00,-0.1580000000000012,1.1670000000000034,19.784,0,0,none,-1
R05-AZ,2026-09-01 08:18:00,-0.6720000000000024,1.2680000000000096,19.516,0,0,none,-1
R05-AZ,2026-09-01 08:20:00,-0.2939999999999987,-0.3479999999999901,19.996,0,0,none,-1
R05-AZ,2026-09-01 08:22:00,-0.2769999999999974,-1.398999999999992,20.17,0,0,none,-1
R05-AZ,2026-09-01 08:24:00,-0.8519999999999968,-1.3349999999999973,20.244,0,0,none,-1
R05-AZ,2026-09-01 08:26:00,0.0520000000000013,-0.9439999999999972,19.893,0,0,none,-1
R05-AZ,2026-09-01 08:28:00,0.7340000000000089,-0.7729999999999944,19.667,0,0,none,-1
R05-AZ,2026-09-01 08:30:00,0.2449999999999992,0.665000000000008,18.793,0,0,none,-1
R05-AZ,2026-09-01 08:32:00,0.530999999999997,-2.16899999999999,20.298,0,0,none,-1
R05-AZ,2026-09-01 08:34:00,0.08,-0.8389999999999915,20.077,0,0,none,-1
R05-AZ,2026-09-01 08:36:00,-0.0450000000000017,-1.2489999999999952,20.225,0,0,none,-1
R05-AZ,2026-09-01 08:38:00,-0.2939999999999969,-0.1569999999999964,20.131,0,0,none,-1
R05-AZ,2026-09-01 08:40:00,0.6315000000000008,-0.4760000000000008,19.422,0,0,none,-1
R05-AZ,2026-09-01 08:42:00,-0.2259999999999991,-0.5819999999999883,20.315,0,0,none,-1
R05-AZ,2026-09-01 08:44:00,-0.3299999999999965,0.2800000000000064,19.839,0,0,none,-1
R05-AZ,2026-09-01 08:46:00,0.4270000000000049,-0.92049999999999,20.257,0,0,none,-1
R05-AZ,2026-09-01 08:48:00,0.6270000000000095,0.5580000000000052,19.33,0,0,none,-1
R05-AZ,2026-09-01 08:50:00,0.4869999999999965,0.0340000000000166,19.485,0,0,none,-1
R05-AZ,2026-09-01 08:52:00,-0.5060000000000002,-0.6769999999999907,20.392,0,0,none,-1
R05-AZ,2026-09-01 08:54:00,0.5129999999999999,-0.8299999999999965,20.278,0,0,none,-1
R05-AZ,2026-09-01 08:56:00,1.090000000000007,0.1070000000000064,19.414,0,0,fiber_degradation,19
R05-AZ,2026-09-01 08:58:00,0.4620000000000033,-0.0359999999999907,19.821,0,0,fiber_degradation,19
R05-AZ,2026-09-01 09:00:00,1.950999999999997,-0.8104999999999905,19.841,0,0,fiber_degradation,19
R05-AZ,2026-09-01 09:02:00,1.3350000000000062,-1.4024999999999928,19.713,0,0,fiber_degradation,19
R05-AZ,2026-09-01 09:04:00,1.2520000000000078,-3.4249999999999954,20.136,0,0,fiber_degradation,19
R05-AZ,2026-09-01 09:06:00,1.869,-1.9789999999999883,20.073,0,0,fiber_degradation,19
R05-AZ,2026-09-01 09:08:00,2.2249999999999943,-2.8299999999999947,19.97,0,0,fiber_degradation,19
R05-AZ,2026-09-01 09:10:00,2.492499999999998,-2.163999999999996,19.838,0,0,fiber_degradation,19
R05-AZ,2026-09-01 09:12:00,1.9320000000000024,-2.7949999999999857,19.47,0,0,fiber_degradation,19
R05-AZ,2026-09-01 09:14:00,3.097499999999995,-3.926999999999989,19.852,0,0,fiber_degradation,19
R05-AZ,2026-09-01 09:16:00,1.2390000000000043,-2.32899999999999,19.782,0,0,fiber_degradation,19
R05-AZ,2026-09-01 09:18:00,2.045,-4.663999999999991,19.721,0,0,fiber_degradation,19
R05-AZ,2026-09-01 09:20:00,1.7310000000000016,-3.590999999999996,18.394,0,0,fiber_degradation,19
R05-AZ,2026-09-01 09:22:00,1.1960000000000015,-5.327999999999989,19.908,0,0,fiber_degradation,19
R05-AZ,2026-09-01 09:24:00,1.8270000000000015,-5.95399999999999,19.602,0,0,fiber_degradation,19
R05-AZ,2026-09-01 09:26:00,1.6200000000000028,-5.777999999999999,19.799,0,0,fiber_degradation,19
R05-AZ,2026-09-01 09:28:00,1.586000000000004,-5.810999999999995,20.073,0,0,fiber_degradation,19
R05-AZ,2026-09-01 09:30:00,1.7599999999999962,-6.9269999999999925,19.596,0,0,fiber_degradation,19
R05-AZ,2026-09-01 09:32:00,1.6570000000000036,-6.71399999999999,18.672,0,0,fiber_degradation,19
R05-AZ,2026-09-01 09:34:00,1.9600000000000024,-7.933999999999985,19.755,0,0,fiber_degradation,19
R05-AZ,2026-09-01 09:36:00,2.904500000000006,-7.523999999999992,19.69,0,0,fiber_degradation,19
R05-AZ,2026-09-01 09:38:00,2.962500000000004,-7.470999999999988,19.732,0,0,fiber_degradation,19
R05-AZ,2026-09-01 09:40:00,2.567,-7.270499999999991,19.643,0,0,fiber_degradation,19
R05-AZ,2026-09-01 09:42:00,1.901,-7.493999999999994,19.641,0,0,fiber_degradation,19
R05-AZ,2026-09-01 09:44:00,1.983500000000003,-6.562999999999985,18.714,0,0,fiber_degradation,19
R05-AZ,2026-09-01 09:46:00,2.8670000000000044,-7.0199999999999925,18.836,0,0,fiber_degradation,19
R05-AZ,2026-09-01 09:48:00,2.273,-5.263499999999997,18.534,0,0,fiber_degradation,19
R05-AZ,2026-09-01 09:50:00,1.7790000000000017,-7.485999999999988,20.056,0,0,fiber_degradation,19
R05-AZ,2026-09-01 09:52:00,1.1690000000000058,-6.691999999999988,19.875,0,0,fiber_degradation,19
R05-AZ,2026-09-01 09:54:00,2.575000000000008,-6.904999999999996,18.52,0,0,fiber_degradation,19
R05-AZ,2026-09-01 09:56:00,2.732999999999997,-7.93499999999999,19.165,0,0,fiber_degradation,19
R05-AZ,2026-09-01 09:58:00,2.9570000000000025,-6.268999999999998,19.211,0,0,fiber_degradation,19
R05-ZA,2026-09-01 00:00:00,-1.4429999999999945,0.6600000000000037,20.252,0,0,none,-1
R05-ZA,2026-09-01 00:02:00,-1.782999999999987,1.1890000000000018,20.255,0,0,none,-1
R05-ZA,2026-09-01 00:04:00,-1.138999999999994,0.707499999999996,20.271,0,0,none,-1
R05-ZA,2026-09-01 00:06:00,-0.3819999999999925,1.4089999999999918,20.293,0,0,none,-1
R05-ZA,2026-09-01 00:08:00,-1.2339999999999964,2.1765000000000008,20.126,0,0,none,-1
R05-ZA,2026-09-01 00:10:00,-1.2119999999999962,-0.1799999999999926,20.181,0,0,none,-1
R05-ZA,2026-09-01 00:12:00,-1.6059999999999928,1.1680000000000028,20.337,0,0,none,-1
R05-ZA,2026-09-01 00:14:00,-1.911999999999992,0.073999999999998,20.237,0,0,none,-1
R05-ZA,2026-09-01 00:16:00,-0.6079999999999988,1.768999999999993,20.023,0,0,none,-1
R05-ZA,2026-09-01 00:18:00,-0.8329999999999878,1.4499999999999955,20.151,0,0,none,-1
R05-ZA,2026-09-01 00:20:00,-0.3240000000000034,1.1315000000000062,19.925,0,0,none,-1
R05-ZA,2026-09-01 00:22:00,-1.3669999999999956,1.457000000000006,20.259,0,0,none,-1
R05-ZA,2026-09-01 00:24:00,-0.6060000000000016,-38.785,-15.481,1,1,fiber_cut,6
R05-ZA,2026-09-01 00:26:00,-2.110000000000003,-36.926,-16.284,1,1,fiber_cut,6
R05-ZA,2026-09-01 00:28:00,-0.5839999999999996,-38.767,-16.303,1,1,fiber_cut,6
R05-ZA,2026-09-01 00:30:00,-1.565999999999983,-37.952,-16.005,1,1,fiber_cut,6
R05-ZA,2026-09-01 00:32:00,-1.5230000000000017,-37.531,-15.066,1,1,fiber_cut,6
R05-ZA,2026-09-01 00:34:00,-0.8109999999999946,-37.733,-16.16,1,1,fiber_cut,6
R05-ZA,2026-09-01 00:36:00,-1.2929999999999977,-39.778000000000006,-16.603,1,1,fiber_cut,6
R05-ZA,2026-09-01 00:38:00,-2.3229999999999897,-38.986,-16.025,1,1,fiber_cut,6
R05-ZA,2026-09-01 00:40:00,-1.1089999999999982,-39.11,-16.153,1,1,fiber_cut,6
R05-ZA,2026-09-01 00:42:00,-0.955999999999996,-36.821000000000005,-14.645,1,1,fiber_cut,6
R05-ZA,2026-09-01 00:44:00,-1.2379999999999978,-38.8195,-16.154,1,1,fiber_cut,6
R05-ZA,2026-09-01 00:46:00,-0.6809999999999956,-37.748000000000005,-15.282,1,1,fiber_cut,6
R05-ZA,2026-09-01 00:48:00,-1.523999999999992,-38.59750000000001,-16.23,1,1,fiber_cut,6
R05-ZA,2026-09-01 00:50:00,-1.3549999999999969,-38.724,-15.366,1,1,fiber_cut,6
R05-ZA,2026-09-01 00:52:00,-1.406499999999994,-39.3705,-16.506,1,1,fiber_cut,6
R05-ZA,2026-09-01 00:54:00,-1.558999999999994,-38.544,-15.625,1,1,fiber_cut,6
R05-ZA,2026-09-01 00:56:00,-2.0,-40.3015,-16.625,1,1,fiber_cut,6
R05-ZA,2026-09-01 00:58:00,-0.8030000000000062,-38.88,-15.871,1,1,fiber_cut,6
R05-ZA,2026-09-01 01:00:00,-0.6589999999999989,1.9259999999999984,20.012,0,0,none,-1
R05-ZA,2026-09-01 01:02:00,-1.875666666666655,2.124000000000004,20.241,0,0,none,-1
R05-ZA,2026-09-01 01:04:00,-1.4313333333333311,1.6349999999999998,19.97,0,0,none,-1
R05-ZA,2026-09-01 01:06:00,-0.0889999999999986,0.3990000000000027,19.749,0,0,none,-1
R05-ZA,2026-09-01 01:08:00,-1.172499999999996,1.891999999999994,20.142,0,0,none,-1
R05-ZA,2026-09-01 01:10:00,-1.3719999999999946,4.5959999999999965,19.654,0,0,none,-1
R05-ZA,2026-09-01 01:12:00,-0.6449999999999925,2.3635,20.166,0,0,none,-1
R05-ZA,2026-09-01 01:14:00,-1.1269999999999951,2.930999999999999,20.167,0,0,none,-1
R05-ZA,2026-09-01 01:16:00,-1.1530000000000005,0.3350000000000044,20.061,0,0,none,-1
R05-ZA,2026-09-01 01:18:00,-1.5530000000000008,0.940000000000003,20.242,0,0,none,-1
R05-ZA,2026-09-01 01:20:00,-2.109499999999992,1.5790000000000006,20.264,0,0,amplifier_degradation,10
R05-ZA,2026-09-01 01:22:00,-3.0219999999999985,2.835999999999995,20.182,0,0,amplifier_degradation,10
R05-ZA,2026-09-01 01:24:00,-2.8549999999999915,1.300500000000003,20.075,0,0,amplifier_degradation,10
R05-ZA,2026-09-01 01:26:00,-2.930999999999992,1.040499999999998,20.131,0,0,amplifier_degradation,10
R05-ZA,2026-09-01 01:28:00,-3.970999999999997,1.5199999999999978,20.109,0,0,amplifier_degradation,10
R05-ZA,2026-09-01 01:30:00,-3.1859999999999946,3.448999999999998,19.991,0,0,amplifier_degradation,10
R05-ZA,2026-09-01 01:32:00,-3.566999999999995,1.6459999999999972,19.938,0,0,amplifier_degradation,10
R05-ZA,2026-09-01 01:34:00,-3.4669999999999934,1.6420000000000048,19.852,0,0,amplifier_degradation,10
R05-ZA,2026-09-01 01:36:00,-3.8204999999999862,0.5200000000000014,19.705,0,0,amplifier_degradation,10
R05-ZA,2026-09-01 01:38:00,-5.089999999999993,2.3210000000000037,19.714,0,0,amplifier_degradation,10
R05-ZA,2026-09-01 01:40:00,-4.348000000000001,0.9730000000000024,19.079,0,0,amplifier_degradation,10
R05-ZA,2026-09-01 01:42:00,-5.347999999999992,3.4200000000000053,19.302,0,0,amplifier_degradation,10
R05-ZA,2026-09-01 01:44:00,-6.017499999999989,1.5469999999999988,18.895,0,0,amplifier_degradation,10
R05-ZA,2026-09-01 01:46:00,-6.076499999999991,1.123000000000001,18.507,0,0,amplifier_degradation,10
R05-ZA,2026-09-01 01:48:00,-6.676499999999995,1.182999999999998,18.374,0,0,amplifier_degradation,10
R05-ZA,2026-09-01 01:50:00,-7.079999999999988,2.5699999999999985,18.375,1,0,amplifier_degradation,10
R05-ZA,2026-09-01 01:52:00,-6.606999999999996,0.1210000000000004,17.982,1,0,amplifier_degradation,10
R05-ZA,2026-09-01 01:54:00,-7.699000000000002,3.088499999999996,18.542,0,0,amplifier_degradation,10
R05-ZA,2026-09-01 01:56:00,-7.6239999999999934,2.662999999999992,18.323,0,0,amplifier_degradation,10
R05-ZA,2026-09-01 01:58:00,-8.396999999999993,3.043999999999997,17.627,1,0,amplifier_degradation,10
R05-ZA,2026-09-01 02:00:00,-8.611999999999998,0.9849999999999994,16.648,1,1,amplifier_degradation,10
R05-ZA,2026-09-01 02:02:00,-9.024999999999991,1.6769999999999945,16.585,1,1,amplifier_degradation,10
R05-ZA,2026-09-01 02:04:00,-9.209999999999994,2.478999999999997,16.859,1,1,amplifier_degradation,10
R05-ZA,2026-09-01 02:06:00,-9.713499999999996,2.762999999999998,16.983,1,1,amplifier_degradation,10
R05-ZA,2026-09-01 02:08:00,-9.444999999999984,0.9919999999999938,16.045,1,1,amplifier_degradation,10
R05-ZA,2026-09-01 02:10:00,-11.12999999999999,2.668000000000003,16.341,1,1,amplifier_degradation,10
R05-ZA,2026-09-01 02:12:00,-9.932000000000004,2.8400000000000016,16.361,1,1,amplifier_degradation,10
R05-ZA,2026-09-01 02:14:00,-11.103999999999996,1.7240000000000002,14.999,1,1,amplifier_degradation,10
R05-ZA,2026-09-01 02:16:00,-11.907999999999992,0.4810000000000016,13.508,1,1,amplifier_degradation,10
R05-ZA,2026-09-01 02:18:00,-13.273999999999994,3.076999999999993,14.475,1,1,amplifier_degradation,10
R05-ZA,2026-09-01 02:20:00,-12.762999999999993,2.1850000000000023,13.933,1,1,amplifier_degradation,10
R05-ZA,2026-09-01 02:22:00,-12.637999999999996,0.7750000000000039,13.447,1,1,amplifier_degradation,10
R05-ZA,2026-09-01 02:24:00,-13.928999999999998,4.549000000000005,14.594,1,1,amplifier_degradation,10
R05-ZA,2026-09-01 02:26:00,-12.784999999999991,1.287999999999995,13.057,1,1,amplifier_degradation,10
R05-ZA,2026-09-01 02:28:00,-12.670999999999996,1.4400000000000048,13.632,1,1,amplifier_degradation,10
R05-ZA,2026-09-01 02:30:00,-11.167999999999994,1.785000000000002,13.782,1,1,amplifier_degradation,10
R05-ZA,2026-09-01 02:32:00,-13.015999999999996,3.980999999999998,14.998,1,1,amplifier_degradation,10
R05-ZA,2026-09-01 02:34:00,-12.230000000000002,3.0339999999999847,15.098,1,1,amplifier_degradation,10
R05-ZA,2026-09-01 02:36:00,-13.338999999999997,2.0580000000000016,13.696,1,1,amplifier_degradation,10
R05-ZA,2026-09-01 02:38:00,-12.233999999999993,2.006000000000002,14.244,1,1,amplifier_degradation,10
R05-ZA,2026-09-01 02:40:00,-11.79199999999999,2.6260000000000083,14.776,1,1,amplifier_degradation,10
R05-ZA,2026-09-01 02:42:00,-12.723000000000004,1.8610000000000024,13.584,1,1,amplifier_degradation,10
R05-ZA,2026-09-01 02:44:00,-13.028999999999987,2.8200000000000003,14.263,1,1,amplifier_degradation,10
R05-ZA,2026-09-01 02:46:00,-12.617,1.7979999999999965,14.093,1,1,amplifier_degradation,10
R05-ZA,2026-09-01 02:48:00,-12.557999999999996,0.0900000000000051,13.487,1,1,amplifier_degradation,10
R05-ZA,2026-09-01 02:50:00,-12.235999999999995,2.622000000000005,13.449,1,1,amplifier_degradation,10
R05-ZA,2026-09-01 02:52:00,-12.529999999999994,2.0479999999999965,14.337,1,1,amplifier_degradation,10
R05-ZA,2026-09-01 02:54:00,-13.409999999999991,1.9970000000000037,13.32,1,1,amplifier_degradation,10
R05-ZA,2026-09-01 02:56:00,-12.724999999999996,-0.0810000000000048,13.218,1,1,amplifier_degradation,10
R05-ZA,2026-09-01 02:58:00,-12.559999999999992,3.2399999999999984,14.878,1,1,amplifier_degradation,10
R05-ZA,2026-09-01 03:00:00,-12.519999999999992,0.9699999999999972,13.428,1,1,amplifier_degradation,10
R05-ZA,2026-09-01 03:02:00,-12.575999999999992,1.1995000000000076,13.936,1,1,amplifier_degradation,10
R05-ZA,2026-09-01 03:04:00,-12.173999999999996,3.1704999999999988,14.13,1,1,amplifier_degradation,10
R05-ZA,2026-09-01 03:06:00,-12.428999999999997,1.758000000000001,14.123,1,1,amplifier_degradation,10
R05-ZA,2026-09-01 03:08:00,-1.894,2.064999999999994,20.223,0,0,none,-1
R05-ZA,2026-09-01 03:10:00,-2.028999999999998,2.5459999999999923,19.974,0,0,none,-1
R05-ZA,2026-09-01 03:12:00,-1.5219999999999985,2.105999999999998,20.257,0,0,none,-1
R05-ZA,2026-09-01 03:14:00,-0.979999999999988,2.005499999999998,19.877,0,0,none,-1
R05-ZA,2026-09-01 03:16:00,-1.1679999999999957,2.2170000000000005,20.237,0,0,none,-1
R05-ZA,2026-09-01 03:18:00,-1.3259999999999952,2.792000000000004,20.159,0,0,none,-1
R05-ZA,2026-09-01 03:20:00,-0.9659999999999922,0.7519999999999971,20.282,0,0,none,-1
R05-ZA,2026-09-01 03:22:00,-1.2889999999999997,1.5269999999999992,20.21,0,0,none,-1
R05-ZA,2026-09-01 03:24:00,-0.5749999999999904,1.3069999999999986,20.217,0,0,none,-1
R05-ZA,2026-09-01 03:26:00,-0.1970000000000009,1.8779999999999983,19.971,0,0,none,-1
R05-ZA,2026-09-01 03:28:00,-1.3914999999999915,2.6519999999999992,20.126,0,0,none,-1
R05-ZA,2026-09-01 03:30:00,-1.723999999999991,2.853000000000005,20.271,0,0,none,-1
R05-ZA,2026-09-01 03:32:00,-1.5269999999999977,0.2179999999999964,20.168,0,0,none,-1
R05-ZA,2026-09-01 03:34:00,-1.691999999999993,3.055999999999996,20.268,0,0,none,-1
R05-ZA,2026-09-01 03:36:00,-0.6800000000000015,1.0650000000000013,20.173,0,0,none,-1
R05-ZA,2026-09-01 03:38:00,-1.3989999999999974,1.226999999999995,20.212,0,0,none,-1
R05-ZA,2026-09-01 03:40:00,-0.9269999999999944,1.7030000000000085,20.003,0,0,none,-1
R05-ZA,2026-09-01 03:42:00,-0.4409999999999971,2.363000000000003,19.988,0,0,none,-1
R05-ZA,2026-09-01 03:44:00,-1.368999999999998,1.4209999999999976,20.313,0,0,none,-1
R05-ZA,2026-09-01 03:46:00,-1.874999999999993,1.8269999999999944,20.15,0,0,none,-1
R05-ZA,2026-09-01 03:48:00,-0.745499999999991,2.0649999999999995,19.783,0,0,none,-1
R05-ZA,2026-09-01 03:50:00,-0.8089999999999957,2.4069999999999965,20.025,0,0,none,-1
R05-ZA,2026-09-01 03:52:00,-0.8909999999999965,2.5070000000000032,20.092,0,0,none,-1
R05-ZA,2026-09-01 03:54:00,-1.1409999999999965,1.8580000000000023,20.118,0,0,none,-1
R05-ZA,2026-09-01 03:56:00,-1.2869999999999937,2.038999999999989,20.131,0,0,none,-1
R05-ZA,2026-09-01 03:58:00,-1.510999999999992,1.421999999999997,20.345,0,0,none,-1
R05-ZA,2026-09-01 04:00:00,-0.9579999999999947,2.1240000000000023,20.159,0,0,none,-1
R05-ZA,2026-09-01 04:02:00,-1.016999999999994,-0.0159999999999982,20.182,0,0,none,-1
R05-ZA,2026-09-01 04:04:00,-1.76499999999999,1.5879999999999992,20.244,0,0,none,-1
R05-ZA,2026-09-01 04:06:00,-1.6899999999999924,1.4390000000000054,20.21,0,0,none,-1
R05-ZA,2026-09-01 04:08:00,-1.6969999999999956,2.263499999999995,20.225,0,0,none,-1
R05-ZA,2026-09-01 04:10:00,-1.7349999999999994,1.5164999999999988,20.24,0,0,none,-1
R05-ZA,2026-09-01 04:12:00,-1.3899999999999952,2.8509999999999973,20.212,0,0,none,-1
R05-ZA,2026-09-01 04:14:00,-1.7699999999999907,1.389000000000003,20.305,0,0,none,-1
R05-ZA,2026-09-01 04:16:00,-1.1449999999999942,0.3269999999999964,20.222,0,0,none,-1
R05-ZA,2026-09-01 04:18:00,-0.9034999999999922,1.5149999999999952,20.327,0,0,none,-1
R05-ZA,2026-09-01 04:20:00,-1.6689999999999952,1.8059999999999972,20.295,0,0,none,-1
R05-ZA,2026-09-01 04:22:00,-1.1984999999999904,1.708999999999998,20.296,0,0,none,-1
R05-ZA,2026-09-01 04:24:00,-0.7469999999999981,0.6920000000000037,20.217,0,0,none,-1
R05-ZA,2026-09-01 04:26:00,-0.3119999999999905,2.007000000000001,20.032,0,0,none,-1
R05-ZA,2026-09-01 04:28:00,-0.4829999999999952,0.278999999999991,20.204,0,0,none,-1
R05-ZA,2026-09-01 04:30:00,-1.4259999999999895,2.2379999999999995,20.132,0,0,none,-1
R05-ZA,2026-09-01 04:32:00,0.1420000000000101,0.719000000000003,20.186,0,0,none,-1
R05-ZA,2026-09-01 04:34:00,-0.6579999999999924,0.5430000000000028,20.227,0,0,none,-1
R05-ZA,2026-09-01 04:36:00,-0.6899999999999995,0.3600000000000065,20.236,0,0,none,-1
R05-ZA,2026-09-01 04:38:00,-0.8249999999999886,0.0625000000000053,20.231,0,0,none,-1
R05-ZA,2026-09-01 04:40:00,-1.7829999999999924,0.2980000000000018,20.153,0,0,none,-1
R05-ZA,2026-09-01 04:42:00,-1.292999999999994,0.5750000000000011,20.208,0,0,none,-1
R05-ZA,2026-09-01 04:44:00,-1.0169999999999977,0.8770000000000042,20.206,0,0,none,-1
R05-ZA,2026-09-01 04:46:00,-2.275999999999996,1.8665000000000005,20.303,0,0,none,-1
R05-ZA,2026-09-01 04:48:00,-1.3909999999999965,0.7750000000000004,20.119,0,0,none,-1
R05-ZA,2026-09-01 04:50:00,-1.9319999999999933,1.0509999999999948,20.243,0,0,none,-1
R05-ZA,2026-09-01 04:52:00,-1.4939999999999998,1.986000000000004,20.216,0,0,none,-1
R05-ZA,2026-09-01 04:54:00,-0.7480000000000011,1.3620000000000054,19.999,0,0,fiber_degradation,18
R05-ZA,2026-09-01 04:56:00,-1.6629999999999985,0.9189999999999968,20.268,0,0,fiber_degradation,18
R05-ZA,2026-09-01 04:58:00,-1.363999999999992,-0.1439999999999983,20.237,0,0,fiber_degradation,18
R05-ZA,2026-09-01 05:00:00,-0.868999999999998,0.940999999999999,19.7,0,0,fiber_degradation,18
R05-ZA,2026-09-01 05:02:00,-1.103499999999995,1.090500000000013,20.036,0,0,fiber_degradation,18
R05-ZA,2026-09-01 05:04:00,-0.9369999999999924,-0.7849999999999948,19.981,0,0,fiber_degradation,18
R05-ZA,2026-09-01 05:06:00,-1.888499999999997,0.394999999999996,19.912,0,0,fiber_degradation,18
R05-ZA,2026-09-01 05:08:00,-0.9459999999999996,-2.3880000000000017,19.73,0,0,fiber_degradation,18
R05-ZA,2026-09-01 05:10:00,-1.148499999999995,-0.9340000000000046,20.035,0,0,fiber_degradation,18
R05-ZA,2026-09-01 05:12:00,0.0050000000000096,-0.4930000000000092,20.061,0,0,fiber_degradation,18
R05-ZA,2026-09-01 05:14:00,-1.124000000000004,-0.7680000000000007,20.029,0,0,fiber_degradation,18
R05-ZA,2026-09-01 05:16:00,-1.8129999999999955,-2.037999999999993,19.923,0,0,fiber_degradation,18
R05-ZA,2026-09-01 05:18:00,-0.716999999999997,-0.9514999999999958,19.924,0,0,fiber_degradation,18
R05-ZA,2026-09-01 05:20:00,-1.501999999999985,-1.8769999999999956,19.889,0,0,fiber_degradation,18
R05-ZA,2026-09-01 05:22:00,-1.3914999999999882,-2.0940000000000083,19.988,0,0,fiber_degradation,18
R05-ZA,2026-09-01 05:24:00,-1.3489999999999966,-1.6609999999999978,19.88,0,0,fiber_degradation,18
R05-ZA,2026-09-01 05:26:00,-1.2099999999999955,-1.5920000000000003,20.011,0,0,fiber_degradation,18
R05-ZA,2026-09-01 05:28:00,-1.7659999999999965,-2.1060000000000016,19.759,0,0,fiber_degradation,18
R05-ZA,2026-09-01 05:30:00,-1.3249999999999886,-0.3049999999999979,19.843,0,0,fiber_degradation,18
R05-ZA,2026-09-01 05:32:00,-1.4799999999999969,-2.374833333333332,19.73,0,0,fiber_degradation,18
R05-ZA,2026-09-01 05:34:00,-1.3869999999999931,0.7908333333333317,20.189,0,0,none,-1
R05-ZA,2026-09-01 05:36:00,-0.8859999999999921,0.5219999999999967,20.27,0,0,none,-1
R05-ZA,2026-09-01 05:38:00,-1.2479999999999958,1.388,20.301,0,0,none,-1
R05-ZA,2026-09-01 05:40:00,-1.2040000000000006,0.6010000000000009,20.164,0,0,none,-1
R05-ZA,2026-09-01 05:42:00,-1.3119999999999925,0.4844999999999917,20.236,0,0,none,-1
R05-ZA,2026-09-01 05:44:00,-1.958,1.7049999999999983,20.303,0,0,none,-1
R05-ZA,2026-09-01 05:46:00,-1.4714999999999918,0.7720000000000002,20.144,0,0,none,-1
R05-ZA,2026-09-01 05:48:00,-1.7309999999999943,1.5059999999999985,20.21,0,0,none,-1
R05-ZA,2026-09-01 05:50:00,-1.4699999999999882,1.7250000000000032,20.207,0,0,none,-1
R05-ZA,2026-09-01 05:52:00,-1.5929999999999929,1.9109999999999945,20.179,0,0,none,-1
R05-ZA,2026-09-01 05:54:00,-0.8119999999999994,0.3509999999999955,20.145,0,0,none,-1
R05-ZA,2026-09-01 05:56:00,-1.1069999999999922,-0.511000000000001,20.22,0,0,none,-1
R05-ZA,2026-09-01 05:58:00,-1.831999999999992,0.0680000000000013,20.264,0,0,none,-1
R05-ZA,2026-09-01 06:00:00,-0.747999999999994,-0.7309999999999999,20.194,0,0,none,-1
R05-ZA,2026-09-01 06:02:00,-1.1589999999999954,0.8379999999999992,20.276,0,0,none,-1
R05-ZA,2026-09-01 06:04:00,-1.1259999999999977,0.6279999999999966,20.252,0,0,none,-1
R05-ZA,2026-09-01 06:06:00,-1.625999999999996,0.2469999999999981,20.254,0,0,none,-1
R05-ZA,2026-09-01 06:08:00,-0.3369999999999944,0.862000000000009,20.263,0,0,none,-1
R05-ZA,2026-09-01 06:10:00,-1.530999999999997,1.0365000000000055,20.215,0,0,none,-1
R05-ZA,2026-09-01 06:12:00,-0.957499999999996,0.0649999999999959,20.1,0,0,none,-1
R05-ZA,2026-09-01 06:14:00,-1.8799999999999937,0.4799999999999986,20.11,0,0,none,-1
R05-ZA,2026-09-01 06:16:00,-0.8694999999999933,2.7170000000000023,20.125,0,0,none,-1
R05-ZA,2026-09-01 06:18:00,-2.0059999999999985,0.9779999999999998,20.28,0,0,amplifier_degradation,18
R05-ZA,2026-09-01 06:20:00,-2.201999999999994,0.6400000000000006,20.142,0,0,amplifier_degradation,18
R05-ZA,2026-09-01 06:22:00,-2.813499999999989,-0.7930000000000028,19.797,0,0,amplifier_degradation,18
R05-ZA,2026-09-01 06:24:00,-3.034999999999995,2.0770000000000035,20.099,0,0,amplifier_degradation,18
R05-ZA,2026-09-01 06:26:00,-3.5759999999999934,-0.1110000000000042,19.878,0,0,amplifier_degradation,18
R05-ZA,2026-09-01 06:28:00,-4.215999999999992,-0.4839999999999982,19.674,0,0,amplifier_degradation,18
R05-ZA,2026-09-01 06:30:00,-5.036999999999988,-0.7649999999999952,19.798,0,0,amplifier_degradation,18
R05-ZA,2026-09-01 06:32:00,-4.593999999999996,0.1070000000000046,19.976,0,0,amplifier_degradation,18
R05-ZA,2026-09-01 06:34:00,-5.187999999999992,0.9920000000000028,19.767,0,0,amplifier_degradation,18
R05-ZA,2026-09-01 06:36:00,-5.542999999999996,1.3889999999999922,20.023,0,0,amplifier_degradation,18
R05-ZA,2026-09-01 06:38:00,-6.26799999999999,0.8269999999999982,19.455,1,0,amplifier_degradation,18
R05-ZA,2026-09-01 06:40:00,-6.857999999999995,0.0859999999999985,19.537,1,1,amplifier_degradation,18
R05-ZA,2026-09-01 06:42:00,-7.237999999999992,1.065000000000003,19.617,1,0,amplifier_degradation,18
R05-ZA,2026-09-01 06:44:00,-7.985999999999997,1.158000000000003,19.357,1,1,amplifier_degradation,18
R05-ZA,2026-09-01 06:46:00,-8.179999999999996,0.5539999999999967,19.328,1,1,amplifier_degradation,18
R05-ZA,2026-09-01 06:48:00,-8.154499999999997,-0.5389999999999961,18.458,1,1,amplifier_degradation,18
R05-ZA,2026-09-01 06:50:00,-8.218999999999998,0.7659999999999965,19.303,1,1,amplifier_degradation,18
R05-ZA,2026-09-01 06:52:00,-8.928999999999993,-0.3070000000000092,18.873,1,1,amplifier_degradation,18
R05-ZA,2026-09-01 06:54:00,-9.376999999999985,0.7555000000000014,19.293,1,1,amplifier_degradation,18
R05-ZA,2026-09-01 06:56:00,-9.573999999999998,1.0919999999999934,18.879,1,1,amplifier_degradation,18
R05-ZA,2026-09-01 06:58:00,-10.673499999999995,-0.2330000000000023,18.569,1,1,amplifier_degradation,18
R05-ZA,2026-09-01 07:00:00,-10.8725,0.023500000000002,18.273,1,1,amplifier_degradation,18
R05-ZA,2026-09-01 07:02:00,-12.086499999999994,1.1574999999999935,18.004,1,1,amplifier_degradation,18
R05-ZA,2026-09-01 07:04:00,-10.717000000000002,0.3929999999999989,18.61,1,1,amplifier_degradation,18
R05-ZA,2026-09-01 07:06:00,-10.795999999999996,-0.3099999999999987,18.548,1,1,amplifier_degradation,18
R05-ZA,2026-09-01 07:08:00,-11.650999999999994,0.5769999999999929,18.213,1,1,amplifier_degradation,18
R05-ZA,2026-09-01 07:10:00,-11.801999999999994,1.0249999999999968,18.453,1,1,amplifier_degradation,18
R05-ZA,2026-09-01 07:12:00,-11.732999999999992,-0.2889999999999961,18.212,1,1,amplifier_degradation,18
R05-ZA,2026-09-01 07:14:00,-10.58599999999999,-0.5640000000000054,18.562,1,1,amplifier_degradation,18
R05-ZA,2026-09-01 07:16:00,-10.970999999999997,0.379999999999999,18.27,1,1,amplifier_degradation,18
R05-ZA,2026-09-01 07:18:00,-11.773999999999996,-0.4779999999999962,18.258,1,1,amplifier_degradation,18
R05-ZA,2026-09-01 07:20:00,-10.454999999999998,-1.2604999999999915,18.119,1,1,amplifier_degradation,18
R05-ZA,2026-09-01 07:22:00,-12.361,0.7089999999999979,17.698,1,1,amplifier_degradation,18
R05-ZA,2026-09-01 07:24:00,-11.3455,0.4699999999999988,18.72,1,1,amplifier_degradation,18
R05-ZA,2026-09-01 07:26:00,-12.233999999999993,1.3190000000000026,18.376,1,1,amplifier_degradation,18
R05-ZA,2026-09-01 07:28:00,-11.168999999999995,0.0026666666666663,18.258,1,1,amplifier_degradation,18
R05-ZA,2026-09-01 07:30:00,-11.365999999999998,0.5203333333333351,18.37,1,1,amplifier_degradation,18
R05-ZA,2026-09-01 07:32:00,-1.5769999999999982,-0.1460000000000008,20.086,0,0,none,-1
R05-ZA,2026-09-01 07:34:00,-0.5510000000000019,1.533999999999999,20.191,0,0,none,-1
R05-ZA,2026-09-01 07:36:00,-1.965499999999997,-0.3329999999999948,20.186,0,0,none,-1
R05-ZA,2026-09-01 07:38:00,-1.369999999999994,0.2689999999999983,20.136,0,0,none,-1
R05-ZA,2026-09-01 07:40:00,-0.709500000000002,0.6259999999999977,20.158,0,0,none,-1
R05-ZA,2026-09-01 07:42:00,-1.266999999999994,1.4185000000000103,20.296,0,0,none,-1
R05-ZA,2026-09-01 07:44:00,-0.7329999999999952,-1.1119999999999948,20.054,0,0,none,-1
R05-ZA,2026-09-01 07:46:00,-0.4359999999999946,-0.9800000000000022,20.036,0,0,none,-1
R05-ZA,2026-09-01 07:48:00,-1.5209999999999972,0.485000000000003,20.213,0,0,none,-1
R05-ZA,2026-09-01 07:50:00,-1.2259999999999955,-0.5969999999999995,20.054,0,0,none,-1
R05-ZA,2026-09-01 07:52:00,-1.8129999999999933,0.9090000000000024,20.281,0,0,none,-1
R05-ZA,2026-09-01 07:54:00,-1.7119999999999944,0.3429999999999999,20.019,0,0,none,-1
R05-ZA,2026-09-01 07:56:00,-0.1529999999999844,1.1790000000000005,19.908,0,0,none,-1
R05-ZA,2026-09-01 07:58:00,-1.5984999999999996,-1.2939999999999987,19.751,0,0,none,-1
R05-ZA,2026-09-01 08:00:00,-0.384999999999998,-0.5640000000000018,20.08,0,0,none,-1
R05-ZA,2026-09-01 08:02:00,-1.5675000000000026,-0.2760000000000033,20.14,0,0,none,-1
R05-ZA,2026-09-01 08:04:00,-0.9649999999999944,0.5170000000000048,20.022,0,0,none,-1
R05-ZA,2026-09-01 08:06:00,-1.460999999999995,-0.6070000000000011,20.185,0,0,none,-1
R05-ZA,2026-09-01 08:08:00,-1.7849999999999897,0.7159999999999958,20.109,0,0,none,-1
R05-ZA,2026-09-01 08:10:00,-1.6809999999999974,-6.810499999999999,17.729,1,1,flapping,17
R05-ZA,2026-09-01 08:12:00,-1.5809999999999995,1.647999999999996,20.162,0,0,flapping,17
R05-ZA,2026-09-01 08:14:00,-0.8819999999999979,-6.049999999999999,18.231,1,1,flapping,17
R05-ZA,2026-09-01 08:16:00,-1.3599999999999977,-7.228999999999996,18.313,1,1,flapping,17
R05-ZA,2026-09-01 08:18:00,-0.8969999999999931,0.8434999999999988,20.284,0,0,flapping,17
R05-ZA,2026-09-01 08:20:00,-1.775999999999998,0.3289999999999971,20.064,0,0,flapping,17
R05-ZA,2026-09-01 08:22:00,-1.1829999999999965,-0.4060000000000023,20.155,0,0,flapping,17
R05-ZA,2026-09-01 08:24:00,-1.6214999999999955,-7.493000000000004,18.204,1,1,flapping,17
R05-ZA,2026-09-01 08:26:00,-0.8159999999999918,-6.4885,18.554,1,1,flapping,17
R05-ZA,2026-09-01 08:28:00,-0.709999999999992,-6.755999999999999,18.645,1,1,flapping,17
R05-ZA,2026-09-01 08:30:00,-1.9649999999999943,-7.097000000000003,18.187,1,1,flapping,17
R05-ZA,2026-09-01 08:32:00,-1.7164999999999928,-1.025999999999998,20.095,0,0,flapping,17
R05-ZA,2026-09-01 08:34:00,-0.822999999999988,-0.7689999999999912,20.117,0,0,flapping,17
R05-ZA,2026-09-01 08:36:00,-1.4159999999999917,-6.627500000000007,18.587,1,1,flapping,17
R05-ZA,2026-09-01 08:38:00,-1.3119999999999976,0.3880000000000088,19.945,0,0,flapping,17
R05-ZA,2026-09-01 08:40:00,0.0530000000000079,-1.1929999999999996,20.213,0,0,flapping,17
R05-ZA,2026-09-01 08:42:00,-1.1559999999999953,0.4630000000000009,20.165,0,0,flapping,17
R05-ZA,2026-09-01 08:44:00,-2.3969999999999967,-1.2870000000000026,19.857,0,0,flapping,17
R05-ZA,2026-09-01 08:46:00,-0.8739999999999934,-6.558000000000002,18.277,1,1,flapping,17
R05-ZA,2026-09-01 08:48:00,-2.023999999999999,-6.503000000000007,18.368,1,1,flapping,17
R05-ZA,2026-09-01 08:50:00,-0.6989999999999963,-6.356999999999999,18.359,1,1,flapping,17
R05-ZA,2026-09-01 08:52:00,-0.9399999999999888,-7.5870000000000015,18.078,1,1,flapping,17
R05-ZA,2026-09-01 08:54:00,-1.0559999999999974,-6.072999999999995,18.52,1,1,flapping,17
R05-ZA,2026-09-01 08:56:00,-2.1804999999999968,-6.059000000000003,18.199,1,1,flapping,17
R05-ZA,2026-09-01 08:58:00,-0.5190000000000019,-0.1224999999999987,20.176,0,0,flapping,17
R05-ZA,2026-09-01 09:00:00,-0.8734999999999999,0.4840000000000053,20.22,0,0,flapping,17
R05-ZA,2026-09-01 09:02:00,-2.25,-7.118000000000007,17.833,1,1,flapping,17
R05-ZA,2026-09-01 09:04:00,-1.1859999999999893,-6.210999999999997,18.319,1,1,flapping,17
R05-ZA,2026-09-01 09:06:00,-0.8844999999999974,-6.011499999999998,18.743,1,1,flapping,17
R05-ZA,2026-09-01 09:08:00,-0.2669999999999923,-6.846000000000004,18.183,1,1,flapping,17
R05-ZA,2026-09-01 09:10:00,-1.886999999999999,-6.411,17.609,1,1,flapping,17
R05-ZA,2026-09-01 09:12:00,-0.9869999999999912,-5.168000000000003,18.547,1,0,flapping,17
R05-ZA,2026-09-01 09:14:00,-1.12999999999999,-0.9149999999999974,20.122,0,0,flapping,17
R05-ZA,2026-09-01 09:16:00,-1.9009999999999887,-0.7530000000000001,20.096,0,0,flapping,17
R05-ZA,2026-09-01 09:18:00,-0.5389999999999961,0.3460000000000072,20.243,0,0,flapping,17
R05-ZA,2026-09-01 09:20:00,-0.9499999999999976,1.1820000000000022,20.111,0,0,flapping,17
R05-ZA,2026-09-01 09:22:00,-0.4990000000000023,-6.534000000000001,18.517,1,1,flapping,17
R05-ZA,2026-09-01 09:24:00,-1.0274999999999856,0.506000000000002,20.187,0,0,flapping,17
R05-ZA,2026-09-01 09:26:00,-1.202999999999994,-1.3199999999999896,20.065,0,0,flapping,17
R05-ZA,2026-09-01 09:28:00,-1.5619999999999976,-0.6910000000000025,20.05,0,0,flapping,17
R05-ZA,2026-09-01 09:30:00,-0.5259999999999945,-6.870999999999999,18.502,1,1,flapping,17
R05-ZA,2026-09-01 09:32:00,-1.852999999999998,-5.184999999999997,18.657,1,1,flapping,17
R05-ZA,2026-09-01 09:34:00,-1.5939999999999903,-6.659999999999998,18.159,1,1,flapping,17
R05-ZA,2026-09-01 09:36:00,-2.0539999999999914,-8.538999999999996,17.289,1,1,flapping,17
R05-ZA,2026-09-01 09:38:00,-1.418000000000001,-7.495000000000001,18.145,1,1,flapping,17
R05-ZA,2026-09-01 09:40:00,-0.8239999999999927,-1.1789999999999985,19.993,0,0,flapping,17
R05-ZA,2026-09-01 09:42:00,-2.243999999999991,-0.6030000000000051,19.83,0,0,flapping,17
R05-ZA,2026-09-01 09:44:00,-1.5829999999999984,-0.8719999999999999,19.898,0,0,flapping,17
R05-ZA,2026-09-01 09:46:00,-1.2824999999999953,-6.997000000000003,18.32,1,1,flapping,17
R05-ZA,2026-09-01 09:48:00,-0.5239999999999991,1.1849999999999952,20.234,0,0,flapping,17
R05-ZA,2026-09-01 09:50:00,-1.019999999999996,1.0279999999999987,20.216,0,0,none,-1
R05-ZA,2026-09-01 09:52:00,-0.1454999999999966,0.2510000000000012,20.205,0,0,none,-1
R05-ZA,2026-09-01 09:54:00,-1.6779999999999955,1.0099999999999962,20.128,0,0,none,-1
R05-ZA,2026-09-01 09:56:00,-1.724499999999992,-18.934000000000005,6.14,1,1,flapping,15
R05-ZA,2026-09-01 09:58:00,-1.389999999999997,1.4430000000000014,20.292,0,0,flapping,15
R06-AZ,2026-09-01 00:00:00,-0.6530000000000022,-0.386000000000001,20.17,0,0,none,-1
R06-AZ,2026-09-01 00:02:00,-1.0679999999999996,-0.0670000000000072,20.37,0,0,none,-1
R06-AZ,2026-09-01 00:04:00,-0.7460000000000093,1.0709999999999926,19.145,0,0,none,-1
R06-AZ,2026-09-01 00:06:00,-1.1520000000000064,0.1079999999999952,20.18,0,0,none,-1
R06-AZ,2026-09-01 00:08:00,-1.226000000000008,0.0709999999999926,20.554,0,0,none,-1
R06-AZ,2026-09-01 00:10:00,-0.9079999999999976,-0.7070000000000061,20.408,0,0,none,-1
R06-AZ,2026-09-01 00:12:00,-8.870000000000005,0.1179999999999932,16.344,1,1,amplifier_degradation,1
R06-AZ,2026-09-01 00:14:00,-7.085000000000001,-0.1060000000000052,16.66,1,1,amplifier_degradation,1
R06-AZ,2026-09-01 00:16:00,-8.19700000000001,2.2499999999999964,16.91,1,0,amplifier_degradation,1
R06-AZ,2026-09-01 00:18:00,-8.289000000000007,-0.166999999999998,16.237,1,1,amplifier_degradation,1
R06-AZ,2026-09-01 00:20:00,-7.293999999999997,-0.2270000000000038,17.103,1,1,amplifier_degradation,1
R06-AZ,2026-09-01 00:22:00,-8.33400000000001,-0.3730000000000011,16.971,1,1,amplifier_degradation,1
R06-AZ,2026-09-01 00:24:00,-9.065000000000005,-0.4985000000000124,16.806,1,1,amplifier_degradation,1
R06-AZ,2026-09-01 00:26:00,-7.508000000000003,-1.6530000000000058,16.046,1,1,amplifier_degradation,1
R06-AZ,2026-09-01 00:28:00,-8.79200000000001,1.5019999999999936,16.884,1,1,amplifier_degradation,1
R06-AZ,2026-09-01 00:30:00,-8.249000000000004,0.4869999999999912,16.81,1,1,amplifier_degradation,1
R06-AZ,2026-09-01 00:32:00,-7.070000000000004,-0.4570000000000025,17.006,0,1,amplifier_degradation,1
R06-AZ,2026-09-01 00:34:00,-8.072500000000002,-0.4150000000000045,16.446,1,1,amplifier_degradation,1
R06-AZ,2026-09-01 00:36:00,-8.504999999999997,-0.1200000000000045,16.415,1,1,amplifier_degradation,1
R06-AZ,2026-09-01 00:38:00,-7.975999999999994,-1.8065000000000089,16.17,1,1,amplifier_degradation,1
R06-AZ,2026-09-01 00:40:00,-8.608000000000002,-1.5700000000000092,15.815,1,1,amplifier_degradation,1
R06-AZ,2026-09-01 00:42:00,-8.005,-1.6695000000000082,15.996,1,1,amplifier_degradation,1
R06-AZ,2026-09-01 00:44:00,-7.969000000000005,-0.7180000000000053,16.715,1,1,amplifier_degradation,1
R06-AZ,2026-09-01 00:46:00,-8.349000000000007,-0.2490000000000076,16.468,1,1,amplifier_degradation,1
R06-AZ,2026-09-01 00:48:00,-8.68200000000001,-0.0290000000000087,15.761,1,1,amplifier_degradation,1
R06-AZ,2026-09-01 00:50:00,-8.121000000000004,-1.1150000000000055,15.982,1,1,amplifier_degradation,1
R06-AZ,2026-09-01 00:52:00,-7.265000000000008,-1.481999999999999,16.266,1,1,amplifier_degradation,1
R06-AZ,2026-09-01 00:54:00,-8.663000000000004,-0.9490000000000124,15.374,1,1,amplifier_degradation,1
R06-AZ,2026-09-01 00:56:00,-8.191000000000003,-1.0729999999999986,16.205,1,1,amplifier_degradation,1
R06-AZ,2026-09-01 00:58:00,-0.0529999999999972,-0.6350000000000016,19.833,0,0,none,-1
R06-AZ,2026-09-01 01:00:00,-0.2824999999999988,-0.9280000000000062,20.101,0,0,none,-1
R06-AZ,2026-09-01 01:02:00,-0.2100000000000061,-0.0320000000000089,20.319,0,0,none,-1
R06-AZ,2026-09-01 01:04:00,-0.1326666666666689,-2.828000000000001,20.279,0,0,none,-1
R06-AZ,2026-09-01 01:06:00,-0.60433333333334,-0.0180000000000042,20.219,0,0,none,-1
R06-AZ,2026-09-01 01:08:00,-1.0170000000000048,-0.6990000000000087,20.464,0,0,none,-1
R06-AZ,2026-09-01 01:10:00,-1.3970000000000071,-1.901000000000014,20.609,0,0,none,-1
R06-AZ,2026-09-01 01:12:00,-0.1605000000000007,-1.405000000000003,20.504,0,0,none,-1
R06-AZ,2026-09-01 01:14:00,0.2349999999999994,0.0944999999999964,20.4,0,0,none,-1
R06-AZ,2026-09-01 01:16:00,0.4179999999999957,-1.269500000000006,20.451,0,0,none,-1
R06-AZ,2026-09-01 01:18:00,0.2139999999999933,-0.4400000000000048,19.181,0,0,none,-1
R06-AZ,2026-09-01 01:20:00,-0.9080000000000048,-2.1460000000000097,20.544,0,0,none,-1
R06-AZ,2026-09-01 01:22:00,-0.3929999999999989,-0.4820000000000028,20.565,0,0,none,-1
R06-AZ,2026-09-01 01:24:00,-0.1120000000000036,-0.9890000000000024,20.294,0,0,none,-1
R06-AZ,2026-09-01 01:26:00,-0.2590000000000039,-0.2220000000000102,20.494,0,0,none,-1
R06-AZ,2026-09-01 01:28:00,-1.5740000000000052,-1.7030000000000085,20.594,0,0,none,-1
R06-AZ,2026-09-01 01:30:00,-1.2100000000000044,-1.7416666666666742,20.39,0,0,none,-1
R06-AZ,2026-09-01 01:32:00,-0.1150000000000091,-1.9508333333333407,20.446,0,0,none,-1
R06-AZ,2026-09-01 01:34:00,-0.5660000000000007,-3.262000000000004,20.615,0,0,none,-1
R06-AZ,2026-09-01 01:36:00,-0.2779999999999951,-1.9140000000000088,20.591,0,0,none,-1
R06-AZ,2026-09-01 01:38:00,-0.6080000000000023,-1.0300000000000047,20.437,0,0,none,-1
R06-AZ,2026-09-01 01:40:00,-1.310000000000004,-1.1800000000000015,20.518,0,0,none,-1
R06-AZ,2026-09-01 01:42:00,0.6509999999999998,-0.3890000000000064,20.29,0,0,none,-1
R06-AZ,2026-09-01 01:44:00,-1.1929999999999978,-2.3070000000000093,20.652,0,0,none,-1
R06-AZ,2026-09-01 01:46:00,-0.4949999999999992,-1.0420000000000051,20.391,0,0,none,-1
R06-AZ,2026-09-01 01:48:00,-0.3440000000000029,-0.5350000000000072,20.271,0,0,none,-1
R06-AZ,2026-09-01 01:50:00,-0.4000000000000074,-1.400000000000002,19.976,0,0,none,-1
R06-AZ,2026-09-01 01:52:00,-1.002000000000001,-2.7875000000000014,20.551,0,0,none,-1
R06-AZ,2026-09-01 01:54:00,-1.247999999999999,-3.288000000000009,20.453,0,0,none,-1
R06-AZ,2026-09-01 01:56:00,-1.2990000000000013,-2.1060000000000088,20.503,0,0,none,-1
R06-AZ,2026-09-01 01:58:00,-0.5139999999999958,-4.0260000000000105,20.465,0,0,fiber_degradation,10
R06-AZ,2026-09-01 02:00:00,0.9394999999999972,-3.5010000000000048,20.538,0,0,fiber_degradation,10
R06-AZ,2026-09-01 02:02:00,1.002999999999993,-3.0780000000000065,20.374,0,0,fiber_degradation,10
R06-AZ,2026-09-01 02:04:00,0.8560000000000016,-6.529500000000008,19.578,0,0,fiber_degradation,10
R06-AZ,2026-09-01 02:06:00,1.2140000000000022,-7.88600000000001,19.045,0,0,fiber_degradation,10
R06-AZ,2026-09-01 02:08:00,-0.2920000000000016,-8.41433333333334,18.176,1,1,fiber_degradation,10
R06-AZ,2026-09-01 02:10:00,0.1920000000000001,-10.071666666666683,16.735,1,1,fiber_degradation,10
R06-AZ,2026-09-01 02:12:00,0.7909999999999968,-12.317000000000004,15.166,1,1,fiber_degradation,10
R06-AZ,2026-09-01 02:14:00,0.1549999999999958,-12.417000000000009,14.775,1,1,fiber_degradation,10
R06-AZ,2026-09-01 02:16:00,0.4339999999999975,-12.80400000000001,15.006,1,1,fiber_degradation,10
R06-AZ,2026-09-01 02:18:00,0.6329999999999956,-14.552000000000008,14.38,1,1,fiber_degradation,10
R06-AZ,2026-09-01 02:20:00,0.552999999999999,-14.314000000000004,14.099,1,1,fiber_degradation,10
R06-AZ,2026-09-01 02:22:00,1.136499999999998,-12.828,15.076,1,1,fiber_degradation,10
R06-AZ,2026-09-01 02:24:00,-0.3880000000000034,-12.884000000000013,14.189,1,1,fiber_degradation,10
R06-AZ,2026-09-01 02:26:00,1.0829999999999984,-14.740500000000006,13.922,1,1,fiber_degradation,10
R06-AZ,2026-09-01 02:28:00,0.066999999999993,-1.4650000000000016,20.446,0,0,none,-1
R06-AZ,2026-09-01 02:30:00,-0.8295000000000048,-0.4550000000000054,20.372,0,0,none,-1
R06-AZ,2026-09-01 02:32:00,-0.6440000000000055,-0.8740000000000059,19.718,0,0,none,-1
R06-AZ,2026-09-01 02:34:00,-0.1284999999999971,-2.681000000000008,20.548,0,0,fiber_degradation,6
R06-AZ,2026-09-01 02:36:00,-0.2100000000000026,-1.6200000000000028,20.566,0,0,fiber_degradation,6
R06-AZ,2026-09-01 02:38:00,-0.8690000000000051,-3.4110000000000102,20.35,0,0,fiber_degradation,6
R06-AZ,2026-09-01 02:40:00,-0.8950000000000067,-3.1180000000000003,20.503,0,0,fiber_degradation,6
R06-AZ,2026-09-01 02:42:00,-0.3370000000000033,-2.9960000000000058,20.283,0,0,fiber_degradation,6
R06-AZ,2026-09-01 02:44:00,-0.0020000000000042,-4.57500000000001,20.022,0,0,fiber_degradation,6
R06-AZ,2026-09-01 02:46:00,-0.6890000000000107,-4.401999999999999,20.129,0,0,fiber_degradation,6
R06-AZ,2026-09-01 02:48:00,-0.9270000000000032,-5.179500000000004,19.964,0,0,fiber_degradation,6
R06-AZ,2026-09-01 02:50:00,-1.2000000000000028,-7.056000000000006,18.546,1,1,fiber_degradation,6
R06-AZ,2026-09-01 02:52:00,-0.2470000000000052,-4.858999999999998,19.402,0,0,fiber_degradation,6
R06-AZ,2026-09-01 02:54:00,-0.7930000000000081,-5.689000000000011,19.254,0,0,fiber_degradation,6
R06-AZ,2026-09-01 02:56:00,-1.531000000000004,-4.8480000000000025,18.428,0,0,fiber_degradation,6
R06-AZ,2026-09-01 02:58:00,-0.6630000000000003,-6.83200000000001,18.581,0,1,fiber_degradation,6
R06-AZ,2026-09-01 03:00:00,-0.1469999999999984,-8.285000000000005,17.188,1,1,fiber_degradation,6
R06-AZ,2026-09-01 03:02:00,-0.8650000000000002,-7.134500000000008,17.631,1,1,fiber_degradation,6
R06-AZ,2026-09-01 03:04:00,0.4589999999999996,-8.829000000000002,17.553,1,1,fiber_degradation,6
R06-AZ,2026-09-01 03:06:00,-0.2129999999999992,-6.965000000000005,17.61,1,1,fiber_degradation,6
R06-AZ,2026-09-01 03:08:00,-0.4899999999999984,-7.439000000000005,17.153,1,1,fiber_degradation,6
R06-AZ,2026-09-01 03:10:00,-1.0320000000000018,-9.059000000000005,16.102,1,1,fiber_degradation,6
R06-AZ,2026-09-01 03:12:00,-1.1120000000000054,-9.354000000000005,15.231,1,1,fiber_degradation,6
R06-AZ,2026-09-01 03:14:00,-1.352000000000002,-9.811000000000003,14.917,1,1,fiber_degradation,6
R06-AZ,2026-09-01 03:16:00,-0.6710000000000065,-10.453000000000012,15.465,1,1,fiber_degradation,6
R06-AZ,2026-09-01 03:18:00,-0.5880000000000063,-11.380000000000008,14.402,1,1,fiber_degradation,6
R06-AZ,2026-09-01 03:20:00,-0.1280000000000001,-10.705000000000007,15.001,1,1,fiber_degradation,6
R06-AZ,2026-09-01 03:22:00,1.237,-12.462000000000012,14.706,1,1,fiber_degradation,6
R06-AZ,2026-09-01 03:24:00,0.0609999999999981,-12.123000000000008,14.295,1,1,fiber_degradation,6
R06-AZ,2026-09-01 03:26:00,-0.2640000000000047,-10.928000000000006,14.819,1,1,fiber_degradation,6
R06-AZ,2026-09-01 03:28:00,-0.3429999999999964,-11.459500000000013,14.52,1,1,fiber_degradation,6
R06-AZ,2026-09-01 03:30:00,0.0309999999999988,-10.593000000000002,14.683,1,1,fiber_degradation,6
R06-AZ,2026-09-01 03:32:00,-0.5760000000000058,-11.603000000000002,13.95,1,1,fiber_degradation,6
R06-AZ,2026-09-01 03:34:00,0.5660000000000025,-11.813000000000006,14.725,1,1,fiber_degradation,6
R06-AZ,2026-09-01 03:36:00,-0.6409999999999982,-12.430000000000003,13.839,1,1,fiber_degradation,6
R06-AZ,2026-09-01 03:38:00,-1.2130000000000063,-11.719,13.491,1,1,fiber_degradation,6
R06-AZ,2026-09-01 03:40:00,-0.2360000000000006,-11.038000000000013,14.396,1,1,fiber_degradation,6
R06-AZ,2026-09-01 03:42:00,0.242999999999995,-10.520000000000012,14.918,1,1,fiber_degradation,6
R06-AZ,2026-09-01 03:44:00,-0.8369999999999997,-11.747000000000003,13.564,1,1,fiber_degradation,6
R06-AZ,2026-09-01 03:46:00,-0.3144999999999989,-11.476000000000006,14.697,1,1,fiber_degradation,6
R06-AZ,2026-09-01 03:48:00,0.2350000000000047,-11.226000000000006,15.102,1,1,fiber_degradation,6
R06-AZ,2026-09-01 03:50:00,-0.4290000000000002,-11.09500000000001,14.663,1,1,fiber_degradation,6
R06-AZ,2026-09-01 03:52:00,0.2519999999999971,-10.201000000000006,15.083,1,1,fiber_degradation,6
R06-AZ,2026-09-01 03:54:00,-0.2800000000000029,-0.8940000000000055,20.255,0,0,none,-1
R06-AZ,2026-09-01 03:56:00,-0.4080000000000012,-0.9875000000000096,19.901,0,0,none,-1
R06-AZ,2026-09-01 03:58:00,-1.2109999999999983,-0.5110000000000099,20.247,0,0,none,-1
R06-AZ,2026-09-01 04:00:00,-0.7570000000000068,-1.8145000000000115,20.532,0,0,none,-1
R06-AZ,2026-09-01 04:02:00,-0.908500000000016,-2.087000000000007,20.438,0,0,none,-1
R06-AZ,2026-09-01 04:04:00,-0.2659999999999929,0.5369999999999919,19.797,0,0,none,-1
R06-AZ,2026-09-01 04:06:00,-0.5720000000000081,-0.1120000000000018,19.944,0,0,none,-1
R06-AZ,2026-09-01 04:08:00,0.7769999999999939,-0.983000000000013,20.116,0,0,none,-1
R06-AZ,2026-09-01 04:10:00,-0.8329999999999984,0.4209999999999922,20.231,0,0,none,-1
R06-AZ,2026-09-01 04:12:00,-1.1910000000000045,-0.8290000000000042,20.325,0,0,none,-1
R06-AZ,2026-09-01 04:14:00,-1.7730000000000017,-1.3180000000000105,20.498,0,0,none,-1
R06-AZ,2026-09-01 04:16:00,0.4049999999999958,-0.635500000000004,19.612,0,0,none,-1
R06-AZ,2026-09-01 04:18:00,-1.0790000000000024,-0.9270000000000084,20.439,0,0,none,-1
R06-AZ,2026-09-01 04:20:00,-0.3560000000000034,0.2659999999999911,20.441,0,0,none,-1
R06-AZ,2026-09-01 04:22:00,-1.2310000000000034,1.4519999999999946,19.842,0,0,none,-1
R06-AZ,2026-09-01 04:24:00,-0.4440000000000079,-0.6070000000000029,19.691,0,0,none,-1
R06-AZ,2026-09-01 04:26:00,-0.9360000000000036,-0.3110000000000052,20.027,0,0,none,-1
R06-AZ,2026-09-01 04:28:00,-1.0640000000000072,-0.1815000000000086,20.426,0,0,none,-1
R06-AZ,2026-09-01 04:30:00,-0.5040000000000031,1.1019999999999914,19.82,0,0,none,-1
R06-AZ,2026-09-01 04:32:00,-0.8755000000000059,-0.0610000000000034,20.175,0,0,none,-1
R06-AZ,2026-09-01 04:34:00,0.2579999999999955,0.1559999999999952,18.88,0,0,none,-1
R06-AZ,2026-09-01 04:36:00,-0.7559999999999985,0.7889999999999997,19.955,0,0,none,-1
R06-AZ,2026-09-01 04:38:00,-0.3280000000000029,1.447999999999995,19.582,0,0,none,-1
R06-AZ,2026-09-01 04:40:00,-1.0069999999999943,1.8929999999999936,19.279,0,0,none,-1
R06-AZ,2026-09-01 04:42:00,0.1459999999999937,0.7269999999999968,19.894,0,0,none,-1
R06-AZ,2026-09-01 04:44:00,-0.8580000000000023,2.125999999999996,19.069,0,0,none,-1
R06-AZ,2026-09-01 04:46:00,-0.615000000000002,-1.171000000000003,20.364,0,0,none,-1
R06-AZ,2026-09-01 04:48:00,-0.2170000000000005,-0.5580000000000016,20.433,0,0,none,-1
R06-AZ,2026-09-01 04:50:00,0.2159999999999957,0.8214999999999915,19.497,0,0,none,-1
R06-AZ,2026-09-01 04:52:00,0.2469999999999874,0.5129999999999928,19.424,0,0,none,-1
R06-AZ,2026-09-01 04:54:00,-0.665000000000008,0.5129999999999981,20.077,0,0,none,-1
R06-AZ,2026-09-01 04:56:00,-0.3230000000000004,1.3489999999999966,19.437,0,0,none,-1
R06-AZ,2026-09-01 04:58:00,0.3799999999999954,1.2219999999999942,18.582,0,0,none,-1
R06-AZ,2026-09-01 05:00:00,-0.4534999999999929,0.6189999999999998,19.68,0,0,none,-1
R06-AZ,2026-09-01 05:02:00,0.7010000000000005,-0.4110000000000067,19.584,0,0,fiber_degradation,5
R06-AZ,2026-09-01 05:04:00,-0.5460000000000065,0.3499999999999925,20.078,0,0,fiber_degradation,5
R06-AZ,2026-09-01 05:06:00,-0.2609999999999939,-0.383000000000008,19.188,0,0,fiber_degradation,5
R06-AZ,2026-09-01 05:08:00,-0.1860000000000017,-2.014000000000008,20.194,0,0,fiber_degradation,5
R06-AZ,2026-09-01 05:10:00,0.1350000000000015,-0.6490000000000009,19.235,0,0,fiber_degradation,5
R06-AZ,2026-09-01 05:12:00,0.236500000000003,-0.1245000000000136,19.618,0,0,fiber_degradation,5
R06-AZ,2026-09-01 05:14:00,0.6824999999999974,-1.263,19.647,0,0,fiber_degradation,5
R06-AZ,2026-09-01 05:16:00,0.8059999999999938,-0.3175000000000008,19.507,0,0,fiber_degradation,5
R06-AZ,2026-09-01 05:18:00,0.7580000000000009,-0.1870000000000047,18.993,0,0,fiber_degradation,5
R06-AZ,2026-09-01 05:20:00,1.2049999999999983,-1.6240000000000023,19.397,0,0,fiber_degradation,5
R06-AZ,2026-09-01 05:22:00,1.2049999999999912,-2.281500000000003,19.286,0,0,fiber_degradation,5
R06-AZ,2026-09-01 05:24:00,0.988999999999999,-0.6250000000000089,19.716,0,0,fiber_degradation,5
R06-AZ,2026-09-01 05:26:00,1.1620000000000044,0.6380000000000017,19.33,0,0,fiber_degradation,5
R06-AZ,2026-09-01 05:28:00,1.644499999999999,0.0329999999999941,18.945,0,0,fiber_degradation,5
R06-AZ,2026-09-01 05:30:00,2.0,-0.5270000000000064,18.613,0,0,fiber_degradation,5
R06-AZ,2026-09-01 05:32:00,1.56449999999999,-1.7090000000000014,19.74,0,0,fiber_degradation,5
R06-AZ,2026-09-01 05:34:00,1.5509999999999948,-2.2250000000000068,19.84,0,0,fiber_degradation,5
R06-AZ,2026-09-01 05:36:00,2.4699999999999958,-1.5850000000000026,19.555,0,0,fiber_degradation,5
R06-AZ,2026-09-01 05:38:00,1.528999999999998,-2.148999999999999,20.432,0,0,fiber_degradation,5
R06-AZ,2026-09-01 05:40:00,2.070000000000002,-1.711000000000002,20.169,0,0,fiber_degradation,5
R06-AZ,2026-09-01 05:42:00,1.7419999999999938,-2.4640000000000093,20.237,0,0,fiber_degradation,5
R06-AZ,2026-09-01 05:44:00,0.9809999999999964,-3.655000000000003,20.604,0,0,fiber_degradation,5
R06-AZ,2026-09-01 05:46:00,2.077999999999994,-2.8480000000000096,20.464,0,0,fiber_degradation,5
R06-AZ,2026-09-01 05:48:00,2.366000000000001,-3.7510000000000048,20.473,0,0,fiber_degradation,5
R06-AZ,2026-09-01 05:50:00,0.8069999999999915,-2.927000000000005,20.577,0,0,fiber_degradation,5
R06-AZ,2026-09-01 05:52:00,0.5914999999999981,-2.615,20.513,0,0,fiber_degradation,5
R06-AZ,2026-09-01 05:54:00,0.6483333333333334,-3.511000000000005,20.465,0,0,fiber_degradation,5
R06-AZ,2026-09-01 05:56:00,2.207666666666663,-3.1070000000000046,20.326,0,0,fiber_degradation,5
R06-AZ,2026-09-01 05:58:00,2.0204999999999966,-2.87750000000001,20.502,0,0,fiber_degradation,5
R06-AZ,2026-09-01 06:00:00,1.657000000000009,-3.144000000000011,20.547,0,0,fiber_degradation,5
R06-AZ,2026-09-01 06:02:00,1.5789999999999953,-4.374000000000013,20.477,0,0,fiber_degradation,5
R06-AZ,2026-09-01 06:04:00,1.1709999999999958,-3.997000000000005,20.463,0,0,fiber_degradation,5
R06-AZ,2026-09-01 06:06:00,1.9440000000000008,-4.678000000000004,20.528,0,0,fiber_degradation,5
R06-AZ,2026-09-01 06:08:00,1.9800000000000055,-5.128000000000004,20.492,0,0,fiber_degradation,5
R06-AZ,2026-09-01 06:10:00,2.0299999999999923,-4.48900000000001,20.518,0,0,fiber_degradation,5
R06-AZ,2026-09-01 06:12:00,1.9879999999999975,-3.2495000000000083,20.466,0,0,fiber_degradation,5
R06-AZ,2026-09-01 06:14:00,1.659999999999993,-4.972000000000007,20.451,0,0,fiber_degradation,5
R06-AZ,2026-09-01 06:16:00,2.358500000000003,-3.614500000000009,20.496,0,0,fiber_degradation,5
R06-AZ,2026-09-01 06:18:00,1.7009999999999987,-5.032000000000011,20.46,0,0,fiber_degradation,5
R06-AZ,2026-09-01 06:20:00,1.6239999999999934,-4.512000000000004,20.455,0,0,fiber_degradation,5
R06-AZ,2026-09-01 06:22:00,1.134999999999998,-4.64800000000001,20.394,0,0,fiber_degradation,5
R06-AZ,2026-09-01 06:24:00,1.596,-5.413000000000009,20.442,0,0,fiber_degradation,5
R06-AZ,2026-09-01 06:26:00,1.5849999999999955,-5.59650000000001,20.43,0,0,fiber_degradation,5
R06-AZ,2026-09-01 06:28:00,2.054000000000004,-3.321,20.539,0,0,fiber_degradation,5
R06-AZ,2026-09-01 06:30:00,2.1884999999999977,-4.161000000000007,20.49,0,0,fiber_degradation,5
R06-AZ,2026-09-01 06:32:00,0.7799999999999976,-5.453000000000007,20.241,0,0,fiber_degradation,5
R06-AZ,2026-09-01 06:34:00,1.261999999999997,-4.945000000000011,20.187,0,0,fiber_degradation,5
R06-AZ,2026-09-01 06:36:00,1.856999999999994,-4.637000000000011,20.357,0,0,fiber_degradation,5
R06-AZ,2026-09-01 06:38:00,1.0389999999999908,-5.1000000000000085,20.303,0,0,fiber_degradation,5
R06-AZ,2026-09-01 06:40:00,2.937999999999993,-6.041000000000006,20.238,0,0,fiber_degradation,5
R06-AZ,2026-09-01 06:42:00,1.6229999999999976,-3.6840000000000046,20.453,0,0,fiber_degradation,5
R06-AZ,2026-09-01 06:44:00,1.263999999999994,-4.508000000000006,20.085,0,0,fiber_degradation,5
R06-AZ,2026-09-01 06:46:00,0.0620000000000029,-4.807000000000006,20.316,0,0,fiber_degradation,5
R06-AZ,2026-09-01 06:48:00,1.8079999999999965,-5.500000000000009,20.437,0,0,fiber_degradation,5
R06-AZ,2026-09-01 06:50:00,2.1799999999999944,-5.087000000000007,20.275,0,0,fiber_degradation,5
R06-AZ,2026-09-01 06:52:00,1.365999999999998,-5.648499999999999,20.038,0,0,fiber_degradation,5
R06-AZ,2026-09-01 06:54:00,2.030999999999993,-4.242000000000004,20.48,0,0,fiber_degradation,5
R06-AZ,2026-09-01 06:56:00,0.9449999999999896,-5.354000000000003,20.197,0,0,fiber_degradation,5
R06-AZ,2026-09-01 06:58:00,2.654,-4.699000000000012,20.497,0,0,fiber_degradation,5
R06-AZ,2026-09-01 07:00:00,0.894999999999996,-5.504000000000008,20.156,0,0,fiber_degradation,5
R06-AZ,2026-09-01 07:02:00,-0.5520000000000032,-0.810000000000004,20.171,0,0,none,-1
R06-AZ,2026-09-01 07:04:00,-0.1769999999999996,-0.7685000000000031,20.035,0,0,none,-1
R06-AZ,2026-09-01 07:06:00,-0.5359999999999978,-0.3530000000000068,20.177,0,0,none,-1
R06-AZ,2026-09-01 07:08:00,-0.3680000000000039,0.2559999999999931,19.572,0,0,none,-1
R06-AZ,2026-09-01 07:10:00,-0.1870000000000118,-0.0740000000000069,20.686,0,0,none,-1
R06-AZ,2026-09-01 07:12:00,0.2419999999999973,0.9864999999999976,19.11,0,0,none,-1
R06-AZ,2026-09-01 07:14:00,-0.2640000000000029,0.7309999999999857,19.38,0,0,none,-1
R06-AZ,2026-09-01 07:16:00,-0.2340000000000035,0.5154999999999923,19.948,0,0,none,-1
R06-AZ,2026-09-01 07:18:00,-0.2040000000000041,0.2999999999999936,20.161,0,0,none,-1
R06-AZ,2026-09-01 07:20:00,-0.787500000000005,0.4819999999999957,20.379,0,0,none,-1
R06-AZ,2026-09-01 07:22:00,-0.6109999999999989,-1.5510000000000002,20.185,0,0,none,-1
R06-AZ,2026-09-01 07:24:00,-0.631000000000002,-0.4920000000000097,20.426,0,0,none,-1
R06-AZ,2026-09-01 07:26:00,-0.6550000000000029,-0.5109999999999992,20.344,0,0,none,-1
R06-AZ,2026-09-01 07:28:00,-0.6919999999999966,0.1419999999999994,20.153,0,0,none,-1
R06-AZ,2026-09-01 07:30:00,-0.7750000000000039,0.1204999999999945,19.971,0,0,none,-1
R06-AZ,2026-09-01 07:32:00,-0.0915000000000016,-1.3500000000000103,19.789,0,0,none,-1
R06-AZ,2026-09-01 07:34:00,-0.7199999999999971,-0.5040000000000102,20.429,0,0,none,-1
R06-AZ,2026-09-01 07:36:00,-0.6540000000000052,-0.0620000000000118,20.37,0,0,none,-1
R06-AZ,2026-09-01 07:38:00,0.4050000000000047,0.2939999999999987,19.885,0,0,none,-1
R06-AZ,2026-09-01 07:40:00,-0.6500000000000004,0.1210000000000004,19.909,0,0,none,-1
R06-AZ,2026-09-01 07:42:00,-0.6980000000000075,-1.5980000000000008,20.297,0,0,none,-1
R06-AZ,2026-09-01 07:44:00,-1.2670000000000066,-1.3450000000000042,20.232,0,0,none,-1
R06-AZ,2026-09-01 07:46:00,-0.243999999999998,-1.8060000000000045,19.943,0,0,none,-1
R06-AZ,2026-09-01 07:48:00,-0.8890000000000047,-1.0984999999999996,20.565,0,0,none,-1
R06-AZ,2026-09-01 07:50:00,0.5490000000000013,-0.9330000000000016,20.124,0,0,none,-1
R06-AZ,2026-09-01 07:52:00,-0.4260000000000019,-1.1410000000000051,20.261,0,0,none,-1
R06-AZ,2026-09-01 07:54:00,-0.5300000000000029,-0.5310000000000112,20.47,0,0,none,-1
R06-AZ,2026-09-01 07:56:00,-0.9914999999999968,-0.8450000000000042,20.393,0,0,none,-1
R06-AZ,2026-09-01 07:58:00,-1.2009999999999952,-1.3600000000000136,20.494,0,0,none,-1
R06-AZ,2026-09-01 08:00:00,-0.902499999999998,-1.6820000000000004,20.551,0,0,none,-1
R06-AZ,2026-09-01 08:02:00,-0.8960000000000008,-1.775000000000011,20.304,0,0,none,-1
R06-AZ,2026-09-01 08:04:00,0.5259999999999998,-1.870000000000008,20.283,0,0,none,-1
R06-AZ,2026-09-01 08:06:00,-0.6210000000000075,-1.290000000000008,20.554,0,0,none,-1
R06-AZ,2026-09-01 08:08:00,-0.8830000000000098,-1.1790000000000038,20.318,0,0,none,-1
R06-AZ,2026-09-01 08:10:00,-0.3460000000000036,-0.179000000000002,20.139,0,0,none,-1
R06-AZ,2026-09-01 08:12:00,-0.585000000000008,-0.6340000000000074,20.413,0,0,none,-1
R06-AZ,2026-09-01 08:14:00,-0.4870000000000001,-0.3140000000000054,20.292,0,0,none,-1
R06-AZ,2026-09-01 08:16:00,-0.8909999999999965,-1.577000000000007,20.322,0,0,none,-1
R06-AZ,2026-09-01 08:18:00,-1.2780000000000022,-0.6740000000000084,20.52,0,0,none,-1
R06-AZ,2026-09-01 08:20:00,-0.3140000000000018,-0.4020000000000046,20.397,0,0,none,-1
R06-AZ,2026-09-01 08:22:00,-0.0825000000000031,-0.3540000000000027,19.991,0,0,none,-1
R06-AZ,2026-09-01 08:24:00,-1.672000000000006,-1.419000000000004,20.631,0,0,none,-1
R06-AZ,2026-09-01 08:26:00,-0.2884999999999991,-0.7420000000000098,20.137,0,0,none,-1
R06-AZ,2026-09-01 08:28:00,-1.1980000000000022,-0.7040000000000024,20.467,0,0,none,-1
R06-AZ,2026-09-01 08:30:00,-0.8299999999999965,-1.909000000000006,20.484,0,0,none,-1
R06-AZ,2026-09-01 08:32:00,-0.8120000000000065,-1.7490000000000077,20.175,0,0,none,-1
R06-AZ,2026-09-01 08:34:00,-0.2540000000000049,-1.3070000000000004,19.95,0,0,none,-1
R06-AZ,2026-09-01 08:36:00,-0.7099999999999955,-41.833,-16.815,1,1,fiber_cut,2
R06-AZ,2026-09-01 08:38:00,0.0819999999999989,-40.813,-15.627,1,1,fiber_cut,2
R06-AZ,2026-09-01 08:40:00,-0.304000000000002,-40.272,-16.208,1,1,fiber_cut,2
R06-AZ,2026-09-01 08:42:00,0.2339999999999999,-42.15899999999999,-17.079,1,1,fiber_cut,2
R06-AZ,2026-09-01 08:44:00,-0.3790000000000013,-41.206500000000005,-16.305,1,1,fiber_cut,2
R06-AZ,2026-09-01 08:46:00,-0.0960000000000054,-41.338,-16.111,1,1,fiber_cut,2
R06-AZ,2026-09-01 08:48:00,-0.5749999999999993,-41.536,-15.717,1,1,fiber_cut,2
R06-AZ,2026-09-01 08:50:00,-0.8940000000000108,-41.60600000000001,-16.493,1,1,fiber_cut,2
R06-AZ,2026-09-01 08:52:00,-0.8540000000000063,-40.301,-16.538,1,1,fiber_cut,2
R06-AZ,2026-09-01 08:54:00,-0.7230000000000061,-40.53,-16.144,1,1,fiber_cut,2
R06-AZ,2026-09-01 08:56:00,-0.6595000000000013,-40.639,-15.536,1,1,fiber_cut,2
R06-AZ,2026-09-01 08:58:00,-0.922000000000004,-39.879000000000005,-16.05,1,1,fiber_cut,2
R06-AZ,2026-09-01 09:00:00,-0.6349999999999998,-41.295000000000016,-15.409,1,1,fiber_cut,2
R06-AZ,2026-09-01 09:02:00,-0.3960000000000043,-40.902,-15.826,1,1,fiber_cut,2
R06-AZ,2026-09-01 09:04:00,-0.7159999999999993,-42.139,-15.912,1,1,fiber_cut,2
R06-AZ,2026-09-01 09:06:00,-1.131000000000007,-43.53800000000001,-16.989,1,1,fiber_cut,2
R06-AZ,2026-09-01 09:08:00,0.1029999999999997,-42.166,-16.446,1,1,fiber_cut,2
R06-AZ,2026-09-01 09:10:00,-0.6560000000000024,-40.474500000000006,-15.873,1,1,fiber_cut,2
R06-AZ,2026-09-01 09:12:00,-0.5280000000000076,-41.540000000000006,-16.23,1,1,fiber_cut,2
R06-AZ,2026-09-01 09:14:00,-1.0729999999999986,-41.204,-16.023,1,1,fiber_cut,2
R06-AZ,2026-09-01 09:16:00,-0.5290000000000052,-1.5210000000000008,20.41,0,0,none,-1
R06-AZ,2026-09-01 09:18:00,-0.9690000000000047,-1.2150000000000052,20.727,0,0,none,-1
R06-AZ,2026-09-01 09:20:00,-1.392999999999999,-0.3480000000000043,20.609,0,0,none,-1
R06-AZ,2026-09-01 09:22:00,-0.3019999999999978,-2.6660000000000075,20.387,0,0,none,-1
R06-AZ,2026-09-01 09:24:00,-0.7770000000000028,-1.7250000000000083,20.464,0,0,none,-1
R06-AZ,2026-09-01 09:26:00,-0.547500000000003,-2.581000000000003,20.534,0,0,none,-1
R06-AZ,2026-09-01 09:28:00,-0.9595000000000072,-1.2190000000000063,20.411,0,0,none,-1
R06-AZ,2026-09-01 09:30:00,0.5420000000000016,-2.656000000000006,20.037,0,0,none,-1
R06-AZ,2026-09-01 09:32:00,0.5289999999999946,-1.4340000000000046,20.103,0,0,none,-1
R06-AZ,2026-09-01 09:34:00,-0.5250000000000092,-1.5740000000000105,20.467,0,0,none,-1
R06-AZ,2026-09-01 09:36:00,-0.4599999999999991,-1.3989999999999974,19.74,0,0,none,-1
R06-AZ,2026-09-01 09:38:00,-0.4650000000000034,-1.167500000000011,20.127,0,0,none,-1
R06-AZ,2026-09-01 09:40:00,-0.0630000000000006,-41.79600000000001,-15.648,1,1,fiber_cut,4
R06-AZ,2026-09-01 09:42:00,-0.1490000000000044,-41.942,-15.972,1,1,fiber_cut,4
R06-AZ,2026-09-01 09:44:00,-0.1225000000000005,-40.759,-15.405,1,1,fiber_cut,4
R06-AZ,2026-09-01 09:46:00,0.4120000000000008,-41.12500000000001,-15.185,1,1,fiber_cut,4
R06-AZ,2026-09-01 09:48:00,0.3319999999999901,-40.318000000000005,-14.532,1,1,fiber_cut,4
R06-AZ,2026-09-01 09:50:00,-1.0150000000000006,-43.75500000000001,-16.814,1,1,fiber_cut,4
R06-AZ,2026-09-01 09:52:00,0.2349999999999994,-41.023,-15.642,1,1,fiber_cut,4
R06-AZ,2026-09-01 09:54:00,-0.0410000000000021,-41.854000000000006,-15.942,1,1,fiber_cut,4
R06-AZ,2026-09-01 09:56:00,-0.8720000000000034,-40.54050000000001,-15.667,1,1,fiber_cut,4
R06-AZ,2026-09-01 09:58:00,-1.2130000000000098,-39.916,-15.592,1,1,fiber_cut,4
R06-ZA,2026-09-01 00:00:00,0.2949999999999946,-0.7090000000000103,20.374,0,0,none,-1
R06-ZA,2026-09-01 00:02:00,0.4779999999999962,-2.0060000000000078,20.364,0,0,none,-1
R06-ZA,2026-09-01 00:04:00,1.1669999999999998,-1.198999999999998,20.251,0,0,none,-1
R06-ZA,2026-09-01 00:06:00,-0.6950000000000038,-1.3540000000000116,20.313,0,0,none,-1
R06-ZA,2026-09-01 00:08:00,0.3840000000000021,-2.961500000000001,20.318,0,0,none,-1
R06-ZA,2026-09-01 00:10:00,0.9909999999999944,-1.3885000000000058,20.317,0,0,none,-1
R06-ZA,2026-09-01 00:12:00,0.7339999999999929,-1.5010000000000048,20.143,0,0,none,-1
R06-ZA,2026-09-01 00:14:00,1.205999999999996,-1.4300000000000086,20.179,0,0,none,-1
R06-ZA,2026-09-01 00:16:00,0.3609999999999953,-1.968500000000004,20.326,0,0,none,-1
R06-ZA,2026-09-01 00:18:00,0.9134999999999972,-1.7650000000000097,20.342,0,0,none,-1
R06-ZA,2026-09-01 00:20:00,0.3069999999999986,-2.096500000000012,20.344,0,0,none,-1
R06-ZA,2026-09-01 00:22:00,2.0660000000000025,-1.513000000000007,19.836,0,0,none,-1
R06-ZA,2026-09-01 00:24:00,0.6825000000000028,-1.5910000000000029,20.314,0,0,none,-1
R06-ZA,2026-09-01 00:26:00,1.9180000000000028,-2.5800000000000107,20.344,0,0,none,-1
R06-ZA,2026-09-01 00:28:00,1.107999999999997,-1.5670000000000055,20.391,0,0,none,-1
R06-ZA,2026-09-01 00:30:00,-0.648000000000005,-2.645000000000012,20.245,0,0,amplifier_degradation,1
R06-ZA,2026-09-01 00:32:00,-0.4239999999999977,-1.0760000000000025,20.287,0,0,amplifier_degradation,1
R06-ZA,2026-09-01 00:34:00,-0.9199999999999946,-2.3450000000000024,20.054,0,0,amplifier_degradation,1
R06-ZA,2026-09-01 00:36:00,-1.5009999999999994,-1.731000000000007,19.899,0,0,amplifier_degradation,1
R06-ZA,2026-09-01 00:38:00,-1.468999999999996,-3.022000000000009,19.612,0,0,amplifier_degradation,1
R06-ZA,2026-09-01 00:40:00,-1.9669999999999987,-2.5010000000000048,19.566,0,0,amplifier_degradation,1
R06-ZA,2026-09-01 00:42:00,-2.4150000000000045,-2.31350000000001,19.041,0,0,amplifier_degradation,1
R06-ZA,2026-09-01 00:44:00,-3.184000000000001,-1.505000000000008,18.543,0,0,amplifier_degradation,1
R06-ZA,2026-09-01 00:46:00,-3.481499999999997,-2.700000000000012,18.11,1,0,amplifier_degradation,1
R06-ZA,2026-09-01 00:48:00,-3.3489999999999966,-1.0105000000000022,18.469,0,0,amplifier_degradation,1
R06-ZA,2026-09-01 00:50:00,-4.974,0.3694999999999897,18.172,0,0,amplifier_degradation,1
R06-ZA,2026-09-01 00:52:00,-4.925000000000004,-1.6900000000000084,17.326,1,0,amplifier_degradation,1
R06-ZA,2026-09-01 00:54:00,-5.494999999999996,-0.916500000000008,17.152,1,0,amplifier_degradation,1
R06-ZA,2026-09-01 00:56:00,-5.6424999999999965,-1.1780000000000062,16.107,1,1,amplifier_degradation,1
R06-ZA,2026-09-01 00:58:00,-6.151999999999989,-3.0980000000000096,15.877,1,1,amplifier_degradation,1
R06-ZA,2026-09-01 01:00:00,-6.467999999999996,-1.0950000000000075,15.561,1,1,amplifier_degradation,1
R06-ZA,2026-09-01 01:02:00,-5.907000000000005,-1.6300000000000097,15.918,1,1,amplifier_degradation,1
R06-ZA,2026-09-01 01:04:00,-6.534000000000004,-1.3500000000000014,15.046,1,1,amplifier_degradation,1
R06-ZA,2026-09-01 01:06:00,-7.961999999999998,-1.399000000000003,14.68,1,1,amplifier_degradation,1
R06-ZA,2026-09-01 01:08:00,-7.286499999999997,0.5489999999999995,14.441,1,1,amplifier_degradation,1
R06-ZA,2026-09-01 01:10:00,-7.972999999999999,-1.6960000000000015,13.927,1,1,amplifier_degradation,1
R06-ZA,2026-09-01 01:12:00,-9.586000000000007,0.6309999999999967,14.073,1,1,amplifier_degradation,1
R06-ZA,2026-09-01 01:14:00,-8.582999999999998,-1.40800000000001,13.312,1,1,amplifier_degradation,1
R06-ZA,2026-09-01 01:16:00,-10.258000000000006,-2.303000000000008,11.963,1,1,amplifier_degradation,1
R06-ZA,2026-09-01 01:18:00,-9.395000000000003,-2.623000000000008,11.861,1,1,amplifier_degradation,1
R06-ZA,2026-09-01 01:20:00,-10.623500000000003,-1.1050000000000058,12.103,1,1,amplifier_degradation,1
R06-ZA,2026-09-01 01:22:00,-11.226000000000006,-1.8730000000000049,11.616,1,1,amplifier_degradation,1
R06-ZA,2026-09-01 01:24:00,-9.459,0.8279999999999959,13.425,1,1,amplifier_degradation,1
R06-ZA,2026-09-01 01:26:00,-10.231000000000003,-0.5750000000000046,12.271,1,1,amplifier_degradation,1
R06-ZA,2026-09-01 01:28:00,-9.726000000000006,-0.4435000000000109,12.523,1,1,amplifier_degradation,1
R06-ZA,2026-09-01 01:30:00,-10.310000000000008,-1.5600000000000094,11.757,1,1,amplifier_degradation,1
R06-ZA,2026-09-01 01:32:00,-10.232000000000006,-1.7070000000000114,11.332,1,1,amplifier_degradation,1
R06-ZA,2026-09-01 01:34:00,-10.099000000000002,-0.7469999999999999,12.658,1,1,amplifier_degradation,1
R06-ZA,2026-09-01 01:36:00,-11.028,-1.5040000000000049,11.73,1,1,amplifier_degradation,1
R06-ZA,2026-09-01 01:38:00,-10.006000000000002,-1.4430000000000105,11.949,1,1,amplifier_degradation,1
R06-ZA,2026-09-01 01:40:00,-10.854,1.368000000000002,12.232,1,1,amplifier_degradation,1
R06-ZA,2026-09-01 01:42:00,-9.793999999999995,-1.3220000000000065,12.088,1,1,amplifier_degradation,1
R06-ZA,2026-09-01 01:44:00,-10.264,-1.2240000000000038,11.868,1,1,amplifier_degradation,1
R06-ZA,2026-09-01 01:46:00,-10.485,-0.5700000000000038,11.956,1,1,amplifier_degradation,1
R06-ZA,2026-09-01 01:48:00,-10.669000000000006,-2.4560000000000013,11.424,1,1,amplifier_degradation,1
R06-ZA,2026-09-01 01:50:00,-10.634000000000004,-2.8630000000000067,10.825,1,1,amplifier_degradation,1
R06-ZA,2026-09-01 01:52:00,-10.680999999999996,-1.5440000000000094,11.44,1,1,amplifier_degradation,1
R06-ZA,2026-09-01 01:54:00,1.5839999999999996,-0.0090000000000038,19.295,0,0,none,-1
R06-ZA,2026-09-01 01:56:00,0.8294999999999959,-1.0960000000000036,20.235,0,0,none,-1
R06-ZA,2026-09-01 01:58:00,0.4070000000000018,-1.2140000000000093,20.025,0,0,none,-1
R06-ZA,2026-09-01 02:00:00,1.5620000000000047,-0.0790000000000059,19.805,0,0,none,-1
R06-ZA,2026-09-01 02:02:00,1.2379999999999942,-0.3530000000000086,20.008,0,0,none,-1
R06-ZA,2026-09-01 02:04:00,0.5550000000000015,0.3839999999999897,19.88,0,0,none,-1
R06-ZA,2026-09-01 02:06:00,-0.0619999999999958,-0.9930000000000092,20.372,0,0,amplifier_degradation,19
R06-ZA,2026-09-01 02:08:00,-0.5604999999999993,-1.254000000000012,19.967,0,0,amplifier_degradation,19
R06-ZA,2026-09-01 02:10:00,-1.1319999999999926,0.1539999999999963,18.845,0,0,amplifier_degradation,19
R06-ZA,2026-09-01 02:12:00,-4.6640000000000015,-1.8130000000000093,20.127,0,0,amplifier_degradation,19
R06-ZA,2026-09-01 02:14:00,-4.719999999999997,-1.0590000000000046,20.023,0,0,amplifier_degradation,19
R06-ZA,2026-09-01 02:16:00,-5.706000000000005,-0.3630000000000084,19.457,1,0,amplifier_degradation,19
R06-ZA,2026-09-01 02:18:00,-6.441999999999997,-0.703000000000003,19.908,1,1,amplifier_degradation,19
R06-ZA,2026-09-01 02:20:00,-8.651000000000007,0.8239999999999874,18.936,1,1,amplifier_degradation,19
R06-ZA,2026-09-01 02:22:00,-9.921,-1.0170000000000083,19.803,1,1,amplifier_degradation,19
R06-ZA,2026-09-01 02:24:00,-10.115000000000006,-0.9105000000000096,19.999,1,1,amplifier_degradation,19
R06-ZA,2026-09-01 02:26:00,-9.050000000000006,0.1319999999999925,19.343,1,1,amplifier_degradation,19
R06-ZA,2026-09-01 02:28:00,-9.659999999999998,-0.7290000000000063,19.839,1,1,amplifier_degradation,19
R06-ZA,2026-09-01 02:30:00,-10.88600000000001,-1.0340000000000078,19.862,1,1,amplifier_degradation,19
R06-ZA,2026-09-01 02:32:00,-9.136000000000005,0.1939999999999919,18.634,1,1,amplifier_degradation,19
R06-ZA,2026-09-01 02:34:00,-10.644999999999998,0.7729999999999908,19.485,1,1,amplifier_degradation,19
R06-ZA,2026-09-01 02:36:00,0.3819999999999997,0.2289999999999938,19.947,0,0,none,-1
R06-ZA,2026-09-01 02:38:00,1.3859999999999992,-1.4930000000000092,20.151,0,0,none,-1
R06-ZA,2026-09-01 02:40:00,0.4619999999999944,-0.7710000000000061,20.035,0,0,none,-1
R06-ZA,2026-09-01 02:42:00,1.146499999999998,-0.0910000000000046,19.764,0,0,none,-1
R06-ZA,2026-09-01 02:44:00,1.229000000000001,-1.4370000000000047,20.311,0,0,none,-1
R06-ZA,2026-09-01 02:46:00,0.6869999999999976,-1.396000000000008,20.217,0,0,none,-1
R06-ZA,2026-09-01 02:48:00,0.6010000000000044,-0.2500000000000071,20.241,0,0,none,-1
R06-ZA,2026-09-01 02:50:00,1.006999999999998,-0.0070000000000032,19.802,0,0,none,-1
R06-ZA,2026-09-01 02:52:00,0.1180000000000003,-0.134000000000011,20.187,0,0,none,-1
R06-ZA,2026-09-01 02:54:00,1.3789999999999978,0.4029999999999951,19.957,0,0,none,-1
R06-ZA,2026-09-01 02:56:00,1.0579999999999927,1.214999999999991,18.848,0,0,none,-1
R06-ZA,2026-09-01 02:58:00,0.8534999999999986,-1.2425000000000086,20.157,0,0,none,-1
R06-ZA,2026-09-01 03:00:00,0.0459999999999958,0.3919999999999977,20.216,0,0,none,-1
R06-ZA,2026-09-01 03:02:00,0.7934999999999963,-0.4420000000000055,19.934,0,0,none,-1
R06-ZA,2026-09-01 03:04:00,1.3389999999999969,0.2209999999999947,20.151,0,0,none,-1
R06-ZA,2026-09-01 03:06:00,0.6545000000000023,-0.5910000000000082,20.105,0,0,none,-1
R06-ZA,2026-09-01 03:08:00,0.2949999999999946,-0.4705000000000101,20.339,0,0,none,-1
R06-ZA,2026-09-01 03:10:00,-8.029999999999998,1.0309999999999917,17.531,1,1,amplifier_degradation,13
R06-ZA,2026-09-01 03:12:00,-7.894000000000005,-0.3290000000000113,16.901,1,1,amplifier_degradation,13
R06-ZA,2026-09-01 03:14:00,-7.9129999999999985,-0.8190000000000097,17.492,1,1,amplifier_degradation,13
R06-ZA,2026-09-01 03:16:00,-8.881000000000004,0.1509999999999873,16.997,1,1,amplifier_degradation,13
R06-ZA,2026-09-01 03:18:00,-8.999000000000006,-1.21600000000001,16.93,1,1,amplifier_degradation,13
R06-ZA,2026-09-01 03:20:00,-7.650000000000002,-0.3675000000000104,17.144,1,1,amplifier_degradation,13
R06-ZA,2026-09-01 03:22:00,-8.049999999999997,-0.5190000000000072,17.201,1,1,amplifier_degradation,13
R06-ZA,2026-09-01 03:24:00,-7.602000000000002,0.6489999999999938,17.825,1,1,amplifier_degradation,13
R06-ZA,2026-09-01 03:26:00,-8.1,-0.0010000000000047,17.255,1,1,amplifier_degradation,13
R06-ZA,2026-09-01 03:28:00,-7.455000000000002,-1.1300000000000114,16.934,1,1,amplifier_degradation,13
R06-ZA,2026-09-01 03:30:00,-8.186999999999994,0.6329999999999938,17.629,1,1,amplifier_degradation,13
R06-ZA,2026-09-01 03:32:00,-8.883000000000006,0.7419999999999973,17.321,1,1,amplifier_degradation,13
R06-ZA,2026-09-01 03:34:00,-8.399000000000003,-1.657000000000011,16.618,1,1,amplifier_degradation,13
R06-ZA,2026-09-01 03:36:00,-7.704999999999995,-0.2330000000000076,17.927,1,1,amplifier_degradation,13
R06-ZA,2026-09-01 03:38:00,-8.494000000000003,1.951499999999989,17.838,1,0,amplifier_degradation,13
R06-ZA,2026-09-01 03:40:00,-8.219000000000003,-0.6350000000000051,17.386,1,1,amplifier_degradation,13
R06-ZA,2026-09-01 03:42:00,-8.342999999999996,0.1389999999999958,17.823,1,1,amplifier_degradation,13
R06-ZA,2026-09-01 03:44:00,-8.767000000000003,0.4789999999999956,16.93,1,1,amplifier_degradation,13
R06-ZA,2026-09-01 03:46:00,-7.199999999999999,-0.4500000000000046,17.737,1,1,amplifier_degradation,13
R06-ZA,2026-09-01 03:48:00,-7.704000000000011,0.7639999999999851,17.379,1,1,amplifier_degradation,13
R06-ZA,2026-09-01 03:50:00,-8.117000000000003,1.3149999999999906,17.805,1,1,amplifier_degradation,13
R06-ZA,2026-09-01 03:52:00,-7.446999999999996,0.8129999999999953,17.992,1,1,amplifier_degradation,13
R06-ZA,2026-09-01 03:54:00,-8.284000000000002,0.9614999999999992,17.134,1,1,amplifier_degradation,13
R06-ZA,2026-09-01 03:56:00,-8.049000000000005,-0.6510000000000051,17.528,1,1,amplifier_degradation,13
R06-ZA,2026-09-01 03:58:00,-8.795000000000002,0.3319999999999954,17.333,1,1,amplifier_degradation,13
R06-ZA,2026-09-01 04:00:00,-8.3045,-0.6880000000000059,17.058,1,1,amplifier_degradation,13
R06-ZA,2026-09-01 04:02:00,-8.146999999999997,-0.8255000000000035,16.892,1,1,amplifier_degradation,13
R06-ZA,2026-09-01 04:04:00,0.6325000000000003,0.1219999999999945,20.113,0,0,none,-1
R06-ZA,2026-09-01 04:06:00,0.4250000000000007,-0.327000000000007,20.27,0,0,none,-1
R06-ZA,2026-09-01 04:08:00,0.7360000000000042,0.4159999999999879,19.9,0,0,none,-1
R06-ZA,2026-09-01 04:10:00,0.4980000000000029,-0.8260000000000094,20.176,0,0,none,-1
R06-ZA,2026-09-01 04:12:00,1.5479999999999965,1.1429999999999936,19.411,0,0,none,-1
R06-ZA,2026-09-01 04:14:00,1.6250000000000036,-0.2130000000000045,19.486,0,0,none,-1
R06-ZA,2026-09-01 04:16:00,0.825999999999997,0.915999999999995,19.6,0,0,none,-1
R06-ZA,2026-09-01 04:18:00,1.9059999999999933,-0.6520000000000046,19.346,0,0,none,-1
R06-ZA,2026-09-01 04:20:00,1.8619999999999948,0.290999999999995,19.822,0,0,none,-1
R06-ZA,2026-09-01 04:22:00,0.2829999999999977,0.8859999999999992,19.264,0,0,none,-1
R06-ZA,2026-09-01 04:24:00,0.5785000000000036,1.319499999999989,19.505,0,0,none,-1
R06-ZA,2026-09-01 04:26:00,0.4450000000000003,-0.4650000000000016,19.906,0,0,none,-1
R06-ZA,2026-09-01 04:28:00,0.6480000000000032,0.2189999999999976,19.827,0,0,none,-1
R06-ZA,2026-09-01 04:30:00,1.3049999999999995,-0.6349999999999998,20.007,0,0,none,-1
R06-ZA,2026-09-01 04:32:00,0.8319999999999954,-1.3250000000000028,20.364,0,0,none,-1
R06-ZA,2026-09-01 04:34:00,0.3189999999999955,0.493999999999998,20.055,0,0,none,-1
R06-ZA,2026-09-01 04:36:00,0.6029999999999944,0.0939999999999869,20.022,0,0,none,-1
R06-ZA,2026-09-01 04:38:00,1.3255000000000037,1.3899999999999952,19.332,0,0,none,-1
R06-ZA,2026-09-01 04:40:00,0.6949999999999985,0.0809999999999924,20.006,0,0,none,-1
R06-ZA,2026-09-01 04:42:00,0.5969999999999995,-18.840000000000003,5.863,1,1,flapping,6
R06-ZA,2026-09-01 04:44:00,0.4630000000000009,-18.33900000000002,6.696,1,1,flapping,6
R06-ZA,2026-09-01 04:46:00,1.241000000000005,0.2339999999999946,20.169,0,0,flapping,6
R06-ZA,2026-09-01 04:48:00,-0.2694999999999972,-0.4130000000000038,20.451,0,0,flapping,6
R06-ZA,2026-09-01 04:50:00,1.2940000000000005,1.173499999999995,18.872,0,0,flapping,6
R06-ZA,2026-09-01 04:52:00,0.5099999999999998,-0.9880000000000102,20.141,0,0,flapping,6
R06-ZA,2026-09-01 04:54:00,0.4025000000000016,0.1059999999999892,20.263,0,0,flapping,6
R06-ZA,2026-09-01 04:56:00,0.5520000000000032,0.1189999999999944,19.466,0,0,flapping,6
R06-ZA,2026-09-01 04:58:00,0.8449999999999935,-18.89750000000001,6.072,1,1,flapping,6
R06-ZA,2026-09-01 05:00:00,0.747999999999994,-0.701000000000013,19.636,0,0,flapping,6
R06-ZA,2026-09-01 05:02:00,1.0954999999999977,1.2749999999999986,18.783,0,0,none,-1
R06-ZA,2026-09-01 05:04:00,1.1430000000000042,0.1009999999999937,19.69,0,0,none,-1
R06-ZA,2026-09-01 05:06:00,0.4019999999999992,1.6049999999999898,19.597,0,0,none,-1
R06-ZA,2026-09-01 05:08:00,-0.3259999999999987,-1.0860000000000074,19.87,0,0,amplifier_degradation,13
R06-ZA,2026-09-01 05:10:00,-0.5364999999999984,-0.1265000000000036,20.33,0,0,amplifier_degradation,13
R06-ZA,2026-09-01 05:12:00,-0.6650000000000009,-0.4780000000000051,20.024,0,0,amplifier_degradation,13
R06-ZA,2026-09-01 05:14:00,-0.5350000000000001,-0.025500000000008,20.3,0,0,amplifier_degradation,13
R06-ZA,2026-09-01 05:16:00,-0.1789999999999985,0.2549999999999954,20.219,0,0,amplifier_degradation,13
R06-ZA,2026-09-01 05:18:00,-0.1424999999999983,0.596999999999996,19.912,0,0,amplifier_degradation,13
R06-ZA,2026-09-01 05:20:00,-0.493999999999998,0.64566666666666,20.248,0,0,amplifier_degradation,13
R06-ZA,2026-09-01 05:22:00,-0.9249999999999954,0.2813333333333219,20.343,0,0,amplifier_degradation,13
R06-ZA,2026-09-01 05:24:00,-0.4149999999999991,-2.4520000000000124,20.191,0,0,amplifier_degradation,13
R06-ZA,2026-09-01 05:26:00,-0.8469999999999942,1.998999999999992,19.963,0,0,amplifier_degradation,13
R06-ZA,2026-09-01 05:28:00,-0.5449999999999982,-1.5800000000000054,20.308,0,0,amplifier_degradation,13
R06-ZA,2026-09-01 05:30:00,0.4540000000000006,-1.3280000000000065,20.173,0,0,amplifier_degradation,13
R06-ZA,2026-09-01 05:32:00,-0.2579999999999991,0.2079999999999948,20.138,0,0,amplifier_degradation,13
R06-ZA,2026-09-01 05:34:00,-0.3289999999999953,0.2139999999999933,20.133,0,0,amplifier_degradation,13
R06-ZA,2026-09-01 05:36:00,0.0239999999999955,0.3499999999999907,20.136,0,0,amplifier_degradation,13
R06-ZA,2026-09-01 05:38:00,-0.916000000000002,0.7399999999999878,20.04,0,0,amplifier_degradation,13
R06-ZA,2026-09-01 05:40:00,-0.5930000000000053,-1.2210000000000036,20.41,0,0,amplifier_degradation,13
R06-ZA,2026-09-01 05:42:00,-0.4020000000000028,-1.2820000000000071,20.235,0,0,amplifier_degradation,13
R06-ZA,2026-09-01 05:44:00,0.7299999999999986,-0.2050000000000071,19.83,0,0,amplifier_degradation,13
R06-ZA,2026-09-01 05:46:00,-0.419000000000004,0.2999999999999989,20.187,0,0,amplifier_degradation,13
R06-ZA,2026-09-01 05:48:00,-0.082000000000006,-2.290000000000008,20.216,0,0,amplifier_degradation,13
R06-ZA,2026-09-01 05:50:00,-0.1735000000000042,-1.621000000000011,20.171,0,0,amplifier_degradation,13
R06-ZA,2026-09-01 05:52:00,-0.1219999999999963,0.1639999999999926,19.805,0,0,amplifier_degradation,13
R06-ZA,2026-09-01 05:54:00,-0.4380000000000024,-0.5430000000000046,20.395,0,0,amplifier_degradation,13
R06-ZA,2026-09-01 05:56:00,-0.190000000000003,0.7059999999999942,20.119,0,0,amplifier_degradation,13
R06-ZA,2026-09-01 05:58:00,-0.0370000000000043,-0.6560000000000041,20.388,0,0,amplifier_degradation,13
R06-ZA,2026-09-01 06:00:00,-0.6789999999999967,-1.4010000000000034,20.313,0,0,amplifier_degradation,13
R06-ZA,2026-09-01 06:02:00,0.5779999999999976,1.054999999999998,19.425,0,0,amplifier_degradation,13
R06-ZA,2026-09-01 06:04:00,0.270999999999999,-0.1840000000000117,20.256,0,0,amplifier_degradation,13
R06-ZA,2026-09-01 06:06:00,-0.1219999999999945,-0.5150000000000023,20.374,0,0,amplifier_degradation,13
R06-ZA,2026-09-01 06:08:00,-0.2699999999999996,-0.2760000000000016,20.148,0,0,amplifier_degradation,13
R06-ZA,2026-09-01 06:10:00,-0.185999999999991,-0.5910000000000046,20.233,0,0,amplifier_degradation,13
R06-ZA,2026-09-01 06:12:00,-0.028000000000004,0.3899999999999952,20.07,0,0,amplifier_degradation,13
R06-ZA,2026-09-01 06:14:00,-0.7920000000000034,0.3519999999999967,20.145,0,0,amplifier_degradation,13
R06-ZA,2026-09-01 06:16:00,-0.9499999999999992,-1.0790000000000042,20.112,0,0,amplifier_degradation,13
R06-ZA,2026-09-01 06:18:00,-0.0290000000000016,-0.3360000000000092,20.298,0,0,amplifier_degradation,13
R06-ZA,2026-09-01 06:20:00,0.0559999999999991,-0.7720000000000073,20.268,0,0,amplifier_degradation,13
R06-ZA,2026-09-01 06:22:00,0.5289999999999946,-2.0075000000000145,20.235,0,0,amplifier_degradation,13
R06-ZA,2026-09-01 06:24:00,0.5899999999999963,-0.3420000000000112,20.111,0,0,amplifier_degradation,13
R06-ZA,2026-09-01 06:26:00,-0.8680000000000057,-0.0600000000000076,20.301,0,0,amplifier_degradation,13
R06-ZA,2026-09-01 06:28:00,-0.0690000000000043,-0.9740000000000092,20.352,0,0,amplifier_degradation,13
R06-ZA,2026-09-01 06:30:00,-0.1285000000000007,-0.8880000000000052,20.172,0,0,amplifier_degradation,13
R06-ZA,2026-09-01 06:32:00,-0.5990000000000002,-0.3310000000000066,20.366,0,0,amplifier_degradation,13
R06-ZA,2026-09-01 06:34:00,-0.4379999999999988,0.5519999999999889,20.447,0,0,amplifier_degradation,13
R06-ZA,2026-09-01 06:36:00,-0.5520000000000014,-0.7910000000000039,20.311,0,0,amplifier_degradation,13
R06-ZA,2026-09-01 06:38:00,0.6469999999999985,-0.5500000000000114,19.783,0,0,amplifier_degradation,13
R06-ZA,2026-09-01 06:40:00,0.2989999999999977,-0.8565000000000076,20.297,0,0,amplifier_degradation,13
R06-ZA,2026-09-01 06:42:00,-0.3309999999999977,-0.7210000000000072,20.348,0,0,amplifier_degradation,13
R06-ZA,2026-09-01 06:44:00,-0.003999999999996,-0.3380000000000152,20.208,0,0,amplifier_degradation,13
R06-ZA,2026-09-01 06:46:00,-0.6169999999999973,0.0794999999999923,20.316,0,0,amplifier_degradation,13
R06-ZA,2026-09-01 06:48:00,-1.443999999999999,-0.2900000000000062,20.286,0,0,amplifier_degradation,13
R06-ZA,2026-09-01 06:50:00,0.0949999999999935,-1.834000000000005,20.261,0,0,amplifier_degradation,13
R06-ZA,2026-09-01 06:52:00,0.7559999999999967,-0.4310000000000027,20.036,0,0,none,-1
R06-ZA,2026-09-01 06:54:00,0.8969999999999985,-2.5700000000000056,20.368,0,0,none,-1
R06-ZA,2026-09-01 06:56:00,1.0500000000000007,-1.2090000000000105,20.222,0,0,none,-1
R06-ZA,2026-09-01 06:58:00,0.9135000000000062,-0.2129999999999992,20.332,0,0,none,-1
R06-ZA,2026-09-01 07:00:00,0.1839999999999992,-1.3930000000000078,20.296,0,0,none,-1
R06-ZA,2026-09-01 07:02:00,0.9429999999999996,-1.0490000000000084,20.186,0,0,none,-1
R06-ZA,2026-09-01 07:04:00,0.7340000000000018,-0.0340000000000078,20.246,0,0,none,-1
R06-ZA,2026-09-01 07:06:00,0.9304999999999986,0.2339999999999946,19.863,0,0,none,-1
R06-ZA,2026-09-01 07:08:00,0.2339999999999911,0.5929999999999911,20.254,0,0,none,-1
R06-ZA,2026-09-01 07:10:00,1.913999999999998,-0.0165000000000077,19.389,0,0,none,-1
R06-ZA,2026-09-01 07:12:00,0.6059999999999963,-1.7470000000000052,20.26,0,0,none,-1
R06-ZA,2026-09-01 07:14:00,1.1500000000000004,-0.7440000000000033,19.697,0,0,none,-1
R06-ZA,2026-09-01 07:16:00,0.381000000000002,-0.5910000000000117,20.422,0,0,none,-1
R06-ZA,2026-09-01 07:18:00,0.3969999999999967,-1.2440000000000122,20.415,0,0,none,-1
R06-ZA,2026-09-01 07:20:00,1.1149999999999896,-1.1930000000000067,20.224,0,0,none,-1
R06-ZA,2026-09-01 07:22:00,1.0689999999999955,-0.38900000000001,20.383,0,0,none,-1
R06-ZA,2026-09-01 07:24:00,2.238999999999999,-0.7380000000000102,19.26,0,0,none,-1
R06-ZA,2026-09-01 07:26:00,0.647000000000002,-1.5960000000000054,20.392,0,0,none,-1
R06-ZA,2026-09-01 07:28:00,0.6969999999999992,-2.0050000000000043,20.304,0,0,none,-1
R06-ZA,2026-09-01 07:30:00,0.5434999999999981,-0.8409999999999975,20.415,0,0,none,-1
R06-ZA,2026-09-01 07:32:00,0.3235000000000028,-0.6860000000000053,20.363,0,0,none,-1
R06-ZA,2026-09-01 07:34:00,1.8339999999999976,-0.3850000000000104,20.227,0,0,none,-1
R06-ZA,2026-09-01 07:36:00,0.8249999999999993,-0.627000000000006,20.394,0,0,none,-1
R06-ZA,2026-09-01 07:38:00,0.981,-2.2630000000000123,20.369,0,0,none,-1
R06-ZA,2026-09-01 07:40:00,0.906499999999996,-1.8050000000000104,20.353,0,0,fiber_degradation,10
R06-ZA,2026-09-01 07:42:00,1.509999999999998,-2.9360000000000035,20.32,0,0,fiber_degradation,10
R06-ZA,2026-09-01 07:44:00,1.8320000000000116,-2.6600000000000072,20.213,0,0,fiber_degradation,10
R06-ZA,2026-09-01 07:46:00,1.4819999999999922,-2.201000000000006,20.337,0,0,fiber_degradation,10
R06-ZA,2026-09-01 07:48:00,2.367999999999995,-2.727000000000011,20.305,0,0,fiber_degradation,10
R06-ZA,2026-09-01 07:50:00,2.7479999999999976,-1.7180000000000053,20.192,0,0,fiber_degradation,10
R06-ZA,2026-09-01 07:52:00,2.680999999999996,-3.290000000000008,20.222,0,0,fiber_degradation,10
R06-ZA,2026-09-01 07:54:00,3.650000000000002,-3.345000000000008,20.154,0,0,fiber_degradation,10
R06-ZA,2026-09-01 07:56:00,3.382000000000001,-3.970000000000006,19.961,0,0,fiber_degradation,10
R06-ZA,2026-09-01 07:58:00,4.130999999999999,-3.031000000000013,19.828,0,0,fiber_degradation,10
R06-ZA,2026-09-01 08:00:00,3.931499999999998,-5.500000000000012,20.098,0,0,fiber_degradation,10
R06-ZA,2026-09-01 08:02:00,3.7280000000000033,-5.491,20.036,0,0,fiber_degradation,10
R06-ZA,2026-09-01 08:04:00,3.2609999999999992,-6.188000000000002,20.028,0,0,fiber_degradation,10
R06-ZA,2026-09-01 08:06:00,3.6250000000000018,-4.809000000000008,20.092,0,0,fiber_degradation,10
R06-ZA,2026-09-01 08:08:00,3.211999999999998,-7.183000000000007,19.812,0,0,fiber_degradation,10
R06-ZA,2026-09-01 08:10:00,3.684499999999996,-5.747,20.056,0,0,fiber_degradation,10
R06-ZA,2026-09-01 08:12:00,2.8979999999999944,-5.873000000000008,20.013,0,0,fiber_degradation,10
R06-ZA,2026-09-01 08:14:00,3.047999999999993,-6.8140000000000125,19.372,0,0,fiber_degradation,10
R06-ZA,2026-09-01 08:16:00,3.663999999999998,-6.940000000000007,19.868,0,0,fiber_degradation,10
R06-ZA,2026-09-01 08:18:00,3.6590000000000007,-8.130500000000007,19.216,0,0,fiber_degradation,10
R06-ZA,2026-09-01 08:20:00,4.142000000000001,-8.22000000000001,19.356,0,0,fiber_degradation,10
R06-ZA,2026-09-01 08:22:00,3.7925,-7.766000000000007,19.516,0,0,fiber_degradation,10
R06-ZA,2026-09-01 08:24:00,4.706999999999999,-6.238000000000003,19.539,0,0,fiber_degradation,10
R06-ZA,2026-09-01 08:26:00,3.7849999999999984,-8.321,19.028,0,0,fiber_degradation,10
R06-ZA,2026-09-01 08:28:00,3.755000000000004,-7.916000000000006,18.926,0,0,fiber_degradation,10
R06-ZA,2026-09-01 08:30:00,3.711999999999996,-8.566500000000001,18.696,0,0,fiber_degradation,10
R06-ZA,2026-09-01 08:32:00,3.1619999999999937,-10.519000000000004,17.471,1,1,fiber_degradation,10
R06-ZA,2026-09-01 08:34:00,3.655000000000003,-8.673000000000007,18.198,1,0,fiber_degradation,10
R06-ZA,2026-09-01 08:36:00,3.7719999999999967,-8.937000000000006,18.306,1,0,fiber_degradation,10
R06-ZA,2026-09-01 08:38:00,3.348999999999995,-9.92700000000001,18.313,1,0,fiber_degradation,10
R06-ZA,2026-09-01 08:40:00,3.3299999999999983,-8.00400000000001,18.508,0,0,fiber_degradation,10
R06-ZA,2026-09-01 08:42:00,2.882,-9.198000000000002,18.45,0,0,fiber_degradation,10
R06-ZA,2026-09-01 08:44:00,3.789499999999995,-8.015000000000002,18.701,0,0,fiber_degradation,10
R06-ZA,2026-09-01 08:46:00,2.9979999999999998,-9.883000000000008,17.604,1,0,fiber_degradation,10
R06-ZA,2026-09-01 08:48:00,3.152000000000001,-8.449000000000009,18.519,0,0,fiber_degradation,10
R06-ZA,2026-09-01 08:50:00,3.592500000000001,-9.522000000000004,18.48,0,0,fiber_degradation,10
R06-ZA,2026-09-01 08:52:00,3.1459999999999955,-8.06500000000001,18.48,0,0,fiber_degradation,10
R06-ZA,2026-09-01 08:54:00,3.78,-9.455000000000004,18.485,0,0,fiber_degradation,10
R06-ZA,2026-09-01 08:56:00,2.223999999999995,-8.885,18.126,1,0,fiber_degradation,10
R06-ZA,2026-09-01 08:58:00,3.915000000000005,-9.556000000000008,18.405,0,0,fiber_degradation,10
R06-ZA,2026-09-01 09:00:00,3.251999999999996,-8.535000000000007,17.922,1,0,fiber_degradation,10
R06-ZA,2026-09-01 09:02:00,2.5539999999999985,-9.290000000000004,18.52,1,0,fiber_degradation,10
R06-ZA,2026-09-01 09:04:00,3.506999999999998,-9.24800000000001,18.449,1,0,fiber_degradation,10
R06-ZA,2026-09-01 09:06:00,4.109000000000002,-8.891000000000007,18.333,0,0,fiber_degradation,10
R06-ZA,2026-09-01 09:08:00,3.741000000000003,-8.802000000000008,18.102,1,0,fiber_degradation,10
R06-ZA,2026-09-01 09:10:00,2.5160000000000124,-5.601000000000004,20.366,0,0,none,-1
R06-ZA,2026-09-01 09:12:00,1.291000000000002,-2.4000000000000057,20.348,0,0,none,-1
R06-ZA,2026-09-01 09:14:00,1.062999999999997,-0.8070000000000057,20.239,0,0,none,-1
R06-ZA,2026-09-01 09:16:00,1.261999999999999,-1.499000000000006,20.378,0,0,none,-1
R06-ZA,2026-09-01 09:18:00,1.8979999999999944,-1.9200000000000088,20.356,0,0,none,-1
R06-ZA,2026-09-01 09:20:00,1.4890000000000008,-2.121000000000011,20.271,0,0,none,-1
R06-ZA,2026-09-01 09:22:00,0.4199999999999964,-2.6470000000000127,20.284,0,0,none,-1
R06-ZA,2026-09-01 09:24:00,1.4820000000000046,-1.62000000000001,20.353,0,0,none,-1
R06-ZA,2026-09-01 09:26:00,1.3109999999999964,-1.211000000000011,20.114,0,0,none,-1
R06-ZA,2026-09-01 09:28:00,1.837999999999996,-1.0405000000000104,20.232,0,0,none,-1
R06-ZA,2026-09-01 09:30:00,-0.1370000000000004,-41.481,-9.421,1,1,fiber_cut,18
R06-ZA,2026-09-01 09:32:00,0.8350000000000026,-42.269000000000005,-7.896,1,1,fiber_cut,18
R06-ZA,2026-09-01 09:34:00,1.6840000000000082,-41.61333333333334,-7.248,1,1,fiber_cut,18
R06-ZA,2026-09-01 09:36:00,0.895500000000002,-41.44516666666668,-10.054,1,1,fiber_cut,18
R06-ZA,2026-09-01 09:38:00,0.1070000000000028,-41.27700000000001,-9.685,1,1,fiber_cut,18
R06-ZA,2026-09-01 09:40:00,0.508000000000008,-40.569,-8.15,1,1,fiber_cut,18
R06-ZA,2026-09-01 09:42:00,0.5824999999999942,-41.70700000000001,-9.232,1,1,fiber_cut,18
R06-ZA,2026-09-01 09:44:00,0.6430000000000025,-41.918000000000006,-9.896,1,1,fiber_cut,18
R06-ZA,2026-09-01 09:46:00,1.5560000000000027,-41.46400000000001,-8.031,1,1,fiber_cut,18
R06-ZA,2026-09-01 09:48:00,-0.0555000000000021,-39.629000000000005,-8.195,1,1,fiber_cut,18
R06-ZA,2026-09-01 09:50:00,1.6760000000000037,-4.145000000000005,20.218,0,0,none,-1
R06-ZA,2026-09-01 09:52:00,1.283999999999999,-2.1390000000000065,20.279,0,0,none,-1
R06-ZA,2026-09-01 09:54:00,-0.1700000000000052,-1.8825000000000145,20.374,0,0,none,-1
R06-ZA,2026-09-01 09:56:00,1.099999999999996,-2.726000000000001,20.358,0,0,none,-1
R06-ZA,2026-09-01 09:58:00,0.5239999999999974,-2.8720000000000105,20.232,0,0,none,-1
R07-AZ,2026-09-01 00:00:00,0.2819999999999982,1.471999999999996,20.082,0,0,none,-1
R07-AZ,2026-09-01 00:02:00,0.1564999999999976,0.9210000000000048,20.067,0,0,none,-1
R07-AZ,2026-09-01 00:04:00,0.6710000000000065,1.112,20.148,0,0,none,-1
R07-AZ,2026-09-01 00:06:00,-1.1049999999999969,-0.1979999999999986,20.013,0,0,none,-1
R07-AZ,2026-09-01 00:08:00,0.1349999999999998,1.4679999999999946,20.162,0,0,none,-1
R07-AZ,2026-09-01 00:10:00,-0.0194999999999971,0.2245000000000008,20.079,0,0,none,-1
R07-AZ,2026-09-01 00:12:00,-0.3430000000000017,2.3804999999999943,20.153,0,0,none,-1
R07-AZ,2026-09-01 00:14:00,-1.130000000000006,1.2019999999999982,20.165,0,0,none,-1
R07-AZ,2026-09-01 00:16:00,0.2200000000000024,-1.4190000000000005,19.787,0,0,none,-1
R07-AZ,2026-09-01 00:18:00,0.5310000000000024,0.0170000000000012,20.084,0,0,none,-1
R07-AZ,2026-09-01 00:20:00,0.2055000000000006,0.0830000000000001,20.089,0,0,none,-1
R07-AZ,2026-09-01 00:22:00,-0.0720000000000009,1.6580000000000013,19.852,0,0,none,-1
R07-AZ,2026-09-01 00:24:00,0.2910000000000003,-0.131499999999999,20.133,0,0,none,-1
R07-AZ,2026-09-01 00:26:00,0.1469999999999931,1.9190000000000025,20.158,0,0,none,-1
R07-AZ,2026-09-01 00:28:00,-0.2569999999999997,-0.1534999999999975,20.115,0,0,none,-1
R07-AZ,2026-09-01 00:30:00,0.0259999999999998,0.2150000000000016,20.059,0,0,none,-1
R07-AZ,2026-09-01 00:32:00,-0.0879999999999974,0.8559999999999981,20.122,0,0,none,-1
R07-AZ,2026-09-01 00:34:00,-0.525999999999998,1.059000000000001,20.132,0,0,none,-1
R07-AZ,2026-09-01 00:36:00,0.0520000000000031,-0.1980000000000004,20.088,0,0,none,-1
R07-AZ,2026-09-01 00:38:00,-0.7529999999999983,-0.3539999999999974,19.894,0,0,none,-1
R07-AZ,2026-09-01 00:40:00,0.083999999999996,0.8700000000000028,20.132,0,0,none,-1
R07-AZ,2026-09-01 00:42:00,0.0589999999999992,0.6879999999999971,20.12,0,0,amplifier_degradation,12
R07-AZ,2026-09-01 00:44:00,-1.0489999999999924,0.3319999999999972,19.92,0,0,amplifier_degradation,12
R07-AZ,2026-09-01 00:46:00,-0.8730000000000011,-0.0629999999999935,19.938,0,0,amplifier_degradation,12
R07-AZ,2026-09-01 00:48:00,-0.9550000000000018,0.4789999999999939,19.973,0,0,amplifier_degradation,12
R07-AZ,2026-09-01 00:50:00,-1.600999999999999,0.4820000000000046,19.772,0,0,amplifier_degradation,12
R07-AZ,2026-09-01 00:52:00,-0.6984999999999975,1.256000000000002,19.822,0,0,amplifier_degradation,12
R07-AZ,2026-09-01 00:54:00,-0.5649999999999995,-0.0779999999999976,19.767,0,0,amplifier_degradation,12
R07-AZ,2026-09-01 00:56:00,-0.8550000000000022,-0.3584999999999958,20.014,0,0,amplifier_degradation,12
R07-AZ,2026-09-01 00:58:00,-1.034500000000003,0.8344999999999931,19.818,0,0,amplifier_degradation,12
R07-AZ,2026-09-01 01:00:00,-1.3930000000000025,1.9799999999999969,19.888,0,0,amplifier_degradation,12
R07-AZ,2026-09-01 01:02:00,-1.8550000000000004,0.6950000000000092,19.417,0,0,amplifier_degradation,12
R07-AZ,2026-09-01 01:04:00,-0.5794999999999995,-0.2080000000000073,19.829,0,0,amplifier_degradation,12
R07-AZ,2026-09-01 01:06:00,-1.8840000000000057,1.6889999999999985,19.628,0,0,amplifier_degradation,12
R07-AZ,2026-09-01 01:08:00,-2.109999999999996,0.5549999999999979,19.198,0,0,amplifier_degradation,12
R07-AZ,2026-09-01 01:10:00,-2.6940000000000026,-1.0769999999999982,19.149,0,0,amplifier_degradation,12
R07-AZ,2026-09-01 01:12:00,-2.796999999999999,-0.4030000000000022,19.281,0,0,amplifier_degradation,12
R07-AZ,2026-09-01 01:14:00,-3.089500000000001,-1.0450000000000017,19.255,0,0,amplifier_degradation,12
R07-AZ,2026-09-01 01:16:00,-2.565999999999997,-0.3069999999999968,18.92,0,0,amplifier_degradation,12
R07-AZ,2026-09-01 01:18:00,-2.7420000000000044,0.5149999999999988,19.341,0,0,amplifier_degradation,12
R07-AZ,2026-09-01 01:20:00,-3.3394999999999992,1.0105000000000022,18.886,0,0,amplifier_degradation,12
R07-AZ,2026-09-01 01:22:00,-3.9370000000000074,1.5060000000000038,19.01,0,0,amplifier_degradation,12
R07-AZ,2026-09-01 01:24:00,-3.464000000000004,-0.5889999999999933,18.225,0,0,amplifier_degradation,12
R07-AZ,2026-09-01 01:26:00,-3.645999999999996,-0.7220000000000013,18.598,0,0,amplifier_degradation,12
R07-AZ,2026-09-01 01:28:00,-3.884000000000004,-0.1539999999999963,18.358,0,0,amplifier_degradation,12
R07-AZ,2026-09-01 01:30:00,-4.281000000000008,0.2880000000000056,18.764,0,0,amplifier_degradation,12
R07-AZ,2026-09-01 01:32:00,-4.408000000000003,0.0430000000000045,17.948,0,0,amplifier_degradation,12
R07-AZ,2026-09-01 01:34:00,-4.543000000000001,0.7400000000000002,18.737,0,0,amplifier_degradation,12
R07-AZ,2026-09-01 01:36:00,-4.256,1.721,18.752,0,0,amplifier_degradation,12
R07-AZ,2026-09-01 01:38:00,-5.100999999999994,-1.724999999999998,17.092,1,1,amplifier_degradation,12
R07-AZ,2026-09-01 01:40:00,-4.069000000000001,1.2990000000000013,18.665,0,0,amplifier_degradation,12
R07-AZ,2026-09-01 01:42:00,-3.9620000000000015,1.223999999999991,18.341,0,0,amplifier_degradation,12
R07-AZ,2026-09-01 01:44:00,-3.9769999999999968,-0.6730000000000018,18.136,0,0,amplifier_degradation,12
R07-AZ,2026-09-01 01:46:00,-4.923999999999998,-0.7429999999999932,17.229,1,0,amplifier_degradation,12
R07-AZ,2026-09-01 01:48:00,-5.291000000000002,-0.6899999999999977,17.381,0,0,amplifier_degradation,12
R07-AZ,2026-09-01 01:50:00,-4.770999999999999,-0.9694999999999984,17.213,1,0,amplifier_degradation,12
R07-AZ,2026-09-01 01:52:00,-4.948,-0.5169999999999995,17.642,0,0,amplifier_degradation,12
R07-AZ,2026-09-01 01:54:00,-4.876999999999997,-0.4189999999999934,17.678,0,0,amplifier_degradation,12
R07-AZ,2026-09-01 01:56:00,-4.948499999999996,-2.0649999999999995,17.446,0,1,amplifier_degradation,12
R07-AZ,2026-09-01 01:58:00,-5.283000000000001,-1.248999999999997,16.506,1,0,amplifier_degradation,12
R07-AZ,2026-09-01 02:00:00,-6.4990000000000006,-1.4269999999999996,16.883,1,1,amplifier_degradation,12
R07-AZ,2026-09-01 02:02:00,-5.654000000000002,-0.1060000000000016,17.422,0,0,amplifier_degradation,12
R07-AZ,2026-09-01 02:04:00,-4.830499999999999,-0.3719999999999981,18.051,0,0,amplifier_degradation,12
R07-AZ,2026-09-01 02:06:00,-5.071999999999997,-2.316500000000003,17.127,1,1,amplifier_degradation,12
R07-AZ,2026-09-01 02:08:00,-4.731,-0.5760000000000041,17.445,0,0,amplifier_degradation,12
R07-AZ,2026-09-01 02:10:00,-5.151,-1.9429999999999925,17.351,0,1,amplifier_degradation,12
R07-AZ,2026-09-01 02:12:00,-4.005000000000006,-0.6760000000000037,17.633,0,0,amplifier_degradation,12
R07-AZ,2026-09-01 02:14:00,-4.997,0.6450000000000014,17.785,0,0,amplifier_degradation,12
R07-AZ,2026-09-01 02:16:00,-5.593000000000002,-1.5649999999999924,17.172,0,1,amplifier_degradation,12
R07-AZ,2026-09-01 02:18:00,-4.425000000000001,-0.5759999999999987,17.404,0,0,amplifier_degradation,12
R07-AZ,2026-09-01 02:20:00,-5.284000000000008,-1.7279999999999962,16.388,1,1,amplifier_degradation,12
R07-AZ,2026-09-01 02:22:00,-5.489500000000001,-1.0729999999999986,17.384,1,0,amplifier_degradation,12
R07-AZ,2026-09-01 02:24:00,-5.924999999999997,-1.4240000000000048,17.676,0,1,amplifier_degradation,12
R07-AZ,2026-09-01 02:26:00,-4.199,-0.5400000000000027,18.108,0,0,amplifier_degradation,12
R07-AZ,2026-09-01 02:28:00,-4.818999999999997,-1.0089999999999986,17.245,0,0,amplifier_degradation,12
R07-AZ,2026-09-01 02:30:00,-5.637500000000001,-0.4760000000000026,17.354,1,0,amplifier_degradation,12
R07-AZ,2026-09-01 02:32:00,-5.9694999999999965,-1.472999999999992,17.52,0,1,amplifier_degradation,12
R07-AZ,2026-09-01 02:34:00,-5.256500000000003,-1.2690000000000037,17.721,0,0,amplifier_degradation,12
R07-AZ,2026-09-01 02:36:00,-4.699,-0.5359999999999978,17.54,0,0,amplifier_degradation,12
R07-AZ,2026-09-01 02:38:00,-0.0289999999999945,-1.7480000000000029,19.529,0,0,none,-1
R07-AZ,2026-09-01 02:40:00,-0.4289999999999949,-0.8619999999999948,19.96,0,0,none,-1
R07-AZ,2026-09-01 02:42:00,-0.0640000000000018,-1.110999999999997,19.966,0,0,none,-1
R07-AZ,2026-09-01 02:44:00,-0.2499999999999946,-0.7289999999999939,20.01,0,0,none,-1
R07-AZ,2026-09-01 02:46:00,-0.4830000000000041,-0.4860000000000024,19.837,0,0,none,-1
R07-AZ,2026-09-01 02:48:00,0.3289999999999988,-0.6980000000000022,19.902,0,0,none,-1
R07-AZ,2026-09-01 02:50:00,-0.2979999999999982,-1.6740000000000013,19.266,0,0,none,-1
R07-AZ,2026-09-01 02:52:00,0.1029999999999962,-0.2560000000000002,19.951,0,0,none,-1
R07-AZ,2026-09-01 02:54:00,-0.2249999999999961,-0.5480000000000018,19.953,0,0,none,-1
R07-AZ,2026-09-01 02:56:00,0.1520000000000028,-1.703000000000003,19.583,0,0,none,-1
R07-AZ,2026-09-01 02:58:00,-0.4070000000000018,-1.8469999999999995,19.895,0,0,none,-1
R07-AZ,2026-09-01 03:00:00,0.1120000000000001,-0.9770000000000056,19.964,0,0,none,-1
R07-AZ,2026-09-01 03:02:00,0.1259999999999994,-1.2119999999999995,19.854,0,0,none,-1
R07-AZ,2026-09-01 03:04:00,0.3069999999999986,0.5129999999999946,20.035,0,0,none,-1
R07-AZ,2026-09-01 03:06:00,0.1699999999999999,-0.4359999999999964,19.987,0,0,none,-1
R07-AZ,2026-09-01 03:08:00,0.176499999999999,-1.5685000000000002,19.674,0,0,none,-1
R07-AZ,2026-09-01 03:10:00,0.1894999999999971,0.6479999999999979,20.182,0,0,none,-1
R07-AZ,2026-09-01 03:12:00,1.1320000000000086,-0.1880000000000024,20.046,0,0,none,-1
R07-AZ,2026-09-01 03:14:00,-1.2969999999999953,-1.671000000000003,19.515,0,0,none,-1
R07-AZ,2026-09-01 03:16:00,0.0169999999999994,0.9529999999999994,20.157,0,0,none,-1
R07-AZ,2026-09-01 03:18:00,-0.0219999999999984,1.7969999999999988,19.991,0,0,none,-1
R07-AZ,2026-09-01 03:20:00,0.1340000000000021,-0.3989999999999991,20.073,0,0,none,-1
R07-AZ,2026-09-01 03:22:00,-0.8674999999999962,-1.711000000000004,19.774,0,0,amplifier_degradation,12
R07-AZ,2026-09-01 03:24:00,-0.9890000000000044,0.0250000000000003,19.845,0,0,amplifier_degradation,12
R07-AZ,2026-09-01 03:26:00,-0.1904999999999983,0.2870000000000008,19.93,0,0,amplifier_degradation,12
R07-AZ,2026-09-01 03:28:00,-2.206999999999999,-2.2529999999999912,18.85,0,0,amplifier_degradation,12
R07-AZ,2026-09-01 03:30:00,-2.392500000000004,-0.8600000000000012,18.87,0,0,amplifier_degradation,12
R07-AZ,2026-09-01 03:32:00,-3.1100000000000048,-0.0409999999999968,18.862,0,0,amplifier_degradation,12
R07-AZ,2026-09-01 03:34:00,-2.978,-0.7150000000000016,19.036,0,0,amplifier_degradation,12
R07-AZ,2026-09-01 03:36:00,-3.6949999999999994,-1.6709999999999958,17.989,0,0,amplifier_degradation,12
R07-AZ,2026-09-01 03:38:00,-4.537000000000003,-0.0479999999999982,17.842,0,0,amplifier_degradation,12
R07-AZ,2026-09-01 03:40:00,-5.625000000000002,0.2670000000000065,17.492,0,0,amplifier_degradation,12
R07-AZ,2026-09-01 03:42:00,-5.578999999999999,-1.749000000000004,17.106,1,1,amplifier_degradation,12
R07-AZ,2026-09-01 03:44:00,-5.863999999999995,0.5750000000000046,17.632,0,0,amplifier_degradation,12
R07-AZ,2026-09-01 03:46:00,-6.278000000000002,-0.0980000000000043,16.427,1,0,amplifier_degradation,12
R07-AZ,2026-09-01 03:48:00,-7.147,-1.1090000000000035,16.291,1,1,amplifier_degradation,12
R07-AZ,2026-09-01 03:50:00,-6.860000000000005,0.5770000000000035,16.642,1,0,amplifier_degradation,12
R07-AZ,2026-09-01 03:52:00,-8.022499999999999,0.2899999999999991,16.161,1,1,amplifier_degradation,12
R07-AZ,2026-09-01 03:54:00,-8.534999999999997,-0.7680000000000025,15.044,1,1,amplifier_degradation,12
R07-AZ,2026-09-01 03:56:00,-7.939999999999998,0.3539999999999992,16.002,1,1,amplifier_degradation,12
R07-AZ,2026-09-01 03:58:00,-8.016000000000002,-1.0180000000000025,14.936,1,1,amplifier_degradation,12
R07-AZ,2026-09-01 04:00:00,-7.71399999999999,1.1640000000000017,16.585,1,1,amplifier_degradation,12
R07-AZ,2026-09-01 04:02:00,-7.738000000000003,0.4489999999999998,15.981,1,1,amplifier_degradation,12
R07-AZ,2026-09-01 04:04:00,-8.268499999999998,0.5759999999999952,16.006,1,1,amplifier_degradation,12
R07-AZ,2026-09-01 04:06:00,-7.422000000000001,-1.3319999999999972,15.097,1,1,amplifier_degradation,12
R07-AZ,2026-09-01 04:08:00,-7.768000000000002,-0.1599999999999966,16.069,1,1,amplifier_degradation,12
R07-AZ,2026-09-01 04:10:00,-7.57200000000001,-0.5589999999999993,16.086,1,1,amplifier_degradation,12
R07-AZ,2026-09-01 04:12:00,-8.066000000000004,0.3894999999999999,15.978,1,1,amplifier_degradation,12
R07-AZ,2026-09-01 04:14:00,-7.638000000000002,0.5110000000000152,16.239,1,1,amplifier_degradation,12
R07-AZ,2026-09-01 04:16:00,-7.282999999999994,0.9289999999999948,16.146,1,0,amplifier_degradation,12
R07-AZ,2026-09-01 04:18:00,-0.5684999999999967,0.1440000000000036,19.917,0,0,none,-1
R07-AZ,2026-09-01 04:20:00,-0.2279999999999979,-0.2420000000000008,19.972,0,0,none,-1
R07-AZ,2026-09-01 04:22:00,0.1079999999999969,0.1139999999999972,19.974,0,0,none,-1
R07-AZ,2026-09-01 04:24:00,0.6759999999999984,-0.1630000000000002,20.105,0,0,none,-1
R07-AZ,2026-09-01 04:26:00,0.2610000000000028,0.7710000000000026,20.099,0,0,none,-1
R07-AZ,2026-09-01 04:28:00,-0.0799999999999983,0.1709999999999958,19.939,0,0,none,-1
R07-AZ,2026-09-01 04:30:00,0.2929999999999957,0.196000000000005,20.061,0,0,none,-1
R07-AZ,2026-09-01 04:32:00,0.2550000000000008,0.7590000000000039,20.05,0,0,none,-1
R07-AZ,2026-09-01 04:34:00,0.8479999999999972,-1.3925000000000018,20.058,0,0,none,-1
R07-AZ,2026-09-01 04:36:00,0.1020000000000003,-0.4914999999999949,20.07,0,0,none,-1
R07-AZ,2026-09-01 04:38:00,0.6570000000000054,0.1660000000000021,20.111,0,0,none,-1
R07-AZ,2026-09-01 04:40:00,-0.1784999999999996,-0.2200000000000024,20.163,0,0,none,-1
R07-AZ,2026-09-01 04:42:00,0.217000000000004,-0.6129999999999942,19.93,0,0,none,-1
R07-AZ,2026-09-01 04:44:00,-0.3424999999999976,0.7599999999999998,20.157,0,0,none,-1
R07-AZ,2026-09-01 04:46:00,0.9799999999999986,0.6979999999999933,20.131,0,0,none,-1
R07-AZ,2026-09-01 04:48:00,-0.1870000000000047,-1.2679999999999971,19.823,0,0,none,-1
R07-AZ,2026-09-01 04:50:00,-0.0500000000000042,0.8429999999999964,20.138,0,0,none,-1
R07-AZ,2026-09-01 04:52:00,0.4520000000000035,0.0499999999999989,20.099,0,0,none,-1
R07-AZ,2026-09-01 04:54:00,-0.612999999999996,1.589000000000004,20.137,0,0,none,-1
R07-AZ,2026-09-01 04:56:00,0.5869999999999962,0.1479999999999979,20.051,0,0,none,-1
R07-AZ,2026-09-01 04:58:00,-0.9250000000000044,0.6360000000000063,19.989,0,0,none,-1
R07-AZ,2026-09-01 05:00:00,-0.0890000000000021,-0.5459999999999994,20.046,0,0,none,-1
R07-AZ,2026-09-01 05:02:00,-0.8699999999999939,-0.0820000000000007,20.084,0,0,none,-1
R07-AZ,2026-09-01 05:04:00,-0.4359999999999964,1.941000000000006,20.151,0,0,none,-1
R07-AZ,2026-09-01 05:06:00,-0.8620000000000001,1.3130000000000006,20.157,0,0,none,-1
R07-AZ,2026-09-01 05:08:00,-0.4715000000000025,-0.1629999999999967,20.06,0,0,none,-1
R07-AZ,2026-09-01 05:10:00,0.2279999999999944,-38.367,-17.481,1,1,fiber_cut,1
R07-AZ,2026-09-01 05:12:00,0.9579999999999966,-40.153,-17.65,1,1,fiber_cut,1
R07-AZ,2026-09-01 05:14:00,0.6619999999999973,-38.03600000000001,-16.832,1,1,fiber_cut,1
R07-AZ,2026-09-01 05:16:00,-0.2400000000000002,-39.29,-17.888,1,1,fiber_cut,1
R07-AZ,2026-09-01 05:18:00,-0.0069999999999978,-38.6495,-17.274,1,1,fiber_cut,1
R07-AZ,2026-09-01 05:20:00,0.5319999999999983,1.3309999999999975,20.071,0,0,none,-1
R07-AZ,2026-09-01 05:22:00,0.2214999999999971,0.3549999999999969,20.158,0,0,none,-1
R07-AZ,2026-09-01 05:24:00,0.0480000000000053,-0.2929999999999957,20.137,0,0,none,-1
R07-AZ,2026-09-01 05:26:00,0.2399999999999931,1.121500000000001,20.09,0,0,none,-1
R07-AZ,2026-09-01 05:28:00,-1.160000000000002,-0.0420000000000033,19.809,0,0,fiber_degradation,16
R07-AZ,2026-09-01 05:30:00,-0.6929999999999943,-0.4019999999999992,19.805,0,0,fiber_degradation,16
R07-AZ,2026-09-01 05:32:00,0.8489999999999984,-4.401999999999996,19.336,0,0,fiber_degradation,16
R07-AZ,2026-09-01 05:34:00,-0.641,-4.532499999999995,18.996,0,0,fiber_degradation,16
R07-AZ,2026-09-01 05:36:00,0.1409999999999929,-6.200999999999999,17.867,1,0,fiber_degradation,16
R07-AZ,2026-09-01 05:38:00,0.1990000000000016,-7.168999999999995,17.517,1,0,fiber_degradation,16
R07-AZ,2026-09-01 05:40:00,-0.3510000000000044,-6.520999999999992,16.59,1,0,fiber_degradation,16
R07-AZ,2026-09-01 05:42:00,-0.5320000000000054,-9.841999999999995,15.523,1,1,fiber_degradation,16
R07-AZ,2026-09-01 05:44:00,0.0620000000000082,-10.864,14.904,1,1,fiber_degradation,16
R07-AZ,2026-09-01 05:46:00,-0.2920000000000016,-9.21499999999999,15.992,1,1,fiber_degradation,16
R07-AZ,2026-09-01 05:48:00,-0.0524999999999984,-10.405999999999992,15.291,1,1,fiber_degradation,16
R07-AZ,2026-09-01 05:50:00,0.059000000000001,-9.692000000000002,15.923,1,1,fiber_degradation,16
R07-AZ,2026-09-01 05:52:00,0.2644999999999982,-10.577,15.195,1,1,fiber_degradation,16
R07-AZ,2026-09-01 05:54:00,-0.7230000000000008,-9.563000000000004,15.268,1,1,fiber_degradation,16
R07-AZ,2026-09-01 05:56:00,0.2339999999999982,0.8850000000000051,20.059,0,0,none,-1
R07-AZ,2026-09-01 05:58:00,-0.1930000000000049,0.9840000000000088,20.028,0,0,none,-1
R07-AZ,2026-09-01 06:00:00,0.0469999999999952,0.3650000000000002,20.124,0,0,none,-1
R07-AZ,2026-09-01 06:02:00,-0.0129999999999981,1.1669999999999965,20.117,0,0,none,-1
R07-AZ,2026-09-01 06:04:00,-0.3690000000000069,2.5490000000000066,20.146,0,0,none,-1
R07-AZ,2026-09-01 06:06:00,-0.6459999999999972,1.9970000000000017,20.052,0,0,none,-1
R07-AZ,2026-09-01 06:08:00,0.6849999999999952,1.6830000000000052,20.027,0,0,none,-1
R07-AZ,2026-09-01 06:10:00,-0.6619999999999937,1.158000000000003,20.136,0,0,none,-1
R07-AZ,2026-09-01 06:12:00,0.4540000000000006,1.9510000000000092,20.05,0,0,none,-1
R07-AZ,2026-09-01 06:14:00,-0.065000000000003,2.030999999999997,19.975,0,0,none,-1
R07-AZ,2026-09-01 06:16:00,0.104000000000008,1.0480000000000054,20.021,0,0,none,-1
R07-AZ,2026-09-01 06:18:00,-0.5610000000000053,1.4330000000000034,20.146,0,0,none,-1
R07-AZ,2026-09-01 06:20:00,0.2600000000000086,0.9510000000000004,20.107,0,0,none,-1
R07-AZ,2026-09-01 06:22:00,-0.3419999999999952,1.4274999999999949,20.168,0,0,none,-1
R07-AZ,2026-09-01 06:24:00,0.0125000000000028,1.3870000000000058,19.922,0,0,none,-1
R07-AZ,2026-09-01 06:26:00,-0.2435000000000027,0.0509999999999983,20.118,0,0,none,-1
R07-AZ,2026-09-01 06:28:00,0.7200000000000077,-0.2430000000000021,20.093,0,0,none,-1
R07-AZ,2026-09-01 06:30:00,0.231500000000004,1.1010000000000026,20.078,0,0,none,-1
R07-AZ,2026-09-01 06:32:00,0.7469999999999999,1.3780000000000054,19.886,0,0,none,-1
R07-AZ,2026-09-01 06:34:00,0.2369999999999947,1.4350000000000025,20.052,0,0,none,-1
R07-AZ,2026-09-01 06:36:00,0.1109999999999971,0.1449999999999978,20.01,0,0,none,-1
R07-AZ,2026-09-01 06:38:00,0.3950000000000013,1.3685000000000027,20.139,0,0,none,-1
R07-AZ,2026-09-01 06:40:00,0.3310000000000048,-7.2280000000000015,15.528,1,0,flapping,12
R07-AZ,2026-09-01 06:42:00,0.6719999999999988,-9.722000000000005,14.144,1,1,flapping,12
R07-AZ,2026-09-01 06:44:00,0.0130000000000034,-0.2169999999999952,20.088,0,0,flapping,12
R07-AZ,2026-09-01 06:46:00,-0.3560000000000052,1.6649999999999991,20.161,0,0,flapping,12
R07-AZ,2026-09-01 06:48:00,-0.4830000000000005,-9.463000000000005,14.193,1,1,flapping,12
R07-AZ,2026-09-01 06:50:00,-0.0669999999999948,-9.176999999999992,13.649,1,1,flapping,12
R07-AZ,2026-09-01 06:52:00,0.1420000000000065,2.194000000000006,19.939,0,0,flapping,12
R07-AZ,2026-09-01 06:54:00,-0.4060000000000059,-10.14399999999999,13.596,1,1,flapping,12
R07-AZ,2026-09-01 06:56:00,0.1359999999999956,-5.868999999999994,12.898,1,0,flapping,12
R07-AZ,2026-09-01 06:58:00,0.2909999999999986,0.8829999999999973,20.166,0,0,flapping,12
R07-AZ,2026-09-01 07:00:00,-0.2550000000000079,0.7810000000000006,20.138,0,0,flapping,12
R07-AZ,2026-09-01 07:02:00,-0.1280000000000036,1.0370000000000026,20.101,0,0,flapping,12
R07-AZ,2026-09-01 07:04:00,0.2659999999999982,1.890000000000004,19.987,0,0,flapping,12
R07-AZ,2026-09-01 07:06:00,-0.8790000000000084,1.6399999999999988,20.109,0,0,flapping,12
R07-AZ,2026-09-01 07:08:00,-0.0170000000000012,1.2919999999999965,20.155,0,0,flapping,12
R07-AZ,2026-09-01 07:10:00,0.7390000000000079,-3.569999999999995,20.138,0,0,flapping,12
R07-AZ,2026-09-01 07:12:00,0.2324999999999981,-9.42,14.315,1,1,flapping,12
R07-AZ,2026-09-01 07:14:00,0.7759999999999998,1.2609999999999992,20.066,0,0,flapping,12
R07-AZ,2026-09-01 07:16:00,-0.904,-9.994500000000006,12.657,1,1,flapping,12
R07-AZ,2026-09-01 07:18:00,-0.2360000000000006,1.641999999999996,20.188,0,0,flapping,12
R07-AZ,2026-09-01 07:20:00,0.5954999999999995,-9.255000000000004,13.91,1,1,flapping,12
R07-AZ,2026-09-01 07:22:00,-0.7645000000000071,-11.836999999999998,12.238,1,1,flapping,12
R07-AZ,2026-09-01 07:24:00,-0.071000000000005,0.4689999999999994,20.098,0,0,flapping,12
R07-AZ,2026-09-01 07:26:00,0.1429999999999989,-9.280000000000005,14.508,1,1,flapping,12
R07-AZ,2026-09-01 07:28:00,-0.186999999999994,-9.987999999999994,12.914,1,1,flapping,12
R07-AZ,2026-09-01 07:30:00,-0.041999999999998,-9.456,19.912,0,1,flapping,12
R07-AZ,2026-09-01 07:32:00,0.1029999999999997,-8.924000000000001,13.228,1,1,flapping,12
R07-AZ,2026-09-01 07:34:00,0.0320000000000035,-10.533999999999995,13.471,1,1,flapping,12
R07-AZ,2026-09-01 07:36:00,-0.3449999999999988,-8.996999999999998,14.216,1,1,flapping,12
R07-AZ,2026-09-01 07:38:00,0.6880000000000024,-10.061000000000002,13.64,1,1,flapping,12
R07-AZ,2026-09-01 07:40:00,-0.1629999999999967,-10.284,12.677,1,1,flapping,12
R07-AZ,2026-09-01 07:42:00,0.5440000000000023,-9.915999999999997,13.965,1,1,flapping,12
R07-AZ,2026-09-01 07:44:00,0.405999999999997,-9.825000000000005,14.153,1,1,flapping,12
R07-AZ,2026-09-01 07:46:00,1.128,1.235000000000003,20.121,0,0,flapping,12
R07-AZ,2026-09-01 07:48:00,0.4440000000000026,0.3649999999999984,20.145,0,0,flapping,12
R07-AZ,2026-09-01 07:50:00,0.1850000000000022,-10.8805,13.686,1,1,flapping,12
R07-AZ,2026-09-01 07:52:00,-0.7140000000000004,0.4975000000000023,20.021,0,0,flapping,12
R07-AZ,2026-09-01 07:54:00,-0.807999999999998,0.7910000000000093,20.095,0,0,flapping,12
R07-AZ,2026-09-01 07:56:00,-0.7489999999999952,-0.9554999999999936,19.934,0,0,flapping,12
R07-AZ,2026-09-01 07:58:00,-0.565000000000003,1.0470000000000024,20.135,0,0,flapping,12
R07-AZ,2026-09-01 08:00:00,0.1319999999999943,0.200000000000001,20.094,0,0,flapping,12
R07-AZ,2026-09-01 08:02:00,0.128000000000009,0.8810000000000038,20.093,0,0,flapping,12
R07-AZ,2026-09-01 08:04:00,-0.1574999999999935,1.4450000000000056,20.155,0,0,flapping,12
R07-AZ,2026-09-01 08:06:00,0.7389999999999972,-8.487000000000005,14.704,1,1,flapping,12
R07-AZ,2026-09-01 08:08:00,-0.7129999999999992,0.6529999999999969,20.019,0,0,flapping,12
R07-AZ,2026-09-01 08:10:00,0.411999999999999,0.5990000000000055,20.147,0,0,flapping,12
R07-AZ,2026-09-01 08:12:00,0.759999999999998,0.951000000000004,20.116,0,0,flapping,12
R07-AZ,2026-09-01 08:14:00,0.6190000000000051,-0.5699999999999985,20.05,0,0,flapping,12
R07-AZ,2026-09-01 08:16:00,0.2790000000000017,1.4630000000000063,20.167,0,0,flapping,12
R07-AZ,2026-09-01 08:18:00,-1.1399999999999988,-0.0189999999999983,20.077,0,0,flapping,12
R07-AZ,2026-09-01 08:20:00,0.1520000000000028,0.738999999999999,20.101,0,0,flapping,12
R07-AZ,2026-09-01 08:22:00,-0.7190000000000012,-0.2899999999999956,20.025,0,0,flapping,12
R07-AZ,2026-09-01 08:24:00,0.2820000000000036,-11.230999999999996,12.669,1,1,flapping,12
R07-AZ,2026-09-01 08:26:00,0.5450000000000035,-9.797499999999994,14.033,1,1,flapping,12
R07-AZ,2026-09-01 08:28:00,-0.5830000000000002,-8.826,13.703,1,1,flapping,12
R07-AZ,2026-09-01 08:30:00,-0.5889999999999933,-0.2800000000000029,20.098,0,0,none,-1
R07-AZ,2026-09-01 08:32:00,-0.1129999999999995,0.6585000000000125,20.001,0,0,none,-1
R07-AZ,2026-09-01 08:34:00,0.3064999999999998,0.7650000000000112,20.129,0,0,none,-1
R07-AZ,2026-09-01 08:36:00,0.490000000000002,0.0980000000000007,20.111,0,0,none,-1
R07-AZ,2026-09-01 08:38:00,0.2739999999999973,0.6069999999999993,20.062,0,0,none,-1
R07-AZ,2026-09-01 08:40:00,-8.522999999999993,-0.3089999999999904,19.015,1,1,amplifier_degradation,18
R07-AZ,2026-09-01 08:42:00,-8.466999999999999,-0.581999999999999,18.671,1,1,amplifier_degradation,18
R07-AZ,2026-09-01 08:44:00,-8.599000000000004,0.0340000000000042,18.948,1,1,amplifier_degradation,18
R07-AZ,2026-09-01 08:46:00,-9.158999999999995,1.083000000000002,19.093,1,1,amplifier_degradation,18
R07-AZ,2026-09-01 08:48:00,-8.798000000000004,-0.2574999999999949,18.551,1,1,amplifier_degradation,18
R07-AZ,2026-09-01 08:50:00,-8.933000000000005,-0.6700000000000017,18.687,1,1,amplifier_degradation,18
R07-AZ,2026-09-01 08:52:00,-8.287000000000004,0.202000000000007,18.814,1,1,amplifier_degradation,18
R07-AZ,2026-09-01 08:54:00,-8.280000000000005,0.0250000000000092,18.619,1,1,amplifier_degradation,18
R07-AZ,2026-09-01 08:56:00,-8.938999999999998,-1.5119999999999931,18.581,1,1,amplifier_degradation,18
R07-AZ,2026-09-01 08:58:00,-8.876,-0.023999999999992,18.698,1,1,amplifier_degradation,18
R07-AZ,2026-09-01 09:00:00,-8.663499999999999,-1.6730000000000018,18.091,1,1,amplifier_degradation,18
R07-AZ,2026-09-01 09:02:00,-8.866000000000003,-1.2220000000000013,18.68,1,1,amplifier_degradation,18
R07-AZ,2026-09-01 09:04:00,-8.791500000000001,0.8529999999999909,18.817,1,1,amplifier_degradation,18
R07-AZ,2026-09-01 09:06:00,-8.986999999999998,0.477999999999998,18.554,1,1,amplifier_degradation,18
R07-AZ,2026-09-01 09:08:00,-9.341500000000003,0.404499999999997,18.578,1,1,amplifier_degradation,18
R07-AZ,2026-09-01 09:10:00,-8.76,-0.3069999999999986,18.815,1,1,amplifier_degradation,18
R07-AZ,2026-09-01 09:12:00,-7.746000000000006,-0.0899999999999963,19.05,1,1,amplifier_degradation,18
R07-AZ,2026-09-01 09:14:00,-8.540999999999999,1.3450000000000024,19.189,1,1,amplifier_degradation,18
R07-AZ,2026-09-01 09:16:00,-7.388999999999999,1.1020000000000003,19.25,1,0,amplifier_degradation,18
R07-AZ,2026-09-01 09:18:00,-7.4,0.1010000000000079,18.882,1,1,amplifier_degradation,18
R07-AZ,2026-09-01 09:20:00,-7.975999999999999,0.5639999999999983,19.032,1,1,amplifier_degradation,18
R07-AZ,2026-09-01 09:22:00,-8.529999999999998,0.2650000000000023,18.746,1,1,amplifier_degradation,18
R07-AZ,2026-09-01 09:24:00,-8.757999999999996,0.7500000000000053,18.755,1,1,amplifier_degradation,18
R07-AZ,2026-09-01 09:26:00,-8.820999999999996,-1.0749999999999955,18.683,1,1,amplifier_degradation,18
R07-AZ,2026-09-01 09:28:00,-9.226000000000006,-1.6010000000000044,17.583,1,1,amplifier_degradation,18
R07-AZ,2026-09-01 09:30:00,-9.196000000000003,-0.8919999999999941,18.442,1,1,amplifier_degradation,18
R07-AZ,2026-09-01 09:32:00,-8.300000000000004,0.8200000000000038,18.604,1,1,amplifier_degradation,18
R07-AZ,2026-09-01 09:34:00,-8.148500000000004,-0.7629999999999981,18.418,1,1,amplifier_degradation,18
R07-AZ,2026-09-01 09:36:00,-8.611999999999998,-1.6649999999999991,18.503,1,1,amplifier_degradation,18
R07-AZ,2026-09-01 09:38:00,-7.951999999999998,-0.3719999999999999,18.553,1,1,amplifier_degradation,18
R07-AZ,2026-09-01 09:40:00,-9.227999999999993,-0.1639999999999943,18.501,1,1,amplifier_degradation,18
R07-AZ,2026-09-01 09:42:00,-8.594999999999992,-1.5789999999999935,18.323,1,1,amplifier_degradation,18
R07-AZ,2026-09-01 09:44:00,-8.808000000000002,-0.4189999999999934,18.266,1,1,amplifier_degradation,18
R07-AZ,2026-09-01 09:46:00,-9.271999999999997,0.471999999999996,18.833,1,1,amplifier_degradation,18
R07-AZ,2026-09-01 09:48:00,-9.485,-1.375,17.947,1,1,amplifier_degradation,18
R07-AZ,2026-09-01 09:50:00,-8.729999999999997,-0.5279999999999934,18.425,1,1,amplifier_degradation,18
R07-AZ,2026-09-01 09:52:00,-9.428000000000004,-1.3760000000000012,17.62,1,1,amplifier_degradation,18
R07-AZ,2026-09-01 09:54:00,-8.549999999999999,-0.9559999999999976,18.29,1,1,amplifier_degradation,18
R07-AZ,2026-09-01 09:56:00,-8.637499999999996,0.6895000000000007,18.202,1,1,amplifier_degradation,18
R07-AZ,2026-09-01 09:58:00,-9.007000000000003,-0.8909999999999965,18.467,1,1,amplifier_degradation,18
R07-ZA,2026-09-01 00:00:00,-0.0169999999999994,1.0770000000000035,19.989,0,0,none,-1
R07-ZA,2026-09-01 00:02:00,0.4940000000000015,1.9100000000000052,18.041,0,0,none,-1
R07-ZA,2026-09-01 00:04:00,-0.8815000000000062,-0.0869999999999979,20.033,0,0,none,-1
R07-ZA,2026-09-01 00:06:00,0.0199999999999995,2.524999999999997,19.151,0,0,none,-1
R07-ZA,2026-09-01 00:08:00,-0.4269999999999996,0.3460000000000001,19.758,0,0,none,-1
R07-ZA,2026-09-01 00:10:00,-0.5090000000000074,0.1525000000000087,19.917,0,0,none,-1
R07-ZA,2026-09-01 00:12:00,-0.3409999999999975,1.2630000000000017,19.411,0,0,none,-1
R07-ZA,2026-09-01 00:14:00,-0.6640000000000015,0.8450000000000024,19.656,0,0,none,-1
R07-ZA,2026-09-01 00:16:00,0.1209999999999986,2.810500000000001,18.873,0,0,none,-1
R07-ZA,2026-09-01 00:18:00,-0.0670000000000001,0.8240000000000034,19.728,0,0,none,-1
R07-ZA,2026-09-01 00:20:00,0.0905000000000022,1.6810000000000065,19.71,0,0,none,-1
R07-ZA,2026-09-01 00:22:00,-1.4975000000000005,-0.9719999999999924,19.905,0,0,none,-1
R07-ZA,2026-09-01 00:24:00,-0.5030000000000001,1.5650000000000013,19.458,0,0,none,-1
R07-ZA,2026-09-01 00:26:00,-1.0079999999999938,0.060000000000004,19.649,0,0,none,-1
R07-ZA,2026-09-01 00:28:00,-0.373999999999997,0.985000000000003,19.668,0,0,none,-1
R07-ZA,2026-09-01 00:30:00,-1.211000000000004,-0.4419999999999948,20.153,0,0,none,-1
R07-ZA,2026-09-01 00:32:00,-1.5459999999999994,0.0720000000000027,19.924,0,0,none,-1
R07-ZA,2026-09-01 00:34:00,0.2189999999999958,-0.7030000000000047,19.875,0,0,none,-1
R07-ZA,2026-09-01 00:36:00,-0.6410000000000053,0.3110000000000017,20.024,0,0,none,-1
R07-ZA,2026-09-01 00:38:00,-1.7369999999999963,0.310000000000004,19.964,0,0,none,-1
R07-ZA,2026-09-01 00:40:00,0.2229999999999989,-0.1090000000000017,19.751,0,0,none,-1
R07-ZA,2026-09-01 00:42:00,-0.4170000000000033,0.2199999999999988,19.481,0,0,none,-1
R07-ZA,2026-09-01 00:44:00,-0.216000000000001,0.0590000000000046,19.881,0,0,none,-1
R07-ZA,2026-09-01 00:46:00,0.424000000000003,2.4925000000000037,19.17,0,0,none,-1
R07-ZA,2026-09-01 00:48:00,-0.477999999999998,1.4580000000000073,19.544,0,0,none,-1
R07-ZA,2026-09-01 00:50:00,0.3559999999999945,0.752000000000006,19.844,0,0,fiber_degradation,10
R07-ZA,2026-09-01 00:52:00,0.078999999999997,-0.134999999999998,19.806,0,0,fiber_degradation,10
R07-ZA,2026-09-01 00:54:00,0.153000000000004,-3.0929999999999964,19.955,0,0,fiber_degradation,10
R07-ZA,2026-09-01 00:56:00,-1.2910000000000077,-1.210999999999995,19.964,0,0,fiber_degradation,10
R07-ZA,2026-09-01 00:58:00,-0.4880000000000013,-1.8220000000000027,19.858,0,0,fiber_degradation,10
R07-ZA,2026-09-01 01:00:00,-0.743999999999998,-2.6850000000000023,19.574,0,0,fiber_degradation,10
R07-ZA,2026-09-01 01:02:00,-0.914000000000005,-3.2819999999999965,19.465,0,0,fiber_degradation,10
R07-ZA,2026-09-01 01:04:00,0.3689999999999962,-1.235000000000003,19.486,0,0,fiber_degradation,10
R07-ZA,2026-09-01 01:06:00,-0.7980000000000018,-3.340999999999994,19.407,0,0,fiber_degradation,10
R07-ZA,2026-09-01 01:08:00,0.1065000000000022,-3.034000000000004,19.217,0,0,fiber_degradation,10
R07-ZA,2026-09-01 01:10:00,-0.0630000000000006,-4.466000000000003,18.508,0,0,fiber_degradation,10
R07-ZA,2026-09-01 01:12:00,-1.209999999999992,-4.891999999999992,18.446,0,0,fiber_degradation,10
R07-ZA,2026-09-01 01:14:00,-0.0489999999999994,-6.479999999999999,18.242,0,0,fiber_degradation,10
R07-ZA,2026-09-01 01:16:00,-1.0139999999999922,-6.602000000000004,17.914,0,1,fiber_degradation,10
R07-ZA,2026-09-01 01:18:00,-0.7939999999999987,-4.740000000000002,18.245,0,0,fiber_degradation,10
R07-ZA,2026-09-01 01:20:00,-0.4199999999999964,-6.741000000000007,17.341,1,1,fiber_degradation,10
R07-ZA,2026-09-01 01:22:00,-0.4390000000000054,-5.654999999999992,17.896,0,0,fiber_degradation,10
R07-ZA,2026-09-01 01:24:00,-0.016,-8.102000000000004,17.179,1,1,fiber_degradation,10
R07-ZA,2026-09-01 01:26:00,-0.9329999999999928,-7.617999999999993,16.556,1,1,fiber_degradation,10
R07-ZA,2026-09-01 01:28:00,0.0039999999999995,-8.268000000000002,16.705,1,1,fiber_degradation,10
R07-ZA,2026-09-01 01:30:00,-0.4139999999999997,-9.873999999999995,15.934,1,1,fiber_degradation,10
R07-ZA,2026-09-01 01:32:00,-1.0479999999999985,-9.192999999999998,15.943,1,1,fiber_degradation,10
R07-ZA,2026-09-01 01:34:00,-0.5399999999999974,-9.928,15.192,1,1,fiber_degradation,10
R07-ZA,2026-09-01 01:36:00,-0.5710000000000015,-7.866999999999997,16.034,1,1,fiber_degradation,10
R07-ZA,2026-09-01 01:38:00,0.0709999999999961,-9.366,16.238,1,1,fiber_degradation,10
R07-ZA,2026-09-01 01:40:00,-1.2549999999999957,-7.3980000000000015,16.104,1,1,fiber_degradation,10
R07-ZA,2026-09-01 01:42:00,-0.3569999999999993,-9.8875,15.595,1,1,fiber_degradation,10
R07-ZA,2026-09-01 01:44:00,-0.586999999999998,-7.826500000000005,15.977,1,1,fiber_degradation,10
R07-ZA,2026-09-01 01:46:00,-1.2559999999999985,-8.649000000000001,16.12,1,1,fiber_degradation,10
R07-ZA,2026-09-01 01:48:00,-0.5709999999999962,-9.224000000000002,15.539,1,1,fiber_degradation,10
R07-ZA,2026-09-01 01:50:00,-0.2609999999999992,-8.892,15.899,1,1,fiber_degradation,10
R07-ZA,2026-09-01 01:52:00,-0.5369999999999955,-7.364999999999995,16.502,1,1,fiber_degradation,10
R07-ZA,2026-09-01 01:54:00,0.1124999999999971,-9.113000000000005,15.778,1,1,fiber_degradation,10
R07-ZA,2026-09-01 01:56:00,-0.4659999999999957,-9.842000000000002,14.701,1,1,fiber_degradation,10
R07-ZA,2026-09-01 01:58:00,-0.8449999999999971,-9.357999999999992,15.339,1,1,fiber_degradation,10
R07-ZA,2026-09-01 02:00:00,0.1860000000000052,-8.876,15.998,1,1,fiber_degradation,10
R07-ZA,2026-09-01 02:02:00,-0.5329999999999977,0.4020000000000046,19.557,0,0,none,-1
R07-ZA,2026-09-01 02:04:00,-0.3010000000000019,-0.1569999999999964,20.077,0,0,none,-1
R07-ZA,2026-09-01 02:06:00,-0.2619999999999969,-0.7469999999999963,19.946,0,0,none,-1
R07-ZA,2026-09-01 02:08:00,-0.2180000000000017,0.5045000000000002,19.823,0,0,none,-1
R07-ZA,2026-09-01 02:10:00,-0.6110000000000007,-0.9710000000000036,20.147,0,0,none,-1
R07-ZA,2026-09-01 02:12:00,-1.412999999999995,0.4779999999999997,20.04,0,0,none,-1
R07-ZA,2026-09-01 02:14:00,-0.0539999999999949,-0.1870000000000011,19.836,0,0,none,-1
R07-ZA,2026-09-01 02:16:00,-0.5490000000000048,0.2525000000000013,20.127,0,0,none,-1
R07-ZA,2026-09-01 02:18:00,-0.6684999999999945,-0.0559999999999902,19.945,0,0,none,-1
R07-ZA,2026-09-01 02:20:00,-0.3640000000000007,-1.2990000000000048,20.115,0,0,none,-1
R07-ZA,2026-09-01 02:22:00,-0.5209999999999955,0.0349999999999983,20.109,0,0,none,-1
R07-ZA,2026-09-01 02:24:00,-0.3479999999999918,-0.352999999999998,20.125,0,0,none,-1
R07-ZA,2026-09-01 02:26:00,-0.2841666666666604,-0.6769999999999996,20.028,0,0,none,-1
R07-ZA,2026-09-01 02:28:00,-0.2203333333333343,-1.0009999999999994,20.049,0,0,none,-1
R07-ZA,2026-09-01 02:30:00,-0.519999999999996,-1.7409999999999926,20.106,0,0,none,-1
R07-ZA,2026-09-01 02:32:00,-0.824500000000004,0.5800000000000001,19.942,0,0,none,-1
R07-ZA,2026-09-01 02:34:00,-1.2770000000000064,-1.5099999999999998,20.078,0,0,none,-1
R07-ZA,2026-09-01 02:36:00,-0.5370000000000008,-0.0339999999999989,19.923,0,0,none,-1
R07-ZA,2026-09-01 02:38:00,-0.7909999999999933,-1.2269999999999968,20.083,0,0,none,-1
R07-ZA,2026-09-01 02:40:00,-0.7509999999999994,-1.675500000000003,20.099,0,0,none,-1
R07-ZA,2026-09-01 02:42:00,-0.6899999999999995,-0.4859999999999953,20.136,0,0,none,-1
R07-ZA,2026-09-01 02:44:00,-0.0850000000000008,-0.9030000000000004,19.855,0,0,none,-1
R07-ZA,2026-09-01 02:46:00,-1.040999999999995,-0.6689999999999969,20.097,0,0,none,-1
R07-ZA,2026-09-01 02:48:00,-0.5916666666666615,0.2749999999999986,20.126,0,0,none,-1
R07-ZA,2026-09-01 02:50:00,0.3756666666666675,-1.471000000000002,20.106,0,0,none,-1
R07-ZA,2026-09-01 02:52:00,-0.6920000000000002,0.0499999999999918,19.793,0,0,none,-1
R07-ZA,2026-09-01 02:54:00,-0.7839999999999971,-0.273999999999992,20.121,0,0,none,-1
R07-ZA,2026-09-01 02:56:00,0.2885000000000026,-0.5630000000000006,19.887,0,0,none,-1
R07-ZA,2026-09-01 02:58:00,0.1370000000000022,-0.754999999999999,20.057,0,0,none,-1
R07-ZA,2026-09-01 03:00:00,-1.0550000000000033,-0.4929999999999985,19.825,0,0,none,-1
R07-ZA,2026-09-01 03:02:00,0.0825000000000031,-0.0939999999999976,19.453,0,0,none,-1
R07-ZA,2026-09-01 03:04:00,0.4709999999999965,-0.8799999999999937,20.045,0,0,none,-1
R07-ZA,2026-09-01 03:06:00,-1.036999999999992,-0.0490000000000012,19.878,0,0,none,-1
R07-ZA,2026-09-01 03:08:00,-0.6489999999999956,-1.2859999999999978,20.138,0,0,none,-1
R07-ZA,2026-09-01 03:10:00,-1.2060000000000048,-0.612500000000006,20.091,0,0,none,-1
R07-ZA,2026-09-01 03:12:00,-0.7149999999999963,-0.1949999999999985,20.11,0,0,none,-1
R07-ZA,2026-09-01 03:14:00,-0.5634999999999959,-0.8549999999999933,20.089,0,0,none,-1
R07-ZA,2026-09-01 03:16:00,-0.7590000000000057,-0.4029999999999987,20.001,0,0,none,-1
R07-ZA,2026-09-01 03:18:00,-0.3055000000000039,0.4499999999999993,19.929,0,0,none,-1
R07-ZA,2026-09-01 03:20:00,-0.4929999999999968,-0.7259999999999973,20.132,0,0,none,-1
R07-ZA,2026-09-01 03:22:00,-0.969000000000003,-0.6810000000000009,20.112,0,0,none,-1
R07-ZA,2026-09-01 03:24:00,0.4090000000000078,-0.4789999999999939,19.851,0,0,none,-1
R07-ZA,2026-09-01 03:26:00,-0.6399999999999952,0.0520000000000013,20.072,0,0,none,-1
R07-ZA,2026-09-01 03:28:00,0.2320000000000011,-0.8119999999999994,19.96,0,0,none,-1
R07-ZA,2026-09-01 03:30:00,-0.7780000000000058,-11.460999999999988,13.146,1,1,fiber_degradation,7
R07-ZA,2026-09-01 03:32:00,-0.1234999999999981,-14.288999999999993,11.806,1,1,fiber_degradation,7
R07-ZA,2026-09-01 03:34:00,-0.9379999999999972,-12.893999999999997,11.973,1,1,fiber_degradation,7
R07-ZA,2026-09-01 03:36:00,-0.8584999999999994,-12.685,11.821,1,1,fiber_degradation,7
R07-ZA,2026-09-01 03:38:00,-0.25199999999999,-11.831,12.862,1,1,fiber_degradation,7
R07-ZA,2026-09-01 03:40:00,-0.0369999999999954,-11.111999999999997,13.194,1,1,fiber_degradation,7
R07-ZA,2026-09-01 03:42:00,0.2415000000000073,-13.16399999999999,12.099,1,1,fiber_degradation,7
R07-ZA,2026-09-01 03:44:00,-0.1719999999999952,-11.021999999999998,13.086,1,1,fiber_degradation,7
R07-ZA,2026-09-01 03:46:00,-1.0419999999999945,-12.0955,12.398,1,1,fiber_degradation,7
R07-ZA,2026-09-01 03:48:00,-0.5829999999999984,-13.633,11.512,1,1,fiber_degradation,7
R07-ZA,2026-09-01 03:50:00,-0.7779999999999969,-10.997,12.97,1,1,fiber_degradation,7
R07-ZA,2026-09-01 03:52:00,-0.0239999999999955,-11.13,12.634,1,1,fiber_degradation,7
R07-ZA,2026-09-01 03:54:00,-0.5539999999999967,-12.277,12.498,1,1,fiber_degradation,7
R07-ZA,2026-09-01 03:56:00,-0.5609999999999964,-13.846000000000007,10.942,1,1,fiber_degradation,7
R07-ZA,2026-09-01 03:58:00,-0.0400000000000044,-11.831,12.566,1,1,fiber_degradation,7
R07-ZA,2026-09-01 04:00:00,0.5069999999999961,-12.662999999999997,12.598,1,1,fiber_degradation,7
R07-ZA,2026-09-01 04:02:00,-0.8750000000000053,-12.389999999999995,13.152,1,1,fiber_degradation,7
R07-ZA,2026-09-01 04:04:00,-0.3270000000000124,-11.994499999999997,12.77,1,1,fiber_degradation,7
R07-ZA,2026-09-01 04:06:00,-0.8310000000000031,-11.978500000000007,12.408,1,1,fiber_degradation,7
R07-ZA,2026-09-01 04:08:00,-1.1239999999999988,-11.088000000000005,12.472,1,1,fiber_degradation,7
R07-ZA,2026-09-01 04:10:00,-1.0320000000000018,-10.091999999999995,13.528,1,1,fiber_degradation,7
R07-ZA,2026-09-01 04:12:00,-0.4099999999999966,-10.262999999999998,12.936,1,1,fiber_degradation,7
R07-ZA,2026-09-01 04:14:00,-0.8580000000000005,-12.022000000000002,12.651,1,1,fiber_degradation,7
R07-ZA,2026-09-01 04:16:00,-0.1615000000000019,-12.885000000000002,12.772,1,1,fiber_degradation,7
R07-ZA,2026-09-01 04:18:00,-0.0790000000000006,-9.566000000000004,14.392,1,1,fiber_degradation,7
R07-ZA,2026-09-01 04:20:00,-0.3429999999999999,-11.6665,13.774,1,1,fiber_degradation,7
R07-ZA,2026-09-01 04:22:00,-0.3924999999999983,-11.978499999999991,12.596,1,1,fiber_degradation,7
R07-ZA,2026-09-01 04:24:00,-0.5294999999999952,-11.058499999999992,13.352,1,1,fiber_degradation,7
R07-ZA,2026-09-01 04:26:00,-1.1650000000000045,-10.8435,12.664,1,1,fiber_degradation,7
R07-ZA,2026-09-01 04:28:00,-0.0959999999999983,-11.757000000000009,13.142,1,1,fiber_degradation,7
R07-ZA,2026-09-01 04:30:00,-0.7399999999999967,-10.366999999999988,13.055,1,1,fiber_degradation,7
R07-ZA,2026-09-01 04:32:00,-0.0449999999999963,-11.705999999999996,13.578,1,1,fiber_degradation,7
R07-ZA,2026-09-01 04:34:00,-0.9699999999999988,-11.311999999999992,12.633,1,1,fiber_degradation,7
R07-ZA,2026-09-01 04:36:00,-0.1080000000000094,-11.535,12.981,1,1,fiber_degradation,7
R07-ZA,2026-09-01 04:38:00,-0.2380000000000048,-11.998999999999995,12.578,1,1,fiber_degradation,7
R07-ZA,2026-09-01 04:40:00,0.3685000000000027,-11.934999999999992,13.188,1,1,fiber_degradation,7
R07-ZA,2026-09-01 04:42:00,-0.589999999999991,-10.204000000000004,12.881,1,1,fiber_degradation,7
R07-ZA,2026-09-01 04:44:00,-0.8920000000000012,-11.817499999999995,13.009,1,1,fiber_degradation,7
R07-ZA,2026-09-01 04:46:00,0.2420000000000026,-11.369999999999994,13.508,1,1,fiber_degradation,7
R07-ZA,2026-09-01 04:48:00,-0.8405000000000058,-11.479000000000005,12.672,1,1,fiber_degradation,7
R07-ZA,2026-09-01 04:50:00,-1.7079999999999949,-12.006000000000002,12.089,1,1,fiber_degradation,7
R07-ZA,2026-09-01 04:52:00,-0.3550000000000057,-9.6325,13.479,1,1,fiber_degradation,7
R07-ZA,2026-09-01 04:54:00,-0.4775000000000062,-11.443000000000003,13.166,1,1,fiber_degradation,7
R07-ZA,2026-09-01 04:56:00,-0.7239999999999966,-12.078999999999994,12.454,1,1,fiber_degradation,7
R07-ZA,2026-09-01 04:58:00,-0.3559999999999945,-11.932,12.837,1,1,fiber_degradation,7
R07-ZA,2026-09-01 05:00:00,-1.1110000000000024,-11.536499999999991,12.928,1,1,fiber_degradation,7
R07-ZA,2026-09-01 05:02:00,-0.0940000000000012,-11.450000000000005,13.39,1,1,fiber_degradation,7
R07-ZA,2026-09-01 05:04:00,0.1999999999999975,-11.340000000000003,12.872,1,1,fiber_degradation,7
R07-ZA,2026-09-01 05:06:00,-0.5879999999999956,-10.614,12.846,1,1,fiber_degradation,7
R07-ZA,2026-09-01 05:08:00,0.0780000000000011,-10.795999999999996,13.52,1,1,fiber_degradation,7
R07-ZA,2026-09-01 05:10:00,-0.4870000000000001,-10.88,13.301,1,1,fiber_degradation,7
R07-ZA,2026-09-01 05:12:00,-0.9249999999999954,-11.278999999999998,13.844,1,1,fiber_degradation,7
R07-ZA,2026-09-01 05:14:00,-0.492000000000008,-11.018,12.136,1,1,fiber_degradation,7
R07-ZA,2026-09-01 05:16:00,-1.045,-11.441000000000004,11.942,1,1,fiber_degradation,7
R07-ZA,2026-09-01 05:18:00,-0.4399999999999977,-11.064999999999996,13.15,1,1,fiber_degradation,7
R07-ZA,2026-09-01 05:20:00,-0.6729999999999965,-12.661499999999997,12.275,1,1,fiber_degradation,7
R07-ZA,2026-09-01 05:22:00,-0.9850000000000048,-10.962499999999988,12.847,1,1,fiber_degradation,7
R07-ZA,2026-09-01 05:24:00,-0.1920000000000019,-11.188999999999997,13.33,1,1,fiber_degradation,7
R07-ZA,2026-09-01 05:26:00,-0.3750000000000018,1.4050000000000065,19.875,0,0,none,-1
R07-ZA,2026-09-01 05:28:00,0.0089999999999985,1.046999999999997,19.276,0,0,none,-1
R07-ZA,2026-09-01 05:30:00,-0.7579999999999973,0.7450000000000045,20.042,0,0,none,-1
R07-ZA,2026-09-01 05:32:00,-8.342000000000006,0.4679999999999946,17.544,1,1,amplifier_degradation,11
R07-ZA,2026-09-01 05:34:00,-8.079999999999991,0.3500000000000014,18.07,1,1,amplifier_degradation,11
R07-ZA,2026-09-01 05:36:00,-8.264000000000008,1.4820000000000029,18.342,0,1,amplifier_degradation,11
R07-ZA,2026-09-01 05:38:00,-8.248000000000003,-0.2270000000000003,17.548,1,1,amplifier_degradation,11
R07-ZA,2026-09-01 05:40:00,-8.496000000000002,0.5034999999999936,17.247,1,1,amplifier_degradation,11
R07-ZA,2026-09-01 05:42:00,-8.539,2.476999999999993,18.114,0,0,amplifier_degradation,11
R07-ZA,2026-09-01 05:44:00,-8.267000000000005,1.053500000000005,17.756,1,1,amplifier_degradation,11
R07-ZA,2026-09-01 05:46:00,-7.481999999999999,0.5069999999999979,18.037,0,1,amplifier_degradation,11
R07-ZA,2026-09-01 05:48:00,-8.091000000000001,0.3449999999999971,17.869,1,1,amplifier_degradation,11
R07-ZA,2026-09-01 05:50:00,-8.391999999999996,-0.7565000000000008,16.767,1,1,amplifier_degradation,11
R07-ZA,2026-09-01 05:52:00,-8.565,1.3800000000000026,18.011,0,1,amplifier_degradation,11
R07-ZA,2026-09-01 05:54:00,-7.785,0.3280000000000047,17.962,1,1,amplifier_degradation,11
R07-ZA,2026-09-01 05:56:00,-7.241,-0.9980000000000082,17.339,1,1,amplifier_degradation,11
R07-ZA,2026-09-01 05:58:00,-8.522999999999996,0.5400000000000027,17.204,1,1,amplifier_degradation,11
R07-ZA,2026-09-01 06:00:00,-7.623999999999997,1.047000000000013,17.893,0,1,amplifier_degradation,11
R07-ZA,2026-09-01 06:02:00,-0.1749999999999953,1.381000000000002,19.745,0,0,none,-1
R07-ZA,2026-09-01 06:04:00,-0.9130000000000092,1.1199999999999957,19.806,0,0,none,-1
R07-ZA,2026-09-01 06:06:00,-0.6630000000000038,1.853000000000001,19.432,0,0,none,-1
R07-ZA,2026-09-01 06:08:00,-0.3479999999999954,1.4650000000000016,19.782,0,0,none,-1
R07-ZA,2026-09-01 06:10:00,-0.2329999999999987,1.0290000000000052,19.723,0,0,none,-1
R07-ZA,2026-09-01 06:12:00,-1.306499999999998,2.8670000000000044,19.724,0,0,none,-1
R07-ZA,2026-09-01 06:14:00,-0.1089999999999928,1.9250000000000007,19.002,0,0,none,-1
R07-ZA,2026-09-01 06:16:00,-0.4819999999999975,1.66,19.738,0,0,none,-1
R07-ZA,2026-09-01 06:18:00,0.2579999999999991,0.8969999999999914,19.976,0,0,none,-1
R07-ZA,2026-09-01 06:20:00,-1.052000000000005,1.8725000000000005,19.692,0,0,none,-1
R07-ZA,2026-09-01 06:22:00,-0.2650000000000023,1.907000000000004,19.548,0,0,none,-1
R07-ZA,2026-09-01 06:24:00,-0.8730000000000011,0.8335000000000026,19.765,0,0,none,-1
R07-ZA,2026-09-01 06:26:00,-0.8060000000000045,1.3889999999999976,19.649,0,0,none,-1
R07-ZA,2026-09-01 06:28:00,-1.1630000000000074,1.576500000000003,19.835,0,0,none,-1
R07-ZA,2026-09-01 06:30:00,-0.4620000000000033,0.6070000000000118,19.617,0,0,none,-1
R07-ZA,2026-09-01 06:32:00,-0.8530000000000015,1.1629999999999985,18.985,0,0,none,-1
R07-ZA,2026-09-01 06:34:00,-0.9429999999999996,0.7820000000000036,19.834,0,0,none,-1
R07-ZA,2026-09-01 06:36:00,-1.0220000000000002,0.9649999999999964,20.123,0,0,amplifier_degradation,2
R07-ZA,2026-09-01 06:38:00,-0.8490000000000002,1.909000000000006,20.074,0,0,amplifier_degradation,2
R07-ZA,2026-09-01 06:40:00,0.8059999999999921,1.4790000000000028,19.29,0,0,amplifier_degradation,2
R07-ZA,2026-09-01 06:42:00,-1.952999999999994,2.3610000000000024,19.998,0,0,amplifier_degradation,2
R07-ZA,2026-09-01 06:44:00,-0.7870000000000008,1.4829999999999952,19.926,0,0,amplifier_degradation,2
R07-ZA,2026-09-01 06:46:00,-1.2539999999999978,1.3320000000000043,19.795,0,0,amplifier_degradation,2
R07-ZA,2026-09-01 06:48:00,-1.225000000000005,0.974000000000002,20.029,0,0,amplifier_degradation,2
R07-ZA,2026-09-01 06:50:00,-0.7939999999999987,2.289000000000001,19.769,0,0,amplifier_degradation,2
R07-ZA,2026-09-01 06:52:00,-0.964000000000004,1.415999999999995,20.033,0,0,amplifier_degradation,2
R07-ZA,2026-09-01 06:54:00,-0.4130000000000038,0.9489999999999944,19.866,0,0,amplifier_degradation,2
R07-ZA,2026-09-01 06:56:00,-0.9779999999999944,1.5559999999999974,19.995,0,0,amplifier_degradation,2
R07-ZA,2026-09-01 06:58:00,-1.7220000000000013,1.0029999999999983,20.139,0,0,amplifier_degradation,2
R07-ZA,2026-09-01 07:00:00,-0.8010000000000002,1.0440000000000025,20.026,0,0,amplifier_degradation,2
R07-ZA,2026-09-01 07:02:00,-0.6470000000000002,0.6910000000000025,19.886,0,0,amplifier_degradation,2
R07-ZA,2026-09-01 07:04:00,-0.9960000000000022,1.061,20.002,0,0,amplifier_degradation,2
R07-ZA,2026-09-01 07:06:00,-2.013000000000009,1.7270000000000003,20.161,0,0,amplifier_degradation,2
R07-ZA,2026-09-01 07:08:00,-1.814000000000009,0.6600000000000055,20.137,0,0,amplifier_degradation,2
R07-ZA,2026-09-01 07:10:00,-1.772999999999998,-0.0030000000000001,20.157,0,0,amplifier_degradation,2
R07-ZA,2026-09-01 07:12:00,-1.1379999999999963,0.5894999999999939,20.049,0,0,amplifier_degradation,2
R07-ZA,2026-09-01 07:14:00,-2.1080000000000005,3.752000000000004,19.317,0,0,amplifier_degradation,2
R07-ZA,2026-09-01 07:16:00,-1.66,2.591999999999997,20.105,0,0,amplifier_degradation,2
R07-ZA,2026-09-01 07:18:00,-1.0809999999999995,1.0670000000000055,19.457,0,0,amplifier_degradation,2
R07-ZA,2026-09-01 07:20:00,-2.2620000000000005,1.4250000000000007,20.18,0,0,amplifier_degradation,2
R07-ZA,2026-09-01 07:22:00,-2.517999999999996,1.879999999999999,20.247,0,0,amplifier_degradation,2
R07-ZA,2026-09-01 07:24:00,-1.511000000000001,1.4709999999999983,20.111,0,0,amplifier_degradation,2
R07-ZA,2026-09-01 07:26:00,-1.5310000000000024,2.3920000000000066,19.961,0,0,amplifier_degradation,2
R07-ZA,2026-09-01 07:28:00,-1.615999999999998,0.711999999999998,20.194,0,0,amplifier_degradation,2
R07-ZA,2026-09-01 07:30:00,-1.9149999999999971,1.628,20.22,0,0,amplifier_degradation,2
R07-ZA,2026-09-01 07:32:00,-1.2830000000000013,0.9160000000000056,20.013,0,0,amplifier_degradation,2
R07-ZA,2026-09-01 07:34:00,-2.0619999999999905,-1.079999999999993,19.925,0,0,amplifier_degradation,2
R07-ZA,2026-09-01 07:36:00,-1.3209999999999944,1.5780000000000065,20.041,0,0,amplifier_degradation,2
R07-ZA,2026-09-01 07:38:00,-2.8999999999999897,1.1070000000000029,20.08,0,0,amplifier_degradation,2
R07-ZA,2026-09-01 07:40:00,-1.2670000000000012,0.8330000000000037,20.213,0,0,amplifier_degradation,2
R07-ZA,2026-09-01 07:42:00,-1.1879999999999953,0.4489999999999998,20.085,0,0,amplifier_degradation,2
R07-ZA,2026-09-01 07:44:00,-0.9970000000000034,1.5190000000000037,20.174,0,0,amplifier_degradation,2
R07-ZA,2026-09-01 07:46:00,-2.373999999999997,1.5979999999999954,20.178,0,0,amplifier_degradation,2
R07-ZA,2026-09-01 07:48:00,-1.7330000000000023,1.0599999999999916,20.164,0,0,amplifier_degradation,2
R07-ZA,2026-09-01 07:50:00,-2.5730000000000057,2.727999999999998,20.139,0,0,amplifier_degradation,2
R07-ZA,2026-09-01 07:52:00,-2.181000000000008,0.5199999999999996,20.223,0,0,amplifier_degradation,2
R07-ZA,2026-09-01 07:54:00,-0.4109999999999942,-0.7029999999999959,20.054,0,0,none,-1
R07-ZA,2026-09-01 07:56:00,-1.2870000000000008,1.807999999999998,19.737,0,0,none,-1
R07-ZA,2026-09-01 07:58:00,-0.0969999999999959,0.5759999999999934,20.031,0,0,none,-1
R07-ZA,2026-09-01 08:00:00,-0.020999999999999,0.9209999999999994,19.834,0,0,none,-1
R07-ZA,2026-09-01 08:02:00,-0.2065000000000054,0.143999999999993,20.057,0,0,none,-1
R07-ZA,2026-09-01 08:04:00,-0.6994999999999969,1.66,19.791,0,0,none,-1
R07-ZA,2026-09-01 08:06:00,-0.1240000000000005,2.4700000000000024,19.083,0,0,none,-1
R07-ZA,2026-09-01 08:08:00,-1.610999999999997,1.011000000000001,20.158,0,0,none,-1
R07-ZA,2026-09-01 08:10:00,-0.3249999999999922,1.6289999999999978,19.579,0,0,none,-1
R07-ZA,2026-09-01 08:12:00,0.2130000000000027,0.2709999999999954,19.686,0,0,none,-1
R07-ZA,2026-09-01 08:14:00,-0.8539999999999939,0.2640000000000082,19.553,0,0,none,-1
R07-ZA,2026-09-01 08:16:00,-0.486000000000006,1.1090000000000018,19.074,0,0,none,-1
R07-ZA,2026-09-01 08:18:00,-1.0629999999999988,-0.6969999999999974,20.153,0,0,none,-1
R07-ZA,2026-09-01 08:20:00,-0.6559999999999953,1.3290000000000006,20.082,0,0,none,-1
R07-ZA,2026-09-01 08:22:00,-0.0089999999999985,0.7344999999999935,19.908,0,0,none,-1
R07-ZA,2026-09-01 08:24:00,0.7780000000000022,1.291000000000004,19.498,0,0,none,-1
R07-ZA,2026-09-01 08:26:00,-0.1839999999999992,0.0990000000000037,19.303,0,0,none,-1
R07-ZA,2026-09-01 08:28:00,0.504999999999999,-0.0285000000000046,19.426,0,0,none,-1
R07-ZA,2026-09-01 08:30:00,-0.7270000000000003,0.3560000000000034,20.058,0,0,none,-1
R07-ZA,2026-09-01 08:32:00,-0.3049999999999961,0.4359999999999981,19.787,0,0,none,-1
R07-ZA,2026-09-01 08:34:00,-1.2319999999999975,1.1885000000000048,19.755,0,0,none,-1
R07-ZA,2026-09-01 08:36:00,-0.5145,-0.7490000000000006,20.111,0,0,none,-1
R07-ZA,2026-09-01 08:38:00,-0.3399999999999963,0.9680000000000106,19.475,0,0,fiber_degradation,8
R07-ZA,2026-09-01 08:40:00,0.0519999999999925,-0.5780000000000012,20.017,0,0,fiber_degradation,8
R07-ZA,2026-09-01 08:42:00,-0.5090000000000003,-2.597500000000002,19.812,0,0,fiber_degradation,8
R07-ZA,2026-09-01 08:44:00,-0.9349999999999934,0.6219999999999981,20.12,0,0,fiber_degradation,8
R07-ZA,2026-09-01 08:46:00,-0.5079999999999956,-2.098999999999986,19.702,0,0,fiber_degradation,8
R07-ZA,2026-09-01 08:48:00,-0.9190000000000024,-3.534999999999993,19.607,0,0,fiber_degradation,8
R07-ZA,2026-09-01 08:50:00,-0.052999999999999,-3.724,19.518,0,0,fiber_degradation,8
R07-ZA,2026-09-01 08:52:00,-0.6090000000000018,-4.818,18.737,0,0,fiber_degradation,8
R07-ZA,2026-09-01 08:54:00,-0.4529999999999976,-4.861000000000001,18.414,0,0,fiber_degradation,8
R07-ZA,2026-09-01 08:56:00,-0.2210000000000018,-5.5080000000000044,18.151,0,0,fiber_degradation,8
R07-ZA,2026-09-01 08:58:00,-0.5970000000000013,-6.097999999999997,17.773,0,0,fiber_degradation,8
R07-ZA,2026-09-01 09:00:00,-0.1590000000000024,-7.212,17.457,0,1,fiber_degradation,8
R07-ZA,2026-09-01 09:02:00,-0.2990000000000012,-6.4699999999999935,17.451,0,0,fiber_degradation,8
R07-ZA,2026-09-01 09:04:00,-1.2329999999999988,-8.811999999999996,16.023,1,1,fiber_degradation,8
R07-ZA,2026-09-01 09:06:00,-0.5564999999999998,-7.951999999999998,16.693,1,1,fiber_degradation,8
R07-ZA,2026-09-01 09:08:00,-0.8510000000000026,-6.851999999999999,15.769,1,1,fiber_degradation,8
R07-ZA,2026-09-01 09:10:00,-0.0359999999999995,-8.832500000000005,15.698,1,1,fiber_degradation,8
R07-ZA,2026-09-01 09:12:00,-0.4560000000000048,-10.466,14.377,1,1,fiber_degradation,8
R07-ZA,2026-09-01 09:14:00,-0.8599999999999941,-10.107999999999995,14.211,1,1,fiber_degradation,8
R07-ZA,2026-09-01 09:16:00,-0.488999999999999,-11.162999999999991,13.402,1,1,fiber_degradation,8
R07-ZA,2026-09-01 09:18:00,-0.4570000000000025,-10.015000000000002,13.655,1,1,fiber_degradation,8
R07-ZA,2026-09-01 09:20:00,0.212000000000005,-13.102,13.273,1,1,fiber_degradation,8
R07-ZA,2026-09-01 09:22:00,0.184000000000001,-13.364999999999991,12.938,1,1,fiber_degradation,8
R07-ZA,2026-09-01 09:24:00,0.4999999999999946,-14.21,12.0,1,1,fiber_degradation,8
R07-ZA,2026-09-01 09:26:00,-1.443999999999999,-12.30400000000001,11.474,1,1,fiber_degradation,8
R07-ZA,2026-09-01 09:28:00,-0.4859999999999953,-14.159999999999997,11.63,1,1,fiber_degradation,8
R07-ZA,2026-09-01 09:30:00,-0.4569999999999936,-13.792000000000009,12.348,1,1,fiber_degradation,8
R07-ZA,2026-09-01 09:32:00,-0.2769999999999974,-12.453000000000005,11.695,1,1,fiber_degradation,8
R07-ZA,2026-09-01 09:34:00,-0.6884999999999977,-12.612000000000002,11.768,1,1,fiber_degradation,8
R07-ZA,2026-09-01 09:36:00,-0.4339999999999993,-13.918999999999995,11.746,1,1,fiber_degradation,8
R07-ZA,2026-09-01 09:38:00,0.3349999999999991,-13.359999999999996,11.899,1,1,fiber_degradation,8
R07-ZA,2026-09-01 09:40:00,-0.3720000000000016,-13.773999999999994,11.95,1,1,fiber_degradation,8
R07-ZA,2026-09-01 09:42:00,-0.4630000000000045,-13.049999999999995,12.112,1,1,fiber_degradation,8
R07-ZA,2026-09-01 09:44:00,-0.4679999999999999,-12.958000000000002,11.66,1,1,fiber_degradation,8
R07-ZA,2026-09-01 09:46:00,0.1605000000000007,-12.912000000000004,12.089,1,1,fiber_degradation,8
R07-ZA,2026-09-01 09:48:00,-0.8789999999999942,-12.972999999999994,11.776,1,1,fiber_degradation,8
R07-ZA,2026-09-01 09:50:00,0.2650000000000005,-12.128,13.01,1,1,fiber_degradation,8
R07-ZA,2026-09-01 09:52:00,-0.304000000000002,-12.488999999999995,12.467,1,1,fiber_degradation,8
R07-ZA,2026-09-01 09:54:00,-1.2239999999999984,-13.535,10.895,1,1,fiber_degradation,8
R07-ZA,2026-09-01 09:56:00,-1.0839999999999943,-14.123499999999996,11.31,1,1,fiber_degradation,8
R07-ZA,2026-09-01 09:58:00,-1.1310000000000056,-12.83699999999999,10.994,1,1,fiber_degradation,8
R08-AZ,2026-09-01 00:00:00,0.0900000000000034,-0.5630000000000024,19.86,0,0,none,-1
R08-AZ,2026-09-01 00:02:00,-0.5320000000000036,-0.6350000000000033,20.125,0,0,none,-1
R08-AZ,2026-09-01 00:04:00,-0.0959999999999983,-0.9250000000000044,19.605,0,0,none,-1
R08-AZ,2026-09-01 00:06:00,-0.4839999999999946,0.0880000000000009,19.657,0,0,none,-1
R08-AZ,2026-09-01 00:08:00,-0.3279999999999941,0.0730000000000039,19.454,0,0,none,-1
R08-AZ,2026-09-01 00:10:00,-1.8529999999999944,-0.0899999999999963,20.091,0,0,amplifier_degradation,5
R08-AZ,2026-09-01 00:12:00,-2.348999999999993,1.0920000000000003,20.174,0,0,amplifier_degradation,5
R08-AZ,2026-09-01 00:14:00,-3.2700000000000014,-0.3219999999999992,19.973,0,0,amplifier_degradation,5
R08-AZ,2026-09-01 00:16:00,-6.004999999999996,-0.5139999999999976,18.488,0,1,amplifier_degradation,5
R08-AZ,2026-09-01 00:18:00,-6.326999999999996,-0.2699999999999978,18.082,0,1,amplifier_degradation,5
R08-AZ,2026-09-01 00:20:00,-6.802499999999995,-0.7364999999999924,17.817,1,1,amplifier_degradation,5
R08-AZ,2026-09-01 00:22:00,-8.478999999999994,-1.265999999999995,15.518,1,1,amplifier_degradation,5
R08-AZ,2026-09-01 00:24:00,-10.264,0.5170000000000048,14.984,1,1,amplifier_degradation,5
R08-AZ,2026-09-01 00:26:00,-11.233999999999993,-0.8019999999999907,14.173,1,1,amplifier_degradation,5
R08-AZ,2026-09-01 00:28:00,-12.937,-0.1910000000000007,12.082,1,1,amplifier_degradation,5
R08-AZ,2026-09-01 00:30:00,-12.534999999999997,0.0340000000000006,11.449,1,1,amplifier_degradation,5
R08-AZ,2026-09-01 00:32:00,-12.311999999999996,-0.7520000000000042,12.149,1,1,amplifier_degradation,5
R08-AZ,2026-09-01 00:34:00,-11.412499999999998,1.2580000000000044,12.882,1,1,amplifier_degradation,5
R08-AZ,2026-09-01 00:36:00,-11.719999999999994,-1.0209999999999957,12.861,1,1,amplifier_degradation,5
R08-AZ,2026-09-01 00:38:00,-11.681999999999997,0.5660000000000007,13.35,1,1,amplifier_degradation,5
R08-AZ,2026-09-01 00:40:00,-12.59399999999999,-0.4329999999999963,11.737,1,1,amplifier_degradation,5
R08-AZ,2026-09-01 00:42:00,-12.669,-0.936999999999994,12.481,1,1,amplifier_degradation,5
R08-AZ,2026-09-01 00:44:00,-6.150999999999998,1.7030000000000012,19.762,0,0,none,-1
R08-AZ,2026-09-01 00:46:00,-0.529999999999994,2.1810000000000045,19.315,0,0,none,-1
R08-AZ,2026-09-01 00:48:00,-0.6884999999999994,-1.4799999999999969,19.883,0,0,none,-1
R08-AZ,2026-09-01 00:50:00,-0.6910000000000007,0.0570000000000057,19.949,0,0,none,-1
R08-AZ,2026-09-01 00:52:00,-0.0919999999999987,-0.3559999999999963,19.768,0,0,none,-1
R08-AZ,2026-09-01 00:54:00,-0.3584999999999958,-0.2879999999999967,20.032,0,0,none,-1
R08-AZ,2026-09-01 00:56:00,-0.4484999999999921,0.9949999999999992,19.759,0,0,none,-1
R08-AZ,2026-09-01 00:58:00,-0.6509999999999998,0.9260000000000036,19.458,0,0,none,-1
R08-AZ,2026-09-01 01:00:00,-0.2339999999999946,-0.0059999999999984,20.024,0,0,none,-1
R08-AZ,2026-09-01 01:02:00,0.4310000000000027,0.9480000000000076,19.416,0,0,none,-1
R08-AZ,2026-09-01 01:04:00,-1.6389999999999976,-0.8719999999999946,19.975,0,0,none,-1
R08-AZ,2026-09-01 01:06:00,0.2500000000000018,0.0400000000000044,19.647,0,0,none,-1
R08-AZ,2026-09-01 01:08:00,-0.6699999999999946,0.4140000000000086,19.686,0,0,none,-1
R08-AZ,2026-09-01 01:10:00,-0.3435000000000006,0.3260000000000094,19.423,0,0,none,-1
R08-AZ,2026-09-01 01:12:00,-0.6920000000000002,-0.5209999999999972,20.031,0,0,none,-1
R08-AZ,2026-09-01 01:14:00,-1.1219999999999928,0.4690000000000029,19.711,0,0,none,-1
R08-AZ,2026-09-01 01:16:00,0.0170000000000083,-0.5470000000000006,19.989,0,0,none,-1
R08-AZ,2026-09-01 01:18:00,-0.482999999999997,-0.768999999999993,20.06,0,0,none,-1
R08-AZ,2026-09-01 01:20:00,-0.7594999999999992,-0.0519999999999942,19.996,0,0,none,-1
R08-AZ,2026-09-01 01:22:00,-1.1989999999999943,-1.491999999999999,20.063,0,0,none,-1
R08-AZ,2026-09-01 01:24:00,-1.117999999999995,-0.7339999999999964,20.134,0,0,none,-1
R08-AZ,2026-09-01 01:26:00,0.5949999999999953,-0.9055,19.834,0,0,none,-1
R08-AZ,2026-09-01 01:28:00,-0.4944999999999933,0.201000000000004,19.195,0,0,none,-1
R08-AZ,2026-09-01 01:30:00,-1.4809999999999928,-0.7319999999999993,19.985,0,0,none,-1
R08-AZ,2026-09-01 01:32:00,-0.1789999999999967,0.3223333333333347,19.721,0,0,none,-1
R08-AZ,2026-09-01 01:34:00,-0.315500000000009,-0.018333333333329,19.642,0,0,none,-1
R08-AZ,2026-09-01 01:36:00,-0.4520000000000017,-0.3590000000000017,19.893,0,0,none,-1
R08-AZ,2026-09-01 01:38:00,-0.7629999999999999,-0.936,19.981,0,0,none,-1
R08-AZ,2026-09-01 01:40:00,-0.2609999999999992,-0.0649999999999959,20.019,0,0,none,-1
R08-AZ,2026-09-01 01:42:00,-0.9449999999999896,-0.177500000000002,19.961,0,0,none,-1
R08-AZ,2026-09-01 01:44:00,-0.0849999999999937,1.2400000000000055,18.969,0,0,none,-1
R08-AZ,2026-09-01 01:46:00,-0.3759999999999959,-1.1724999999999977,20.116,0,0,none,-1
R08-AZ,2026-09-01 01:48:00,0.2540000000000049,-0.4859999999999971,20.031,0,0,none,-1
R08-AZ,2026-09-01 01:50:00,-0.1079999999999969,-1.6744999999999963,19.567,0,0,none,-1
R08-AZ,2026-09-01 01:52:00,0.0050000000000007,0.0009999999999958,19.985,0,0,none,-1
R08-AZ,2026-09-01 01:54:00,-0.3329999999999966,-1.003999999999989,20.172,0,0,none,-1
R08-AZ,2026-09-01 01:56:00,-0.641,0.2430000000000038,19.565,0,0,none,-1
R08-AZ,2026-09-01 01:58:00,-1.3520000000000003,-1.0929999999999964,20.127,0,0,none,-1
R08-AZ,2026-09-01 02:00:00,-0.9079999999999976,-0.782,19.918,0,0,none,-1
R08-AZ,2026-09-01 02:02:00,-0.0250000000000021,-1.2019999999999982,20.064,0,0,none,-1
R08-AZ,2026-09-01 02:04:00,-0.8339999999999943,-1.5179999999999918,19.939,0,0,none,-1
R08-AZ,2026-09-01 02:06:00,-1.042499999999995,0.6610000000000031,19.863,0,0,none,-1
R08-AZ,2026-09-01 02:08:00,-0.4124999999999978,0.387000000000004,19.749,0,0,none,-1
R08-AZ,2026-09-01 02:10:00,-0.3070000000000021,-1.5219999999999985,20.027,0,0,none,-1
R08-AZ,2026-09-01 02:12:00,0.2120000000000104,-40.2415,-4.546,1,1,fiber_cut,18
R08-AZ,2026-09-01 02:14:00,-1.7579999999999938,-41.45199999999999,-8.057,1,1,fiber_cut,18
R08-AZ,2026-09-01 02:16:00,-1.1339999999999968,-38.857,-5.71,1,1,fiber_cut,18
R08-AZ,2026-09-01 02:18:00,-1.2589999999999897,-39.956,-5.888,1,1,fiber_cut,18
R08-AZ,2026-09-01 02:20:00,-1.3839999999999968,-41.05499999999999,-7.55,1,1,fiber_cut,18
R08-AZ,2026-09-01 02:22:00,-0.6804999999999914,-41.93599999999999,-6.988,1,1,fiber_cut,18
R08-AZ,2026-09-01 02:24:00,0.0480000000000089,-40.655,-5.722,1,1,fiber_cut,18
R08-AZ,2026-09-01 02:26:00,-0.7289999999999939,-39.905,-5.706,1,1,fiber_cut,18
R08-AZ,2026-09-01 02:28:00,-0.5709999999999997,-42.182,-7.356,1,1,fiber_cut,18
R08-AZ,2026-09-01 02:30:00,-1.7899999999999974,-40.62499999999999,-7.209,1,1,fiber_cut,18
R08-AZ,2026-09-01 02:32:00,-1.003999999999991,-40.11049999999999,-6.763,1,1,fiber_cut,18
R08-AZ,2026-09-01 02:34:00,-0.5440000000000005,-40.14699999999999,-6.419,1,1,fiber_cut,18
R08-AZ,2026-09-01 02:36:00,-0.2969999999999935,-40.804,-6.556,1,1,fiber_cut,18
R08-AZ,2026-09-01 02:38:00,-0.8659999999999926,-0.8974999999999973,20.073,0,0,none,-1
R08-AZ,2026-09-01 02:40:00,-0.7530000000000001,-1.0740000000000016,20.089,0,0,none,-1
R08-AZ,2026-09-01 02:42:00,-0.2949999999999964,-1.1230000000000029,20.189,0,0,none,-1
R08-AZ,2026-09-01 02:44:00,-0.7699999999999978,-2.4384999999999977,19.998,0,0,none,-1
R08-AZ,2026-09-01 02:46:00,0.1700000000000017,-1.2509999999999994,19.584,0,0,none,-1
R08-AZ,2026-09-01 02:48:00,0.225000000000012,-2.3095,19.97,0,0,none,-1
R08-AZ,2026-09-01 02:50:00,-0.4609999999999932,-1.2129999999999974,20.188,0,0,none,-1
R08-AZ,2026-09-01 02:52:00,-1.2190000000000012,-1.0339999999999971,19.779,0,0,none,-1
R08-AZ,2026-09-01 02:54:00,-1.2699999999999996,-1.1414999999999935,20.168,0,0,none,-1
R08-AZ,2026-09-01 02:56:00,-1.4830000000000023,0.1425000000000018,20.039,0,0,none,-1
R08-AZ,2026-09-01 02:58:00,-0.7384999999999948,-0.9899999999999932,20.16,0,0,none,-1
R08-AZ,2026-09-01 03:00:00,-0.1499999999999985,-0.5259999999999998,20.183,0,0,none,-1
R08-AZ,2026-09-01 03:02:00,-0.0814999999999965,-1.0789999999999953,20.128,0,0,none,-1
R08-AZ,2026-09-01 03:04:00,-1.577,-2.059999999999997,19.942,0,0,none,-1
R08-AZ,2026-09-01 03:06:00,-0.1459999999999901,-0.9629999999999956,20.121,0,0,none,-1
R08-AZ,2026-09-01 03:08:00,-0.629999999999999,-0.6359999999999957,19.733,0,0,none,-1
R08-AZ,2026-09-01 03:10:00,-1.224000000000002,-1.5579999999999965,20.004,0,0,none,-1
R08-AZ,2026-09-01 03:12:00,-0.1940000000000026,-0.3449999999999971,19.758,0,0,none,-1
R08-AZ,2026-09-01 03:14:00,-0.713000000000001,-1.0239999999999974,20.193,0,0,none,-1
R08-AZ,2026-09-01 03:16:00,-1.1939999999999935,-0.2749999999999968,20.059,0,0,none,-1
R08-AZ,2026-09-01 03:18:00,0.2750000000000039,-0.3869999999999969,19.539,0,0,none,-1
R08-AZ,2026-09-01 03:20:00,-0.3894999999999946,-1.7394999999999996,19.875,0,0,none,-1
R08-AZ,2026-09-01 03:22:00,-0.8989999999999938,-1.222000000000003,19.935,0,0,none,-1
R08-AZ,2026-09-01 03:24:00,-0.3919999999999906,-2.233999999999991,19.774,0,0,none,-1
R08-AZ,2026-09-01 03:26:00,-1.1269999999999951,-2.576999999999998,20.061,0,0,none,-1
R08-AZ,2026-09-01 03:28:00,-0.5179999999999989,-1.59,19.807,0,0,none,-1
R08-AZ,2026-09-01 03:30:00,0.0839999999999996,-0.4419999999999948,19.055,0,0,none,-1
R08-AZ,2026-09-01 03:32:00,0.0950000000000059,-1.392499999999993,19.9,0,0,none,-1
R08-AZ,2026-09-01 03:34:00,-0.1929999999999943,-3.107000000000003,19.956,0,0,none,-1
R08-AZ,2026-09-01 03:36:00,-0.7269999999999897,-2.6325000000000074,20.235,0,0,none,-1
R08-AZ,2026-09-01 03:38:00,0.3990000000000027,-1.1609999999999907,20.06,0,0,none,-1
R08-AZ,2026-09-01 03:40:00,-0.1009999999999937,-0.2349999999999994,19.924,0,0,none,-1
R08-AZ,2026-09-01 03:42:00,0.158000000000003,-1.202999999999994,19.788,0,0,none,-1
R08-AZ,2026-09-01 03:44:00,-0.7440000000000051,0.1829999999999962,19.685,0,0,none,-1
R08-AZ,2026-09-01 03:46:00,-0.003999999999996,-0.6389999999999958,19.71,0,0,none,-1
R08-AZ,2026-09-01 03:48:00,-0.5965000000000025,-1.0009999999999977,19.972,0,0,none,-1
R08-AZ,2026-09-01 03:50:00,0.0230000000000103,-2.181500000000001,19.635,0,0,none,-1
R08-AZ,2026-09-01 03:52:00,-0.145999999999999,0.5449999999999946,19.89,0,0,none,-1
R08-AZ,2026-09-01 03:54:00,-0.5989999999999949,-2.588000000000001,20.081,0,0,none,-1
R08-AZ,2026-09-01 03:56:00,-0.7399999999999967,-2.6129999999999978,19.862,0,0,none,-1
R08-AZ,2026-09-01 03:58:00,-0.4420000000000073,-2.3499999999999943,20.111,0,0,none,-1
R08-AZ,2026-09-01 04:00:00,-0.4089999999999971,-0.891999999999987,19.9,0,0,none,-1
R08-AZ,2026-09-01 04:02:00,-0.8504999999999949,-1.5789999999999953,19.781,0,0,none,-1
R08-AZ,2026-09-01 04:04:00,0.4220000000000006,-0.0609999999999963,18.828,0,0,none,-1
R08-AZ,2026-09-01 04:06:00,-0.2250000000000032,-0.922500000000003,20.189,0,0,none,-1
R08-AZ,2026-09-01 04:08:00,-1.0629999999999915,-3.938999999999993,19.959,0,0,none,-1
R08-AZ,2026-09-01 04:10:00,-1.6540000000000017,-0.8000000000000007,19.887,0,0,none,-1
R08-AZ,2026-09-01 04:12:00,-0.75,-0.3580000000000023,20.081,0,0,none,-1
R08-AZ,2026-09-01 04:14:00,-0.8669999999999973,-1.3724999999999952,20.048,0,0,none,-1
R08-AZ,2026-09-01 04:16:00,-0.59499999999999,-0.8159999999999936,19.954,0,0,none,-1
R08-AZ,2026-09-01 04:18:00,-0.5559999999999992,-1.7099999999999973,19.988,0,0,none,-1
R08-AZ,2026-09-01 04:20:00,-0.5109999999999939,-2.8709999999999987,20.079,0,0,none,-1
R08-AZ,2026-09-01 04:22:00,-0.8759999999999959,-0.1969999999999956,20.03,0,0,none,-1
R08-AZ,2026-09-01 04:24:00,-0.6019999999999932,-0.945000000000002,19.916,0,0,none,-1
R08-AZ,2026-09-01 04:26:00,-0.7869999999999955,-1.2119999999999926,20.083,0,0,none,-1
R08-AZ,2026-09-01 04:28:00,-0.759999999999998,-1.0480000000000018,20.026,0,0,none,-1
R08-AZ,2026-09-01 04:30:00,-0.783000000000003,-2.4460000000000037,20.028,0,0,none,-1
R08-AZ,2026-09-01 04:32:00,-0.2349999999999958,-0.8446666666666633,20.099,0,0,none,-1
R08-AZ,2026-09-01 04:34:00,0.355500000000001,-1.1933333333333334,19.859,0,0,none,-1
R08-AZ,2026-09-01 04:36:00,-0.5290000000000017,-0.5794999999999995,20.045,0,0,none,-1
R08-AZ,2026-09-01 04:38:00,-1.8924999999999947,-0.2699999999999978,20.076,0,0,none,-1
R08-AZ,2026-09-01 04:40:00,-0.3499999999999961,-0.6679999999999975,19.991,0,0,none,-1
R08-AZ,2026-09-01 04:42:00,-0.0519999999999996,-0.4239999999999995,19.689,0,0,none,-1
R08-AZ,2026-09-01 04:44:00,0.3760000000000012,-0.7389999999999972,19.785,0,0,none,-1
R08-AZ,2026-09-01 04:46:00,-0.8389999999999969,-1.929999999999998,20.131,0,0,none,-1
R08-AZ,2026-09-01 04:48:00,-0.988999999999999,-1.2310000000000016,20.069,0,0,none,-1
R08-AZ,2026-09-01 04:50:00,-0.8089999999999957,-2.153999999999998,19.88,0,0,none,-1
R08-AZ,2026-09-01 04:52:00,-1.105999999999998,-2.061000000000009,20.081,0,0,none,-1
R08-AZ,2026-09-01 04:54:00,-0.7349999999999994,-1.2519999999999936,20.22,0,0,none,-1
R08-AZ,2026-09-01 04:56:00,0.2650000000000077,0.6960000000000086,19.165,0,0,none,-1
R08-AZ,2026-09-01 04:58:00,-0.3269999999999875,-0.5849999999999973,20.147,0,0,none,-1
R08-AZ,2026-09-01 05:00:00,-0.5619999999999994,-0.997,20.037,0,0,none,-1
R08-AZ,2026-09-01 05:02:00,-0.780999999999997,-1.1760000000000002,19.943,0,0,none,-1
R08-AZ,2026-09-01 05:04:00,0.4050000000000064,-2.6019999999999985,20.028,0,0,fiber_degradation,5
R08-AZ,2026-09-01 05:06:00,-0.3329999999999948,-1.8889999999999976,20.142,0,0,fiber_degradation,5
R08-AZ,2026-09-01 05:08:00,-0.491999999999992,-3.187999999999999,19.836,0,0,fiber_degradation,5
R08-AZ,2026-09-01 05:10:00,-0.796999999999997,-2.511999999999997,19.821,0,0,fiber_degradation,5
R08-AZ,2026-09-01 05:12:00,-0.262000000000004,-3.2669999999999995,19.905,0,0,fiber_degradation,5
R08-AZ,2026-09-01 05:14:00,-0.3659999999999979,-1.613000000000003,20.037,0,0,fiber_degradation,5
R08-AZ,2026-09-01 05:16:00,-1.3294999999999888,-3.895999999999997,20.121,0,0,fiber_degradation,5
R08-AZ,2026-09-01 05:18:00,-0.9614999999999956,-2.9790000000000028,20.065,0,0,fiber_degradation,5
R08-AZ,2026-09-01 05:20:00,-0.6469999999999949,-3.6619999999999937,19.599,0,0,fiber_degradation,5
R08-AZ,2026-09-01 05:22:00,-0.4899999999999966,-3.161999999999999,19.892,0,0,fiber_degradation,5
R08-AZ,2026-09-01 05:24:00,-0.7704999999999931,-3.022666666666657,19.896,0,0,fiber_degradation,5
R08-AZ,2026-09-01 05:26:00,-1.0509999999999984,-2.8833333333333275,19.917,0,0,fiber_degradation,5
R08-AZ,2026-09-01 05:28:00,-0.3449999999999935,-3.375999999999994,20.046,0,0,fiber_degradation,5
R08-AZ,2026-09-01 05:30:00,-0.2069999999999972,-4.713999999999999,19.607,0,0,fiber_degradation,5
R08-AZ,2026-09-01 05:32:00,-0.4669999999999881,-3.354499999999998,19.959,0,0,fiber_degradation,5
R08-AZ,2026-09-01 05:34:00,0.0945000000000071,-3.218999999999996,20.122,0,0,fiber_degradation,5
R08-AZ,2026-09-01 05:36:00,-0.8499999999999961,-2.587000000000001,19.898,0,0,fiber_degradation,5
R08-AZ,2026-09-01 05:38:00,0.0400000000000062,-2.1899999999999995,20.046,0,0,fiber_degradation,5
R08-AZ,2026-09-01 05:40:00,-0.243999999999998,-2.343999999999996,20.13,0,0,fiber_degradation,5
R08-AZ,2026-09-01 05:42:00,-0.6730000000000018,-1.5579999999999945,20.198,0,0,fiber_degradation,5
R08-AZ,2026-09-01 05:44:00,0.1230000000000064,-1.5580000000000016,20.237,0,0,fiber_degradation,5
R08-AZ,2026-09-01 05:46:00,-0.3934999999999959,-4.217999999999998,19.851,0,0,fiber_degradation,5
R08-AZ,2026-09-01 05:48:00,0.1430000000000042,-1.3710000000000004,20.227,0,0,fiber_degradation,5
R08-AZ,2026-09-01 05:50:00,-0.9759999999999992,-2.359999999999994,20.051,0,0,fiber_degradation,5
R08-AZ,2026-09-01 05:52:00,-0.6379999999999928,-0.6310000000000002,20.149,0,0,fiber_degradation,5
R08-AZ,2026-09-01 05:54:00,-0.1159999999999907,-2.5654999999999983,19.876,0,0,fiber_degradation,5
R08-AZ,2026-09-01 05:56:00,-0.0729999999999932,-2.4419999999999917,20.09,0,0,fiber_degradation,5
R08-AZ,2026-09-01 05:58:00,-0.4919999999999955,-3.794999999999997,20.016,0,0,fiber_degradation,5
R08-AZ,2026-09-01 06:00:00,0.8220000000000081,-2.83,20.113,0,0,fiber_degradation,5
R08-AZ,2026-09-01 06:02:00,-0.8729999999999976,-3.4709999999999948,19.871,0,0,fiber_degradation,5
R08-AZ,2026-09-01 06:04:00,-0.7050000000000018,-3.220999999999988,19.965,0,0,fiber_degradation,5
R08-AZ,2026-09-01 06:06:00,0.3695000000000092,-2.7520000000000024,20.018,0,0,fiber_degradation,5
R08-AZ,2026-09-01 06:08:00,-0.1819999999999968,-1.3755000000000042,20.176,0,0,fiber_degradation,5
R08-AZ,2026-09-01 06:10:00,-0.8989999999999991,-0.7709999999999955,20.069,0,0,fiber_degradation,5
R08-AZ,2026-09-01 06:12:00,-0.9509999999999952,-1.1469999999999985,20.089,0,0,none,-1
R08-AZ,2026-09-01 06:14:00,-1.2620000000000005,0.102000000000002,19.575,0,0,none,-1
R08-AZ,2026-09-01 06:16:00,-0.5649999999999888,0.3320000000000007,19.853,0,0,none,-1
R08-AZ,2026-09-01 06:18:00,-1.2589999999999932,0.7770000000000046,20.102,0,0,none,-1
R08-AZ,2026-09-01 06:20:00,-0.4029999999999969,0.0880000000000027,19.589,0,0,none,-1
R08-AZ,2026-09-01 06:22:00,-0.1964999999999932,-0.2050000000000054,19.395,0,0,none,-1
R08-AZ,2026-09-01 06:24:00,-0.1519999999999903,-2.1639999999999926,19.881,0,0,none,-1
R08-AZ,2026-09-01 06:26:00,-0.9720000000000032,-0.6859999999999982,20.011,0,0,none,-1
R08-AZ,2026-09-01 06:28:00,-1.4429999999999945,-0.8920000000000012,20.052,0,0,none,-1
R08-AZ,2026-09-01 06:30:00,-0.2259999999999919,0.758000000000008,19.666,0,0,none,-1
R08-AZ,2026-09-01 06:32:00,-0.1249999999999911,1.040000000000008,19.213,0,0,none,-1
R08-AZ,2026-09-01 06:34:00,-0.7819999999999947,0.1030000000000086,19.633,0,0,none,-1
R08-AZ,2026-09-01 06:36:00,-0.7200000000000006,-0.3739999999999988,19.755,0,0,none,-1
R08-AZ,2026-09-01 06:38:00,-1.089999999999991,-2.086999999999996,20.054,0,0,none,-1
R08-AZ,2026-09-01 06:40:00,0.2090000000000049,-1.388,19.923,0,0,none,-1
R08-AZ,2026-09-01 06:42:00,-0.0559999999999973,0.1730000000000053,19.003,0,0,none,-1
R08-AZ,2026-09-01 06:44:00,0.0795000000000047,-0.356999999999994,19.807,0,0,none,-1
R08-AZ,2026-09-01 06:46:00,-1.4219999999999953,-0.3729999999999922,19.766,0,0,none,-1
R08-AZ,2026-09-01 06:48:00,-0.8839999999999968,-1.2709999999999972,19.867,0,0,none,-1
R08-AZ,2026-09-01 06:50:00,-0.7419999999999973,0.3250000000000028,20.03,0,0,none,-1
R08-AZ,2026-09-01 06:52:00,-0.4069999999999965,0.3280000000000083,19.717,0,0,none,-1
R08-AZ,2026-09-01 06:54:00,0.1039999999999938,0.5240000000000045,19.654,0,0,none,-1
R08-AZ,2026-09-01 06:56:00,-0.9169999999999928,-0.115499999999999,19.826,0,0,none,-1
R08-AZ,2026-09-01 06:58:00,-1.0584999999999898,-0.5379999999999985,19.936,0,0,none,-1
R08-AZ,2026-09-01 07:00:00,-1.262999999999998,1.7570000000000032,18.755,0,0,none,-1
R08-AZ,2026-09-01 07:02:00,-0.2569999999999997,1.0670000000000055,19.514,0,0,none,-1
R08-AZ,2026-09-01 07:04:00,-0.901999999999994,0.1859999999999999,19.886,0,0,none,-1
R08-AZ,2026-09-01 07:06:00,-0.0119999999999986,0.7100000000000009,19.888,0,0,none,-1
R08-AZ,2026-09-01 07:08:00,-1.2989999999999975,0.5350000000000019,19.983,0,0,none,-1
R08-AZ,2026-09-01 07:10:00,-1.2649999999999952,-0.6940000000000044,20.018,0,0,none,-1
R08-AZ,2026-09-01 07:12:00,-0.7220000000000013,1.4460000000000015,19.307,0,0,none,-1
R08-AZ,2026-09-01 07:14:00,0.3930000000000078,0.3240000000000069,19.745,0,0,none,-1
R08-AZ,2026-09-01 07:16:00,0.023500000000002,-0.6785000000000014,20.009,0,0,none,-1
R08-AZ,2026-09-01 07:18:00,-0.0649999999999959,-0.6630000000000056,19.732,0,0,none,-1
R08-AZ,2026-09-01 07:20:00,-0.3764999999999983,-0.6239999999999988,20.134,0,0,none,-1
R08-AZ,2026-09-01 07:22:00,-0.8179999999999996,-0.997999999999994,20.104,0,0,none,-1
R08-AZ,2026-09-01 07:24:00,-1.8399999999999876,-39.483,-15.092,1,1,fiber_cut,7
R08-AZ,2026-09-01 07:26:00,-0.0879999999999956,-40.3595,-14.992,1,1,fiber_cut,7
R08-AZ,2026-09-01 07:28:00,-0.1789999999999878,-40.913,-14.476,1,1,fiber_cut,7
R08-AZ,2026-09-01 07:30:00,0.2320000000000046,-39.83200000000001,-14.352,1,1,fiber_cut,7
R08-AZ,2026-09-01 07:32:00,0.7360000000000007,-41.327,-14.268,1,1,fiber_cut,7
R08-AZ,2026-09-01 07:34:00,-1.0175000000000018,-40.864,-16.144,1,1,fiber_cut,7
R08-AZ,2026-09-01 07:36:00,-0.7879999999999967,-39.374,-14.823,1,1,fiber_cut,7
R08-AZ,2026-09-01 07:38:00,-0.910999999999996,-39.48999999999999,-14.469,1,1,fiber_cut,7
R08-AZ,2026-09-01 07:40:00,0.5069999999999979,-39.625,-14.523,1,1,fiber_cut,7
R08-AZ,2026-09-01 07:42:00,-0.020999999999999,-39.58349999999999,-14.718,1,1,fiber_cut,7
R08-AZ,2026-09-01 07:44:00,0.1680000000000046,-39.534,-14.59,1,1,fiber_cut,7
R08-AZ,2026-09-01 07:46:00,-0.6620000000000026,-40.612,-14.665,1,1,fiber_cut,7
R08-AZ,2026-09-01 07:48:00,-0.4699999999999971,-40.608,-15.448,1,1,fiber_cut,7
R08-AZ,2026-09-01 07:50:00,0.2820000000000053,-39.501,-14.326,1,1,fiber_cut,7
R08-AZ,2026-09-01 07:52:00,-1.1639999999999908,-40.46000000000001,-14.095,1,1,fiber_cut,7
R08-AZ,2026-09-01 07:54:00,-0.8514999999999961,-41.68900000000001,-16.482,1,1,fiber_cut,7
R08-AZ,2026-09-01 07:56:00,-0.0469999999999952,-39.4,-14.545,1,1,fiber_cut,7
R08-AZ,2026-09-01 07:58:00,-0.4199999999999981,-39.7715,-13.612,1,1,fiber_cut,7
R08-AZ,2026-09-01 08:00:00,-1.0399999999999867,-39.904,-15.308,1,1,fiber_cut,7
R08-AZ,2026-09-01 08:02:00,-0.3949999999999924,-39.21099999999999,-13.623,1,1,fiber_cut,7
R08-AZ,2026-09-01 08:04:00,0.2500000000000089,0.4410000000000096,19.266,0,0,none,-1
R08-AZ,2026-09-01 08:06:00,0.1580000000000012,0.2195000000000053,19.431,0,0,none,-1
R08-AZ,2026-09-01 08:08:00,-0.7700000000000014,1.0170000000000066,19.416,0,0,none,-1
R08-AZ,2026-09-01 08:10:00,-0.8764999999999947,-0.2719999999999984,19.56,0,0,none,-1
R08-AZ,2026-09-01 08:12:00,-0.53399999999999,-0.0109999999999921,19.667,0,0,none,-1
R08-AZ,2026-09-01 08:14:00,-0.5809999999999977,0.9030000000000004,19.58,0,0,none,-1
R08-AZ,2026-09-01 08:16:00,-0.2739999999999956,1.5015000000000036,19.06,0,0,none,-1
R08-AZ,2026-09-01 08:18:00,-0.3839999999999897,0.784000000000006,19.813,0,0,none,-1
R08-AZ,2026-09-01 08:20:00,-0.4509999999999934,0.4380000000000024,19.572,0,0,none,-1
R08-AZ,2026-09-01 08:22:00,0.6970000000000081,0.3744999999999994,18.79,0,0,none,-1
R08-AZ,2026-09-01 08:24:00,-0.4429999999999978,1.5790000000000024,19.127,0,0,none,-1
R08-AZ,2026-09-01 08:26:00,-0.072499999999998,0.1630000000000002,19.719,0,0,none,-1
R08-AZ,2026-09-01 08:28:00,0.6949999999999985,-0.6884999999999977,19.235,0,0,fiber_degradation,4
R08-AZ,2026-09-01 08:30:00,1.221000000000002,-2.536500000000002,19.787,0,0,fiber_degradation,4
R08-AZ,2026-09-01 08:32:00,2.144000000000004,-1.3399999999999963,18.837,0,0,fiber_degradation,4
R08-AZ,2026-09-01 08:34:00,2.578000000000001,-2.54399999999999,19.855,0,0,fiber_degradation,4
R08-AZ,2026-09-01 08:36:00,2.050999999999993,-3.039,19.967,0,0,fiber_degradation,4
R08-AZ,2026-09-01 08:38:00,1.5810000000000084,-2.154999999999994,19.866,0,0,fiber_degradation,4
R08-AZ,2026-09-01 08:40:00,1.0370000000000026,-3.919999999999998,19.904,0,0,fiber_degradation,4
R08-AZ,2026-09-01 08:42:00,1.7745000000000015,-5.25899999999999,19.792,0,0,fiber_degradation,4
R08-AZ,2026-09-01 08:44:00,1.0150000000000023,-5.929000000000007,18.967,0,0,fiber_degradation,4
R08-AZ,2026-09-01 08:46:00,1.554000000000011,-4.784999999999998,18.705,0,0,fiber_degradation,4
R08-AZ,2026-09-01 08:48:00,1.285,-7.2395,18.028,0,0,fiber_degradation,4
R08-AZ,2026-09-01 08:50:00,1.807999999999998,-7.011000000000001,18.039,0,0,fiber_degradation,4
R08-AZ,2026-09-01 08:52:00,2.2479999999999998,-8.200999999999992,17.74,0,0,fiber_degradation,4
R08-AZ,2026-09-01 08:54:00,1.988000000000003,-9.066000000000004,16.998,1,1,fiber_degradation,4
R08-AZ,2026-09-01 08:56:00,1.432000000000004,-10.61,15.43,1,1,fiber_degradation,4
R08-AZ,2026-09-01 08:58:00,1.5150000000000097,-9.520499999999991,16.285,1,1,fiber_degradation,4
R08-AZ,2026-09-01 09:00:00,1.3095000000000017,-9.398499999999997,15.843,1,1,fiber_degradation,4
R08-AZ,2026-09-01 09:02:00,1.7205000000000013,-9.464999999999996,15.319,1,1,fiber_degradation,4
R08-AZ,2026-09-01 09:04:00,2.115000000000002,-9.535,15.785,1,1,fiber_degradation,4
R08-AZ,2026-09-01 09:06:00,2.1025000000000063,-8.181999999999992,15.669,1,0,fiber_degradation,4
R08-AZ,2026-09-01 09:08:00,2.218,-10.04799999999999,15.875,1,1,fiber_degradation,4
R08-AZ,2026-09-01 09:10:00,1.8900000000000092,-9.639,16.287,1,1,fiber_degradation,4
R08-AZ,2026-09-01 09:12:00,0.9840000000000018,-8.399,15.881,1,1,fiber_degradation,4
R08-AZ,2026-09-01 09:14:00,1.2829999999999997,-10.582999999999991,15.003,1,1,fiber_degradation,4
R08-AZ,2026-09-01 09:16:00,1.072000000000001,-9.258,15.42,1,1,fiber_degradation,4
R08-AZ,2026-09-01 09:18:00,1.957000000000006,-9.720999999999998,16.385,1,1,fiber_degradation,4
R08-AZ,2026-09-01 09:20:00,-0.815999999999999,0.4860000000000095,19.828,0,0,none,-1
R08-AZ,2026-09-01 09:22:00,-0.0789999999999899,0.8590000000000089,19.123,0,0,none,-1
R08-AZ,2026-09-01 09:24:00,-0.7529999999999912,0.6090000000000053,19.415,0,0,none,-1
R08-AZ,2026-09-01 09:26:00,-0.9869999999999948,0.5865000000000116,20.019,0,0,none,-1
R08-AZ,2026-09-01 09:28:00,-0.2049999999999965,0.3590000000000106,19.241,0,0,none,-1
R08-AZ,2026-09-01 09:30:00,1.0769999999999982,-1.2445000000000055,18.961,0,0,fiber_degradation,8
R08-AZ,2026-09-01 09:32:00,0.3930000000000042,-1.1640000000000068,19.699,0,0,fiber_degradation,8
R08-AZ,2026-09-01 09:34:00,-0.0999999999999907,-1.1889999999999985,19.676,0,0,fiber_degradation,8
R08-AZ,2026-09-01 09:36:00,-0.5569999999999933,-1.4919999999999956,19.752,0,0,fiber_degradation,8
R08-AZ,2026-09-01 09:38:00,0.2300000000000039,-3.825999999999997,19.468,0,0,fiber_degradation,8
R08-AZ,2026-09-01 09:40:00,-0.4709999999999947,-3.1194999999999986,19.59,0,0,fiber_degradation,8
R08-AZ,2026-09-01 09:42:00,-0.9969999999999928,-4.153999999999995,19.024,0,0,fiber_degradation,8
R08-AZ,2026-09-01 09:44:00,0.0330000000000065,-5.264999999999999,18.573,0,0,fiber_degradation,8
R08-AZ,2026-09-01 09:46:00,-0.3589999999999964,-6.222999999999995,17.641,1,0,fiber_degradation,8
R08-AZ,2026-09-01 09:48:00,-0.2300000000000022,-5.684999999999993,18.26,0,0,fiber_degradation,8
R08-AZ,2026-09-01 09:50:00,-0.5289999999999964,-6.850499999999999,17.468,1,1,fiber_degradation,8
R08-AZ,2026-09-01 09:52:00,-0.2444999999999968,-6.260999999999996,17.99,1,0,fiber_degradation,8
R08-AZ,2026-09-01 09:54:00,-0.2719999999999931,-4.990999999999991,18.429,0,0,fiber_degradation,8
R08-AZ,2026-09-01 09:56:00,1.421999999999997,-7.766999999999994,18.054,0,0,fiber_degradation,8
R08-AZ,2026-09-01 09:58:00,-0.3909999999999982,-7.522999999999994,17.687,1,1,fiber_degradation,8
R08-ZA,2026-09-01 00:00:00,-0.9090000000000042,-1.9280000000000024,20.409,0,0,none,-1
R08-ZA,2026-09-01 00:02:00,-0.7589999999999932,-2.481,20.426,0,0,none,-1
R08-ZA,2026-09-01 00:04:00,-0.5199999999999978,0.5640000000000018,20.1,0,0,none,-1
R08-ZA,2026-09-01 00:06:00,-0.2500000000000053,-2.1030000000000086,20.315,0,0,none,-1
R08-ZA,2026-09-01 00:08:00,-0.927500000000002,-0.6279999999999983,20.464,0,0,none,-1
R08-ZA,2026-09-01 00:10:00,-0.8140000000000018,-0.9629999999999992,20.444,0,0,none,-1
R08-ZA,2026-09-01 00:12:00,-1.8510000000000024,-3.213999999999997,19.894,0,0,none,-1
R08-ZA,2026-09-01 00:14:00,-6.3320000000000025,-1.2209999999999963,18.484,1,1,amplifier_degradation,13
R08-ZA,2026-09-01 00:16:00,-6.903000000000008,-2.166499999999997,18.073,1,1,amplifier_degradation,13
R08-ZA,2026-09-01 00:18:00,-6.857000000000005,-1.4969999999999963,18.392,1,1,amplifier_degradation,13
R08-ZA,2026-09-01 00:20:00,-6.905000000000001,-3.043999999999997,17.76,1,1,amplifier_degradation,13
R08-ZA,2026-09-01 00:22:00,-7.214000000000002,-2.7379999999999995,17.796,1,1,amplifier_degradation,13
R08-ZA,2026-09-01 00:24:00,-7.077000000000002,-2.1419999999999977,17.587,1,1,amplifier_degradation,13
R08-ZA,2026-09-01 00:26:00,-6.216999999999995,-2.6899999999999906,18.22,1,1,amplifier_degradation,13
R08-ZA,2026-09-01 00:28:00,-7.211000000000002,-1.2379999999999995,18.197,1,1,amplifier_degradation,13
R08-ZA,2026-09-01 00:30:00,-6.698999999999996,-1.2670000000000066,18.201,1,1,amplifier_degradation,13
R08-ZA,2026-09-01 00:32:00,-6.866999999999997,-1.6979999999999968,18.398,1,1,amplifier_degradation,13
R08-ZA,2026-09-01 00:34:00,-6.378999999999998,-1.4090000000000025,18.465,1,1,amplifier_degradation,13
R08-ZA,2026-09-01 00:36:00,-6.471000000000004,-3.413999999999991,18.134,1,1,amplifier_degradation,13
R08-ZA,2026-09-01 00:38:00,-6.840000000000005,-3.3919999999999995,17.701,1,1,amplifier_degradation,13
R08-ZA,2026-09-01 00:40:00,-6.138999999999998,-1.8499999999999976,18.267,1,1,amplifier_degradation,13
R08-ZA,2026-09-01 00:42:00,-6.801999999999998,-2.695000000000004,18.102,1,1,amplifier_degradation,13
R08-ZA,2026-09-01 00:44:00,-6.5429999999999975,-1.3459999999999963,18.534,1,1,amplifier_degradation,13
R08-ZA,2026-09-01 00:46:00,-5.772999999999998,-2.041000000000004,18.426,1,1,amplifier_degradation,13
R08-ZA,2026-09-01 00:48:00,-7.083000000000004,-1.824999999999992,17.952,1,1,amplifier_degradation,13
R08-ZA,2026-09-01 00:50:00,-7.439999999999996,-2.959999999999992,17.97,1,1,amplifier_degradation,13
R08-ZA,2026-09-01 00:52:00,-7.0099999999999945,-1.1999999999999955,18.368,1,1,amplifier_degradation,13
R08-ZA,2026-09-01 00:54:00,-6.174999999999997,-2.184000000000003,18.362,1,1,amplifier_degradation,13
R08-ZA,2026-09-01 00:56:00,-6.642000000000003,-0.3020000000000014,18.759,1,1,amplifier_degradation,13
R08-ZA,2026-09-01 00:58:00,-6.413999999999994,-1.849999999999996,17.982,1,1,amplifier_degradation,13
R08-ZA,2026-09-01 01:00:00,-5.813499999999998,-1.033500000000002,18.816,1,1,amplifier_degradation,13
R08-ZA,2026-09-01 01:02:00,-7.429,-1.7949999999999946,18.296,1,1,amplifier_degradation,13
R08-ZA,2026-09-01 01:04:00,-5.809999999999997,-2.160999999999998,18.181,1,1,amplifier_degradation,13
R08-ZA,2026-09-01 01:06:00,-7.426999999999998,-3.304999999999991,17.723,1,1,amplifier_degradation,13
R08-ZA,2026-09-01 01:08:00,-6.188000000000004,-1.869499999999995,18.355,1,1,amplifier_degradation,13
R08-ZA,2026-09-01 01:10:00,-6.8575,-2.1110000000000007,18.314,1,1,amplifier_degradation,13
R08-ZA,2026-09-01 01:12:00,-7.235999999999997,-1.025999999999998,18.23,1,1,amplifier_degradation,13
R08-ZA,2026-09-01 01:14:00,-6.177000000000005,-3.3230000000000004,17.815,1,1,amplifier_degradation,13
R08-ZA,2026-09-01 01:16:00,-6.820666666666668,-2.353000000000001,18.317,1,1,amplifier_degradation,13
R08-ZA,2026-09-01 01:18:00,-1.856333333333332,-1.6949999999999932,20.389,0,0,none,-1
R08-ZA,2026-09-01 01:20:00,-1.633000000000003,-1.3379999999999974,20.341,0,0,none,-1
R08-ZA,2026-09-01 01:22:00,-1.4094999999999995,-2.227999999999998,20.522,0,0,none,-1
R08-ZA,2026-09-01 01:24:00,-0.6399999999999988,-1.284999999999993,20.456,0,0,none,-1
R08-ZA,2026-09-01 01:26:00,-1.6200000000000028,-3.3610000000000024,20.303,0,0,none,-1
R08-ZA,2026-09-01 01:28:00,-0.3080000000000051,-1.818,20.46,0,0,none,-1
R08-ZA,2026-09-01 01:30:00,-1.974000000000002,-3.224999999999998,20.307,0,0,none,-1
R08-ZA,2026-09-01 01:32:00,-1.0300000000000011,-1.9899999999999969,20.494,0,0,none,-1
R08-ZA,2026-09-01 01:34:00,-0.9619999999999996,-1.1844999999999946,20.433,0,0,none,-1
R08-ZA,2026-09-01 01:36:00,-1.069999999999995,-1.6039999999999974,20.365,0,0,none,-1
R08-ZA,2026-09-01 01:38:00,-1.4389999999999965,-1.7730000000000017,20.357,0,0,none,-1
R08-ZA,2026-09-01 01:40:00,-0.9099999999999966,-2.032999999999996,20.474,0,0,none,-1
R08-ZA,2026-09-01 01:42:00,-1.6499999999999968,-2.183999999999996,19.95,0,0,amplifier_degradation,19
R08-ZA,2026-09-01 01:44:00,-2.5790000000000024,-1.896999999999997,20.305,0,0,amplifier_degradation,19
R08-ZA,2026-09-01 01:46:00,-2.019000000000004,-1.6249999999999964,20.425,0,0,amplifier_degradation,19
R08-ZA,2026-09-01 01:48:00,-1.1199999999999974,-2.3619999999999983,20.392,0,0,amplifier_degradation,19
R08-ZA,2026-09-01 01:50:00,-2.4570000000000025,-2.753999999999996,20.243,0,0,amplifier_degradation,19
R08-ZA,2026-09-01 01:52:00,-3.1530000000000005,-1.961000000000002,20.329,0,0,amplifier_degradation,19
R08-ZA,2026-09-01 01:54:00,-2.842000000000004,-2.4469999999999974,20.413,0,0,amplifier_degradation,19
R08-ZA,2026-09-01 01:56:00,-3.5650000000000013,-2.558,20.409,0,0,amplifier_degradation,19
R08-ZA,2026-09-01 01:58:00,-4.2635000000000005,-3.1465,19.98,1,1,amplifier_degradation,19
R08-ZA,2026-09-01 02:00:00,-4.7095,-2.7589999999999986,20.134,0,1,amplifier_degradation,19
R08-ZA,2026-09-01 02:02:00,-5.071000000000007,-2.273000000000009,20.149,1,1,amplifier_degradation,19
R08-ZA,2026-09-01 02:04:00,-4.4630000000000045,-3.2189999999999976,20.02,1,1,amplifier_degradation,19
R08-ZA,2026-09-01 02:06:00,-3.722,-2.8469999999999978,20.28,0,0,amplifier_degradation,19
R08-ZA,2026-09-01 02:08:00,-3.9989999999999952,-2.753999999999996,20.277,0,1,amplifier_degradation,19
R08-ZA,2026-09-01 02:10:00,-4.221999999999998,-1.4160000000000004,20.391,0,0,amplifier_degradation,19
R08-ZA,2026-09-01 02:12:00,-4.335000000000008,-1.6854999999999958,20.394,0,0,amplifier_degradation,19
R08-ZA,2026-09-01 02:14:00,-3.6679999999999993,-2.333499999999999,20.404,0,0,amplifier_degradation,19
R08-ZA,2026-09-01 02:16:00,-3.8469999999999978,-1.0200000000000031,20.369,0,0,amplifier_degradation,19
R08-ZA,2026-09-01 02:18:00,-0.7070000000000078,-1.6644999999999914,20.467,0,0,none,-1
R08-ZA,2026-09-01 02:20:00,-2.013999999999996,-2.0084999999999944,20.129,0,0,none,-1
R08-ZA,2026-09-01 02:22:00,-2.023,-2.7759999999999945,20.354,0,0,none,-1
R08-ZA,2026-09-01 02:24:00,-0.6149999999999967,-0.5199999999999978,20.438,0,0,none,-1
R08-ZA,2026-09-01 02:26:00,-0.7880000000000056,-1.2440000000000015,20.455,0,0,none,-1
R08-ZA,2026-09-01 02:28:00,-1.116999999999997,-0.2569999999999925,20.388,0,0,none,-1
R08-ZA,2026-09-01 02:30:00,-1.247999999999999,0.4575000000000013,20.42,0,0,none,-1
R08-ZA,2026-09-01 02:32:00,-0.566000000000006,0.9079999999999996,20.554,0,0,none,-1
R08-ZA,2026-09-01 02:34:00,-1.3110000000000015,-2.346000000000002,20.267,0,0,none,-1
R08-ZA,2026-09-01 02:36:00,-0.983000000000004,-0.9419999999999948,20.268,0,0,none,-1
R08-ZA,2026-09-01 02:38:00,-0.8249999999999975,-2.6059999999999963,20.318,0,0,none,-1
R08-ZA,2026-09-01 02:40:00,-1.071000000000005,-2.086999999999996,20.344,0,0,none,-1
R08-ZA,2026-09-01 02:42:00,-1.4570000000000007,-1.1049999999999969,20.469,0,0,none,-1
R08-ZA,2026-09-01 02:44:00,-0.8179999999999943,-2.2060000000000013,20.362,0,0,none,-1
R08-ZA,2026-09-01 02:46:00,-1.0205000000000002,-2.052,20.412,0,0,amplifier_degradation,4
R08-ZA,2026-09-01 02:48:00,-2.487000000000005,-1.2069999999999972,20.455,0,0,amplifier_degradation,4
R08-ZA,2026-09-01 02:50:00,-2.2700000000000014,-0.7509999999999994,20.495,0,0,amplifier_degradation,4
R08-ZA,2026-09-01 02:52:00,-2.593000000000007,-2.0580000000000034,20.192,0,0,amplifier_degradation,4
R08-ZA,2026-09-01 02:54:00,-2.961999999999991,-2.299999999999997,19.519,0,0,amplifier_degradation,4
R08-ZA,2026-09-01 02:56:00,-2.78,-1.8319999999999936,19.824,0,0,amplifier_degradation,4
R08-ZA,2026-09-01 02:58:00,-3.3015000000000043,-1.2300000000000004,19.707,0,0,amplifier_degradation,4
R08-ZA,2026-09-01 03:00:00,-3.5370000000000044,-0.5859999999999932,19.793,0,0,amplifier_degradation,4
R08-ZA,2026-09-01 03:02:00,-4.323000000000004,-2.839499999999996,18.696,0,1,amplifier_degradation,4
R08-ZA,2026-09-01 03:04:00,-4.236000000000001,-0.6449999999999925,19.709,0,0,amplifier_degradation,4
R08-ZA,2026-09-01 03:06:00,-5.099500000000003,-0.1549999999999993,19.082,0,0,amplifier_degradation,4
R08-ZA,2026-09-01 03:08:00,-4.487000000000002,-2.148999999999996,19.096,0,1,amplifier_degradation,4
R08-ZA,2026-09-01 03:10:00,-5.466500000000005,-0.6824999999999992,19.274,0,0,amplifier_degradation,4
R08-ZA,2026-09-01 03:12:00,-5.017999999999999,-2.307000000000004,18.261,0,1,amplifier_degradation,4
R08-ZA,2026-09-01 03:14:00,-4.036000000000003,-1.447000000000001,18.88,0,0,amplifier_degradation,4
R08-ZA,2026-09-01 03:16:00,-5.071000000000005,-1.8440000000000007,18.533,0,1,amplifier_degradation,4
R08-ZA,2026-09-01 03:18:00,-1.9040000000000017,-1.040000000000001,20.429,0,0,none,-1
R08-ZA,2026-09-01 03:20:00,-2.0549999999999944,-0.9269999999999944,20.531,0,0,none,-1
R08-ZA,2026-09-01 03:22:00,-1.625,-1.449999999999994,20.404,0,0,none,-1
R08-ZA,2026-09-01 03:24:00,-0.9380000000000024,-2.8509999999999938,20.316,0,0,none,-1
R08-ZA,2026-09-01 03:26:00,-0.5860000000000021,-1.6979999999999915,20.49,0,0,none,-1
R08-ZA,2026-09-01 03:28:00,-0.9520000000000016,-0.6270000000000007,20.476,0,0,none,-1
R08-ZA,2026-09-01 03:30:00,-0.8015000000000096,-1.6619999999999957,20.47,0,0,none,-1
R08-ZA,2026-09-01 03:32:00,-0.7999999999999989,-2.668999999999995,20.493,0,0,none,-1
R08-ZA,2026-09-01 03:34:00,-1.093999999999994,-1.6659999999999968,20.384,0,0,none,-1
R08-ZA,2026-09-01 03:36:00,-1.668000000000001,-1.369999999999994,20.433,0,0,none,-1
R08-ZA,2026-09-01 03:38:00,-1.8105000000000029,-2.286,20.449,0,0,none,-1
R08-ZA,2026-09-01 03:40:00,-1.5929999999999982,-0.166999999999998,20.422,0,0,none,-1
R08-ZA,2026-09-01 03:42:00,-0.5700000000000109,-2.7019999999999964,20.336,0,0,none,-1
R08-ZA,2026-09-01 03:44:00,-0.4149999999999956,-1.3300000000000036,20.467,0,0,none,-1
R08-ZA,2026-09-01 03:46:00,-1.841999999999997,-1.7119999999999995,20.435,0,0,none,-1
R08-ZA,2026-09-01 03:48:00,-0.981,-1.2829999999999977,20.481,0,0,none,-1
R08-ZA,2026-09-01 03:50:00,-1.871999999999998,-2.461999999999998,20.284,0,0,none,-1
R08-ZA,2026-09-01 03:52:00,-0.4619999999999979,-1.6530000000000022,20.338,0,0,none,-1
R08-ZA,2026-09-01 03:54:00,-2.1049999999999915,0.0490000000000012,20.51,0,0,none,-1
R08-ZA,2026-09-01 03:56:00,-1.2754999999999974,-0.7495000000000012,20.584,0,0,none,-1
R08-ZA,2026-09-01 03:58:00,0.1159999999999978,-0.6689999999999987,20.395,0,0,none,-1
R08-ZA,2026-09-01 04:00:00,-1.9679999999999964,-1.765000000000006,20.431,0,0,none,-1
R08-ZA,2026-09-01 04:02:00,-1.5574999999999992,-1.5379999999999967,20.339,0,0,none,-1
R08-ZA,2026-09-01 04:04:00,-1.2370000000000037,-1.1730000000000036,20.413,0,0,none,-1
R08-ZA,2026-09-01 04:06:00,-0.2125000000000039,-2.520999999999997,20.404,0,0,none,-1
R08-ZA,2026-09-01 04:08:00,-0.658000000000003,-0.7689999999999948,20.443,0,0,none,-1
R08-ZA,2026-09-01 04:10:00,-0.7170000000000041,-1.9879999999999924,20.536,0,0,none,-1
R08-ZA,2026-09-01 04:12:00,-1.531499999999996,-1.1980000000000022,20.464,0,0,none,-1
R08-ZA,2026-09-01 04:14:00,-0.8479999999999954,-0.4879999999999977,20.538,0,0,none,-1
R08-ZA,2026-09-01 04:16:00,-1.009999999999998,-0.1959999999999997,20.458,0,0,none,-1
R08-ZA,2026-09-01 04:18:00,-1.3759999999999994,-1.7390000000000008,20.413,0,0,none,-1
R08-ZA,2026-09-01 04:20:00,-0.6679999999999993,-0.1884999999999923,20.315,0,0,none,-1
R08-ZA,2026-09-01 04:22:00,-1.116999999999997,-1.6534999999999993,20.476,0,0,none,-1
R08-ZA,2026-09-01 04:24:00,-1.1099999999999994,1.0729999999999986,20.372,0,0,none,-1
R08-ZA,2026-09-01 04:26:00,-1.3350000000000009,-0.4085000000000001,20.43,0,0,none,-1
R08-ZA,2026-09-01 04:28:00,-1.247999999999999,-0.990999999999998,20.437,0,0,none,-1
R08-ZA,2026-09-01 04:30:00,-1.3635000000000002,-0.8409999999999958,20.473,0,0,none,-1
R08-ZA,2026-09-01 04:32:00,-1.3240000000000052,-0.746000000000004,20.491,0,0,none,-1
R08-ZA,2026-09-01 04:34:00,-0.6289999999999978,-0.6210000000000022,20.359,0,0,none,-1
R08-ZA,2026-09-01 04:36:00,-0.7769999999999992,-1.3319999999999972,20.462,0,0,none,-1
R08-ZA,2026-09-01 04:38:00,-1.7509999999999994,-1.1049999999999986,20.474,0,0,none,-1
R08-ZA,2026-09-01 04:40:00,-0.7479999999999976,0.504999999999999,20.291,0,0,none,-1
R08-ZA,2026-09-01 04:42:00,-0.9313333333333418,-0.6174999999999979,20.481,0,0,none,-1
R08-ZA,2026-09-01 04:44:00,-1.1146666666666736,-1.740000000000002,20.508,0,0,none,-1
R08-ZA,2026-09-01 04:46:00,-1.5035000000000078,-2.1425,20.384,0,0,none,-1
R08-ZA,2026-09-01 04:48:00,-2.2785000000000064,-0.3500000000000014,20.51,0,0,none,-1
R08-ZA,2026-09-01 04:50:00,-1.202999999999996,-0.1369999999999969,20.359,0,0,none,-1
R08-ZA,2026-09-01 04:52:00,-1.2610000000000046,-0.1729999999999965,20.41,0,0,none,-1
R08-ZA,2026-09-01 04:54:00,-0.9220000000000024,-0.6779999999999937,20.32,0,0,none,-1
R08-ZA,2026-09-01 04:56:00,-1.885000000000009,-1.601499999999998,20.389,0,0,fiber_degradation,15
R08-ZA,2026-09-01 04:58:00,-0.8769999999999936,-1.5409999999999986,20.282,0,0,fiber_degradation,15
R08-ZA,2026-09-01 05:00:00,-1.0410000000000004,-2.9959999999999933,20.077,0,0,fiber_degradation,15
R08-ZA,2026-09-01 05:02:00,-1.3010000000000037,-5.921499999999995,19.46,0,1,fiber_degradation,15
R08-ZA,2026-09-01 05:04:00,-1.8210000000000035,-3.942999999999998,19.515,0,0,fiber_degradation,15
R08-ZA,2026-09-01 05:06:00,-0.8964999999999979,-3.968000000000004,19.544,0,0,fiber_degradation,15
R08-ZA,2026-09-01 05:08:00,-0.9760000000000044,-6.526999999999996,18.999,1,1,fiber_degradation,15
R08-ZA,2026-09-01 05:10:00,-1.2480000000000082,-6.780000000000001,18.561,1,1,fiber_degradation,15
R08-ZA,2026-09-01 05:12:00,-1.4070000000000036,-8.584000000000003,18.135,1,1,fiber_degradation,15
R08-ZA,2026-09-01 05:14:00,-1.633000000000001,-8.815999999999992,17.174,1,1,fiber_degradation,15
R08-ZA,2026-09-01 05:16:00,-0.5164999999999988,-9.199000000000002,17.649,1,1,fiber_degradation,15
R08-ZA,2026-09-01 05:18:00,-1.1710000000000012,-9.772999999999998,16.972,1,1,fiber_degradation,15
R08-ZA,2026-09-01 05:20:00,-0.8155000000000037,-10.484999999999998,16.573,1,1,fiber_degradation,15
R08-ZA,2026-09-01 05:22:00,-1.5810000000000048,-10.949499999999995,15.724,1,1,fiber_degradation,15
R08-ZA,2026-09-01 05:24:00,-0.0599999999999951,-11.795999999999994,16.192,1,1,fiber_degradation,15
R08-ZA,2026-09-01 05:26:00,-1.1460000000000008,-11.504,15.448,1,1,fiber_degradation,15
R08-ZA,2026-09-01 05:28:00,-2.187000000000003,-12.873999999999995,14.105,1,1,fiber_degradation,15
R08-ZA,2026-09-01 05:30:00,-1.4110000000000014,-11.069,15.746,1,1,fiber_degradation,15
R08-ZA,2026-09-01 05:32:00,-1.589999999999998,-10.193500000000002,16.44,1,1,fiber_degradation,15
R08-ZA,2026-09-01 05:34:00,-1.2080000000000055,-10.832999999999997,15.728,1,1,fiber_degradation,15
R08-ZA,2026-09-01 05:36:00,-1.8249999999999973,-11.160999999999994,14.844,1,1,fiber_degradation,15
R08-ZA,2026-09-01 05:38:00,-1.7540000000000084,-10.6325,15.853,1,1,fiber_degradation,15
R08-ZA,2026-09-01 05:40:00,-0.9420000000000036,-11.763999999999998,15.916,1,1,fiber_degradation,15
R08-ZA,2026-09-01 05:42:00,-1.5179999999999936,-11.100000000000003,15.745,1,1,fiber_degradation,15
R08-ZA,2026-09-01 05:44:00,-1.1170000000000009,-1.5370000000000026,20.444,0,0,none,-1
R08-ZA,2026-09-01 05:46:00,-1.0845000000000038,0.0690000000000079,20.379,0,0,none,-1
R08-ZA,2026-09-01 05:48:00,-1.4265000000000008,-0.6130000000000013,20.484,0,0,none,-1
R08-ZA,2026-09-01 05:50:00,-1.1179999999999986,0.7719999999999967,20.209,0,0,none,-1
R08-ZA,2026-09-01 05:52:00,-1.6419999999999977,-0.6460000000000061,20.507,0,0,none,-1
R08-ZA,2026-09-01 05:54:00,-0.9100000000000056,0.9450000000000092,19.962,0,0,none,-1
R08-ZA,2026-09-01 05:56:00,-2.1180000000000003,-0.8389999999999986,20.434,0,0,none,-1
R08-ZA,2026-09-01 05:58:00,-1.513500000000004,0.0980000000000007,20.398,0,0,none,-1
R08-ZA,2026-09-01 06:00:00,-0.9759999999999972,-1.1864999999999917,20.393,0,0,none,-1
R08-ZA,2026-09-01 06:02:00,-1.7719999999999931,-0.5379999999999949,20.389,0,0,none,-1
R08-ZA,2026-09-01 06:04:00,-2.190999999999997,-0.9679999999999876,20.383,0,0,none,-1
R08-ZA,2026-09-01 06:06:00,-1.0910000000000135,-2.2019999999999964,20.496,0,0,none,-1
R08-ZA,2026-09-01 06:08:00,-1.2344999999999988,0.1150000000000002,20.437,0,0,none,-1
R08-ZA,2026-09-01 06:10:00,-1.3679999999999932,-0.9404999999999984,20.5,0,0,none,-1
R08-ZA,2026-09-01 06:12:00,-0.7569999999999926,0.6090000000000035,20.329,0,0,none,-1
R08-ZA,2026-09-01 06:14:00,-0.6479999999999979,0.1450000000000031,20.171,0,0,none,-1
R08-ZA,2026-09-01 06:16:00,-0.9545000000000012,0.0730000000000021,20.298,0,0,none,-1
R08-ZA,2026-09-01 06:18:00,-2.120999999999997,0.1050000000000004,20.435,0,0,none,-1
R08-ZA,2026-09-01 06:20:00,-1.8299999999999947,0.0649999999999995,20.305,0,0,none,-1
R08-ZA,2026-09-01 06:22:00,-2.260000000000007,-1.7660000000000018,20.343,0,0,none,-1
R08-ZA,2026-09-01 06:24:00,-1.2264999999999997,-0.2625000000000028,20.198,0,0,none,-1
R08-ZA,2026-09-01 06:26:00,-0.6810000000000045,-0.1320000000000014,20.54,0,0,none,-1
R08-ZA,2026-09-01 06:28:00,-0.831999999999999,0.1060000000000052,20.275,0,0,none,-1
R08-ZA,2026-09-01 06:30:00,-1.6910000000000025,0.3670000000000026,20.19,0,0,none,-1
R08-ZA,2026-09-01 06:32:00,-5.484999999999998,-0.2890000000000032,19.953,0,0,amplifier_degradation,15
R08-ZA,2026-09-01 06:34:00,-4.477999999999998,0.9259999999999984,19.945,0,0,amplifier_degradation,15
R08-ZA,2026-09-01 06:36:00,-3.3969999999999967,-0.3720000000000016,19.96,0,0,amplifier_degradation,15
R08-ZA,2026-09-01 06:38:00,-4.065000000000001,-1.1820000000000022,19.655,0,0,amplifier_degradation,15
R08-ZA,2026-09-01 06:40:00,-4.1505000000000045,0.6159999999999943,20.077,0,0,amplifier_degradation,15
R08-ZA,2026-09-01 06:42:00,-4.3220000000000045,-0.0140000000000046,20.008,0,0,amplifier_degradation,15
R08-ZA,2026-09-01 06:44:00,-4.235999999999999,0.3585000000000011,20.08,0,0,amplifier_degradation,15
R08-ZA,2026-09-01 06:46:00,-4.000999999999998,-0.1280000000000001,19.909,0,0,amplifier_degradation,15
R08-ZA,2026-09-01 06:48:00,-4.380000000000003,-0.1270000000000024,19.823,0,0,amplifier_degradation,15
R08-ZA,2026-09-01 06:50:00,-4.236000000000004,-0.5209999999999955,19.95,0,0,amplifier_degradation,15
R08-ZA,2026-09-01 06:52:00,-3.868,-2.5440000000000005,19.791,0,0,amplifier_degradation,15
R08-ZA,2026-09-01 06:54:00,-3.534999999999993,1.3394999999999992,19.846,0,0,amplifier_degradation,15
R08-ZA,2026-09-01 06:56:00,-4.9100000000000055,-1.383000000000001,19.678,0,0,amplifier_degradation,15
R08-ZA,2026-09-01 06:58:00,-3.5290000000000035,0.6030000000000051,19.993,0,0,amplifier_degradation,15
R08-ZA,2026-09-01 07:00:00,-4.326000000000004,0.2820000000000053,20.044,0,0,amplifier_degradation,15
R08-ZA,2026-09-01 07:02:00,-4.129999999999999,1.3580000000000003,19.968,0,0,amplifier_degradation,15
R08-ZA,2026-09-01 07:04:00,-4.3480000000000025,-1.157999999999994,19.95,0,0,amplifier_degradation,15
R08-ZA,2026-09-01 07:06:00,-2.9109999999999943,-0.5830000000000002,19.92,0,0,amplifier_degradation,15
R08-ZA,2026-09-01 07:08:00,-3.1710000000000083,-1.2579999999999991,19.952,0,0,amplifier_degradation,15
R08-ZA,2026-09-01 07:10:00,-4.039000000000003,-0.0490000000000048,19.806,0,0,amplifier_degradation,15
R08-ZA,2026-09-01 07:12:00,-4.212999999999999,-0.3149999999999959,19.947,0,0,amplifier_degradation,15
R08-ZA,2026-09-01 07:14:00,-3.679500000000005,-1.0959999999999963,19.965,0,0,amplifier_degradation,15
R08-ZA,2026-09-01 07:16:00,-3.904999999999996,-0.571499999999995,19.961,0,0,amplifier_degradation,15
R08-ZA,2026-09-01 07:18:00,-4.340000000000005,0.4610000000000074,19.873,0,0,amplifier_degradation,15
R08-ZA,2026-09-01 07:20:00,-4.360000000000005,0.2260000000000008,19.984,0,0,amplifier_degradation,15
R08-ZA,2026-09-01 07:22:00,-3.799500000000004,0.6739999999999959,20.012,0,0,amplifier_degradation,15
R08-ZA,2026-09-01 07:24:00,-4.714499999999999,-1.076000000000004,19.952,0,0,amplifier_degradation,15
R08-ZA,2026-09-01 07:26:00,-3.865999999999998,0.2510000000000048,20.105,0,0,amplifier_degradation,15
R08-ZA,2026-09-01 07:28:00,-3.4559999999999995,-0.5949999999999935,20.057,0,0,amplifier_degradation,15
R08-ZA,2026-09-01 07:30:00,-0.6985000000000046,0.2620000000000075,20.391,0,0,none,-1
R08-ZA,2026-09-01 07:32:00,-2.257999999999996,0.1260000000000012,20.525,0,0,none,-1
R08-ZA,2026-09-01 07:34:00,-1.5650000000000013,-0.2389999999999972,20.354,0,0,none,-1
R08-ZA,2026-09-01 07:36:00,-0.5889999999999986,-1.057999999999998,20.465,0,0,none,-1
R08-ZA,2026-09-01 07:38:00,-1.1129999999999942,-0.1979999999999986,20.285,0,0,none,-1
R08-ZA,2026-09-01 07:40:00,-1.5275000000000034,1.1075000000000037,20.12,0,0,none,-1
R08-ZA,2026-09-01 07:42:00,-1.749000000000004,1.538999999999996,20.515,0,0,none,-1
R08-ZA,2026-09-01 07:44:00,-1.3399999999999963,-0.2920000000000033,20.454,0,0,none,-1
R08-ZA,2026-09-01 07:46:00,-0.9525000000000006,0.752000000000006,20.164,0,0,none,-1
R08-ZA,2026-09-01 07:48:00,-1.083999999999998,-1.765499999999996,20.517,0,0,none,-1
R08-ZA,2026-09-01 07:50:00,-1.5869999999999995,-0.0159999999999946,20.5,0,0,none,-1
R08-ZA,2026-09-01 07:52:00,-0.1170000000000026,1.17400000000001,19.634,0,0,none,-1
R08-ZA,2026-09-01 07:54:00,-0.7019999999999982,-0.6909999999999972,20.507,0,0,none,-1
R08-ZA,2026-09-01 07:56:00,-0.8629999999999995,-0.2540000000000013,20.247,0,0,none,-1
R08-ZA,2026-09-01 07:58:00,-0.7879999999999949,-1.652999999999997,20.463,0,0,fiber_degradation,10
R08-ZA,2026-09-01 08:00:00,-0.3780000000000107,-1.4570000000000023,20.571,0,0,fiber_degradation,10
R08-ZA,2026-09-01 08:02:00,-0.1550000000000029,-1.641,20.251,0,0,fiber_degradation,10
R08-ZA,2026-09-01 08:04:00,0.1984999999999939,-3.5939999999999994,20.097,0,0,fiber_degradation,10
R08-ZA,2026-09-01 08:06:00,0.2180000000000017,-4.230000000000002,20.164,0,0,fiber_degradation,10
R08-ZA,2026-09-01 08:08:00,0.1950000000000074,-5.838999999999993,19.575,0,0,fiber_degradation,10
R08-ZA,2026-09-01 08:10:00,0.2640000000000011,-7.385000000000003,19.214,0,1,fiber_degradation,10
R08-ZA,2026-09-01 08:12:00,0.371500000000001,-7.735999999999997,18.479,0,1,fiber_degradation,10
R08-ZA,2026-09-01 08:14:00,0.8549999999999969,-7.497999999999996,18.535,1,0,fiber_degradation,10
R08-ZA,2026-09-01 08:16:00,-0.0049999999999972,-5.845999999999998,18.61,0,0,fiber_degradation,10
R08-ZA,2026-09-01 08:18:00,0.2880000000000002,-7.895999999999999,18.405,0,1,fiber_degradation,10
R08-ZA,2026-09-01 08:20:00,0.2320000000000011,-6.828999999999999,18.518,0,0,fiber_degradation,10
R08-ZA,2026-09-01 08:22:00,0.8500000000000032,-7.362500000000001,18.194,1,0,fiber_degradation,10
R08-ZA,2026-09-01 08:24:00,0.7100000000000009,-7.895499999999995,18.494,0,1,fiber_degradation,10
R08-ZA,2026-09-01 08:26:00,0.6239999999999988,-6.738000000000003,18.956,0,0,fiber_degradation,10
R08-ZA,2026-09-01 08:28:00,0.1709999999999976,-7.471999999999994,17.812,1,1,fiber_degradation,10
R08-ZA,2026-09-01 08:30:00,-1.3649999999999984,-1.4179999999999957,20.339,0,0,none,-1
R08-ZA,2026-09-01 08:32:00,-0.8060000000000027,-1.1119999999999948,20.263,0,0,none,-1
R08-ZA,2026-09-01 08:34:00,-1.073500000000001,-0.9480000000000004,20.475,0,0,none,-1
R08-ZA,2026-09-01 08:36:00,-1.3410000000000064,-0.7839999999999954,20.479,0,0,none,-1
R08-ZA,2026-09-01 08:38:00,-1.2660000000000051,-1.412499999999998,20.523,0,0,none,-1
R08-ZA,2026-09-01 08:40:00,-1.0450000000000017,-0.3029999999999955,20.27,0,0,none,-1
R08-ZA,2026-09-01 08:42:00,-1.7990000000000013,-0.0019999999999971,20.433,0,0,none,-1
R08-ZA,2026-09-01 08:44:00,-0.8740000000000041,0.3040000000000002,20.262,0,0,none,-1
R08-ZA,2026-09-01 08:46:00,-0.9049999999999976,0.2009999999999987,20.154,0,0,none,-1
R08-ZA,2026-09-01 08:48:00,-1.636999999999997,-0.1959999999999961,20.448,0,0,none,-1
R08-ZA,2026-09-01 08:50:00,-0.9639999999999967,-0.9290000000000004,20.353,0,0,none,-1
R08-ZA,2026-09-01 08:52:00,-1.0480000000000018,-1.6150000000000002,20.358,0,0,none,-1
R08-ZA,2026-09-01 08:54:00,-1.2399999999999984,-0.7639999999999905,20.509,0,0,none,-1
R08-ZA,2026-09-01 08:56:00,-1.3260000000000025,0.0970000000000013,20.381,0,0,none,-1
R08-ZA,2026-09-01 08:58:00,-1.3785000000000007,-2.494999999999992,20.4,0,0,none,-1
R08-ZA,2026-09-01 09:00:00,-1.4809999999999963,-1.161999999999999,20.446,0,0,none,-1
R08-ZA,2026-09-01 09:02:00,-0.7739999999999938,-1.287999999999995,20.371,0,0,none,-1
R08-ZA,2026-09-01 09:04:00,-0.5675000000000008,-1.2289999999999992,20.563,0,0,none,-1
R08-ZA,2026-09-01 09:06:00,-1.0500000000000007,-1.286999999999999,20.415,0,0,none,-1
R08-ZA,2026-09-01 09:08:00,-1.0770000000000035,-0.7740000000000045,20.3,0,0,none,-1
R08-ZA,2026-09-01 09:10:00,-1.6249999999999982,-0.6480000000000032,20.311,0,0,none,-1
R08-ZA,2026-09-01 09:12:00,-1.605999999999998,-1.2490000000000006,20.49,0,0,none,-1
R08-ZA,2026-09-01 09:14:00,-1.1670000000000034,-1.7809999999999988,20.376,0,0,none,-1
R08-ZA,2026-09-01 09:16:00,-1.6449999999999942,-1.5820000000000007,20.397,0,0,none,-1
R08-ZA,2026-09-01 09:18:00,-1.5090000000000003,-1.115999999999996,20.391,0,0,none,-1
R08-ZA,2026-09-01 09:20:00,-0.6819999999999933,0.2940000000000005,20.401,0,0,none,-1
R08-ZA,2026-09-01 09:22:00,-1.4490000000000034,-1.5540000000000005,20.491,0,0,none,-1
R08-ZA,2026-09-01 09:24:00,-2.1670000000000016,-0.7930000000000028,20.54,0,0,none,-1
R08-ZA,2026-09-01 09:26:00,-1.4970000000000052,-0.2480000000000011,20.501,0,0,none,-1
R08-ZA,2026-09-01 09:28:00,-1.886000000000001,-3.0610000000000017,20.35,0,0,none,-1
R08-ZA,2026-09-01 09:30:00,-1.7020000000000015,-1.103000000000003,20.459,0,0,none,-1
R08-ZA,2026-09-01 09:32:00,-0.8000000000000096,-0.6889999999999947,19.891,0,0,none,-1
R08-ZA,2026-09-01 09:34:00,-0.6629999999999949,-1.4755000000000038,20.471,0,0,none,-1
R08-ZA,2026-09-01 09:36:00,-0.6579999999999995,-1.2999999999999936,20.473,0,0,none,-1
R08-ZA,2026-09-01 09:38:00,-0.6760000000000037,-1.1350000000000031,20.168,0,0,none,-1
R08-ZA,2026-09-01 09:40:00,-1.099000000000002,-1.2913333333333323,20.331,0,0,none,-1
R08-ZA,2026-09-01 09:42:00,-1.3010000000000037,-0.4311666666666554,20.349,0,0,none,-1
R08-ZA,2026-09-01 09:44:00,-0.1110000000000024,-42.003,-17.238,1,1,fiber_cut,3
R08-ZA,2026-09-01 09:46:00,-0.2410000000000032,-41.014,-16.26,1,1,fiber_cut,3
R08-ZA,2026-09-01 09:48:00,-1.5719999999999992,-40.147000000000006,-17.302,1,1,fiber_cut,3
R08-ZA,2026-09-01 09:50:00,-1.481,-42.672,-18.061,1,1,fiber_cut,3
R08-ZA,2026-09-01 09:52:00,-0.690999999999999,-42.861,-18.076,1,1,fiber_cut,3
R08-ZA,2026-09-01 09:54:00,-0.3260000000000005,-41.615,-16.905,1,1,fiber_cut,3
R08-ZA,2026-09-01 09:56:00,-1.5439999999999987,-41.8655,-17.952,1,1,fiber_cut,3
R08-ZA,2026-09-01 09:58:00,-2.363000000000003,-42.408,-17.186,1,1,fiber_cut,3
R09-AZ,2026-09-01 00:00:00,0.3320000000000096,-1.027999999999997,19.831,0,0,none,-1
R09-AZ,2026-09-01 00:02:00,-0.2400000000000002,-1.0499999999999954,19.936,0,0,none,-1
R09-AZ,2026-09-01 00:04:00,0.9970000000000034,0.3394999999999974,19.284,0,0,none,-1
R09-AZ,2026-09-01 00:06:00,0.4879999999999995,1.185000000000004,19.208,0,0,none,-1
R09-AZ,2026-09-01 00:08:00,0.6625000000000014,1.2929999999999993,19.73,0,0,none,-1
R09-AZ,2026-09-01 00:10:00,1.2120000000000122,1.134000000000011,19.25,0,0,none,-1
R09-AZ,2026-09-01 00:12:00,0.8630000000000013,1.4090000000000025,19.209,0,0,none,-1
R09-AZ,2026-09-01 00:14:00,-0.4449999999999967,0.2310000000000016,20.016,0,0,none,-1
R09-AZ,2026-09-01 00:16:00,0.5959999999999965,-0.2930000000000063,19.537,0,0,none,-1
R09-AZ,2026-09-01 00:18:00,-0.8889999999999958,-0.3969999999999967,19.683,0,0,none,-1
R09-AZ,2026-09-01 00:20:00,1.1270000000000024,0.0470000000000006,19.541,0,0,fiber_degradation,14
R09-AZ,2026-09-01 00:22:00,0.2479999999999975,-0.4879999999999995,19.673,0,0,fiber_degradation,14
R09-AZ,2026-09-01 00:24:00,0.6374999999999993,-2.439499999999999,19.29,0,0,fiber_degradation,14
R09-AZ,2026-09-01 00:26:00,-0.0614999999999987,-3.421,18.928,0,0,fiber_degradation,14
R09-AZ,2026-09-01 00:28:00,0.4870000000000019,-4.898999999999994,18.504,0,0,fiber_degradation,14
R09-AZ,2026-09-01 00:30:00,0.9829999999999988,-6.317999999999996,18.379,0,0,fiber_degradation,14
R09-AZ,2026-09-01 00:32:00,-0.3120000000000029,-7.526999999999994,17.139,1,1,fiber_degradation,14
R09-AZ,2026-09-01 00:34:00,-0.1779999999999919,-7.0440000000000005,17.535,1,1,fiber_degradation,14
R09-AZ,2026-09-01 00:36:00,0.8760000000000066,-6.165000000000001,18.114,0,0,fiber_degradation,14
R09-AZ,2026-09-01 00:38:00,-0.4069999999999911,-6.3609999999999935,17.907,0,0,fiber_degradation,14
R09-AZ,2026-09-01 00:40:00,0.5999999999999996,-7.048499999999995,17.801,0,0,fiber_degradation,14
R09-AZ,2026-09-01 00:42:00,0.1139999999999989,-7.186999999999994,17.804,1,1,fiber_degradation,14
R09-AZ,2026-09-01 00:44:00,-0.2280000000000015,0.164000000000005,19.686,0,0,none,-1
R09-AZ,2026-09-01 00:46:00,-0.1569999999999929,-0.8739999999999988,19.677,0,0,none,-1
R09-AZ,2026-09-01 00:48:00,0.1500000000000021,0.1879999999999952,19.648,0,0,none,-1
R09-AZ,2026-09-01 00:50:00,0.3649999999999931,-0.0309999999999917,19.855,0,0,none,-1
R09-AZ,2026-09-01 00:52:00,1.218,0.8840000000000021,19.19,0,0,none,-1
R09-AZ,2026-09-01 00:54:00,-0.3180000000000014,1.0024999999999975,19.885,0,0,none,-1
R09-AZ,2026-09-01 00:56:00,-0.5679999999999961,-0.4449999999999967,19.741,0,0,none,-1
R09-AZ,2026-09-01 00:58:00,1.0330000000000137,-0.5740000000000016,19.773,0,0,none,-1
R09-AZ,2026-09-01 01:00:00,0.0280000000000057,0.6059999999999999,19.353,0,0,none,-1
R09-AZ,2026-09-01 01:02:00,-0.0329999999999959,1.927000000000005,19.433,0,0,none,-1
R09-AZ,2026-09-01 01:04:00,1.437000000000003,0.4780000000000033,19.307,0,0,none,-1
R09-AZ,2026-09-01 01:06:00,0.1625000000000049,-0.914999999999992,19.94,0,0,none,-1
R09-AZ,2026-09-01 01:08:00,0.5510000000000002,0.347999999999999,19.748,0,0,none,-1
R09-AZ,2026-09-01 01:10:00,0.5935000000000024,0.7230000000000025,19.589,0,0,none,-1
R09-AZ,2026-09-01 01:12:00,0.8040000000000003,0.833000000000002,19.387,0,0,none,-1
R09-AZ,2026-09-01 01:14:00,-0.5289999999999946,0.8900000000000023,19.394,0,0,none,-1
R09-AZ,2026-09-01 01:16:00,-0.0489999999999994,-0.6730000000000036,20.022,0,0,none,-1
R09-AZ,2026-09-01 01:18:00,-0.6464999999999979,-1.2689999999999984,19.917,0,0,none,-1
R09-AZ,2026-09-01 01:20:00,-0.3909999999999929,0.8460000000000019,19.949,0,0,none,-1
R09-AZ,2026-09-01 01:22:00,0.3604999999999965,-0.9030000000000004,19.688,0,0,none,-1
R09-AZ,2026-09-01 01:24:00,0.0550000000000032,-0.1909999999999954,19.474,0,0,fiber_degradation,6
R09-AZ,2026-09-01 01:26:00,-0.525999999999998,-1.8874999999999995,19.886,0,0,fiber_degradation,6
R09-AZ,2026-09-01 01:28:00,1.0359999999999996,-2.356999999999996,19.809,0,0,fiber_degradation,6
R09-AZ,2026-09-01 01:30:00,-0.0920000000000005,-2.551000000000004,19.836,0,0,fiber_degradation,6
R09-AZ,2026-09-01 01:32:00,0.1609999999999996,-1.1550000000000011,19.851,0,0,fiber_degradation,6
R09-AZ,2026-09-01 01:34:00,0.5060000000000056,-1.855000000000004,19.898,0,0,fiber_degradation,6
R09-AZ,2026-09-01 01:36:00,1.1200000000000028,-2.592999999999998,19.824,0,0,fiber_degradation,6
R09-AZ,2026-09-01 01:38:00,0.6640000000000086,-2.343999999999994,19.689,0,0,fiber_degradation,6
R09-AZ,2026-09-01 01:40:00,0.6025000000000063,-2.6560000000000024,19.792,0,0,fiber_degradation,6
R09-AZ,2026-09-01 01:42:00,0.2020000000000035,-2.594999999999997,19.531,0,0,fiber_degradation,6
R09-AZ,2026-09-01 01:44:00,0.497500000000004,-4.569000000000012,18.858,0,0,fiber_degradation,6
R09-AZ,2026-09-01 01:46:00,0.9030000000000058,-4.842999999999995,19.454,0,0,fiber_degradation,6
R09-AZ,2026-09-01 01:48:00,0.3430000000000035,-2.840999999999997,19.256,0,0,fiber_degradation,6
R09-AZ,2026-09-01 01:50:00,-0.2504999999999988,-4.522999999999994,18.689,0,0,fiber_degradation,6
R09-AZ,2026-09-01 01:52:00,-0.4979999999999958,-4.970000000000001,17.792,0,0,fiber_degradation,6
R09-AZ,2026-09-01 01:54:00,0.593,-5.225999999999994,18.47,0,0,fiber_degradation,6
R09-AZ,2026-09-01 01:56:00,0.3650000000000002,-5.109500000000002,18.204,0,0,fiber_degradation,6
R09-AZ,2026-09-01 01:58:00,0.2779999999999987,-5.36949999999999,18.357,0,0,fiber_degradation,6
R09-AZ,2026-09-01 02:00:00,-0.4110000000000013,-6.951999999999995,17.333,1,1,fiber_degradation,6
R09-AZ,2026-09-01 02:02:00,0.2660000000000071,-7.036000000000007,16.917,1,0,fiber_degradation,6
R09-AZ,2026-09-01 02:04:00,0.2560000000000002,-6.2819999999999965,17.689,0,0,fiber_degradation,6
R09-AZ,2026-09-01 02:06:00,0.8149999999999924,-7.283999999999999,17.274,1,0,fiber_degradation,6
R09-AZ,2026-09-01 02:08:00,0.2535000000000007,-6.580000000000005,17.05,1,0,fiber_degradation,6
R09-AZ,2026-09-01 02:10:00,1.1700000000000053,-5.787999999999997,17.248,0,0,fiber_degradation,6
R09-AZ,2026-09-01 02:12:00,0.4440000000000008,-7.966999999999999,16.683,1,1,fiber_degradation,6
R09-AZ,2026-09-01 02:14:00,0.2460000000000022,-8.361999999999995,16.396,1,1,fiber_degradation,6
R09-AZ,2026-09-01 02:16:00,0.2644999999999982,-6.454499999999992,17.566,0,0,fiber_degradation,6
R09-AZ,2026-09-01 02:18:00,-0.3259999999999969,-7.0500000000000025,16.482,1,1,fiber_degradation,6
R09-AZ,2026-09-01 02:20:00,-0.7650000000000023,-6.638999999999998,17.262,1,1,fiber_degradation,6
R09-AZ,2026-09-01 02:22:00,0.4260000000000055,-5.866999999999999,17.52,0,0,fiber_degradation,6
R09-AZ,2026-09-01 02:24:00,0.0749999999999975,-7.296999999999999,16.636,1,1,fiber_degradation,6
R09-AZ,2026-09-01 02:26:00,0.2190000000000065,-4.906499999999992,18.076,0,0,fiber_degradation,6
R09-AZ,2026-09-01 02:28:00,-0.0109999999999956,-7.640000000000001,16.445,1,1,fiber_degradation,6
R09-AZ,2026-09-01 02:30:00,0.1950000000000056,-8.602999999999998,15.955,1,1,fiber_degradation,6
R09-AZ,2026-09-01 02:32:00,0.4229999999999982,-8.453,16.849,1,1,fiber_degradation,6
R09-AZ,2026-09-01 02:34:00,0.0360000000000031,-7.0999999999999925,16.401,1,1,fiber_degradation,6
R09-AZ,2026-09-01 02:36:00,-0.4779999999999997,-7.372000000000003,16.946,1,1,fiber_degradation,6
R09-AZ,2026-09-01 02:38:00,-0.2539999999999978,-1.381999999999996,19.845,0,0,none,-1
R09-AZ,2026-09-01 02:40:00,-0.6100000000000048,0.3560000000000087,19.794,0,0,none,-1
R09-AZ,2026-09-01 02:42:00,0.2670000000000048,-2.1619999999999973,19.962,0,0,none,-1
R09-AZ,2026-09-01 02:44:00,-0.7490000000000041,-1.3555000000000028,19.822,0,0,none,-1
R09-AZ,2026-09-01 02:46:00,0.431999999999995,-1.9239999999999944,19.806,0,0,none,-1
R09-AZ,2026-09-01 02:48:00,0.0850000000000044,-0.7330000000000023,19.878,0,0,none,-1
R09-AZ,2026-09-01 02:50:00,0.5429999999999993,-0.5375000000000032,19.821,0,0,none,-1
R09-AZ,2026-09-01 02:52:00,-0.0660000000000078,-1.947999999999995,19.803,0,0,none,-1
R09-AZ,2026-09-01 02:54:00,-0.2460000000000004,-8.720999999999991,15.472,1,1,flapping,5
R09-AZ,2026-09-01 02:56:00,-0.091000000000001,-8.421999999999999,15.544,1,1,flapping,5
R09-AZ,2026-09-01 02:58:00,0.1190000000000086,-1.6319999999999908,19.864,0,0,flapping,5
R09-AZ,2026-09-01 03:00:00,0.5285000000000046,-0.8419999999999952,19.933,0,0,flapping,5
R09-AZ,2026-09-01 03:02:00,-0.3859999999999992,-1.012000000000004,19.838,0,0,flapping,5
R09-AZ,2026-09-01 03:04:00,-0.2939999999999969,0.551499999999999,20.011,0,0,flapping,5
R09-AZ,2026-09-01 03:06:00,-0.2549999999999954,-0.0345000000000013,19.943,0,0,flapping,5
R09-AZ,2026-09-01 03:08:00,0.6039999999999974,-8.765000000000002,16.063,1,1,flapping,5
R09-AZ,2026-09-01 03:10:00,-0.1959999999999961,-10.092000000000004,14.657,1,1,flapping,5
R09-AZ,2026-09-01 03:12:00,0.7505000000000042,-10.577499999999995,14.747,1,1,flapping,5
R09-AZ,2026-09-01 03:14:00,0.6669999999999998,-7.438000000000002,15.941,1,0,flapping,5
R09-AZ,2026-09-01 03:16:00,0.3520000000000056,-10.432999999999998,14.623,1,1,flapping,5
R09-AZ,2026-09-01 03:18:00,0.2779999999999969,-9.575999999999995,15.553,1,1,flapping,5
R09-AZ,2026-09-01 03:20:00,0.3220000000000045,-1.4129999999999985,19.898,0,0,flapping,5
R09-AZ,2026-09-01 03:22:00,-0.2089999999999996,-0.7989999999999942,19.99,0,0,flapping,5
R09-AZ,2026-09-01 03:24:00,-0.5550000000000033,-8.48399999999999,14.563,1,1,flapping,5
R09-AZ,2026-09-01 03:26:00,0.1140000000000025,-9.779,14.568,1,1,flapping,5
R09-AZ,2026-09-01 03:28:00,-0.246999999999991,-1.6019999999999983,19.852,0,0,flapping,5
R09-AZ,2026-09-01 03:30:00,0.7889999999999961,-1.3319999999999954,19.955,0,0,flapping,5
R09-AZ,2026-09-01 03:32:00,0.1670000000000016,-2.1889999999999947,19.757,0,0,flapping,5
R09-AZ,2026-09-01 03:34:00,-0.4699999999999971,-10.808,13.877,1,1,flapping,5
R09-AZ,2026-09-01 03:36:00,0.4559999999999977,-2.2499999999999982,19.907,0,0,flapping,5
R09-AZ,2026-09-01 03:38:00,0.307500000000001,-2.2070000000000025,19.876,0,0,flapping,5
R09-AZ,2026-09-01 03:40:00,0.1730000000000036,-9.662,14.877,1,1,flapping,5
R09-AZ,2026-09-01 03:42:00,0.2070000000000025,-9.654999999999998,14.547,1,1,flapping,5
R09-AZ,2026-09-01 03:44:00,0.4209999999999994,-2.7550000000000026,19.928,0,0,flapping,5
R09-AZ,2026-09-01 03:46:00,0.3289999999999988,-0.684999999999997,19.889,0,0,flapping,5
R09-AZ,2026-09-01 03:48:00,0.5240000000000027,0.312999999999997,19.749,0,0,flapping,5
R09-AZ,2026-09-01 03:50:00,0.2470000000000034,-11.06300000000001,13.996,1,1,flapping,5
R09-AZ,2026-09-01 03:52:00,-0.1000000000000032,-9.267500000000004,14.626,1,1,flapping,5
R09-AZ,2026-09-01 03:54:00,-0.2810000000000006,-9.045000000000009,14.847,1,1,flapping,5
R09-AZ,2026-09-01 03:56:00,0.2960000000000029,-9.666,15.354,1,1,flapping,5
R09-AZ,2026-09-01 03:58:00,-0.435000000000004,-1.7230000000000023,19.809,0,0,flapping,5
R09-AZ,2026-09-01 04:00:00,0.8670000000000027,-1.198999999999998,19.904,0,0,flapping,5
R09-AZ,2026-09-01 04:02:00,-0.376000000000003,-4.152999999999999,19.535,0,0,flapping,5
R09-AZ,2026-09-01 04:04:00,1.5299999999999925,-9.859,14.563,1,1,flapping,5
R09-AZ,2026-09-01 04:06:00,0.5414999999999957,-8.498999999999995,14.92,1,1,flapping,5
R09-AZ,2026-09-01 04:08:00,0.4090000000000042,-2.359999999999994,19.942,0,0,flapping,5
R09-AZ,2026-09-01 04:10:00,-0.4119999999999972,-9.316,15.07,1,1,flapping,5
R09-AZ,2026-09-01 04:12:00,-0.3610000000000024,-9.250499999999995,15.584,1,1,flapping,5
R09-AZ,2026-09-01 04:14:00,0.4670000000000005,-9.279999999999994,15.224,1,1,flapping,5
R09-AZ,2026-09-01 04:16:00,-0.0960000000000054,-1.8489999999999984,19.857,0,0,flapping,5
R09-AZ,2026-09-01 04:18:00,0.2920000000000069,-1.1395000000000015,19.98,0,0,flapping,5
R09-AZ,2026-09-01 04:20:00,0.4519999999999982,-0.2460000000000057,19.933,0,0,none,-1
R09-AZ,2026-09-01 04:22:00,0.0070000000000032,-2.365500000000001,19.678,0,0,none,-1
R09-AZ,2026-09-01 04:24:00,0.1129999999999995,0.0600000000000022,19.902,0,0,none,-1
R09-AZ,2026-09-01 04:26:00,0.1520000000000045,-1.338000000000008,19.944,0,0,none,-1
R09-AZ,2026-09-01 04:28:00,0.3969999999999967,-0.6219999999999981,19.825,0,0,none,-1
R09-AZ,2026-09-01 04:30:00,-0.6069999999999975,0.0425000000000022,19.905,0,0,none,-1
R09-AZ,2026-09-01 04:32:00,0.5260000000000016,-0.198999999999998,19.907,0,0,none,-1
R09-AZ,2026-09-01 04:34:00,0.6140000000000025,0.3109999999999981,19.748,0,0,none,-1
R09-AZ,2026-09-01 04:36:00,0.7800000000000047,-1.3519999999999983,19.703,0,0,none,-1
R09-AZ,2026-09-01 04:38:00,0.6699999999999999,-2.1035000000000004,19.821,0,0,none,-1
R09-AZ,2026-09-01 04:40:00,0.4719999999999942,-0.9070000000000018,19.811,0,0,none,-1
R09-AZ,2026-09-01 04:42:00,0.2519999999999989,-2.157000000000002,19.825,0,0,none,-1
R09-AZ,2026-09-01 04:44:00,0.2819999999999982,-1.1329999999999971,19.85,0,0,none,-1
R09-AZ,2026-09-01 04:46:00,1.1689999999999987,-0.8464999999999971,19.701,0,0,none,-1
R09-AZ,2026-09-01 04:48:00,0.0969999999999977,-0.9059999999999988,20.01,0,0,none,-1
R09-AZ,2026-09-01 04:50:00,-0.0529999999999919,-0.8829999999999956,19.889,0,0,none,-1
R09-AZ,2026-09-01 04:52:00,-0.051999999999996,-1.4329999999999998,20.024,0,0,none,-1
R09-AZ,2026-09-01 04:54:00,0.3030000000000061,0.2529999999999983,19.466,0,0,none,-1
R09-AZ,2026-09-01 04:56:00,0.5310000000000041,-0.8659999999999961,19.664,0,0,none,-1
R09-AZ,2026-09-01 04:58:00,-0.0409999999999968,0.2580000000000044,19.888,0,0,none,-1
R09-AZ,2026-09-01 05:00:00,1.081000000000003,-1.410999999999996,19.285,0,0,none,-1
R09-AZ,2026-09-01 05:02:00,0.2614999999999963,0.2129999999999974,19.777,0,0,none,-1
R09-AZ,2026-09-01 05:04:00,0.1349999999999962,-0.4219999999999952,19.788,0,0,none,-1
R09-AZ,2026-09-01 05:06:00,-0.5119999999999951,0.3819999999999943,19.946,0,0,none,-1
R09-AZ,2026-09-01 05:08:00,0.6790000000000003,0.7940000000000023,19.197,0,0,none,-1
R09-AZ,2026-09-01 05:10:00,-0.8989999999999974,-0.5775000000000059,19.842,0,0,none,-1
R09-AZ,2026-09-01 05:12:00,-0.0959999999999947,0.1005000000000091,19.635,0,0,none,-1
R09-AZ,2026-09-01 05:14:00,0.897000000000002,0.2200000000000006,19.514,0,0,none,-1
R09-AZ,2026-09-01 05:16:00,-0.2395000000000049,0.3499999999999978,19.65,0,0,none,-1
R09-AZ,2026-09-01 05:18:00,0.1620000000000061,0.3580000000000058,19.568,0,0,none,-1
R09-AZ,2026-09-01 05:20:00,0.3570000000000028,-0.5979999999999936,19.916,0,0,amplifier_degradation,4
R09-AZ,2026-09-01 05:22:00,-1.3889999999999976,1.1834999999999969,20.043,0,0,amplifier_degradation,4
R09-AZ,2026-09-01 05:24:00,-1.1480000000000017,0.1099999999999958,19.933,0,0,amplifier_degradation,4
R09-AZ,2026-09-01 05:26:00,-1.6659999999999986,0.4409999999999989,19.929,0,0,amplifier_degradation,4
R09-AZ,2026-09-01 05:28:00,-2.508999999999997,0.3250000000000046,19.779,0,0,amplifier_degradation,4
R09-AZ,2026-09-01 05:30:00,-3.542999999999994,0.8760000000000066,19.659,0,0,amplifier_degradation,4
R09-AZ,2026-09-01 05:32:00,-3.234999999999994,-0.6899999999999942,18.381,0,0,amplifier_degradation,4
R09-AZ,2026-09-01 05:34:00,-3.677000000000005,-0.2884999999999973,17.999,0,0,amplifier_degradation,4
R09-AZ,2026-09-01 05:36:00,-4.9655000000000005,-1.7000000000000028,17.318,1,1,amplifier_degradation,4
R09-AZ,2026-09-01 05:38:00,-5.3339999999999925,-0.925000000000006,17.377,0,0,amplifier_degradation,4
R09-AZ,2026-09-01 05:40:00,-7.138999999999996,1.299000000000003,16.978,1,0,amplifier_degradation,4
R09-AZ,2026-09-01 05:42:00,-6.191500000000001,-1.2630000000000037,16.678,1,1,amplifier_degradation,4
R09-AZ,2026-09-01 05:44:00,-7.468999999999999,1.0885000000000016,16.906,1,1,amplifier_degradation,4
R09-AZ,2026-09-01 05:46:00,-6.8820000000000014,-0.6469999999999949,16.544,1,1,amplifier_degradation,4
R09-AZ,2026-09-01 05:48:00,-6.670999999999996,-1.116999999999999,15.721,1,1,amplifier_degradation,4
R09-AZ,2026-09-01 05:50:00,-6.934999999999999,-0.6599999999999966,16.355,1,1,amplifier_degradation,4
R09-AZ,2026-09-01 05:52:00,-7.348000000000001,-0.1204999999999962,16.586,1,1,amplifier_degradation,4
R09-AZ,2026-09-01 05:54:00,-6.449499999999999,0.6279999999999983,16.623,1,0,amplifier_degradation,4
R09-AZ,2026-09-01 05:56:00,-7.432,-0.3724999999999969,16.211,1,1,amplifier_degradation,4
R09-AZ,2026-09-01 05:58:00,-7.037999999999993,-0.2669999999999977,16.075,1,1,amplifier_degradation,4
R09-AZ,2026-09-01 06:00:00,-6.820000000000002,-0.0959999999999965,16.618,1,1,amplifier_degradation,4
R09-AZ,2026-09-01 06:02:00,-0.2819999999999982,-1.7666666666666655,19.93,0,0,none,-1
R09-AZ,2026-09-01 06:04:00,0.3659999999999979,0.5011666666666681,19.322,0,0,none,-1
R09-AZ,2026-09-01 06:06:00,1.4825000000000053,0.944499999999996,18.836,0,0,none,-1
R09-AZ,2026-09-01 06:08:00,0.908000000000003,0.690999999999999,19.646,0,0,none,-1
R09-AZ,2026-09-01 06:10:00,0.8650000000000002,-0.0430000000000028,19.447,0,0,none,-1
R09-AZ,2026-09-01 06:12:00,0.0010000000000029,-8.083999999999996,16.1,1,1,flapping,9
R09-AZ,2026-09-01 06:14:00,0.131000000000002,0.432999999999998,19.69,0,0,flapping,9
R09-AZ,2026-09-01 06:16:00,0.3239999999999945,1.279000000000007,19.51,0,0,flapping,9
R09-AZ,2026-09-01 06:18:00,0.3340000000000014,-0.0699999999999931,19.429,0,0,flapping,9
R09-AZ,2026-09-01 06:20:00,1.4979999999999958,-0.209999999999999,19.646,0,0,flapping,9
R09-AZ,2026-09-01 06:22:00,-0.6090000000000018,1.437000000000003,19.556,0,0,flapping,9
R09-AZ,2026-09-01 06:24:00,0.2480000000000064,0.6460000000000026,19.421,0,0,flapping,9
R09-AZ,2026-09-01 06:26:00,0.2900000000000009,-8.924999999999994,15.852,1,1,flapping,9
R09-AZ,2026-09-01 06:28:00,-0.0229999999999943,-7.181999999999997,15.929,1,1,flapping,9
R09-AZ,2026-09-01 06:30:00,0.8825000000000074,0.1045000000000051,19.924,0,0,flapping,9
R09-AZ,2026-09-01 06:32:00,0.3519999999999967,0.5089999999999986,19.384,0,0,flapping,9
R09-AZ,2026-09-01 06:34:00,0.8969999999999967,-0.296999999999997,18.95,0,0,flapping,9
R09-AZ,2026-09-01 06:36:00,-0.1389999999999975,-0.7389999999999954,19.97,0,0,flapping,9
R09-AZ,2026-09-01 06:38:00,0.0659999999999971,0.7209999999999983,19.223,0,0,flapping,9
R09-AZ,2026-09-01 06:40:00,-0.6849999999999952,-0.3550000000000004,19.873,0,0,flapping,9
R09-AZ,2026-09-01 06:42:00,0.4819999999999975,-0.4590000000000085,19.51,0,0,flapping,9
R09-AZ,2026-09-01 06:44:00,-0.2460000000000004,0.8170000000000037,19.513,0,0,flapping,9
R09-AZ,2026-09-01 06:46:00,0.5069999999999979,-9.690999999999995,15.862,1,1,flapping,9
R09-AZ,2026-09-01 06:48:00,0.3970000000000073,-1.2880000000000074,20.036,0,0,flapping,9
R09-AZ,2026-09-01 06:50:00,0.4940000000000033,0.4049999999999993,19.873,0,0,flapping,9
R09-AZ,2026-09-01 06:52:00,-0.3109999999999964,-0.284999999999993,19.749,0,0,flapping,9
R09-AZ,2026-09-01 06:54:00,0.1960000000000015,0.8420000000000023,19.138,0,0,flapping,9
R09-AZ,2026-09-01 06:56:00,0.4930000000000056,-0.730000000000004,19.871,0,0,flapping,9
R09-AZ,2026-09-01 06:58:00,0.1880000000000024,0.3200000000000003,19.731,0,0,flapping,9
R09-AZ,2026-09-01 07:00:00,0.4249999999999918,1.3520000000000056,19.545,0,0,flapping,9
R09-AZ,2026-09-01 07:02:00,0.350000000000005,0.604000000000001,19.577,0,0,flapping,9
R09-AZ,2026-09-01 07:04:00,0.5290000000000017,0.5190000000000037,19.642,0,0,flapping,9
R09-AZ,2026-09-01 07:06:00,0.1870000000000047,1.8260000000000025,19.206,0,0,flapping,9
R09-AZ,2026-09-01 07:08:00,0.4035000000000028,-9.168,15.82,1,1,flapping,9
R09-AZ,2026-09-01 07:10:00,-0.4799999999999951,-7.724,15.318,1,1,flapping,9
R09-AZ,2026-09-01 07:12:00,-0.0580000000000051,-9.510999999999994,15.043,1,1,flapping,9
R09-AZ,2026-09-01 07:14:00,-0.0714999999999985,-9.660000000000002,14.925,1,1,flapping,9
R09-AZ,2026-09-01 07:16:00,-0.4090000000000007,-8.549999999999999,15.529,1,1,flapping,9
R09-AZ,2026-09-01 07:18:00,0.5529999999999973,-10.211,15.514,1,1,flapping,9
R09-AZ,2026-09-01 07:20:00,-0.2639999999999958,-9.972,14.99,1,1,flapping,9
R09-AZ,2026-09-01 07:22:00,-0.0770000000000052,-0.8819999999999926,19.894,0,0,flapping,9
R09-AZ,2026-09-01 07:24:00,0.7490000000000006,-0.4359999999999981,19.718,0,0,flapping,9
R09-AZ,2026-09-01 07:26:00,0.2855000000000025,0.6849999999999952,19.508,0,0,flapping,9
R09-AZ,2026-09-01 07:28:00,0.1000000000000085,-0.1170000000000026,19.501,0,0,flapping,9
R09-AZ,2026-09-01 07:30:00,1.2610000000000046,0.4889999999999972,19.242,0,0,flapping,9
R09-AZ,2026-09-01 07:32:00,0.6460000000000026,0.6780000000000008,19.411,0,0,flapping,9
R09-AZ,2026-09-01 07:34:00,0.9420000000000108,-9.117999999999997,15.841,1,1,flapping,9
R09-AZ,2026-09-01 07:36:00,1.1049999999999969,-8.156000000000002,16.237,1,1,flapping,9
R09-AZ,2026-09-01 07:38:00,-0.7789999999999964,-9.061999999999996,15.103,1,1,flapping,9
R09-AZ,2026-09-01 07:40:00,0.638000000000007,-10.0585,15.626,1,1,flapping,9
R09-AZ,2026-09-01 07:42:00,0.6839999999999993,-0.7439999999999998,19.747,0,0,flapping,9
R09-AZ,2026-09-01 07:44:00,0.7799999999999976,-8.305,16.026,1,1,flapping,9
R09-AZ,2026-09-01 07:46:00,0.0194999999999971,-0.2989999999999995,19.987,0,0,flapping,9
R09-AZ,2026-09-01 07:48:00,-0.4070000000000036,-0.3550000000000111,19.894,0,0,flapping,9
R09-AZ,2026-09-01 07:50:00,0.0520000000000049,-2.3239999999999945,19.865,0,0,flapping,9
R09-AZ,2026-09-01 07:52:00,-0.2514999999999912,-0.9959999999999988,19.977,0,0,flapping,9
R09-AZ,2026-09-01 07:54:00,-0.9439999999999972,-0.6049999999999986,19.992,0,0,flapping,9
R09-AZ,2026-09-01 07:56:00,0.3369999999999962,-10.640999999999998,14.11,1,1,flapping,9
R09-AZ,2026-09-01 07:58:00,0.8810000000000002,-9.777000000000005,15.275,1,1,flapping,9
R09-AZ,2026-09-01 08:00:00,-0.3940000000000001,-9.513,15.183,1,1,flapping,9
R09-AZ,2026-09-01 08:02:00,0.6660000000000057,-0.3819999999999997,19.709,0,0,flapping,9
R09-AZ,2026-09-01 08:04:00,0.3100000000000005,-2.426000000000004,19.951,0,0,flapping,9
R09-AZ,2026-09-01 08:06:00,0.1530000000000022,-0.684999999999997,19.754,0,0,flapping,9
R09-AZ,2026-09-01 08:08:00,0.2200000000000024,-2.3574999999999964,19.889,0,0,flapping,9
R09-AZ,2026-09-01 08:10:00,0.1610000000000049,-0.4610000000000003,19.75,0,0,flapping,9
R09-AZ,2026-09-01 08:12:00,0.8185000000000002,0.7530000000000037,18.978,0,0,none,-1
R09-AZ,2026-09-01 08:14:00,0.1650000000000062,-1.1919999999999984,19.863,0,0,none,-1
R09-AZ,2026-09-01 08:16:00,-0.138500000000004,-1.2400000000000002,19.894,0,0,none,-1
R09-AZ,2026-09-01 08:18:00,1.4130000000000005,-6.208999999999994,18.696,0,0,fiber_degradation,9
R09-AZ,2026-09-01 08:20:00,2.3505000000000056,-7.179999999999991,18.516,0,0,fiber_degradation,9
R09-AZ,2026-09-01 08:22:00,1.1010000000000009,-7.484,18.173,0,0,fiber_degradation,9
R09-AZ,2026-09-01 08:24:00,1.9039999999999928,-6.3050000000000015,19.006,0,0,fiber_degradation,9
R09-AZ,2026-09-01 08:26:00,1.7115000000000062,-6.853,18.446,0,0,fiber_degradation,9
R09-AZ,2026-09-01 08:28:00,2.44700000000001,-7.930000000000003,18.318,0,0,fiber_degradation,9
R09-AZ,2026-09-01 08:30:00,2.136000000000001,-6.503500000000004,18.397,0,0,fiber_degradation,9
R09-AZ,2026-09-01 08:32:00,0.8590000000000071,-8.496,17.539,1,1,fiber_degradation,9
R09-AZ,2026-09-01 08:34:00,1.775000000000002,-5.8079999999999945,18.648,0,0,fiber_degradation,9
R09-AZ,2026-09-01 08:36:00,2.1970000000000027,-7.849999999999998,18.488,0,0,fiber_degradation,9
R09-AZ,2026-09-01 08:38:00,1.17,-7.025,18.684,0,0,fiber_degradation,9
R09-AZ,2026-09-01 08:40:00,1.2680000000000042,-6.246999999999991,18.717,0,0,fiber_degradation,9
R09-AZ,2026-09-01 08:42:00,1.6590000000000007,-6.142999999999997,18.583,0,0,fiber_degradation,9
R09-AZ,2026-09-01 08:44:00,2.294000000000006,-7.984,18.453,0,0,fiber_degradation,9
R09-AZ,2026-09-01 08:46:00,1.1270000000000024,-8.841000000000005,17.884,1,1,fiber_degradation,9
R09-AZ,2026-09-01 08:48:00,1.8750000000000016,-8.312,18.215,0,0,fiber_degradation,9
R09-AZ,2026-09-01 08:50:00,1.8160000000000025,-8.322,18.355,0,0,fiber_degradation,9
R09-AZ,2026-09-01 08:52:00,1.7229999999999954,-7.807999999999993,18.197,0,0,fiber_degradation,9
R09-AZ,2026-09-01 08:54:00,1.0570000000000075,-6.042000000000002,18.712,0,0,fiber_degradation,9
R09-AZ,2026-09-01 08:56:00,1.763000000000007,-6.691500000000001,18.823,0,0,fiber_degradation,9
R09-AZ,2026-09-01 08:58:00,1.7050000000000018,-5.675000000000004,18.382,0,0,fiber_degradation,9
R09-AZ,2026-09-01 09:00:00,1.7880000000000056,-7.042000000000002,18.718,0,0,fiber_degradation,9
R09-AZ,2026-09-01 09:02:00,1.9280000000000024,-6.329999999999998,18.779,0,0,fiber_degradation,9
R09-AZ,2026-09-01 09:04:00,1.4419999999999966,-6.765499999999998,18.453,0,0,fiber_degradation,9
R09-AZ,2026-09-01 09:06:00,2.451000000000006,-8.195000000000002,18.272,0,0,fiber_degradation,9
R09-AZ,2026-09-01 09:08:00,1.9950000000000063,-6.055499999999997,18.769,0,0,fiber_degradation,9
R09-AZ,2026-09-01 09:10:00,3.0050000000000097,-6.8545,18.863,0,0,fiber_degradation,9
R09-AZ,2026-09-01 09:12:00,1.4939999999999998,-5.860000000000005,18.737,0,0,fiber_degradation,9
R09-AZ,2026-09-01 09:14:00,1.1760000000000002,-6.955999999999992,17.68,0,0,fiber_degradation,9
R09-AZ,2026-09-01 09:16:00,1.971500000000006,-7.106,18.517,0,0,fiber_degradation,9
R09-AZ,2026-09-01 09:18:00,2.0730000000000093,-7.490000000000002,18.75,0,0,fiber_degradation,9
R09-AZ,2026-09-01 09:20:00,1.5720000000000065,-6.9809999999999945,18.396,0,0,fiber_degradation,9
R09-AZ,2026-09-01 09:22:00,1.721000000000002,-8.490000000000002,18.004,0,0,fiber_degradation,9
R09-AZ,2026-09-01 09:24:00,1.9110000000000031,-6.742999999999999,18.708,0,0,fiber_degradation,9
R09-AZ,2026-09-01 09:26:00,3.1240000000000023,-7.348000000000001,18.72,0,0,fiber_degradation,9
R09-AZ,2026-09-01 09:28:00,0.0550000000000014,-2.878999999999998,19.824,0,0,none,-1
R09-AZ,2026-09-01 09:30:00,0.4310000000000098,-0.4949999999999992,19.894,0,0,none,-1
R09-AZ,2026-09-01 09:32:00,1.1405000000000012,-1.9094999999999975,19.929,0,0,none,-1
R09-AZ,2026-09-01 09:34:00,0.4620000000000104,-1.804499999999996,19.933,0,0,none,-1
R09-AZ,2026-09-01 09:36:00,0.8459999999999983,-1.6270000000000024,19.782,0,0,none,-1
R09-AZ,2026-09-01 09:38:00,-0.0199999999999977,-3.0745000000000005,19.746,0,0,none,-1
R09-AZ,2026-09-01 09:40:00,0.4980000000000011,-0.9289999999999896,19.702,0,0,none,-1
R09-AZ,2026-09-01 09:42:00,-0.0709999999999961,-1.3979999999999944,19.924,0,0,none,-1
R09-AZ,2026-09-01 09:44:00,0.5039999999999996,-0.6919999999999913,19.907,0,0,none,-1
R09-AZ,2026-09-01 09:46:00,1.064000000000009,-2.2509999999999994,19.752,0,0,none,-1
R09-AZ,2026-09-01 09:48:00,0.1674999999999986,-0.2449999999999992,19.894,0,0,none,-1
R09-AZ,2026-09-01 09:50:00,-0.0879999999999938,-1.4679999999999964,19.84,0,0,none,-1
R09-AZ,2026-09-01 09:52:00,0.1750000000000007,-1.6939999999999935,19.945,0,0,none,-1
R09-AZ,2026-09-01 09:54:00,0.2320000000000099,-2.326000000000006,19.87,0,0,none,-1
R09-AZ,2026-09-01 09:56:00,-0.1139999999999936,-1.509000000000002,19.837,0,0,none,-1
R09-AZ,2026-09-01 09:58:00,0.9800000000000022,-1.0120000000000058,19.806,0,0,none,-1
R09-ZA,2026-09-01 00:00:00,-1.7480000000000029,0.0539999999999949,19.679,0,0,none,-1
R09-ZA,2026-09-01 00:02:00,-1.526999999999994,-0.5850000000000044,19.564,0,0,none,-1
R09-ZA,2026-09-01 00:04:00,-1.2939999999999987,1.7560000000000002,19.589,0,0,none,-1
R09-ZA,2026-09-01 00:06:00,-0.5360000000000014,-0.3530000000000033,19.506,0,0,none,-1
R09-ZA,2026-09-01 00:08:00,-0.0500000000000007,-0.3330000000000055,19.635,0,0,none,-1
R09-ZA,2026-09-01 00:10:00,-0.5930000000000035,0.7779999999999987,19.481,0,0,none,-1
R09-ZA,2026-09-01 00:12:00,-1.456999999999999,0.95099999999999,19.611,0,0,none,-1
R09-ZA,2026-09-01 00:14:00,-0.9359999999999982,0.5570000000000039,19.473,0,0,none,-1
R09-ZA,2026-09-01 00:16:00,-0.9219999999999988,0.2999999999999883,19.451,0,0,none,-1
R09-ZA,2026-09-01 00:18:00,-0.6989999999999945,-0.6750000000000096,19.566,0,0,none,-1
R09-ZA,2026-09-01 00:20:00,-0.8800000000000026,-19.101,6.445,1,1,flapping,12
R09-ZA,2026-09-01 00:22:00,-1.165500000000003,-17.759,6.477,1,1,flapping,12
R09-ZA,2026-09-01 00:24:00,-1.3159999999999954,-19.262000000000008,6.257,1,1,flapping,12
R09-ZA,2026-09-01 00:26:00,-0.5849999999999973,-17.235000000000007,7.1,1,1,flapping,12
R09-ZA,2026-09-01 00:28:00,-1.0824999999999996,-17.268000000000008,6.667,1,1,flapping,12
R09-ZA,2026-09-01 00:30:00,-1.3909999999999982,0.365999999999989,19.634,0,0,flapping,12
R09-ZA,2026-09-01 00:32:00,-0.4969999999999928,-16.713,7.069,1,1,flapping,12
R09-ZA,2026-09-01 00:34:00,-0.8599999999999994,0.3774999999999959,19.504,0,0,flapping,12
R09-ZA,2026-09-01 00:36:00,-0.2239999999999877,-15.212000000000003,8.226,1,1,flapping,12
R09-ZA,2026-09-01 00:38:00,-0.9185,-17.214000000000006,7.258,1,1,flapping,12
R09-ZA,2026-09-01 00:40:00,-0.7040000000000006,-18.573000000000004,6.416,1,1,flapping,12
R09-ZA,2026-09-01 00:42:00,-1.237000000000002,-17.35350000000001,6.874,1,1,flapping,12
R09-ZA,2026-09-01 00:44:00,-0.6199999999999992,-17.383000000000003,6.452,1,1,flapping,12
R09-ZA,2026-09-01 00:46:00,-0.2929999999999939,0.7309999999999928,19.395,0,0,flapping,12
R09-ZA,2026-09-01 00:48:00,-1.7040000000000006,-16.18199999999999,7.406,1,1,flapping,12
R09-ZA,2026-09-01 00:50:00,-0.8569999999999993,-17.124000000000002,7.128,1,1,flapping,12
R09-ZA,2026-09-01 00:52:00,-0.4799999999999986,-17.67800000000001,7.129,1,1,flapping,12
R09-ZA,2026-09-01 00:54:00,-0.7729999999999979,-0.7010000000000076,19.639,0,0,flapping,12
R09-ZA,2026-09-01 00:56:00,-0.6100000000000012,-15.540000000000004,8.417,1,1,flapping,12
R09-ZA,2026-09-01 00:58:00,-0.676999999999996,-17.266000000000005,7.263,1,1,flapping,12
R09-ZA,2026-09-01 01:00:00,-0.9669999999999987,-17.584,6.636,1,1,flapping,12
R09-ZA,2026-09-01 01:02:00,-0.900999999999998,-18.847,6.366,1,1,flapping,12
R09-ZA,2026-09-01 01:04:00,-1.1404999999999923,1.5079999999999956,19.432,0,0,flapping,12
R09-ZA,2026-09-01 01:06:00,-0.419000000000004,0.9939999999999928,19.578,0,0,flapping,12
R09-ZA,2026-09-01 01:08:00,-1.1410000000000018,1.1954999999999991,19.627,0,0,flapping,12
R09-ZA,2026-09-01 01:10:00,-0.9305000000000074,0.1899999999999995,19.551,0,0,flapping,12
R09-ZA,2026-09-01 01:12:00,-1.378,-17.82400000000001,7.087,1,1,flapping,12
R09-ZA,2026-09-01 01:14:00,-1.1149999999999984,-16.993000000000002,7.561,1,1,flapping,12
R09-ZA,2026-09-01 01:16:00,-1.2944999999999958,-18.102,6.46,1,1,flapping,12
R09-ZA,2026-09-01 01:18:00,0.0050000000000007,-18.64200000000001,6.956,1,1,flapping,12
R09-ZA,2026-09-01 01:20:00,-1.275999999999998,-18.813,6.298,1,1,flapping,12
R09-ZA,2026-09-01 01:22:00,-1.2634999999999952,0.4999999999999929,19.645,0,0,flapping,12
R09-ZA,2026-09-01 01:24:00,-0.927999999999999,0.0289999999999928,19.555,0,0,flapping,12
R09-ZA,2026-09-01 01:26:00,-1.1040000000000028,-0.2760000000000051,19.537,0,0,flapping,12
R09-ZA,2026-09-01 01:28:00,0.1860000000000052,0.8174999999999937,19.383,0,0,flapping,12
R09-ZA,2026-09-01 01:30:00,-1.2899999999999991,0.170999999999994,19.566,0,0,flapping,12
R09-ZA,2026-09-01 01:32:00,-1.1449999999999996,-18.948000000000008,6.377,1,1,flapping,12
R09-ZA,2026-09-01 01:34:00,-1.2579999999999971,3.3339999999999907,18.87,0,0,flapping,12
R09-ZA,2026-09-01 01:36:00,0.3389999999999933,-17.992500000000007,7.08,1,1,flapping,12
R09-ZA,2026-09-01 01:38:00,-1.5949999999999989,-18.16000000000001,6.178,1,1,flapping,12
R09-ZA,2026-09-01 01:40:00,-0.3369999999999997,-17.661000000000005,7.107,1,1,flapping,12
R09-ZA,2026-09-01 01:42:00,-0.6135000000000037,1.4289999999999932,19.16,0,0,flapping,12
R09-ZA,2026-09-01 01:44:00,-0.6829999999999998,-0.0220000000000055,19.563,0,0,flapping,12
R09-ZA,2026-09-01 01:46:00,-0.9250000000000008,-17.817,6.229,1,1,flapping,12
R09-ZA,2026-09-01 01:48:00,-1.383000000000003,-0.1925000000000025,19.673,0,0,flapping,12
R09-ZA,2026-09-01 01:50:00,-0.5779999999999941,-9.099500000000004,7.267,1,1,flapping,12
R09-ZA,2026-09-01 01:52:00,-1.3749999999999982,-16.498000000000005,7.332,1,1,flapping,12
R09-ZA,2026-09-01 01:54:00,-0.9349999999999988,1.766999999999996,19.51,0,0,flapping,12
R09-ZA,2026-09-01 01:56:00,-1.878999999999996,-16.17000000000001,7.593,1,1,flapping,12
R09-ZA,2026-09-01 01:58:00,-1.634999999999993,1.399999999999995,19.601,0,0,flapping,12
R09-ZA,2026-09-01 02:00:00,-1.6135000000000002,0.6975000000000016,19.547,0,0,flapping,12
R09-ZA,2026-09-01 02:02:00,-1.3660000000000032,0.6449999999999907,19.487,0,0,flapping,12
R09-ZA,2026-09-01 02:04:00,0.018000000000006,1.834999999999992,19.489,0,0,flapping,12
R09-ZA,2026-09-01 02:06:00,-1.1500000000000004,-18.352000000000004,5.783,1,1,flapping,12
R09-ZA,2026-09-01 02:08:00,-1.639000000000003,-18.573000000000008,6.334,1,1,flapping,12
R09-ZA,2026-09-01 02:10:00,-0.8370000000000033,-17.364000000000015,7.113,1,1,flapping,12
R09-ZA,2026-09-01 02:12:00,-1.7689999999999948,-17.102000000000007,6.891,1,1,flapping,12
R09-ZA,2026-09-01 02:14:00,0.1990000000000034,0.3869999999999987,19.218,0,0,flapping,12
R09-ZA,2026-09-01 02:16:00,-0.2140000000000022,2.264999999999997,19.386,0,0,flapping,12
R09-ZA,2026-09-01 02:18:00,-0.9560000000000032,1.1439999999999897,19.46,0,0,flapping,12
R09-ZA,2026-09-01 02:20:00,-0.9070000000000018,0.2359999999999935,19.57,0,0,none,-1
R09-ZA,2026-09-01 02:22:00,-1.3129999999999988,0.9360000000000036,19.59,0,0,none,-1
R09-ZA,2026-09-01 02:24:00,-1.149000000000001,1.5729999999999968,19.556,0,0,none,-1
R09-ZA,2026-09-01 02:26:00,-0.897499999999992,1.530999999999988,19.485,0,0,none,-1
R09-ZA,2026-09-01 02:28:00,-0.8260000000000041,0.931999999999995,19.291,0,0,none,-1
R09-ZA,2026-09-01 02:30:00,-1.5870000000000033,-0.184000000000001,19.588,0,0,none,-1
R09-ZA,2026-09-01 02:32:00,-0.6120000000000037,1.9109999999999872,19.309,0,0,none,-1
R09-ZA,2026-09-01 02:34:00,-0.523499999999995,1.3319999999999954,19.38,0,0,none,-1
R09-ZA,2026-09-01 02:36:00,-0.6939999999999973,1.6329999999999956,19.281,0,0,none,-1
R09-ZA,2026-09-01 02:38:00,-0.9959999999999968,1.5169999999999924,19.347,0,0,none,-1
R09-ZA,2026-09-01 02:40:00,-0.5839999999999979,-1.18400000000001,19.6,0,0,none,-1
R09-ZA,2026-09-01 02:42:00,-0.9349999999999988,0.3644999999999889,19.587,0,0,none,-1
R09-ZA,2026-09-01 02:44:00,-1.711999999999998,1.297999999999993,19.604,0,0,none,-1
R09-ZA,2026-09-01 02:46:00,-1.3089999999999993,0.9169999999999944,19.452,0,0,none,-1
R09-ZA,2026-09-01 02:48:00,-0.0669999999999984,2.381499999999999,18.828,0,0,none,-1
R09-ZA,2026-09-01 02:50:00,-0.8969999999999931,0.1709999999999905,19.569,0,0,none,-1
R09-ZA,2026-09-01 02:52:00,-0.3079999999999963,0.2089999999999943,19.515,0,0,none,-1
R09-ZA,2026-09-01 02:54:00,-1.1279999999999983,1.1959999999999855,19.636,0,0,none,-1
R09-ZA,2026-09-01 02:56:00,-0.4579999999999948,-38.871,-17.796,1,1,fiber_cut,1
R09-ZA,2026-09-01 02:58:00,-1.2654999999999976,-39.831,-17.205,1,1,fiber_cut,1
R09-ZA,2026-09-01 03:00:00,-0.8429999999999946,-39.59700000000001,-17.769,1,1,fiber_cut,1
R09-ZA,2026-09-01 03:02:00,-1.5820000000000023,-38.755,-17.975,1,1,fiber_cut,1
R09-ZA,2026-09-01 03:04:00,-0.8609999999999953,-41.0555,-17.895,1,1,fiber_cut,1
R09-ZA,2026-09-01 03:06:00,-0.4399999999999959,-39.755,-18.138,1,1,fiber_cut,1
R09-ZA,2026-09-01 03:08:00,-0.4920000000000026,-39.40700000000001,-17.941,1,1,fiber_cut,1
R09-ZA,2026-09-01 03:10:00,-1.7205000000000084,-39.70700000000001,-18.492,1,1,fiber_cut,1
R09-ZA,2026-09-01 03:12:00,-0.0599999999999987,-38.712,-17.217,1,1,fiber_cut,1
R09-ZA,2026-09-01 03:14:00,-0.672500000000003,-39.974,-18.311,1,1,fiber_cut,1
R09-ZA,2026-09-01 03:16:00,0.049000000000003,-39.90100000000001,-17.893,1,1,fiber_cut,1
R09-ZA,2026-09-01 03:18:00,-0.7359999999999971,-39.58550000000001,-17.956,1,1,fiber_cut,1
R09-ZA,2026-09-01 03:20:00,-0.463499999999998,-38.19500000000001,-17.535,1,1,fiber_cut,1
R09-ZA,2026-09-01 03:22:00,-0.7820000000000018,1.4724999999999877,19.327,0,0,none,-1
R09-ZA,2026-09-01 03:24:00,-1.2340000000000018,1.0599999999999898,19.604,0,0,none,-1
R09-ZA,2026-09-01 03:26:00,-0.5469999999999988,1.0189999999999948,18.815,0,0,none,-1
R09-ZA,2026-09-01 03:28:00,-0.3930000000000024,-0.2910000000000057,19.499,0,0,fiber_degradation,1
R09-ZA,2026-09-01 03:30:00,-0.549000000000003,0.9199999999999928,19.559,0,0,fiber_degradation,1
R09-ZA,2026-09-01 03:32:00,-0.2480000000000028,0.8029999999999937,19.673,0,0,fiber_degradation,1
R09-ZA,2026-09-01 03:34:00,-0.5470000000000024,1.0099999999999962,19.655,0,0,fiber_degradation,1
R09-ZA,2026-09-01 03:36:00,-1.1149999999999969,0.3589999999999946,19.565,0,0,fiber_degradation,1
R09-ZA,2026-09-01 03:38:00,-0.6190000000000051,-0.8950000000000085,19.628,0,0,fiber_degradation,1
R09-ZA,2026-09-01 03:40:00,-0.658000000000003,-0.5150000000000023,19.55,0,0,fiber_degradation,1
R09-ZA,2026-09-01 03:42:00,-1.2499999999999982,-1.734000000000005,19.313,0,0,fiber_degradation,1
R09-ZA,2026-09-01 03:44:00,-0.3279999999999976,-0.1950000000000038,19.567,0,0,fiber_degradation,1
R09-ZA,2026-09-01 03:46:00,-0.3299999999999965,-1.985000000000003,19.478,0,0,fiber_degradation,1
R09-ZA,2026-09-01 03:48:00,-1.6669999999999927,-1.6000000000000032,19.105,0,0,fiber_degradation,1
R09-ZA,2026-09-01 03:50:00,-0.8869999999999987,-1.740000000000002,18.838,0,0,fiber_degradation,1
R09-ZA,2026-09-01 03:52:00,-1.0479999999999947,-1.4670000000000003,19.126,0,0,fiber_degradation,1
R09-ZA,2026-09-01 03:54:00,-0.8619999999999948,-2.535000000000009,18.937,0,0,fiber_degradation,1
R09-ZA,2026-09-01 03:56:00,-1.6000000000000032,-3.734000000000009,17.749,0,0,fiber_degradation,1
R09-ZA,2026-09-01 03:58:00,-1.910000000000004,-3.2140000000000075,18.303,0,0,fiber_degradation,1
R09-ZA,2026-09-01 04:00:00,-0.7216666666666605,-2.8080000000000016,18.477,0,0,fiber_degradation,1
R09-ZA,2026-09-01 04:02:00,-1.2543333333333333,-3.058500000000002,18.108,0,0,fiber_degradation,1
R09-ZA,2026-09-01 04:04:00,-0.9150000000000028,-3.0260000000000087,18.366,0,0,fiber_degradation,1
R09-ZA,2026-09-01 04:06:00,-0.977999999999998,-4.200000000000003,17.505,0,0,fiber_degradation,1
R09-ZA,2026-09-01 04:08:00,-1.6350000000000016,-4.292,17.226,0,0,fiber_degradation,1
R09-ZA,2026-09-01 04:10:00,-1.2570000000000014,-3.182999999999998,17.701,0,0,fiber_degradation,1
R09-ZA,2026-09-01 04:12:00,-1.8670000000000044,-3.007,17.875,0,0,fiber_degradation,1
R09-ZA,2026-09-01 04:14:00,-0.7690000000000037,-3.656000000000006,17.186,0,0,fiber_degradation,1
R09-ZA,2026-09-01 04:16:00,-1.226000000000008,-3.7680000000000007,17.042,0,0,fiber_degradation,1
R09-ZA,2026-09-01 04:18:00,-0.6709999999999976,-3.161000000000005,17.903,0,0,fiber_degradation,1
R09-ZA,2026-09-01 04:20:00,-0.2650000000000059,-4.865000000000004,16.882,1,0,fiber_degradation,1
R09-ZA,2026-09-01 04:22:00,0.1390000000000046,-4.546999999999999,17.286,0,0,fiber_degradation,1
R09-ZA,2026-09-01 04:24:00,-0.8169999999999984,-2.2110000000000056,18.136,0,0,fiber_degradation,1
R09-ZA,2026-09-01 04:26:00,-1.482000000000001,-3.4050000000000136,17.07,0,0,fiber_degradation,1
R09-ZA,2026-09-01 04:28:00,-1.4220000000000006,-4.789000000000007,16.602,1,0,fiber_degradation,1
R09-ZA,2026-09-01 04:30:00,-1.396999999999997,-5.147,17.353,0,0,fiber_degradation,1
R09-ZA,2026-09-01 04:32:00,-0.9190000000000024,-3.925000000000008,17.201,0,0,fiber_degradation,1
R09-ZA,2026-09-01 04:34:00,-0.984499999999997,-4.293000000000003,17.443,0,0,fiber_degradation,1
R09-ZA,2026-09-01 04:36:00,-0.8089999999999957,-4.411999999999999,17.077,0,0,fiber_degradation,1
R09-ZA,2026-09-01 04:38:00,-1.5980000000000043,-4.662000000000006,16.861,1,0,fiber_degradation,1
R09-ZA,2026-09-01 04:40:00,0.0660000000000042,-3.2290000000000028,17.678,0,0,fiber_degradation,1
R09-ZA,2026-09-01 04:42:00,-1.402000000000001,-3.7160000000000046,17.313,0,0,fiber_degradation,1
R09-ZA,2026-09-01 04:44:00,-0.9740000000000038,-4.524000000000001,17.269,0,0,fiber_degradation,1
R09-ZA,2026-09-01 04:46:00,-1.4944999999999968,-5.207000000000008,16.246,1,0,fiber_degradation,1
R09-ZA,2026-09-01 04:48:00,-1.5460000000000012,-0.1030000000000033,19.626,0,0,none,-1
R09-ZA,2026-09-01 04:50:00,-0.3190000000000026,0.4369999999999958,19.596,0,0,none,-1
R09-ZA,2026-09-01 04:52:00,-0.6689999999999987,1.2779999999999898,19.268,0,0,none,-1
R09-ZA,2026-09-01 04:54:00,-0.2889999999999979,0.5069999999999961,19.242,0,0,none,-1
R09-ZA,2026-09-01 04:56:00,-0.4069999999999947,1.7119999999999944,19.497,0,0,none,-1
R09-ZA,2026-09-01 04:58:00,-0.8469999999999942,1.1439999999999966,19.61,0,0,none,-1
R09-ZA,2026-09-01 05:00:00,-0.4060000000000006,-1.221,19.606,0,0,none,-1
R09-ZA,2026-09-01 05:02:00,-0.381000000000002,-1.8180000000000032,19.542,0,0,none,-1
R09-ZA,2026-09-01 05:04:00,-0.5860000000000039,-1.0599999999999987,19.553,0,0,none,-1
R09-ZA,2026-09-01 05:06:00,-0.913999999999998,0.0960000000000036,19.648,0,0,none,-1
R09-ZA,2026-09-01 05:08:00,-1.6510000000000016,-1.164500000000004,19.559,0,0,none,-1
R09-ZA,2026-09-01 05:10:00,-0.8210000000000051,1.1139999999999937,19.407,0,0,none,-1
R09-ZA,2026-09-01 05:12:00,-0.9279999999999956,-2.1140000000000025,19.397,0,0,none,-1
R09-ZA,2026-09-01 05:14:00,-0.9119999999999971,0.4830000000000023,19.612,0,0,none,-1
R09-ZA,2026-09-01 05:16:00,-1.6509999999999945,0.2129999999999903,19.629,0,0,none,-1
R09-ZA,2026-09-01 05:18:00,0.2785000000000064,0.3259999999999987,19.006,0,0,none,-1
R09-ZA,2026-09-01 05:20:00,-0.4209999999999922,-1.117000000000008,19.597,0,0,none,-1
R09-ZA,2026-09-01 05:22:00,-0.7149999999999981,-0.0210000000000025,19.559,0,0,none,-1
R09-ZA,2026-09-01 05:24:00,-0.8440000000000012,0.1859999999999946,19.619,0,0,none,-1
R09-ZA,2026-09-01 05:26:00,-1.2544999999999984,-1.2280000000000104,19.484,0,0,none,-1
R09-ZA,2026-09-01 05:28:00,-0.908000000000003,-0.8390000000000057,19.635,0,0,none,-1
R09-ZA,2026-09-01 05:30:00,-1.381999999999998,0.7050000000000001,19.642,0,0,none,-1
R09-ZA,2026-09-01 05:32:00,-1.3840000000000003,0.5579999999999892,19.612,0,0,none,-1
R09-ZA,2026-09-01 05:34:00,-0.4570000000000007,0.702999999999987,19.574,0,0,none,-1
R09-ZA,2026-09-01 05:36:00,0.0009999999999994,-0.5710000000000015,19.623,0,0,none,-1
R09-ZA,2026-09-01 05:38:00,-2.1349999999999945,-1.3735,18.973,0,0,none,-1
R09-ZA,2026-09-01 05:40:00,-0.9539999999999988,1.187499999999995,19.403,0,0,none,-1
R09-ZA,2026-09-01 05:42:00,-1.5359999999999945,-2.283000000000003,19.52,0,0,none,-1
R09-ZA,2026-09-01 05:44:00,-2.427999999999992,0.3509999999999973,19.639,0,0,none,-1
R09-ZA,2026-09-01 05:46:00,-1.2119999999999962,-0.0465000000000106,19.593,0,0,none,-1
R09-ZA,2026-09-01 05:48:00,-1.1109999999999989,-1.3810000000000002,19.595,0,0,none,-1
R09-ZA,2026-09-01 05:50:00,-1.8079999999999965,-0.1345000000000009,19.404,0,0,none,-1
R09-ZA,2026-09-01 05:52:00,-0.0315000000000029,-2.762000000000006,19.602,0,0,none,-1
R09-ZA,2026-09-01 05:54:00,-0.8879999999999981,0.5599999999999898,19.621,0,0,none,-1
R09-ZA,2026-09-01 05:56:00,-1.0039999999999996,-0.8070000000000022,19.617,0,0,none,-1
R09-ZA,2026-09-01 05:58:00,-1.0489999999999942,-0.2469999999999999,19.623,0,0,none,-1
R09-ZA,2026-09-01 06:00:00,-0.7974999999999994,-0.1320000000000014,19.586,0,0,none,-1
R09-ZA,2026-09-01 06:02:00,-0.841999999999997,-0.5310000000000006,19.639,0,0,none,-1
R09-ZA,2026-09-01 06:04:00,-0.6040000000000028,1.4889999999999937,19.587,0,0,none,-1
R09-ZA,2026-09-01 06:06:00,-1.0710000000000015,-0.1700000000000088,19.55,0,0,none,-1
R09-ZA,2026-09-01 06:08:00,-0.8740000000000006,-0.2030000000000082,19.591,0,0,fiber_degradation,14
R09-ZA,2026-09-01 06:10:00,-0.4400000000000013,-0.0040000000000048,19.62,0,0,fiber_degradation,14
R09-ZA,2026-09-01 06:12:00,-0.2929999999999957,-0.1690000000000076,19.61,0,0,fiber_degradation,14
R09-ZA,2026-09-01 06:14:00,-1.260999999999994,-1.804000000000002,19.274,0,0,fiber_degradation,14
R09-ZA,2026-09-01 06:16:00,-0.5210000000000043,-1.2770000000000028,19.593,0,0,fiber_degradation,14
R09-ZA,2026-09-01 06:18:00,-1.8699999999999992,-1.2125000000000057,19.46,0,0,fiber_degradation,14
R09-ZA,2026-09-01 06:20:00,-1.3690000000000015,-0.6300000000000008,19.479,0,0,fiber_degradation,14
R09-ZA,2026-09-01 06:22:00,-1.1614999999999984,-0.6260000000000066,19.633,0,0,fiber_degradation,14
R09-ZA,2026-09-01 06:24:00,-0.790999999999995,-1.410000000000002,19.452,0,0,fiber_degradation,14
R09-ZA,2026-09-01 06:26:00,-1.432999999999998,-2.397000000000009,19.283,0,0,fiber_degradation,14
R09-ZA,2026-09-01 06:28:00,-0.5429999999999922,-2.0940000000000047,19.451,0,0,fiber_degradation,14
R09-ZA,2026-09-01 06:30:00,0.3890000000000029,-0.9860000000000024,19.542,0,0,fiber_degradation,14
R09-ZA,2026-09-01 06:32:00,-0.8939999999999948,-2.3190000000000044,19.342,0,0,fiber_degradation,14
R09-ZA,2026-09-01 06:34:00,-1.0329999999999906,-2.794000000000004,19.393,0,0,fiber_degradation,14
R09-ZA,2026-09-01 06:36:00,-1.456999999999992,-1.5335000000000123,19.486,0,0,fiber_degradation,14
R09-ZA,2026-09-01 06:38:00,-1.5009999999999906,-2.4270000000000085,19.392,0,0,fiber_degradation,14
R09-ZA,2026-09-01 06:40:00,-1.8009999999999966,-0.9500000000000136,19.48,0,0,fiber_degradation,14
R09-ZA,2026-09-01 06:42:00,-1.0290000000000017,-2.420500000000008,19.194,0,0,fiber_degradation,14
R09-ZA,2026-09-01 06:44:00,-0.7259999999999938,-4.004000000000005,19.242,0,0,fiber_degradation,14
R09-ZA,2026-09-01 06:46:00,-1.0399999999999938,-2.240000000000009,19.28,0,0,fiber_degradation,14
R09-ZA,2026-09-01 06:48:00,-1.1069999999999922,-1.7540000000000031,19.291,0,0,fiber_degradation,14
R09-ZA,2026-09-01 06:50:00,-1.7349999999999977,-1.8220000000000045,19.205,0,0,fiber_degradation,14
R09-ZA,2026-09-01 06:52:00,-1.394999999999996,-4.613000000000005,18.62,0,0,fiber_degradation,14
R09-ZA,2026-09-01 06:54:00,-0.2369999999999912,-2.4514999999999976,19.446,0,0,fiber_degradation,14
R09-ZA,2026-09-01 06:56:00,-0.320000000000002,-0.9515000000000082,19.589,0,0,fiber_degradation,14
R09-ZA,2026-09-01 06:58:00,-0.983499999999994,-2.5600000000000023,19.469,0,0,fiber_degradation,14
R09-ZA,2026-09-01 07:00:00,-0.8074999999999974,-1.1249999999999982,19.456,0,0,fiber_degradation,14
R09-ZA,2026-09-01 07:02:00,-1.7769999999999977,-2.6515000000000057,19.212,0,0,fiber_degradation,14
R09-ZA,2026-09-01 07:04:00,-1.419999999999991,-3.007000000000007,18.959,0,0,fiber_degradation,14
R09-ZA,2026-09-01 07:06:00,-0.4119999999999972,-2.0330000000000066,19.496,0,0,fiber_degradation,14
R09-ZA,2026-09-01 07:08:00,-1.2789999999999928,-3.234000000000007,19.266,0,0,fiber_degradation,14
R09-ZA,2026-09-01 07:10:00,-1.511999999999997,0.8444999999999929,19.626,0,0,none,-1
R09-ZA,2026-09-01 07:12:00,-1.9179999999999973,-1.4920000000000062,18.986,0,0,none,-1
R09-ZA,2026-09-01 07:14:00,-0.7609999999999957,-1.0390000000000017,19.426,0,0,none,-1
R09-ZA,2026-09-01 07:16:00,-1.4310000000000045,-0.9709999999999964,19.512,0,0,none,-1
R09-ZA,2026-09-01 07:18:00,-1.4110000000000014,0.3289999999999953,19.633,0,0,none,-1
R09-ZA,2026-09-01 07:20:00,-1.0614999999999952,-0.3970000000000127,19.573,0,0,none,-1
R09-ZA,2026-09-01 07:22:00,-1.0220000000000002,-0.0100000000000015,19.556,0,0,none,-1
R09-ZA,2026-09-01 07:24:00,-2.2779999999999987,-1.5480000000000054,19.464,0,0,none,-1
R09-ZA,2026-09-01 07:26:00,-0.8344999999999985,-1.0140000000000082,19.592,0,0,none,-1
R09-ZA,2026-09-01 07:28:00,-0.6419999999999995,-0.6910000000000078,19.571,0,0,none,-1
R09-ZA,2026-09-01 07:30:00,-0.9080000000000013,-0.9739999999999984,19.604,0,0,none,-1
R09-ZA,2026-09-01 07:32:00,-1.3110000000000053,-0.3410000000000011,19.66,0,0,none,-1
R09-ZA,2026-09-01 07:34:00,-1.3880000000000017,-0.0820000000000096,19.434,0,0,none,-1
R09-ZA,2026-09-01 07:36:00,-1.6080000000000023,-1.5490000000000048,19.365,0,0,none,-1
R09-ZA,2026-09-01 07:38:00,-1.1609999999999996,-2.251000000000001,19.463,0,0,none,-1
R09-ZA,2026-09-01 07:40:00,-1.120000000000001,-2.4630000000000027,19.586,0,0,none,-1
R09-ZA,2026-09-01 07:42:00,-0.9760000000000044,-1.728000000000005,19.644,0,0,none,-1
R09-ZA,2026-09-01 07:44:00,-1.3624999999999954,0.2399999999999984,19.485,0,0,none,-1
R09-ZA,2026-09-01 07:46:00,-1.3460000000000072,-3.826000000000001,19.25,0,0,none,-1
R09-ZA,2026-09-01 07:48:00,-0.8319999999999954,-1.019000000000009,19.642,0,0,none,-1
R09-ZA,2026-09-01 07:50:00,-1.3600000000000063,-0.1220000000000016,19.588,0,0,none,-1
R09-ZA,2026-09-01 07:52:00,-1.203999999999997,-1.9805000000000064,19.461,0,0,none,-1
R09-ZA,2026-09-01 07:54:00,-0.1400000000000005,-2.435000000000011,19.484,0,0,none,-1
R09-ZA,2026-09-01 07:56:00,-1.0391666666666577,-1.9955000000000047,19.364,0,0,none,-1
R09-ZA,2026-09-01 07:58:00,-1.9383333333333252,-1.5560000000000045,19.268,0,0,none,-1
R09-ZA,2026-09-01 08:00:00,-1.0984999999999996,-1.186,19.61,0,0,none,-1
R09-ZA,2026-09-01 08:02:00,-1.2650000000000006,-1.7140000000000022,19.424,0,0,none,-1
R09-ZA,2026-09-01 08:04:00,-1.1759999999999966,-0.2770000000000046,19.475,0,0,none,-1
R09-ZA,2026-09-01 08:06:00,-1.100999999999997,-0.1210000000000022,19.567,0,0,none,-1
R09-ZA,2026-09-01 08:08:00,-1.03399999999999,-0.8370000000000068,19.638,0,0,none,-1
R09-ZA,2026-09-01 08:10:00,-1.1510000000000051,-1.1910000000000096,19.518,0,0,none,-1
R09-ZA,2026-09-01 08:12:00,-1.153000000000004,-0.35700000000001,19.588,0,0,none,-1
R09-ZA,2026-09-01 08:14:00,-1.1140000000000008,-2.1000000000000068,19.431,0,0,none,-1
R09-ZA,2026-09-01 08:16:00,-0.7260000000000009,-1.8390000000000093,19.468,0,0,none,-1
R09-ZA,2026-09-01 08:18:00,-0.6350000000000016,0.2239999999999948,19.619,0,0,none,-1
R09-ZA,2026-09-01 08:20:00,-0.6940000000000044,-1.5710000000000086,19.282,0,0,none,-1
R09-ZA,2026-09-01 08:22:00,-1.2809999999999937,-1.8050000000000035,19.231,0,0,none,-1
R09-ZA,2026-09-01 08:24:00,-0.098000000000006,-1.1884999999999994,19.631,0,0,none,-1
R09-ZA,2026-09-01 08:26:00,-1.1029999999999998,-1.070999999999998,19.54,0,0,none,-1
R09-ZA,2026-09-01 08:28:00,-1.526999999999994,0.1109999999999953,19.401,0,0,amplifier_degradation,12
R09-ZA,2026-09-01 08:30:00,-2.0089999999999986,-0.6020000000000003,19.532,0,0,amplifier_degradation,12
R09-ZA,2026-09-01 08:32:00,-2.025999999999998,-1.20000000000001,19.055,0,0,amplifier_degradation,12
R09-ZA,2026-09-01 08:34:00,-2.8950000000000014,-1.5510000000000002,19.249,0,0,amplifier_degradation,12
R09-ZA,2026-09-01 08:36:00,-2.3339999999999943,-1.9310000000000065,19.19,0,0,amplifier_degradation,12
R09-ZA,2026-09-01 08:38:00,-2.207999999999995,-1.389000000000005,19.258,0,0,amplifier_degradation,12
R09-ZA,2026-09-01 08:40:00,-2.820499999999994,-0.7630000000000035,19.12,0,0,amplifier_degradation,12
R09-ZA,2026-09-01 08:42:00,-2.556999999999997,-1.4895000000000105,18.999,0,0,amplifier_degradation,12
R09-ZA,2026-09-01 08:44:00,-3.355500000000001,-1.1790000000000074,19.026,0,0,amplifier_degradation,12
R09-ZA,2026-09-01 08:46:00,-2.241999999999999,-1.4830000000000023,19.15,0,0,amplifier_degradation,12
R09-ZA,2026-09-01 08:48:00,-3.2870000000000044,0.5369999999999955,19.396,0,0,amplifier_degradation,12
R09-ZA,2026-09-01 08:50:00,-4.200500000000004,0.4729999999999901,19.084,0,0,amplifier_degradation,12
R09-ZA,2026-09-01 08:52:00,-3.574999999999997,-1.062000000000003,18.931,0,0,amplifier_degradation,12
R09-ZA,2026-09-01 08:54:00,-3.854999999999999,-0.7810000000000077,18.783,0,0,amplifier_degradation,12
R09-ZA,2026-09-01 08:56:00,-4.586,-2.177499999999995,18.24,0,1,amplifier_degradation,12
R09-ZA,2026-09-01 08:58:00,-3.8519999999999968,-0.6689999999999987,18.827,0,0,amplifier_degradation,12
R09-ZA,2026-09-01 09:00:00,-4.23,-0.8520000000000092,18.704,0,0,amplifier_degradation,12
R09-ZA,2026-09-01 09:02:00,-4.571499999999999,-0.833000000000002,17.802,0,0,amplifier_degradation,12
R09-ZA,2026-09-01 09:04:00,-4.152000000000003,-1.7120000000000068,18.206,0,0,amplifier_degradation,12
R09-ZA,2026-09-01 09:06:00,-4.281000000000002,-0.2225000000000019,18.323,0,0,amplifier_degradation,12
R09-ZA,2026-09-01 09:08:00,-5.175999999999995,1.1970000000000027,18.736,0,0,amplifier_degradation,12
R09-ZA,2026-09-01 09:10:00,-5.5760000000000005,-1.6410000000000051,17.991,0,1,amplifier_degradation,12
R09-ZA,2026-09-01 09:12:00,-5.490000000000002,-0.2580000000000026,17.943,0,0,amplifier_degradation,12
R09-ZA,2026-09-01 09:14:00,-6.018999999999998,-0.1130000000000048,17.303,0,0,amplifier_degradation,12
R09-ZA,2026-09-01 09:16:00,-5.266,-0.5450000000000124,17.764,0,0,amplifier_degradation,12
R09-ZA,2026-09-01 09:18:00,-6.155999999999999,-0.6680000000000064,17.194,0,1,amplifier_degradation,12
R09-ZA,2026-09-01 09:20:00,-6.504999999999996,0.0199999999999942,17.831,0,1,amplifier_degradation,12
R09-ZA,2026-09-01 09:22:00,-6.039000000000003,-1.103000000000005,17.944,0,1,amplifier_degradation,12
R09-ZA,2026-09-01 09:24:00,-6.4659999999999975,-0.7680000000000096,17.698,0,1,amplifier_degradation,12
R09-ZA,2026-09-01 09:26:00,-5.0589999999999975,-1.002000000000006,17.326,0,0,amplifier_degradation,12
R09-ZA,2026-09-01 09:28:00,-5.755500000000003,-2.1640000000000037,16.962,1,1,amplifier_degradation,12
R09-ZA,2026-09-01 09:30:00,-5.816999999999998,-1.235000000000012,17.768,0,1,amplifier_degradation,12
R09-ZA,2026-09-01 09:32:00,-5.502999999999998,-1.1315000000000044,16.987,1,1,amplifier_degradation,12
R09-ZA,2026-09-01 09:34:00,-6.557999999999987,-1.4820000000000046,17.32,0,1,amplifier_degradation,12
R09-ZA,2026-09-01 09:36:00,-5.759999999999991,-1.9280000000000064,17.918,0,1,amplifier_degradation,12
R09-ZA,2026-09-01 09:38:00,-5.645000000000005,-1.651000000000007,17.508,0,1,amplifier_degradation,12
R09-ZA,2026-09-01 09:40:00,-6.249000000000004,-0.6220000000000017,17.427,0,1,amplifier_degradation,12
R09-ZA,2026-09-01 09:42:00,-7.253000000000002,-1.007000000000005,17.532,0,1,amplifier_degradation,12
R09-ZA,2026-09-01 09:44:00,-6.263999999999987,-0.4860000000000024,17.54,0,1,amplifier_degradation,12
R09-ZA,2026-09-01 09:46:00,-5.222000000000001,-1.2110000000000056,17.843,0,0,amplifier_degradation,12
R09-ZA,2026-09-01 09:48:00,-0.3070000000000021,0.0629999999999899,19.501,0,0,none,-1
R09-ZA,2026-09-01 09:50:00,-0.6890000000000018,-0.4150000000000027,19.605,0,0,none,-1
R09-ZA,2026-09-01 09:52:00,-1.1250000000000018,0.8709999999999969,19.648,0,0,none,-1
R09-ZA,2026-09-01 09:54:00,0.054000000000002,-2.3690000000000038,19.568,0,0,none,-1
R09-ZA,2026-09-01 09:56:00,-1.1489999999999956,-0.1800000000000032,19.654,0,0,none,-1
R09-ZA,2026-09-01 09:58:00,-1.131999999999998,-0.5560000000000063,19.63,0,0,none,-1
R10-AZ,2026-09-01 00:00:00,-1.4430000000000085,-1.169999999999991,19.144,0,0,none,-1
R10-AZ,2026-09-01 00:02:00,-1.6260000000000012,-1.6689999999999934,19.567,0,0,none,-1
R10-AZ,2026-09-01 00:04:00,-0.3840000000000056,-1.524000000000001,19.65,0,0,none,-1
R10-AZ,2026-09-01 00:06:00,-0.2600000000000069,-2.0984999999999907,19.476,0,0,none,-1
R10-AZ,2026-09-01 00:08:00,-0.7500000000000036,-0.6239999999999934,19.711,0,0,none,-1
R10-AZ,2026-09-01 00:10:00,-1.9830000000000092,-1.2719999999999931,19.293,0,0,none,-1
R10-AZ,2026-09-01 00:12:00,-0.6810000000000045,-0.9324999999999868,19.689,0,0,none,-1
R10-AZ,2026-09-01 00:14:00,-0.6550000000000047,-1.7309999999999892,19.481,0,0,none,-1
R10-AZ,2026-09-01 00:16:00,-0.771500000000005,-0.7959999999999905,19.608,0,0,none,-1
R10-AZ,2026-09-01 00:18:00,-0.448000000000011,-0.9049999999999958,19.66,0,0,none,-1
R10-AZ,2026-09-01 00:20:00,-1.7099999999999973,-1.8289999999999955,19.462,0,0,none,-1
R10-AZ,2026-09-01 00:22:00,-1.6810000000000151,-2.116499999999993,19.243,0,0,none,-1
R10-AZ,2026-09-01 00:24:00,-0.3735000000000017,-1.610999999999997,19.276,0,0,none,-1
R10-AZ,2026-09-01 00:26:00,-0.2580000000000098,-1.306999999999995,19.678,0,0,none,-1
R10-AZ,2026-09-01 00:28:00,-1.140000000000004,-0.8899999999999935,19.575,0,0,none,-1
R10-AZ,2026-09-01 00:30:00,-1.1370000000000005,-1.3189999999999955,19.559,0,0,none,-1
R10-AZ,2026-09-01 00:32:00,-1.3995000000000015,-0.0829999999999895,19.757,0,0,none,-1
R10-AZ,2026-09-01 00:34:00,-1.2570000000000032,-2.4985,19.415,0,0,fiber_degradation,14
R10-AZ,2026-09-01 00:36:00,0.1674999999999915,-3.009999999999989,19.424,0,0,fiber_degradation,14
R10-AZ,2026-09-01 00:38:00,-0.4479999999999986,-4.02199999999999,19.157,0,0,fiber_degradation,14
R10-AZ,2026-09-01 00:40:00,1.3159999999999936,-3.99,19.296,0,0,fiber_degradation,14
R10-AZ,2026-09-01 00:42:00,0.9884999999999876,-2.7414999999999967,19.405,0,0,fiber_degradation,14
R10-AZ,2026-09-01 00:44:00,0.6729999999999947,-5.222999999999999,18.613,0,0,fiber_degradation,14
R10-AZ,2026-09-01 00:46:00,0.4369999999999976,-5.931999999999992,18.375,0,0,fiber_degradation,14
R10-AZ,2026-09-01 00:48:00,-0.5995000000000044,-4.409999999999995,18.518,0,0,fiber_degradation,14
R10-AZ,2026-09-01 00:50:00,-0.2430000000000021,-5.563499999999996,18.053,0,0,fiber_degradation,14
R10-AZ,2026-09-01 00:52:00,0.4769999999999967,-5.849999999999994,18.199,0,0,fiber_degradation,14
R10-AZ,2026-09-01 00:54:00,0.3234999999999957,-7.828999999999997,17.668,0,1,fiber_degradation,14
R10-AZ,2026-09-01 00:56:00,-0.3120000000000082,-7.211499999999997,16.893,1,1,fiber_degradation,14
R10-AZ,2026-09-01 00:58:00,-0.6520000000000046,-8.045999999999994,16.402,1,1,fiber_degradation,14
R10-AZ,2026-09-01 01:00:00,-0.1460000000000043,-10.225999999999992,15.968,1,1,fiber_degradation,14
R10-AZ,2026-09-01 01:02:00,0.0119999999999933,-7.857999999999997,16.253,1,1,fiber_degradation,14
R10-AZ,2026-09-01 01:04:00,0.3459999999999947,-9.463999999999992,16.123,1,1,fiber_degradation,14
R10-AZ,2026-09-01 01:06:00,1.1229999999999958,-9.566,16.485,1,1,fiber_degradation,14
R10-AZ,2026-09-01 01:08:00,0.1629999999999967,-10.779999999999992,14.478,1,1,fiber_degradation,14
R10-AZ,2026-09-01 01:10:00,0.0419999999999909,-11.049999999999992,15.381,1,1,fiber_degradation,14
R10-AZ,2026-09-01 01:12:00,-0.3420000000000041,-11.601499999999993,14.846,1,1,fiber_degradation,14
R10-AZ,2026-09-01 01:14:00,0.262500000000001,-10.531999999999996,15.458,1,1,fiber_degradation,14
R10-AZ,2026-09-01 01:16:00,-0.4345000000000034,-10.904000000000002,14.558,1,1,fiber_degradation,14
R10-AZ,2026-09-01 01:18:00,0.0280000000000004,-10.756999999999987,14.715,1,1,fiber_degradation,14
R10-AZ,2026-09-01 01:20:00,-0.041999999999998,-9.348999999999991,14.711,1,1,fiber_degradation,14
R10-AZ,2026-09-01 01:22:00,-0.5100000000000069,-12.346999999999989,13.454,1,1,fiber_degradation,14
R10-AZ,2026-09-01 01:24:00,0.0924999999999993,-12.284499999999989,14.054,1,1,fiber_degradation,14
R10-AZ,2026-09-01 01:26:00,0.1890000000000036,-10.019999999999992,15.413,1,1,fiber_degradation,14
R10-AZ,2026-09-01 01:28:00,-3.552713678800501e-15,-9.923999999999989,14.412,1,1,fiber_degradation,14
R10-AZ,2026-09-01 01:30:00,0.0979999999999954,-11.848999999999998,13.837,1,1,fiber_degradation,14
R10-AZ,2026-09-01 01:32:00,0.3669999999999955,-9.819999999999991,15.327,1,1,fiber_degradation,14
R10-AZ,2026-09-01 01:34:00,-0.1440000000000107,-11.307999999999996,14.167,1,1,fiber_degradation,14
R10-AZ,2026-09-01 01:36:00,0.3299999999999983,-10.810999999999986,14.646,1,1,fiber_degradation,14
R10-AZ,2026-09-01 01:38:00,-0.214000000000011,-9.509499999999992,15.456,1,1,fiber_degradation,14
R10-AZ,2026-09-01 01:40:00,0.8549999999999969,-10.38399999999999,14.931,1,1,fiber_degradation,14
R10-AZ,2026-09-01 01:42:00,0.2080000000000019,-10.641999999999992,14.973,1,1,fiber_degradation,14
R10-AZ,2026-09-01 01:44:00,0.7089999999999943,-11.39799999999999,14.686,1,1,fiber_degradation,14
R10-AZ,2026-09-01 01:46:00,-0.2640000000000118,-1.7179999999999964,19.657,0,0,none,-1
R10-AZ,2026-09-01 01:48:00,-0.7250000000000068,-2.7104999999999926,19.348,0,0,none,-1
R10-AZ,2026-09-01 01:50:00,-0.6560000000000077,-1.0719999999999938,19.73,0,0,none,-1
R10-AZ,2026-09-01 01:52:00,-0.6620000000000061,-1.519999999999989,19.688,0,0,none,-1
R10-AZ,2026-09-01 01:54:00,-1.2900000000000045,-0.8489999999999931,19.574,0,0,none,-1
R10-AZ,2026-09-01 01:56:00,-0.6665000000000116,-2.8930000000000025,19.523,0,0,none,-1
R10-AZ,2026-09-01 01:58:00,-0.7470000000000052,-3.205999999999994,19.435,0,0,none,-1
R10-AZ,2026-09-01 02:00:00,-1.04300000000001,-1.4469999999999903,19.603,0,0,none,-1
R10-AZ,2026-09-01 02:02:00,-1.2375000000000078,-0.0079999999999902,19.673,0,0,none,-1
R10-AZ,2026-09-01 02:04:00,-0.8840000000000021,0.4515000000000082,19.674,0,0,fiber_degradation,3
R10-AZ,2026-09-01 02:06:00,-1.0550000000000104,-0.1819999999999915,19.555,0,0,fiber_degradation,3
R10-AZ,2026-09-01 02:08:00,-1.0589999999999955,-2.756999999999996,19.285,0,0,fiber_degradation,3
R10-AZ,2026-09-01 02:10:00,-0.8970000000000002,-2.418999999999997,19.088,0,0,fiber_degradation,3
R10-AZ,2026-09-01 02:12:00,-0.7880000000000091,-1.5920000000000023,19.337,0,0,fiber_degradation,3
R10-AZ,2026-09-01 02:14:00,-1.6119999999999983,-1.1079999999999952,19.388,0,0,fiber_degradation,3
R10-AZ,2026-09-01 02:16:00,-0.6930000000000032,-2.025999999999996,19.457,0,0,fiber_degradation,3
R10-AZ,2026-09-01 02:18:00,-1.7540000000000084,-3.0434999999999963,18.534,0,0,fiber_degradation,3
R10-AZ,2026-09-01 02:20:00,-1.578000000000003,-3.319999999999988,18.898,0,0,fiber_degradation,3
R10-AZ,2026-09-01 02:22:00,-0.8159999999999972,-4.726999999999993,18.355,0,0,fiber_degradation,3
R10-AZ,2026-09-01 02:24:00,-0.8430000000000089,-2.796999999999993,18.912,0,0,fiber_degradation,3
R10-AZ,2026-09-01 02:26:00,-0.801000000000009,-3.090999999999997,18.659,0,0,fiber_degradation,3
R10-AZ,2026-09-01 02:28:00,-1.1230000000000064,-4.220999999999988,17.961,0,0,fiber_degradation,3
R10-AZ,2026-09-01 02:30:00,-0.2350000000000012,-2.3569999999999904,18.936,0,0,fiber_degradation,3
R10-AZ,2026-09-01 02:32:00,-0.1380000000000034,-4.209999999999994,18.087,0,0,fiber_degradation,3
R10-AZ,2026-09-01 02:34:00,-0.6710000000000065,-3.1559999999999864,18.715,0,0,fiber_degradation,3
R10-AZ,2026-09-01 02:36:00,-0.2090000000000014,-3.360999999999992,18.397,0,0,fiber_degradation,3
R10-AZ,2026-09-01 02:38:00,-1.3990000000000045,-4.665999999999986,17.957,0,0,fiber_degradation,3
R10-AZ,2026-09-01 02:40:00,-1.6930000000000014,-3.5329999999999924,17.702,0,0,fiber_degradation,3
R10-AZ,2026-09-01 02:42:00,-0.1170000000000062,-3.528499999999987,18.155,0,0,fiber_degradation,3
R10-AZ,2026-09-01 02:44:00,-0.8000000000000114,-3.8139999999999943,18.3,0,0,fiber_degradation,3
R10-AZ,2026-09-01 02:46:00,-1.1325000000000038,-2.3639999999999937,18.778,0,0,fiber_degradation,3
R10-AZ,2026-09-01 02:48:00,-0.759333333333343,-4.783999999999995,18.21,0,0,fiber_degradation,3
R10-AZ,2026-09-01 02:50:00,-0.8301666666666723,-3.799499999999997,18.498,0,0,fiber_degradation,3
R10-AZ,2026-09-01 02:52:00,-0.9010000000000052,-2.814999999999996,18.893,0,0,fiber_degradation,3
R10-AZ,2026-09-01 02:54:00,-0.6215000000000028,-2.0660000000000007,19.035,0,0,fiber_degradation,3
R10-AZ,2026-09-01 02:56:00,-1.8809999999999985,-0.4179999999999939,19.753,0,0,none,-1
R10-AZ,2026-09-01 02:58:00,-0.5519999999999978,0.1635000000000062,19.751,0,0,none,-1
R10-AZ,2026-09-01 03:00:00,-1.3000000000000045,-1.8259999999999863,19.429,0,0,none,-1
R10-AZ,2026-09-01 03:02:00,-0.3625000000000007,-1.2254999999999914,19.687,0,0,none,-1
R10-AZ,2026-09-01 03:04:00,-0.908000000000003,-2.108999999999993,19.639,0,0,none,-1
R10-AZ,2026-09-01 03:06:00,-0.6060000000000034,-1.583999999999996,19.536,0,0,none,-1
R10-AZ,2026-09-01 03:08:00,-0.9780000000000068,-1.979999999999988,19.61,0,0,none,-1
R10-AZ,2026-09-01 03:10:00,-1.350000000000005,-2.3759999999999977,19.436,0,0,none,-1
R10-AZ,2026-09-01 03:12:00,-1.3370000000000033,-2.6449999999999907,19.33,0,0,none,-1
R10-AZ,2026-09-01 03:14:00,-0.7840000000000078,-0.8969999999999967,19.695,0,0,none,-1
R10-AZ,2026-09-01 03:16:00,-1.2209999999999983,-1.0839999999999943,19.486,0,0,none,-1
R10-AZ,2026-09-01 03:18:00,-0.4970000000000016,-2.3329999999999917,19.573,0,0,none,-1
R10-AZ,2026-09-01 03:20:00,-1.2679999999999954,-1.6769999999999907,19.525,0,0,none,-1
R10-AZ,2026-09-01 03:22:00,-1.3770000000000024,-2.410999999999996,19.127,0,0,none,-1
R10-AZ,2026-09-01 03:24:00,-0.8510000000000062,0.5920000000000094,19.778,0,0,none,-1
R10-AZ,2026-09-01 03:26:00,-0.8126666666666722,-0.1613333333333315,19.706,0,0,none,-1
R10-AZ,2026-09-01 03:28:00,-0.8938333333333457,-0.2216666666666444,19.596,0,0,none,-1
R10-AZ,2026-09-01 03:30:00,-0.9750000000000104,-0.282,19.682,0,0,none,-1
R10-AZ,2026-09-01 03:32:00,-1.1579999999999977,-1.0279999999999916,19.58,0,0,none,-1
R10-AZ,2026-09-01 03:34:00,-1.7369999999999983,0.637000000000004,19.473,0,0,none,-1
R10-AZ,2026-09-01 03:36:00,-2.2510000000000083,-0.4519999999999875,19.67,0,0,none,-1
R10-AZ,2026-09-01 03:38:00,-1.166999999999998,-1.5700000000000038,19.519,0,0,amplifier_degradation,15
R10-AZ,2026-09-01 03:40:00,-2.3040000000000145,-1.3959999999999957,19.05,0,0,amplifier_degradation,15
R10-AZ,2026-09-01 03:42:00,-1.6710000000000012,-0.5989999999999895,19.271,0,0,amplifier_degradation,15
R10-AZ,2026-09-01 03:44:00,-3.1720000000000024,-0.4619999999999944,18.888,0,0,amplifier_degradation,15
R10-AZ,2026-09-01 03:46:00,-3.910999999999998,-0.9299999999999996,19.262,0,0,amplifier_degradation,15
R10-AZ,2026-09-01 03:48:00,-2.8960000000000026,-0.6234999999999999,19.319,0,0,amplifier_degradation,15
R10-AZ,2026-09-01 03:50:00,-4.714500000000005,-0.2539999999999889,18.936,0,0,amplifier_degradation,15
R10-AZ,2026-09-01 03:52:00,-5.488000000000008,-1.447000000000001,18.282,0,1,amplifier_degradation,15
R10-AZ,2026-09-01 03:54:00,-5.91400000000001,-0.6219999999999892,18.395,0,0,amplifier_degradation,15
R10-AZ,2026-09-01 03:56:00,-6.283000000000008,-0.5119999999999898,17.859,1,1,amplifier_degradation,15
R10-AZ,2026-09-01 03:58:00,-5.286000000000003,-0.827499999999997,18.492,0,0,amplifier_degradation,15
R10-AZ,2026-09-01 04:00:00,-6.905999999999997,0.1500000000000092,17.45,1,1,amplifier_degradation,15
R10-AZ,2026-09-01 04:02:00,-6.952000000000009,-1.8469999999999924,16.993,1,1,amplifier_degradation,15
R10-AZ,2026-09-01 04:04:00,-7.616500000000004,-1.9044999999999952,16.976,1,1,amplifier_degradation,15
R10-AZ,2026-09-01 04:06:00,-7.575000000000001,-0.2249999999999943,17.195,1,1,amplifier_degradation,15
R10-AZ,2026-09-01 04:08:00,-7.767000000000001,1.7930000000000117,17.489,1,0,amplifier_degradation,15
R10-AZ,2026-09-01 04:10:00,-8.427000000000001,-1.0029999999999877,16.527,1,1,amplifier_degradation,15
R10-AZ,2026-09-01 04:12:00,-9.405000000000015,-0.6734999999999918,16.411,1,1,amplifier_degradation,15
R10-AZ,2026-09-01 04:14:00,-10.354000000000008,-1.0789999999999953,15.483,1,1,amplifier_degradation,15
R10-AZ,2026-09-01 04:16:00,-9.985000000000005,-0.682999999999991,15.869,1,1,amplifier_degradation,15
R10-AZ,2026-09-01 04:18:00,-9.878000000000004,-1.870999999999992,14.972,1,1,amplifier_degradation,15
R10-AZ,2026-09-01 04:20:00,-10.943000000000008,-0.7599999999999927,15.44,1,1,amplifier_degradation,15
R10-AZ,2026-09-01 04:22:00,-10.282000000000004,0.9450000000000108,16.106,1,1,amplifier_degradation,15
R10-AZ,2026-09-01 04:24:00,-10.730000000000006,-0.3029999999999937,14.926,1,1,amplifier_degradation,15
R10-AZ,2026-09-01 04:26:00,-9.611000000000004,-1.3809999999999985,15.696,1,1,amplifier_degradation,15
R10-AZ,2026-09-01 04:28:00,-9.662000000000006,-1.6684999999999928,15.336,1,1,amplifier_degradation,15
R10-AZ,2026-09-01 04:30:00,-9.418000000000005,1.2145000000000117,16.572,1,1,amplifier_degradation,15
R10-AZ,2026-09-01 04:32:00,-9.795000000000009,-0.3314999999999948,16.188,1,1,amplifier_degradation,15
R10-AZ,2026-09-01 04:34:00,-10.398000000000003,-1.3899999999999937,15.19,1,1,amplifier_degradation,15
R10-AZ,2026-09-01 04:36:00,-10.132,-0.2559999999999967,15.721,1,1,amplifier_degradation,15
R10-AZ,2026-09-01 04:38:00,-10.503999999999998,1.1340000000000074,16.136,1,1,amplifier_degradation,15
R10-AZ,2026-09-01 04:40:00,-9.684000000000012,-0.1239999999999899,15.585,1,1,amplifier_degradation,15
R10-AZ,2026-09-01 04:42:00,-2.182499999999999,-1.32599999999999,19.578,0,0,none,-1
R10-AZ,2026-09-01 04:44:00,-1.3160000000000007,-1.0709999999999944,19.738,0,0,none,-1
R10-AZ,2026-09-01 04:46:00,-1.0510000000000002,-0.3474999999999948,19.3,0,0,none,-1
R10-AZ,2026-09-01 04:48:00,-1.2320000000000082,0.0495000000000036,19.746,0,0,fiber_degradation,3
R10-AZ,2026-09-01 04:50:00,-1.793000000000001,-0.8459999999999983,19.707,0,0,fiber_degradation,3
R10-AZ,2026-09-01 04:52:00,-0.8319999999999972,-0.2679999999999953,19.809,0,0,fiber_degradation,3
R10-AZ,2026-09-01 04:54:00,-0.1470000000000038,-0.8359999999999896,19.744,0,0,fiber_degradation,3
R10-AZ,2026-09-01 04:56:00,-1.2700000000000014,-1.3759999999999977,19.637,0,0,fiber_degradation,3
R10-AZ,2026-09-01 04:58:00,-0.4930000000000039,-1.867999999999995,19.558,0,0,fiber_degradation,3
R10-AZ,2026-09-01 05:00:00,-0.8600000000000048,-0.6539999999999964,19.771,0,0,fiber_degradation,3
R10-AZ,2026-09-01 05:02:00,-0.0760000000000111,0.6070000000000082,19.772,0,0,fiber_degradation,3
R10-AZ,2026-09-01 05:04:00,-1.198000000000004,-1.7469999999999928,19.467,0,0,fiber_degradation,3
R10-AZ,2026-09-01 05:06:00,-0.8810000000000056,1.2605000000000128,19.765,0,0,fiber_degradation,3
R10-AZ,2026-09-01 05:08:00,-0.3115000000000094,1.155000000000003,19.774,0,0,fiber_degradation,3
R10-AZ,2026-09-01 05:10:00,-1.2150000000000087,1.2420000000000029,19.774,0,0,fiber_degradation,3
R10-AZ,2026-09-01 05:12:00,0.1909999999999918,-1.7474999999999952,19.527,0,0,fiber_degradation,3
R10-AZ,2026-09-01 05:14:00,-1.066000000000006,-0.0389999999999837,19.724,0,0,fiber_degradation,3
R10-AZ,2026-09-01 05:16:00,-1.373000000000001,-2.1809999999999974,19.593,0,0,fiber_degradation,3
R10-AZ,2026-09-01 05:18:00,-1.2350000000000012,-0.6759999999999913,19.677,0,0,fiber_degradation,3
R10-AZ,2026-09-01 05:20:00,-1.3100000000000058,-0.0989999999999984,19.501,0,0,fiber_degradation,3
R10-AZ,2026-09-01 05:22:00,-0.4810000000000016,0.7150000000000141,19.811,0,0,fiber_degradation,3
R10-AZ,2026-09-01 05:24:00,-0.8360000000000021,-1.2250000000000032,19.55,0,0,fiber_degradation,3
R10-AZ,2026-09-01 05:26:00,-1.6395000000000088,-0.1399999999999988,19.563,0,0,fiber_degradation,3
R10-AZ,2026-09-01 05:28:00,-0.9270000000000068,-0.44099999999999,19.756,0,0,fiber_degradation,3
R10-AZ,2026-09-01 05:30:00,-1.253000000000002,-1.8499999999999852,19.459,0,0,fiber_degradation,3
R10-AZ,2026-09-01 05:32:00,-0.1440000000000019,0.4780000000000086,19.781,0,0,fiber_degradation,3
R10-AZ,2026-09-01 05:34:00,-0.8760000000000066,-2.118000000000002,19.18,0,0,fiber_degradation,3
R10-AZ,2026-09-01 05:36:00,-1.6965000000000092,-1.1069999999999922,19.683,0,0,fiber_degradation,3
R10-AZ,2026-09-01 05:38:00,-1.066000000000006,-0.7319999999999975,19.506,0,0,fiber_degradation,3
R10-AZ,2026-09-01 05:40:00,-0.5860000000000074,-0.8289999999999917,19.621,0,0,fiber_degradation,3
R10-AZ,2026-09-01 05:42:00,-0.6430000000000078,-2.27099999999999,19.361,0,0,fiber_degradation,3
R10-AZ,2026-09-01 05:44:00,-0.0580000000000104,-0.2719999999999878,19.618,0,0,fiber_degradation,3
R10-AZ,2026-09-01 05:46:00,-0.6310000000000038,-0.1679999999999921,19.74,0,0,fiber_degradation,3
R10-AZ,2026-09-01 05:48:00,-1.0380000000000091,-0.6649999999999956,19.53,0,0,fiber_degradation,3
R10-AZ,2026-09-01 05:50:00,-1.096000000000009,-0.2339999999999857,19.514,0,0,fiber_degradation,3
R10-AZ,2026-09-01 05:52:00,-1.3110000000000053,0.0880000000000116,19.593,0,0,fiber_degradation,3
R10-AZ,2026-09-01 05:54:00,-0.8680000000000003,-1.5279999999999934,19.481,0,0,fiber_degradation,3
R10-AZ,2026-09-01 05:56:00,-0.686000000000007,-1.0489999999999942,19.443,0,0,fiber_degradation,3
R10-AZ,2026-09-01 05:58:00,0.157,-1.7889999999999873,19.666,0,0,fiber_degradation,3
R10-AZ,2026-09-01 06:00:00,-0.5619999999999923,-1.8280000000000007,19.689,0,0,fiber_degradation,3
R10-AZ,2026-09-01 06:02:00,-0.8090000000000046,1.4560000000000084,19.786,0,0,fiber_degradation,3
R10-AZ,2026-09-01 06:04:00,-1.3379999999999956,-2.459999999999992,19.084,0,0,fiber_degradation,3
R10-AZ,2026-09-01 06:06:00,-0.8790000000000067,-2.1309999999999967,19.437,0,0,fiber_degradation,3
R10-AZ,2026-09-01 06:08:00,-0.6330000000000009,0.0660000000000131,19.729,0,0,fiber_degradation,3
R10-AZ,2026-09-01 06:10:00,-1.2695000000000023,-0.0329999999999941,19.551,0,0,fiber_degradation,3
R10-AZ,2026-09-01 06:12:00,-0.8659999999999997,-1.6429999999999954,19.371,0,0,fiber_degradation,3
R10-AZ,2026-09-01 06:14:00,-0.7850000000000019,-0.4569999999999901,19.71,0,0,fiber_degradation,3
R10-AZ,2026-09-01 06:16:00,-0.5009999999999977,-0.2669999999999941,19.651,0,0,fiber_degradation,3
R10-AZ,2026-09-01 06:18:00,-0.9070000000000036,-0.5209999999999919,19.644,0,0,fiber_degradation,3
R10-AZ,2026-09-01 06:20:00,-1.0720000000000027,-0.6899999999999942,19.691,0,0,fiber_degradation,3
R10-AZ,2026-09-01 06:22:00,-1.190000000000003,-1.106999999999983,19.451,0,0,fiber_degradation,3
R10-AZ,2026-09-01 06:24:00,-1.2760000000000051,-0.1449999999999907,19.385,0,0,fiber_degradation,3
R10-AZ,2026-09-01 06:26:00,-0.9950000000000064,0.7250000000000121,19.712,0,0,none,-1
R10-AZ,2026-09-01 06:28:00,0.2349999999999941,-1.723999999999991,19.69,0,0,none,-1
R10-AZ,2026-09-01 06:30:00,-1.7359999999999935,0.1450000000000066,19.706,0,0,none,-1
R10-AZ,2026-09-01 06:32:00,-0.3889999999999993,-0.6289999999999978,19.738,0,0,none,-1
R10-AZ,2026-09-01 06:34:00,-0.4015000000000022,1.338000000000008,19.779,0,0,none,-1
R10-AZ,2026-09-01 06:36:00,-1.4010000000000051,0.8965000000000014,19.786,0,0,none,-1
R10-AZ,2026-09-01 06:38:00,-0.2740000000000027,0.2460000000000093,19.622,0,0,none,-1
R10-AZ,2026-09-01 06:40:00,-1.203000000000003,1.773000000000005,19.701,0,0,none,-1
R10-AZ,2026-09-01 06:42:00,-1.5930000000000035,0.5390000000000139,19.781,0,0,none,-1
R10-AZ,2026-09-01 06:44:00,-1.6440000000000037,-0.5159999999999965,19.77,0,0,none,-1
R10-AZ,2026-09-01 06:46:00,-1.1344999999999974,1.3280000000000065,19.756,0,0,none,-1
R10-AZ,2026-09-01 06:48:00,-1.166000000000002,-0.7449999999999903,19.678,0,0,none,-1
R10-AZ,2026-09-01 06:50:00,-0.1714999999999999,1.4780000000000086,19.626,0,0,none,-1
R10-AZ,2026-09-01 06:52:00,-0.5470000000000006,-0.4419999999999913,19.731,0,0,none,-1
R10-AZ,2026-09-01 06:54:00,-0.4509999999999969,0.6840000000000064,19.803,0,0,none,-1
R10-AZ,2026-09-01 06:56:00,-1.4350000000000025,1.653000000000015,19.642,0,0,none,-1
R10-AZ,2026-09-01 06:58:00,-0.8985000000000056,0.9560000000000048,19.784,0,0,none,-1
R10-AZ,2026-09-01 07:00:00,-0.185000000000004,2.018000000000004,18.857,0,0,none,-1
R10-AZ,2026-09-01 07:02:00,-0.7959999999999994,1.9345000000000103,19.75,0,0,none,-1
R10-AZ,2026-09-01 07:04:00,-1.3615000000000013,0.0440000000000022,19.759,0,0,none,-1
R10-AZ,2026-09-01 07:06:00,-9.8885,-0.6799999999999891,13.941,1,1,amplifier_degradation,4
R10-AZ,2026-09-01 07:08:00,-9.511,-0.1999999999999868,14.778,1,1,amplifier_degradation,4
R10-AZ,2026-09-01 07:10:00,-9.134500000000005,1.1510000000000051,14.801,1,1,amplifier_degradation,4
R10-AZ,2026-09-01 07:12:00,-8.340500000000008,-0.5859999999999932,14.365,1,1,amplifier_degradation,4
R10-AZ,2026-09-01 07:14:00,-9.034000000000006,0.9149999999999991,14.85,1,1,amplifier_degradation,4
R10-AZ,2026-09-01 07:16:00,-7.817000000000004,1.130000000000015,15.497,1,1,amplifier_degradation,4
R10-AZ,2026-09-01 07:18:00,-9.316000000000004,-1.198999999999998,14.45,1,1,amplifier_degradation,4
R10-AZ,2026-09-01 07:20:00,-8.644000000000009,-0.6599999999999895,13.964,1,1,amplifier_degradation,4
R10-AZ,2026-09-01 07:22:00,-8.239000000000004,2.901000000000004,15.362,1,0,amplifier_degradation,4
R10-AZ,2026-09-01 07:24:00,-8.40600000000001,0.9190000000000076,14.515,1,1,amplifier_degradation,4
R10-AZ,2026-09-01 07:26:00,-7.695500000000003,1.2400000000000126,15.039,1,0,amplifier_degradation,4
R10-AZ,2026-09-01 07:28:00,-8.898000000000003,0.9415000000000084,14.626,1,1,amplifier_degradation,4
R10-AZ,2026-09-01 07:30:00,-9.068,1.0560000000000134,14.99,1,1,amplifier_degradation,4
R10-AZ,2026-09-01 07:32:00,-9.012000000000004,0.4820000000000011,15.487,1,1,amplifier_degradation,4
R10-AZ,2026-09-01 07:34:00,-8.430999999999997,1.6440000000000108,14.903,1,1,amplifier_degradation,4
R10-AZ,2026-09-01 07:36:00,-9.003000000000002,0.6520000000000081,14.852,1,1,amplifier_degradation,4
R10-AZ,2026-09-01 07:38:00,-8.236,0.6280000000000072,14.964,1,1,amplifier_degradation,4
R10-AZ,2026-09-01 07:40:00,-8.073000000000006,1.2495000000000065,14.623,1,1,amplifier_degradation,4
R10-AZ,2026-09-01 07:42:00,-8.046999999999997,0.938666666666668,15.542,1,1,amplifier_degradation,4
R10-AZ,2026-09-01 07:44:00,-9.263000000000003,-0.0546666666666535,13.624,1,1,amplifier_degradation,4
R10-AZ,2026-09-01 07:46:00,-8.445999999999994,0.6060000000000034,14.597,1,1,amplifier_degradation,4
R10-AZ,2026-09-01 07:48:00,-8.161000000000001,1.8380000000000063,15.853,1,0,amplifier_degradation,4
R10-AZ,2026-09-01 07:50:00,-8.523500000000007,0.7720000000000091,14.82,1,1,amplifier_degradation,4
R10-AZ,2026-09-01 07:52:00,-8.508000000000006,-1.0769999999999982,13.633,1,1,amplifier_degradation,4
R10-AZ,2026-09-01 07:54:00,-8.797500000000007,0.0510000000000179,14.32,1,1,amplifier_degradation,4
R10-AZ,2026-09-01 07:56:00,-8.704000000000002,0.0110000000000134,14.758,1,1,amplifier_degradation,4
R10-AZ,2026-09-01 07:58:00,-8.17500000000001,0.670000000000007,15.546,1,1,amplifier_degradation,4
R10-AZ,2026-09-01 08:00:00,-8.609000000000005,0.0440000000000058,14.285,1,1,amplifier_degradation,4
R10-AZ,2026-09-01 08:02:00,-8.445000000000002,-0.0705000000000044,14.111,1,1,amplifier_degradation,4
R10-AZ,2026-09-01 08:04:00,-8.810999999999998,1.4490000000000034,15.133,1,1,amplifier_degradation,4
R10-AZ,2026-09-01 08:06:00,-1.318000000000012,1.7330000000000112,19.843,0,0,none,-1
R10-AZ,2026-09-01 08:08:00,-0.9030000000000022,-0.7819999999999965,19.781,0,0,none,-1
R10-AZ,2026-09-01 08:10:00,-0.8620000000000054,0.4290000000000109,19.756,0,0,none,-1
R10-AZ,2026-09-01 08:12:00,-0.973500000000012,-0.8519999999999968,19.73,0,0,none,-1
R10-AZ,2026-09-01 08:14:00,-0.5980000000000079,-0.0889999999999897,19.756,0,0,none,-1
R10-AZ,2026-09-01 08:16:00,-0.4860000000000024,0.9190000000000113,19.484,0,0,none,-1
R10-AZ,2026-09-01 08:18:00,-0.9280000000000044,1.2190000000000047,19.788,0,0,none,-1
R10-AZ,2026-09-01 08:20:00,-0.7689999999999966,-0.3319999999999954,19.588,0,0,none,-1
R10-AZ,2026-09-01 08:22:00,-0.2640000000000047,-0.041999999999998,19.741,0,0,none,-1
R10-AZ,2026-09-01 08:24:00,-1.0720000000000098,-0.6899999999999977,19.584,0,0,none,-1
R10-AZ,2026-09-01 08:26:00,-0.9315000000000088,1.9790000000000096,19.722,0,0,none,-1
R10-AZ,2026-09-01 08:28:00,0.0709999999999944,-0.1314999999999955,19.688,0,0,none,-1
R10-AZ,2026-09-01 08:30:00,-1.143000000000006,0.3140000000000054,19.733,0,0,none,-1
R10-AZ,2026-09-01 08:32:00,-1.273000000000012,0.088000000000008,19.646,0,0,none,-1
R10-AZ,2026-09-01 08:34:00,-0.0709999999999979,0.0905000000000058,19.793,0,0,none,-1
R10-AZ,2026-09-01 08:36:00,-0.7280000000000015,-1.0039999999999978,19.721,0,0,none,-1
R10-AZ,2026-09-01 08:38:00,-0.3116666666666763,-0.1114999999999906,19.741,0,0,none,-1
R10-AZ,2026-09-01 08:40:00,-0.7513333333333367,0.216000000000001,19.756,0,0,fiber_degradation,3
R10-AZ,2026-09-01 08:42:00,-1.1700000000000053,-2.544999999999993,19.06,0,0,fiber_degradation,3
R10-AZ,2026-09-01 08:44:00,-1.0180000000000025,-5.457499999999994,17.096,0,0,fiber_degradation,3
R10-AZ,2026-09-01 08:46:00,-0.2900000000000045,-6.286999999999994,15.961,1,0,fiber_degradation,3
R10-AZ,2026-09-01 08:48:00,-1.086999999999998,-7.325500000000005,14.702,1,1,fiber_degradation,3
R10-AZ,2026-09-01 08:50:00,-1.224499999999999,-9.005999999999988,12.741,1,1,fiber_degradation,3
R10-AZ,2026-09-01 08:52:00,-0.5000000000000071,-12.223999999999998,12.176,1,1,fiber_degradation,3
R10-AZ,2026-09-01 08:54:00,-0.0010000000000012,-12.12999999999999,11.556,1,1,fiber_degradation,3
R10-AZ,2026-09-01 08:56:00,-0.2154999999999987,-10.609,11.824,1,1,fiber_degradation,3
R10-AZ,2026-09-01 08:58:00,-1.3170000000000126,-11.009999999999994,10.978,1,1,fiber_degradation,3
R10-AZ,2026-09-01 09:00:00,-1.5064999999999955,-10.42599999999999,11.467,1,1,fiber_degradation,3
R10-AZ,2026-09-01 09:02:00,-1.2939999999999987,-8.904999999999982,11.446,1,1,fiber_degradation,3
R10-AZ,2026-09-01 09:04:00,-0.7075000000000014,-10.744999999999989,11.398,1,1,fiber_degradation,3
R10-AZ,2026-09-01 09:06:00,-1.852000000000011,-0.2199999999999917,19.715,0,0,none,-1
R10-AZ,2026-09-01 09:08:00,-0.762000000000004,0.2140000000000057,19.757,0,0,none,-1
R10-AZ,2026-09-01 09:10:00,-0.7629999999999981,0.4260000000000037,19.758,0,0,none,-1
R10-AZ,2026-09-01 09:12:00,-0.7639999999999993,0.6380000000000106,19.71,0,0,none,-1
R10-AZ,2026-09-01 09:14:00,-0.4850000000000065,-0.6179999999999968,19.752,0,0,none,-1
R10-AZ,2026-09-01 09:16:00,-1.6560000000000006,-1.0529999999999935,19.577,0,0,none,-1
R10-AZ,2026-09-01 09:18:00,-1.6450000000000085,-0.9359999999999946,19.661,0,0,none,-1
R10-AZ,2026-09-01 09:20:00,0.0539999999999913,0.4610000000000145,19.729,0,0,none,-1
R10-AZ,2026-09-01 09:22:00,-0.7270000000000056,1.5350000000000037,19.806,0,0,none,-1
R10-AZ,2026-09-01 09:24:00,-1.0050000000000008,-1.0449999999999893,19.772,0,0,none,-1
R10-AZ,2026-09-01 09:26:00,-0.4280000000000044,-0.9009999999999928,19.708,0,0,none,-1
R10-AZ,2026-09-01 09:28:00,-0.1844999999999981,-0.247999999999994,19.737,0,0,none,-1
R10-AZ,2026-09-01 09:30:00,-0.8384999999999945,-0.0439999999999898,19.751,0,0,none,-1
R10-AZ,2026-09-01 09:32:00,-0.780999999999997,0.1580000000000136,19.78,0,0,none,-1
R10-AZ,2026-09-01 09:34:00,-1.4159999999999986,-0.3359999999999932,19.725,0,0,none,-1
R10-AZ,2026-09-01 09:36:00,-1.0510000000000002,-1.0589999999999886,19.679,0,0,none,-1
R10-AZ,2026-09-01 09:38:00,-0.5580000000000016,-0.5599999999999916,19.776,0,0,none,-1
R10-AZ,2026-09-01 09:40:00,-0.3400000000000034,0.3200000000000038,19.716,0,0,none,-1
R10-AZ,2026-09-01 09:42:00,-0.1045000000000051,-0.9339999999999886,19.67,0,0,none,-1
R10-AZ,2026-09-01 09:44:00,-0.2260000000000044,-0.4029999999999933,19.721,0,0,none,-1
R10-AZ,2026-09-01 09:46:00,-0.5029999999999983,0.5720000000000169,19.764,0,0,none,-1
R10-AZ,2026-09-01 09:48:00,-1.323500000000001,-0.3729999999999958,19.652,0,0,none,-1
R10-AZ,2026-09-01 09:50:00,-1.1230000000000049,-0.4629999999999956,19.626,0,0,none,-1
R10-AZ,2026-09-01 09:52:00,-1.0864999999999991,-0.2489999999999952,19.755,0,0,none,-1
R10-AZ,2026-09-01 09:54:00,-1.759000000000004,-0.3164999999999924,19.745,0,0,none,-1
R10-AZ,2026-09-01 09:56:00,-0.8200000000000021,-2.243999999999996,19.165,0,0,none,-1
R10-AZ,2026-09-01 09:58:00,-0.911999999999999,-1.0969999999999924,19.62,0,0,none,-1
R10-ZA,2026-09-01 00:00:00,0.2829999999999941,1.4089999999999971,18.731,0,0,none,-1
R10-ZA,2026-09-01 00:02:00,0.0759999999999916,0.7399999999999878,19.518,0,0,none,-1
R10-ZA,2026-09-01 00:04:00,-0.1150000000000091,-0.8760000000000101,19.813,0,0,none,-1
R10-ZA,2026-09-01 00:06:00,0.6334999999999962,-0.3860000000000099,19.538,0,0,none,-1
R10-ZA,2026-09-01 00:08:00,0.0999999999999978,0.6749999999999918,19.772,0,0,none,-1
R10-ZA,2026-09-01 00:10:00,-0.4800000000000022,-0.0600000000000111,19.76,0,0,none,-1
R10-ZA,2026-09-01 00:12:00,-0.6870000000000029,0.2219999999999942,19.791,0,0,none,-1
R10-ZA,2026-09-01 00:14:00,0.0974999999999965,0.5099999999999891,19.465,0,0,none,-1
R10-ZA,2026-09-01 00:16:00,-0.1040000000000063,0.2769999999999974,19.585,0,0,none,-1
R10-ZA,2026-09-01 00:18:00,0.5289999999999964,-1.5040000000000102,20.009,0,0,none,-1
R10-ZA,2026-09-01 00:20:00,-0.779000000000007,-0.368000000000011,19.947,0,0,none,-1
R10-ZA,2026-09-01 00:22:00,-0.3480000000000061,0.2689999999999859,19.806,0,0,none,-1
R10-ZA,2026-09-01 00:24:00,-0.1680000000000028,-0.606000000000007,19.964,0,0,none,-1
R10-ZA,2026-09-01 00:26:00,-0.6689999999999987,-0.0260000000000033,20.125,0,0,none,-1
R10-ZA,2026-09-01 00:28:00,-0.1100000000000065,1.3689999999999962,19.453,0,0,none,-1
R10-ZA,2026-09-01 00:30:00,0.2049999999999983,-0.4250000000000096,19.581,0,0,none,-1
R10-ZA,2026-09-01 00:32:00,0.01799999999999,0.0619999999999922,19.682,0,0,none,-1
R10-ZA,2026-09-01 00:34:00,-0.831999999999999,0.4349999999999951,19.796,0,0,none,-1
R10-ZA,2026-09-01 00:36:00,0.8844999999999867,0.3399999999999927,19.899,0,0,none,-1
R10-ZA,2026-09-01 00:38:00,-0.6090000000000035,0.2754999999999885,19.795,0,0,none,-1
R10-ZA,2026-09-01 00:40:00,-0.802500000000002,-0.7240000000000126,19.902,0,0,none,-1
R10-ZA,2026-09-01 00:42:00,0.5799999999999947,1.4579999999999878,19.171,0,0,none,-1
R10-ZA,2026-09-01 00:44:00,-0.1655000000000068,0.1394999999999875,19.606,0,0,amplifier_degradation,12
R10-ZA,2026-09-01 00:46:00,-1.3010000000000073,-0.595000000000006,19.968,0,0,amplifier_degradation,12
R10-ZA,2026-09-01 00:48:00,-1.1370000000000058,-0.6615000000000038,19.775,0,0,amplifier_degradation,12
R10-ZA,2026-09-01 00:50:00,-2.54900000000001,-0.2920000000000087,19.652,0,0,amplifier_degradation,12
R10-ZA,2026-09-01 00:52:00,-4.124333333333336,-0.9440000000000062,19.591,0,0,amplifier_degradation,12
R10-ZA,2026-09-01 00:54:00,-4.292166666666667,-0.2560000000000144,19.371,0,0,amplifier_degradation,12
R10-ZA,2026-09-01 00:56:00,-4.709000000000003,-1.208000000000009,18.306,0,0,amplifier_degradation,12
R10-ZA,2026-09-01 00:58:00,-5.080999999999998,0.9959999999999845,18.95,0,0,amplifier_degradation,12
R10-ZA,2026-09-01 01:00:00,-4.888000000000004,0.6119999999999983,18.966,0,0,amplifier_degradation,12
R10-ZA,2026-09-01 01:02:00,-4.516000000000009,1.1264999999999894,19.286,0,0,amplifier_degradation,12
R10-ZA,2026-09-01 01:04:00,-4.448000000000006,-0.922000000000006,19.343,0,0,amplifier_degradation,12
R10-ZA,2026-09-01 01:06:00,-4.155999999999999,-1.014000000000003,18.874,0,0,amplifier_degradation,12
R10-ZA,2026-09-01 01:08:00,-4.850000000000007,-1.0805000000000096,18.392,0,0,amplifier_degradation,12
R10-ZA,2026-09-01 01:10:00,-0.0540000000000073,-0.2680000000000042,19.88,0,0,none,-1
R10-ZA,2026-09-01 01:12:00,0.2399999999999984,-1.385000000000009,19.943,0,0,none,-1
R10-ZA,2026-09-01 01:14:00,0.3659999999999996,0.2029999999999905,19.787,0,0,none,-1
R10-ZA,2026-09-01 01:16:00,-0.0380000000000091,-0.3510000000000097,19.719,0,0,none,-1
R10-ZA,2026-09-01 01:18:00,0.4719999999999906,-40.43900000000001,-11.678,1,1,fiber_cut,14
R10-ZA,2026-09-01 01:20:00,-0.3500000000000014,-40.9285,-12.716,1,1,fiber_cut,14
R10-ZA,2026-09-01 01:22:00,-0.2080000000000001,-40.16950000000002,-11.674,1,1,fiber_cut,14
R10-ZA,2026-09-01 01:24:00,0.0279999999999969,-40.00000000000001,-11.112,1,1,fiber_cut,14
R10-ZA,2026-09-01 01:26:00,0.1939999999999937,-40.754000000000005,-12.199,1,1,fiber_cut,14
R10-ZA,2026-09-01 01:28:00,0.3329999999999966,-41.41450000000002,-12.257,1,1,fiber_cut,14
R10-ZA,2026-09-01 01:30:00,0.1409999999999893,-0.5410000000000128,19.796,0,0,none,-1
R10-ZA,2026-09-01 01:32:00,0.737999999999996,-0.1405000000000118,19.911,0,0,none,-1
R10-ZA,2026-09-01 01:34:00,0.2369999999999983,0.1839999999999904,19.676,0,0,none,-1
R10-ZA,2026-09-01 01:36:00,0.4849999999999959,0.2279999999999962,19.761,0,0,none,-1
R10-ZA,2026-09-01 01:38:00,-0.3650000000000108,-1.570000000000011,19.996,0,0,none,-1
R10-ZA,2026-09-01 01:40:00,-0.1130000000000031,0.1099999999999852,19.561,0,0,none,-1
R10-ZA,2026-09-01 01:42:00,0.43949999999999,0.6154999999999902,19.872,0,0,none,-1
R10-ZA,2026-09-01 01:44:00,-0.0829999999999984,-1.9120000000000117,19.839,0,0,none,-1
R10-ZA,2026-09-01 01:46:00,0.155999999999997,-1.079000000000006,19.925,0,0,none,-1
R10-ZA,2026-09-01 01:48:00,-0.4380000000000041,-0.460000000000015,19.55,0,0,none,-1
R10-ZA,2026-09-01 01:50:00,0.0349999999999948,-0.5510000000000055,19.472,0,0,none,-1
R10-ZA,2026-09-01 01:52:00,0.2839999999999953,-1.1210000000000075,19.835,0,0,none,-1
R10-ZA,2026-09-01 01:54:00,-0.2216666666666693,-0.1890000000000089,19.613,0,0,none,-1
R10-ZA,2026-09-01 01:56:00,0.0356666666666587,-0.3440000000000136,20.011,0,0,none,-1
R10-ZA,2026-09-01 01:58:00,0.3999999999999879,-0.9730000000000096,20.006,0,0,none,-1
R10-ZA,2026-09-01 02:00:00,0.1585,-0.7480000000000135,19.901,0,0,none,-1
R10-ZA,2026-09-01 02:02:00,0.3409999999999922,-1.665000000000008,19.92,0,0,none,-1
R10-ZA,2026-09-01 02:04:00,0.6449999999999907,-0.9700000000000042,19.454,0,0,none,-1
R10-ZA,2026-09-01 02:06:00,0.8640000000000008,-0.8860000000000081,19.831,0,0,none,-1
R10-ZA,2026-09-01 02:08:00,-0.1000000000000032,-0.7960000000000118,19.634,0,0,none,-1
R10-ZA,2026-09-01 02:10:00,-1.1810000000000027,0.8059999999999885,20.014,0,0,none,-1
R10-ZA,2026-09-01 02:12:00,0.6129999999999995,-0.711000000000011,19.889,0,0,none,-1
R10-ZA,2026-09-01 02:14:00,0.0800000000000018,-1.8569999999999995,19.977,0,0,none,-1
R10-ZA,2026-09-01 02:16:00,0.2789999999999981,-1.1380000000000088,19.528,0,0,none,-1
R10-ZA,2026-09-01 02:18:00,0.9759999999999992,0.1514999999999933,19.277,0,0,none,-1
R10-ZA,2026-09-01 02:20:00,0.9409999999999918,-0.8730000000000047,19.682,0,0,none,-1
R10-ZA,2026-09-01 02:22:00,-0.3530000000000122,-0.961000000000004,19.994,0,0,none,-1
R10-ZA,2026-09-01 02:24:00,-0.602999999999998,-1.9795000000000087,19.982,0,0,none,-1
R10-ZA,2026-09-01 02:26:00,0.0919999999999934,-0.9730000000000096,20.061,0,0,none,-1
R10-ZA,2026-09-01 02:28:00,0.5069999999999979,-1.4300000000000086,19.858,0,0,none,-1
R10-ZA,2026-09-01 02:30:00,-1.2690000000000057,-1.0930000000000106,19.942,0,0,none,-1
R10-ZA,2026-09-01 02:32:00,0.1564999999999923,-1.2219999999999995,19.952,0,0,fiber_degradation,15
R10-ZA,2026-09-01 02:34:00,0.2710000000000025,-1.3630000000000084,19.757,0,0,fiber_degradation,15
R10-ZA,2026-09-01 02:36:00,-0.1980000000000057,-2.5290000000000017,19.837,0,0,fiber_degradation,15
R10-ZA,2026-09-01 02:38:00,-0.4120000000000026,-4.350500000000011,19.642,0,0,fiber_degradation,15
R10-ZA,2026-09-01 02:40:00,0.8629999999999978,-4.356000000000009,19.511,0,0,fiber_degradation,15
R10-ZA,2026-09-01 02:42:00,0.6129999999999995,-6.303999999999999,19.447,0,0,fiber_degradation,15
R10-ZA,2026-09-01 02:44:00,0.4829999999999987,-3.8650000000000126,19.199,0,0,fiber_degradation,15
R10-ZA,2026-09-01 02:46:00,-0.1096666666666728,-6.435000000000009,18.857,0,0,fiber_degradation,15
R10-ZA,2026-09-01 02:48:00,0.1256666666666692,-4.81750000000001,18.96,0,0,fiber_degradation,15
R10-ZA,2026-09-01 02:50:00,0.653999999999991,-5.869000000000003,18.764,0,0,fiber_degradation,15
R10-ZA,2026-09-01 02:52:00,-0.0310000000000147,-6.662000000000006,18.491,0,0,fiber_degradation,15
R10-ZA,2026-09-01 02:54:00,0.1409999999999875,-9.55500000000001,17.426,1,1,fiber_degradation,15
R10-ZA,2026-09-01 02:56:00,0.0589999999999975,-8.322000000000006,18.187,1,1,fiber_degradation,15
R10-ZA,2026-09-01 02:58:00,-0.1949999999999967,-9.130000000000011,17.157,1,1,fiber_degradation,15
R10-ZA,2026-09-01 03:00:00,-0.6290000000000013,-9.122000000000014,17.043,1,1,fiber_degradation,15
R10-ZA,2026-09-01 03:02:00,0.5209999999999972,-8.873000000000008,17.174,1,1,fiber_degradation,15
R10-ZA,2026-09-01 03:04:00,-0.0850000000000026,-10.872000000000003,16.434,1,1,fiber_degradation,15
R10-ZA,2026-09-01 03:06:00,0.3549999999999986,-11.400000000000006,15.648,1,1,fiber_degradation,15
R10-ZA,2026-09-01 03:08:00,-0.0059999999999948,-11.394500000000008,15.325,1,1,fiber_degradation,15
R10-ZA,2026-09-01 03:10:00,0.2884999999999937,-12.49900000000001,15.088,1,1,fiber_degradation,15
R10-ZA,2026-09-01 03:12:00,0.2079999999999948,-12.729000000000005,14.419,1,1,fiber_degradation,15
R10-ZA,2026-09-01 03:14:00,0.534499999999996,-13.626,14.706,1,1,fiber_degradation,15
R10-ZA,2026-09-01 03:16:00,1.0839999999999923,-13.565000000000005,14.809,1,1,fiber_degradation,15
R10-ZA,2026-09-01 03:18:00,0.5579999999999998,-13.156500000000008,14.982,1,1,fiber_degradation,15
R10-ZA,2026-09-01 03:20:00,0.4120000000000008,-13.208000000000007,14.994,1,1,fiber_degradation,15
R10-ZA,2026-09-01 03:22:00,0.722999999999999,-13.54700000000001,14.624,1,1,fiber_degradation,15
R10-ZA,2026-09-01 03:24:00,-0.0960000000000071,-13.338500000000009,14.332,1,1,fiber_degradation,15
R10-ZA,2026-09-01 03:26:00,-0.9150000000000064,-13.130000000000006,14.302,1,1,fiber_degradation,15
R10-ZA,2026-09-01 03:28:00,-0.2229999999999989,-12.415000000000008,14.531,1,1,fiber_degradation,15
R10-ZA,2026-09-01 03:30:00,0.2309999999999927,-12.876,14.278,1,1,fiber_degradation,15
R10-ZA,2026-09-01 03:32:00,-0.0920000000000005,-13.974000000000006,13.871,1,1,fiber_degradation,15
R10-ZA,2026-09-01 03:34:00,-0.2240000000000037,-13.743500000000004,14.29,1,1,fiber_degradation,15
R10-ZA,2026-09-01 03:36:00,0.1389999999999922,-12.683500000000016,13.825,1,1,fiber_degradation,15
R10-ZA,2026-09-01 03:38:00,1.6249999999999982,-13.042500000000013,15.24,1,1,fiber_degradation,15
R10-ZA,2026-09-01 03:40:00,-0.4114999999999984,-14.368000000000007,13.802,1,1,fiber_degradation,15
R10-ZA,2026-09-01 03:42:00,-0.5440000000000111,-13.455000000000007,14.512,1,1,fiber_degradation,15
R10-ZA,2026-09-01 03:44:00,0.1379999999999928,-13.059000000000012,14.524,1,1,fiber_degradation,15
R10-ZA,2026-09-01 03:46:00,0.2014999999999922,-13.204000000000006,14.616,1,1,fiber_degradation,15
R10-ZA,2026-09-01 03:48:00,0.1489999999999991,-1.2420000000000115,19.907,0,0,none,-1
R10-ZA,2026-09-01 03:50:00,-0.4610000000000021,-1.145000000000007,19.954,0,0,none,-1
R10-ZA,2026-09-01 03:52:00,-0.610000000000003,-0.6850000000000112,19.954,0,0,none,-1
R10-ZA,2026-09-01 03:54:00,-0.2629999999999981,-0.7850000000000019,19.824,0,0,none,-1
R10-ZA,2026-09-01 03:56:00,-0.2370000000000018,-1.418000000000008,19.93,0,0,none,-1
R10-ZA,2026-09-01 03:58:00,1.0019999999999882,0.0889999999999933,19.957,0,0,none,-1
R10-ZA,2026-09-01 04:00:00,0.3909999999999893,-2.450000000000008,20.005,0,0,none,-1
R10-ZA,2026-09-01 04:02:00,-0.1060000000000069,-1.6290000000000049,19.989,0,0,none,-1
R10-ZA,2026-09-01 04:04:00,-0.883000000000008,0.2559999999999913,19.781,0,0,none,-1
R10-ZA,2026-09-01 04:06:00,-0.0920000000000058,-0.9860000000000078,19.98,0,0,none,-1
R10-ZA,2026-09-01 04:08:00,0.4160000000000003,-0.050000000000006,19.971,0,0,none,-1
R10-ZA,2026-09-01 04:10:00,0.2270000000000003,-1.237000000000009,19.783,0,0,none,-1
R10-ZA,2026-09-01 04:12:00,1.017000000000003,-1.3690000000000069,19.57,0,0,none,-1
R10-ZA,2026-09-01 04:14:00,-0.5440000000000023,-2.2230000000000096,20.015,0,0,none,-1
R10-ZA,2026-09-01 04:16:00,-0.4890000000000043,-1.039000000000014,20.081,0,0,none,-1
R10-ZA,2026-09-01 04:18:00,-0.3940000000000019,-1.4910000000000068,20.095,0,0,none,-1
R10-ZA,2026-09-01 04:20:00,0.1039999999999903,-1.0510000000000037,20.002,0,0,none,-1
R10-ZA,2026-09-01 04:22:00,0.9479999999999932,-0.8490000000000144,19.764,0,0,none,-1
R10-ZA,2026-09-01 04:24:00,0.6519999999999939,-0.4570000000000096,19.421,0,0,none,-1
R10-ZA,2026-09-01 04:26:00,0.425999999999993,1.08199999999999,19.651,0,0,none,-1
R10-ZA,2026-09-01 04:28:00,0.0359999999999942,-1.6570000000000125,20.042,0,0,none,-1
R10-ZA,2026-09-01 04:30:00,-0.3190000000000026,-0.7440000000000175,20.117,0,0,none,-1
R10-ZA,2026-09-01 04:32:00,-0.1740000000000048,-1.6510000000000105,20.027,0,0,none,-1
R10-ZA,2026-09-01 04:34:00,0.8509999999999955,-1.7845000000000102,19.658,0,0,none,-1
R10-ZA,2026-09-01 04:36:00,0.1320000000000014,-1.1340000000000128,19.944,0,0,none,-1
R10-ZA,2026-09-01 04:38:00,0.1805000000000021,-2.853000000000007,19.965,0,0,none,-1
R10-ZA,2026-09-01 04:40:00,0.2649999999999988,-2.7030000000000154,19.998,0,0,none,-1
R10-ZA,2026-09-01 04:42:00,0.7859999999999889,-2.039000000000001,19.984,0,0,none,-1
R10-ZA,2026-09-01 04:44:00,0.4929999999999968,-1.7950000000000124,19.631,0,0,none,-1
R10-ZA,2026-09-01 04:46:00,-0.8380000000000063,-1.5830000000000144,19.974,0,0,none,-1
R10-ZA,2026-09-01 04:48:00,-0.1835000000000075,-0.4620000000000122,20.015,0,0,none,-1
R10-ZA,2026-09-01 04:50:00,0.0429999999999886,-1.4740000000000162,19.997,0,0,none,-1
R10-ZA,2026-09-01 04:52:00,-0.2029999999999976,-1.5730000000000075,19.976,0,0,none,-1
R10-ZA,2026-09-01 04:54:00,0.2649999999999881,-0.4525000000000077,19.848,0,0,none,-1
R10-ZA,2026-09-01 04:56:00,-0.3940000000000001,-0.7700000000000049,19.887,0,0,none,-1
R10-ZA,2026-09-01 04:58:00,-0.5060000000000091,-0.4435000000000073,20.045,0,0,none,-1
R10-ZA,2026-09-01 05:00:00,-0.4045000000000129,-1.9420000000000128,19.995,0,0,none,-1
R10-ZA,2026-09-01 05:02:00,-0.7310000000000105,-1.2740000000000062,19.912,0,0,none,-1
R10-ZA,2026-09-01 05:04:00,0.2429999999999932,-0.1240000000000041,19.929,0,0,none,-1
R10-ZA,2026-09-01 05:06:00,-0.1570000000000053,-1.8580000000000092,20.07,0,0,none,-1
R10-ZA,2026-09-01 05:08:00,1.1919999999999966,-1.111000000000006,20.042,0,0,fiber_degradation,12
R10-ZA,2026-09-01 05:10:00,0.8089999999999922,-2.42400000000001,19.883,0,0,fiber_degradation,12
R10-ZA,2026-09-01 05:12:00,0.690999999999999,-3.7610000000000063,19.794,0,0,fiber_degradation,12
R10-ZA,2026-09-01 05:14:00,1.424999999999999,-4.4580000000000055,19.512,0,0,fiber_degradation,12
R10-ZA,2026-09-01 05:16:00,0.5914999999999981,-4.277000000000012,19.292,0,0,fiber_degradation,12
R10-ZA,2026-09-01 05:18:00,0.9169999999999964,-3.730000000000013,19.285,0,0,fiber_degradation,12
R10-ZA,2026-09-01 05:20:00,1.1279999999999983,-6.837000000000007,18.591,0,0,fiber_degradation,12
R10-ZA,2026-09-01 05:22:00,0.7199999999999953,-7.486000000000006,17.706,1,0,fiber_degradation,12
R10-ZA,2026-09-01 05:24:00,0.9629999999999992,-9.166000000000007,17.253,1,1,fiber_degradation,12
R10-ZA,2026-09-01 05:26:00,1.2319999999999975,-9.541,16.72,1,1,fiber_degradation,12
R10-ZA,2026-09-01 05:28:00,1.9795,-11.341000000000006,16.114,1,1,fiber_degradation,12
R10-ZA,2026-09-01 05:30:00,1.633999999999995,-11.538000000000006,15.367,1,1,fiber_degradation,12
R10-ZA,2026-09-01 05:32:00,2.078499999999988,-12.021000000000011,14.777,1,1,fiber_degradation,12
R10-ZA,2026-09-01 05:34:00,1.7124999999999986,-11.32200000000001,15.271,1,1,fiber_degradation,12
R10-ZA,2026-09-01 05:36:00,1.3229999999999968,-11.862000000000007,14.196,1,1,fiber_degradation,12
R10-ZA,2026-09-01 05:38:00,1.0684999999999896,-12.165500000000003,14.799,1,1,fiber_degradation,12
R10-ZA,2026-09-01 05:40:00,1.4669999999999934,-11.891000000000012,14.244,1,1,fiber_degradation,12
R10-ZA,2026-09-01 05:42:00,1.2739999999999974,-12.157,14.381,1,1,fiber_degradation,12
R10-ZA,2026-09-01 05:44:00,0.5859999999999932,-13.230000000000006,13.481,1,1,fiber_degradation,12
R10-ZA,2026-09-01 05:46:00,1.451499999999994,-12.546999999999995,14.968,1,1,fiber_degradation,12
R10-ZA,2026-09-01 05:48:00,0.0179999999999935,-12.280000000000012,14.2,1,1,fiber_degradation,12
R10-ZA,2026-09-01 05:50:00,1.991999999999992,-10.814000000000004,15.557,1,1,fiber_degradation,12
R10-ZA,2026-09-01 05:52:00,0.9359999999999982,-12.765000000000011,13.759,1,1,fiber_degradation,12
R10-ZA,2026-09-01 05:54:00,-0.3060000000000045,-0.3430000000000071,20.021,0,0,none,-1
R10-ZA,2026-09-01 05:56:00,0.4229999999999929,-1.371000000000011,20.076,0,0,none,-1
R10-ZA,2026-09-01 05:58:00,0.0470000000000006,-0.2260000000000062,19.773,0,0,none,-1
R10-ZA,2026-09-01 06:00:00,-0.0880000000000009,-1.2640000000000082,20.01,0,0,none,-1
R10-ZA,2026-09-01 06:02:00,0.5089999999999932,-1.044000000000004,20.021,0,0,none,-1
R10-ZA,2026-09-01 06:04:00,-0.4590000000000067,-0.2340000000000124,19.763,0,0,none,-1
R10-ZA,2026-09-01 06:06:00,0.9679999999999982,1.2969999999999953,19.388,0,0,none,-1
R10-ZA,2026-09-01 06:08:00,-0.2320000000000082,0.2719999999999878,19.48,0,0,none,-1
R10-ZA,2026-09-01 06:10:00,0.2959999999999976,0.426999999999996,19.215,0,0,none,-1
R10-ZA,2026-09-01 06:12:00,-0.0370000000000043,0.1359999999999903,20.011,0,0,none,-1
R10-ZA,2026-09-01 06:14:00,0.779999999999994,-0.0860000000000003,19.487,0,0,none,-1
R10-ZA,2026-09-01 06:16:00,0.2120000000000068,-0.4720000000000102,19.68,0,0,none,-1
R10-ZA,2026-09-01 06:18:00,0.9579999999999966,0.2439999999999909,19.252,0,0,none,-1
R10-ZA,2026-09-01 06:20:00,1.3659999999999837,0.5919999999999952,19.577,0,0,none,-1
R10-ZA,2026-09-01 06:22:00,0.1479999999999979,-0.8530000000000086,19.751,0,0,none,-1
R10-ZA,2026-09-01 06:24:00,0.9650000000000016,0.2989999999999888,19.858,0,0,none,-1
R10-ZA,2026-09-01 06:26:00,1.2560000000000056,-0.035000000000009,19.366,0,0,none,-1
R10-ZA,2026-09-01 06:28:00,-0.4950000000000027,0.9179999999999976,19.571,0,0,none,-1
R10-ZA,2026-09-01 06:30:00,0.6879999999999882,-0.3070000000000092,19.467,0,0,none,-1
R10-ZA,2026-09-01 06:32:00,0.5829999999999931,0.785999999999996,18.999,0,0,none,-1
R10-ZA,2026-09-01 06:34:00,-0.3250000000000028,1.4249999999999885,19.595,0,0,none,-1
R10-ZA,2026-09-01 06:36:00,0.6509999999999909,0.1819999999999968,19.797,0,0,none,-1
R10-ZA,2026-09-01 06:38:00,-0.6730000000000089,-0.8140000000000178,19.622,0,0,none,-1
R10-ZA,2026-09-01 06:40:00,0.3655000000000026,0.4669999999999934,19.367,0,0,none,-1
R10-ZA,2026-09-01 06:42:00,0.5469999999999917,-0.0130000000000105,19.36,0,0,none,-1
R10-ZA,2026-09-01 06:44:00,-0.1320000000000085,-0.7600000000000033,19.95,0,0,none,-1
R10-ZA,2026-09-01 06:46:00,0.6119999999999859,0.3789999999999889,19.201,0,0,none,-1
R10-ZA,2026-09-01 06:48:00,0.0350000000000019,-0.5390000000000104,19.989,0,0,none,-1
R10-ZA,2026-09-01 06:50:00,-0.0200000000000049,0.6684999999999945,19.927,0,0,none,-1
R10-ZA,2026-09-01 06:52:00,0.3399999999999963,0.8610000000000042,19.132,0,0,none,-1
R10-ZA,2026-09-01 06:54:00,-0.3395000000000028,0.1974999999999962,19.516,0,0,none,-1
R10-ZA,2026-09-01 06:56:00,-0.3250000000000064,-1.1500000000000077,19.984,0,0,none,-1
R10-ZA,2026-09-01 06:58:00,0.799000000000003,0.7759999999999927,19.036,0,0,none,-1
R10-ZA,2026-09-01 07:00:00,0.0234999999999878,0.4199999999999981,19.485,0,0,none,-1
R10-ZA,2026-09-01 07:02:00,0.1229999999999975,-0.2950000000000035,19.823,0,0,none,-1
R10-ZA,2026-09-01 07:04:00,-0.1600000000000108,1.0689999999999884,19.886,0,0,none,-1
R10-ZA,2026-09-01 07:06:00,-0.1815000000000033,1.234999999999987,19.441,0,0,none,-1
R10-ZA,2026-09-01 07:08:00,0.2629999999999945,0.2859999999999871,19.545,0,0,none,-1
R10-ZA,2026-09-01 07:10:00,-1.474000000000002,-1.3050000000000068,19.966,0,0,none,-1
R10-ZA,2026-09-01 07:12:00,0.2779999999999916,0.7449999999999903,19.646,0,0,none,-1
R10-ZA,2026-09-01 07:14:00,0.4879999999999924,0.9629999999999974,19.421,0,0,none,-1
R10-ZA,2026-09-01 07:16:00,-0.0020000000000042,1.1249999999999876,19.541,0,0,none,-1
R10-ZA,2026-09-01 07:18:00,0.9569999999999884,-0.2590000000000039,19.763,0,0,none,-1
R10-ZA,2026-09-01 07:20:00,0.4350000000000005,0.2609999999999957,19.231,0,0,none,-1
R10-ZA,2026-09-01 07:22:00,-0.206000000000003,-0.5350000000000108,19.836,0,0,none,-1
R10-ZA,2026-09-01 07:24:00,-0.2380000000000031,1.874999999999995,19.141,0,0,none,-1
R10-ZA,2026-09-01 07:26:00,0.2139999999999897,1.2274999999999974,19.173,0,0,none,-1
R10-ZA,2026-09-01 07:28:00,-1.2390000000000043,1.025999999999991,19.805,0,0,none,-1
R10-ZA,2026-09-01 07:30:00,-0.2435000000000045,1.3729999999999922,19.655,0,0,none,-1
R10-ZA,2026-09-01 07:32:00,-0.1615000000000037,0.9000000000000004,19.838,0,0,none,-1
R10-ZA,2026-09-01 07:34:00,-0.3980000000000068,-40.70400000000001,-11.38,1,1,fiber_cut,16
R10-ZA,2026-09-01 07:36:00,0.0569999999999968,-38.74200000000001,-9.931,1,1,fiber_cut,16
R10-ZA,2026-09-01 07:38:00,0.0759999999999951,-39.61600000000001,-10.608,1,1,fiber_cut,16
R10-ZA,2026-09-01 07:40:00,0.589999999999991,-38.80050000000001,-9.653,1,1,fiber_cut,16
R10-ZA,2026-09-01 07:42:00,0.0609999999999928,-39.139,-10.248,1,1,fiber_cut,16
R10-ZA,2026-09-01 07:44:00,-0.6430000000000042,-38.83400000000001,-10.126,1,1,fiber_cut,16
R10-ZA,2026-09-01 07:46:00,-0.2590000000000074,-39.017,-9.692,1,1,fiber_cut,16
R10-ZA,2026-09-01 07:48:00,0.6280000000000001,-38.781000000000006,-9.6,1,1,fiber_cut,16
R10-ZA,2026-09-01 07:50:00,-0.1490000000000044,-39.36000000000001,-10.106,1,1,fiber_cut,16
R10-ZA,2026-09-01 07:52:00,-0.1140000000000007,-39.77400000000001,-10.265,1,1,fiber_cut,16
R10-ZA,2026-09-01 07:54:00,-0.0300000000000117,-37.59000000000001,-9.706,1,1,fiber_cut,16
R10-ZA,2026-09-01 07:56:00,0.0280000000000004,-38.43400000000001,-9.796,1,1,fiber_cut,16
R10-ZA,2026-09-01 07:58:00,0.6029999999999891,-39.010000000000005,-9.134,1,1,fiber_cut,16
R10-ZA,2026-09-01 08:00:00,-0.2610000000000045,-37.85900000000001,-9.575,1,1,fiber_cut,16
R10-ZA,2026-09-01 08:02:00,0.1559999999999934,-39.13100000000001,-10.02,1,1,fiber_cut,16
R10-ZA,2026-09-01 08:04:00,-0.1860000000000017,-37.409000000000006,-8.763,1,1,fiber_cut,16
R10-ZA,2026-09-01 08:06:00,-0.1710000000000082,-39.304,-11.119,1,1,fiber_cut,16
R10-ZA,2026-09-01 08:08:00,0.1419999999999905,-39.85600000000001,-10.168,1,1,fiber_cut,16
R10-ZA,2026-09-01 08:10:00,-0.0750000000000046,1.5209999999999937,19.502,0,0,none,-1
R10-ZA,2026-09-01 08:12:00,-0.6210000000000111,0.7714999999999925,19.142,0,0,none,-1
R10-ZA,2026-09-01 08:14:00,0.0519999999999978,0.4759999999999937,18.982,0,0,none,-1
R10-ZA,2026-09-01 08:16:00,0.5530000000000008,1.847999999999992,18.657,0,0,none,-1
R10-ZA,2026-09-01 08:18:00,0.6039999999999885,1.1129999999999942,19.208,0,0,none,-1
R10-ZA,2026-09-01 08:20:00,-0.2780000000000076,1.877999999999988,18.675,0,0,none,-1
R10-ZA,2026-09-01 08:22:00,-0.0630000000000006,1.0819999999999863,19.437,0,0,none,-1
R10-ZA,2026-09-01 08:24:00,0.2715000000000032,0.5239999999999867,19.807,0,0,none,-1
R10-ZA,2026-09-01 08:26:00,0.9729999999999954,1.3229999999999933,18.923,0,0,none,-1
R10-ZA,2026-09-01 08:28:00,0.544000000000004,0.4764999999999908,19.527,0,0,none,-1
R10-ZA,2026-09-01 08:30:00,0.1340000000000021,0.7729999999999908,19.275,0,0,none,-1
R10-ZA,2026-09-01 08:32:00,0.3739999999999899,0.7409999999999943,19.514,0,0,none,-1
R10-ZA,2026-09-01 08:34:00,-0.1040000000000116,0.5899999999999928,19.232,0,0,none,-1
R10-ZA,2026-09-01 08:36:00,-0.2440000000000033,1.0179999999999936,19.698,0,0,none,-1
R10-ZA,2026-09-01 08:38:00,-0.6629999999999985,1.7689999999999912,19.789,0,0,none,-1
R10-ZA,2026-09-01 08:40:00,0.7139999999999986,1.069999999999995,18.175,0,0,none,-1
R10-ZA,2026-09-01 08:42:00,-0.2930000000000046,1.9539999999999933,18.996,0,0,none,-1
R10-ZA,2026-09-01 08:44:00,0.2129999999999974,-0.3880000000000088,19.639,0,0,none,-1
R10-ZA,2026-09-01 08:46:00,-0.1550000000000029,-0.9100000000000108,19.633,0,0,none,-1
R10-ZA,2026-09-01 08:48:00,0.5559999999999921,1.2549999999999883,19.237,0,0,none,-1
R10-ZA,2026-09-01 08:50:00,0.520999999999999,1.568999999999992,18.36,0,0,none,-1
R10-ZA,2026-09-01 08:52:00,-0.0205000000000019,1.4809999999999943,18.724,0,0,none,-1
R10-ZA,2026-09-01 08:54:00,0.9329999999999944,-0.4280000000000061,19.997,0,0,none,-1
R10-ZA,2026-09-01 08:56:00,0.3230000000000022,0.0639999999999947,19.816,0,0,none,-1
R10-ZA,2026-09-01 08:58:00,0.7489999999999952,-0.3450000000000059,19.579,0,0,none,-1
R10-ZA,2026-09-01 09:00:00,0.0899999999999963,-0.0475000000000065,19.825,0,0,none,-1
R10-ZA,2026-09-01 09:02:00,0.063500000000003,-0.3190000000000061,19.703,0,0,none,-1
R10-ZA,2026-09-01 09:04:00,0.3559999999999998,0.3520000000000021,19.773,0,0,none,-1
R10-ZA,2026-09-01 09:06:00,0.0329999999999959,1.4889999999999883,18.782,0,0,none,-1
R10-ZA,2026-09-01 09:08:00,-0.4710000000000107,-0.2660000000000107,19.812,0,0,none,-1
R10-ZA,2026-09-01 09:10:00,0.9159999999999916,0.0789999999999899,19.403,0,0,none,-1
R10-ZA,2026-09-01 09:12:00,0.4449999999999967,1.000999999999994,19.241,0,0,none,-1
R10-ZA,2026-09-01 09:14:00,-0.5220000000000073,0.1239999999999845,20.172,0,0,none,-1
R10-ZA,2026-09-01 09:16:00,-0.613999999999999,1.3929999999999954,19.839,0,0,none,-1
R10-ZA,2026-09-01 09:18:00,0.5619999999999976,1.5339999999999936,19.522,0,0,none,-1
R10-ZA,2026-09-01 09:20:00,0.8389999999999951,1.8799999999999937,19.107,0,0,none,-1
R10-ZA,2026-09-01 09:22:00,0.1289999999999924,0.8109999999999911,19.095,0,0,none,-1
R10-ZA,2026-09-01 09:24:00,0.3304999999999864,-0.2895000000000038,18.827,0,0,fiber_degradation,12
R10-ZA,2026-09-01 09:26:00,0.5319999999999965,-1.3900000000000097,19.944,0,0,fiber_degradation,12
R10-ZA,2026-09-01 09:28:00,-0.2210000000000107,-0.1635000000000079,19.73,0,0,fiber_degradation,12
R10-ZA,2026-09-01 09:30:00,-0.2585000000000015,-2.385500000000013,19.897,0,0,fiber_degradation,12
R10-ZA,2026-09-01 09:32:00,-0.5980000000000096,-3.820000000000008,19.492,0,0,fiber_degradation,12
R10-ZA,2026-09-01 09:34:00,0.2719999999999878,-2.844000000000012,19.274,0,0,fiber_degradation,12
R10-ZA,2026-09-01 09:36:00,-0.4180000000000081,-3.940000000000012,19.094,0,0,fiber_degradation,12
R10-ZA,2026-09-01 09:38:00,0.3139999999999983,-7.001500000000014,18.554,0,0,fiber_degradation,12
R10-ZA,2026-09-01 09:40:00,-0.5699999999999967,-5.219000000000008,18.081,0,0,fiber_degradation,12
R10-ZA,2026-09-01 09:42:00,-0.5070000000000014,-6.841000000000005,17.82,0,1,fiber_degradation,12
R10-ZA,2026-09-01 09:44:00,0.6199999999999903,-6.789000000000007,17.955,0,0,fiber_degradation,12
R10-ZA,2026-09-01 09:46:00,0.4049999999999922,-5.763000000000004,18.065,0,0,fiber_degradation,12
R10-ZA,2026-09-01 09:48:00,0.4619999999999926,-6.037000000000006,18.046,0,0,fiber_degradation,12
R10-ZA,2026-09-01 09:50:00,0.2715000000000032,-7.371000000000009,17.601,0,1,fiber_degradation,12
R10-ZA,2026-09-01 09:52:00,0.5944999999999965,-5.73900000000001,17.928,0,0,fiber_degradation,12
R10-ZA,2026-09-01 09:54:00,0.3449999999999917,-7.7650000000000095,17.543,0,1,fiber_degradation,12
R10-ZA,2026-09-01 09:56:00,-0.0510000000000072,-7.155000000000008,17.625,0,1,fiber_degradation,12
R10-ZA,2026-09-01 09:58:00,-0.298,-7.643000000000006,17.534,1,1,fiber_degradation,12
