timestamp,link_id,osnr_db,rx_power_dbm,y,outage,fault_type,fault_span,event_id
2026-09-01 00:00:00,R01-AZ,20.001,0.95,0,0,none,-1,-1
2026-09-01 00:02:00,R01-AZ,19.922,1.13,0,0,none,-1,-1
2026-09-01 00:04:00,R01-AZ,19.935,1.03,0,0,none,-1,-1
2026-09-01 00:06:00,R01-AZ,19.858,1.735,0,0,none,-1,-1
2026-09-01 00:08:00,R01-AZ,19.904,0.447,0,0,none,-1,-1
2026-09-01 00:10:00,R01-AZ,19.905,1.439,0,0,none,-1,-1
2026-09-01 00:12:00,R01-AZ,19.984,0.096,0,0,none,-1,-1
2026-09-01 00:14:00,R01-AZ,20.036,-0.184,0,0,none,-1,-1
2026-09-01 00:16:00,R01-AZ,20.017,0.576,0,0,none,-1,-1
2026-09-01 00:18:00,R01-AZ,19.776,-1.588,0,0,none,-1,-1
2026-09-01 00:20:00,R01-AZ,20.01,0.821,0,0,none,-1,-1
2026-09-01 00:22:00,R01-AZ,20.006,-0.211,0,0,none,-1,-1
2026-09-01 00:24:00,R01-AZ,19.981,-0.742,0,0,none,-1,-1
2026-09-01 00:26:00,R01-AZ,19.991,0.539,0,0,none,-1,-1
2026-09-01 00:28:00,R01-AZ,19.845,0.989,0,0,none,-1,-1
2026-09-01 00:30:00,R01-AZ,19.965,1.031,0,0,none,-1,-1
2026-09-01 00:32:00,R01-AZ,19.959,-0.38,0,0,none,-1,-1
2026-09-01 00:34:00,R01-AZ,19.94,0.479,0,0,none,-1,-1
2026-09-01 00:36:00,R01-AZ,16.682,-8.939,1,0,amplifier_degradation,13,0
2026-09-01 00:38:00,R01-AZ,17.978,-6.349,1,0,amplifier_degradation,13,0
2026-09-01 00:40:00,R01-AZ,16.985,-8.278,1,0,amplifier_degradation,13,0
2026-09-01 00:42:00,R01-AZ,18.037,-6.56,1,0,amplifier_degradation,13,0
2026-09-01 00:44:00,R01-AZ,17.324,-7.87,1,0,amplifier_degradation,13,0
2026-09-01 00:46:00,R01-AZ,18.061,-6.566,1,0,amplifier_degradation,13,0
2026-09-01 00:48:00,R01-AZ,17.27,-8.089,1,0,amplifier_degradation,13,0
2026-09-01 00:50:00,R01-AZ,17.861,-6.547,1,0,amplifier_degradation,13,0
2026-09-01 00:52:00,R01-AZ,17.186,-8.221,1,0,amplifier_degradation,13,0
2026-09-01 00:54:00,R01-AZ,17.671,-7.009,1,0,amplifier_degradation,13,0
2026-09-01 00:56:00,R01-AZ,17.48,-7.8,1,0,amplifier_degradation,13,0
2026-09-01 00:58:00,R01-AZ,17.997,-6.633,1,0,amplifier_degradation,13,0
2026-09-01 01:00:00,R01-AZ,17.336,-7.706,1,0,amplifier_degradation,13,0
2026-09-01 01:02:00,R01-AZ,17.694,-6.767,1,0,amplifier_degradation,13,0
2026-09-01 01:04:00,R01-AZ,17.255,-8.092,1,0,amplifier_degradation,13,0
2026-09-01 01:06:00,R01-AZ,19.909,-1.125,0,0,none,-1,-1
2026-09-01 01:08:00,R01-AZ,19.977,-0.539,0,0,none,-1,-1
2026-09-01 01:10:00,R01-AZ,19.967,0.118,0,0,none,-1,-1
2026-09-01 01:12:00,R01-AZ,19.872,1.378,0,0,none,-1,-1
2026-09-01 01:14:00,R01-AZ,19.354,-2.847,0,0,none,-1,-1
2026-09-01 01:16:00,R01-AZ,20.024,0.205,0,0,none,-1,-1
2026-09-01 01:18:00,R01-AZ,20.018,1.001,0,0,none,-1,-1
2026-09-01 01:20:00,R01-AZ,19.964,-0.656,0,0,none,-1,-1
2026-09-01 01:22:00,R01-AZ,19.894,-0.934,0,0,none,-1,-1
2026-09-01 01:24:00,R01-AZ,19.67,-1.457,0,0,none,-1,-1
2026-09-01 01:26:00,R01-AZ,19.957,-0.662,0,0,none,-1,-1
2026-09-01 01:28:00,R01-AZ,19.959,-0.884,0,0,none,-1,-1
2026-09-01 01:30:00,R01-AZ,19.745,-1.676,0,0,none,-1,-1
2026-09-01 01:32:00,R01-AZ,20.0,-0.449,0,0,none,-1,-1
2026-09-01 01:34:00,R01-AZ,19.962,-0.602,0,0,none,-1,-1
2026-09-01 01:36:00,R01-AZ,19.961,-0.774,0,0,none,-1,-1
2026-09-01 01:38:00,R01-AZ,19.939,-0.754,0,0,none,-1,-1
2026-09-01 01:40:00,R01-AZ,19.87,-1.624,0,0,none,-1,-1
2026-09-01 01:42:00,R01-AZ,19.945,-1.089,0,0,none,-1,-1
2026-09-01 01:44:00,R01-AZ,19.967,-0.758,0,0,none,-1,-1
2026-09-01 01:46:00,R01-AZ,19.947,-0.782,0,0,none,-1,-1
2026-09-01 01:48:00,R01-AZ,20.036,0.449,0,0,none,-1,-1
2026-09-01 01:50:00,R01-AZ,19.776,-2.1,0,0,none,-1,-1
2026-09-01 01:52:00,R01-AZ,19.954,-0.101,0,0,none,-1,-1
2026-09-01 01:54:00,R01-AZ,19.913,-0.842,0,0,none,-1,-1
2026-09-01 01:56:00,R01-AZ,19.74,-0.716,0,0,none,-1,-1
2026-09-01 01:58:00,R01-AZ,19.835,-1.362,0,0,none,-1,-1
2026-09-01 02:00:00,R01-AZ,19.884,-1.339,0,0,none,-1,-1
2026-09-01 02:02:00,R01-AZ,20.026,0.194,0,0,none,-1,-1
2026-09-01 02:04:00,R01-AZ,19.854,-0.683,0,0,none,-1,-1
2026-09-01 02:06:00,R01-AZ,19.756,-1.71,0,0,none,-1,-1
2026-09-01 02:08:00,R01-AZ,19.958,-0.055,0,0,none,-1,-1
2026-09-01 02:10:00,R01-AZ,19.883,-0.875,0,0,none,-1,-1
2026-09-01 02:12:00,R01-AZ,19.904,-0.983,0,0,none,-1,-1
2026-09-01 02:14:00,R01-AZ,19.578,-2.632,0,0,none,-1,-1
2026-09-01 02:16:00,R01-AZ,19.906,-0.176,0,0,none,-1,-1
2026-09-01 02:18:00,R01-AZ,19.757,-1.695,0,0,none,-1,-1
2026-09-01 02:20:00,R01-AZ,19.974,-0.151,0,0,none,-1,-1
2026-09-01 02:22:00,R01-AZ,19.945,-0.519,0,0,none,-1,-1
2026-09-01 02:24:00,R01-AZ,19.883,-1.333,0,0,none,-1,-1
2026-09-01 02:26:00,R01-AZ,19.969,-0.106,0,0,none,-1,-1
2026-09-01 02:28:00,R01-AZ,19.767,-1.101,0,0,none,-1,-1
2026-09-01 02:30:00,R01-AZ,19.974,0.65,0,0,none,-1,-1
2026-09-01 02:32:00,R01-AZ,19.952,0.095,0,0,none,-1,-1
2026-09-01 02:34:00,R01-AZ,19.652,-1.907,0,0,none,-1,-1
2026-09-01 02:36:00,R01-AZ,19.635,-1.396,0,0,none,-1,-1
2026-09-01 02:38:00,R01-AZ,19.95,-0.826,0,0,none,-1,-1
2026-09-01 02:40:00,R01-AZ,19.882,-0.814,0,0,none,-1,-1
2026-09-01 02:42:00,R01-AZ,19.772,-1.68,0,0,none,-1,-1
2026-09-01 02:44:00,R01-AZ,19.985,-0.794,0,0,none,-1,-1
2026-09-01 02:46:00,R01-AZ,-15.557,-41.032,1,1,fiber_cut,10,1
2026-09-01 02:48:00,R01-AZ,-15.094,-40.261,1,1,fiber_cut,10,1
2026-09-01 02:50:00,R01-AZ,-15.976,-40.795,1,1,fiber_cut,10,1
2026-09-01 02:52:00,R01-AZ,-16.15,-41.8,1,1,fiber_cut,10,1
2026-09-01 02:54:00,R01-AZ,-15.57,-41.082,1,1,fiber_cut,10,1
2026-09-01 02:56:00,R01-AZ,-15.672,-41.325,1,1,fiber_cut,10,1
2026-09-01 02:58:00,R01-AZ,-15.601,-41.127,1,1,fiber_cut,10,1
2026-09-01 03:00:00,R01-AZ,-14.444,-39.611,1,1,fiber_cut,10,1
2026-09-01 03:02:00,R01-AZ,-16.233,-41.48,1,1,fiber_cut,10,1
2026-09-01 03:04:00,R01-AZ,-14.759,-39.755,1,1,fiber_cut,10,1
2026-09-01 03:06:00,R01-AZ,-15.402,-40.413,1,1,fiber_cut,10,1
2026-09-01 03:08:00,R01-AZ,-14.874,-39.953,1,1,fiber_cut,10,1
2026-09-01 03:10:00,R01-AZ,-14.648,-40.21,1,1,fiber_cut,10,1
2026-09-01 03:12:00,R01-AZ,-15.09,-40.449,1,1,fiber_cut,10,1
2026-09-01 03:14:00,R01-AZ,-15.789,-41.218,1,1,fiber_cut,10,1
2026-09-01 03:16:00,R01-AZ,-16.031,-41.588,1,1,fiber_cut,10,1
2026-09-01 03:18:00,R01-AZ,-15.504,-40.843,1,1,fiber_cut,10,1
2026-09-01 03:20:00,R01-AZ,-16.045,-41.432,1,1,fiber_cut,10,1
2026-09-01 03:22:00,R01-AZ,19.72,-1.479,0,0,none,-1,-1
2026-09-01 03:24:00,R01-AZ,19.942,0.349,0,0,none,-1,-1
2026-09-01 03:26:00,R01-AZ,19.792,-1.256,0,0,none,-1,-1
2026-09-01 03:28:00,R01-AZ,19.748,-1.588,0,0,none,-1,-1
2026-09-01 03:30:00,R01-AZ,19.858,-1.126,0,0,none,-1,-1
2026-09-01 03:32:00,R01-AZ,19.935,-1.36,0,0,none,-1,-1
2026-09-01 03:34:00,R01-AZ,20.018,0.1,0,0,none,-1,-1
2026-09-01 03:36:00,R01-AZ,19.85,-0.635,0,0,none,-1,-1
2026-09-01 03:38:00,R01-AZ,19.663,-1.481,0,0,none,-1,-1
2026-09-01 03:40:00,R01-AZ,19.835,-0.852,0,0,none,-1,-1
2026-09-01 03:42:00,R01-AZ,20.025,-0.086,0,0,none,-1,-1
2026-09-01 03:44:00,R01-AZ,19.973,0.83,0,0,none,-1,-1
2026-09-01 03:46:00,R01-AZ,19.54,-2.388,0,0,none,-1,-1
2026-09-01 03:48:00,R01-AZ,19.937,-1.021,0,0,none,-1,-1
2026-09-01 03:50:00,R01-AZ,19.895,-0.653,0,0,none,-1,-1
2026-09-01 03:52:00,R01-AZ,19.851,-0.746,0,0,none,-1,-1
2026-09-01 03:54:00,R01-AZ,19.844,-0.86,0,0,none,-1,-1
2026-09-01 03:56:00,R01-AZ,19.925,1.522,0,0,none,-1,-1
2026-09-01 03:58:00,R01-AZ,20.019,0.704,0,0,none,-1,-1
2026-09-01 04:00:00,R01-AZ,19.946,-0.528,0,0,none,-1,-1
2026-09-01 04:02:00,R01-AZ,19.971,-0.282,0,0,none,-1,-1
2026-09-01 04:04:00,R01-AZ,19.903,0.775,0,0,none,-1,-1
2026-09-01 04:06:00,R01-AZ,19.986,-0.632,0,0,none,-1,-1
2026-09-01 04:08:00,R01-AZ,19.888,-1.531,0,0,none,-1,-1
2026-09-01 04:10:00,R01-AZ,19.885,-1.074,0,0,none,-1,-1
2026-09-01 04:12:00,R01-AZ,19.925,-0.756,0,0,none,-1,-1
2026-09-01 04:14:00,R01-AZ,19.938,-0.533,0,0,none,-1,-1
2026-09-01 04:16:00,R01-AZ,19.974,-0.222,0,0,none,-1,-1
2026-09-01 04:18:00,R01-AZ,19.918,-0.704,0,0,none,-1,-1
2026-09-01 04:20:00,R01-AZ,20.025,0.535,0,0,none,-1,-1
2026-09-01 04:22:00,R01-AZ,19.937,0.023,0,0,none,-1,-1
2026-09-01 04:24:00,R01-AZ,-15.859,-40.74,1,1,fiber_cut,9,2
2026-09-01 04:26:00,R01-AZ,-14.728,-39.803,1,1,fiber_cut,9,2
2026-09-01 04:28:00,R01-AZ,-14.256,-39.474,1,1,fiber_cut,9,2
2026-09-01 04:30:00,R01-AZ,-14.715,-39.487,1,1,fiber_cut,9,2
2026-09-01 04:32:00,R01-AZ,-14.149,-38.734,1,1,fiber_cut,9,2
2026-09-01 04:34:00,R01-AZ,19.949,0.408,0,0,none,-1,-1
2026-09-01 04:36:00,R01-AZ,20.015,-0.0,0,0,none,-1,-1
2026-09-01 04:38:00,R01-AZ,19.969,-0.213,0,0,none,-1,-1
2026-09-01 04:40:00,R01-AZ,20.009,0.244,0,0,none,-1,-1
2026-09-01 04:42:00,R01-AZ,20.008,-0.008,0,0,fiber_degradation,10,3
2026-09-01 04:44:00,R01-AZ,19.896,-0.127,0,0,fiber_degradation,10,3
2026-09-01 04:46:00,R01-AZ,19.405,-2.686,0,0,fiber_degradation,10,3
2026-09-01 04:48:00,R01-AZ,18.934,-3.816,0,0,fiber_degradation,10,3
2026-09-01 04:50:00,R01-AZ,17.768,-5.22,0,0,fiber_degradation,10,3
2026-09-01 04:52:00,R01-AZ,15.628,-8.019,1,0,fiber_degradation,10,3
2026-09-01 04:54:00,R01-AZ,15.268,-8.868,1,0,fiber_degradation,10,3
2026-09-01 04:56:00,R01-AZ,14.834,-9.203,1,0,fiber_degradation,10,3
2026-09-01 04:58:00,R01-AZ,14.579,-9.839,1,0,fiber_degradation,10,3
2026-09-01 05:00:00,R01-AZ,14.175,-10.585,1,0,fiber_degradation,10,3
2026-09-01 05:02:00,R01-AZ,14.774,-8.921,1,0,fiber_degradation,10,3
2026-09-01 05:04:00,R01-AZ,15.319,-8.521,1,0,fiber_degradation,10,3
2026-09-01 05:06:00,R01-AZ,20.018,0.22,0,0,none,-1,-1
2026-09-01 05:08:00,R01-AZ,20.002,-0.303,0,0,none,-1,-1
2026-09-01 05:10:00,R01-AZ,19.928,0.984,0,0,none,-1,-1
2026-09-01 05:12:00,R01-AZ,19.969,0.567,0,0,none,-1,-1
2026-09-01 05:14:00,R01-AZ,20.049,0.278,0,0,none,-1,-1
2026-09-01 05:16:00,R01-AZ,19.793,-1.121,0,0,none,-1,-1
2026-09-01 05:18:00,R01-AZ,19.922,1.074,0,0,none,-1,-1
2026-09-01 05:20:00,R01-AZ,19.95,1.867,0,0,none,-1,-1
2026-09-01 05:22:00,R01-AZ,19.934,0.554,0,0,none,-1,-1
2026-09-01 05:24:00,R01-AZ,20.055,0.547,0,0,none,-1,-1
2026-09-01 05:26:00,R01-AZ,20.017,0.138,0,0,none,-1,-1
2026-09-01 05:28:00,R01-AZ,20.042,0.899,0,0,none,-1,-1
2026-09-01 05:30:00,R01-AZ,19.97,0.812,0,0,none,-1,-1
2026-09-01 05:32:00,R01-AZ,19.959,-0.917,0,0,none,-1,-1
2026-09-01 05:34:00,R01-AZ,18.436,-3.792,0,0,amplifier_degradation,7,4
2026-09-01 05:36:00,R01-AZ,19.298,-2.509,0,0,amplifier_degradation,7,4
2026-09-01 05:38:00,R01-AZ,19.3,-1.554,0,0,amplifier_degradation,7,4
2026-09-01 05:40:00,R01-AZ,19.178,-2.844,0,0,amplifier_degradation,7,4
2026-09-01 05:42:00,R01-AZ,18.945,-2.743,0,0,amplifier_degradation,7,4
2026-09-01 05:44:00,R01-AZ,18.893,-3.642,0,0,amplifier_degradation,7,4
2026-09-01 05:46:00,R01-AZ,18.035,-4.575,0,0,amplifier_degradation,7,4
2026-09-01 05:48:00,R01-AZ,18.168,-4.258,0,0,amplifier_degradation,7,4
2026-09-01 05:50:00,R01-AZ,19.076,-2.491,0,0,amplifier_degradation,7,4
2026-09-01 05:52:00,R01-AZ,18.215,-4.719,0,0,amplifier_degradation,7,4
2026-09-01 05:54:00,R01-AZ,18.31,-4.295,0,0,amplifier_degradation,7,4
2026-09-01 05:56:00,R01-AZ,18.835,-3.683,0,0,amplifier_degradation,7,4
2026-09-01 05:58:00,R01-AZ,18.774,-3.029,0,0,amplifier_degradation,7,4
2026-09-01 06:00:00,R01-AZ,18.478,-4.506,0,0,amplifier_degradation,7,4
2026-09-01 06:02:00,R01-AZ,18.436,-4.077,0,0,amplifier_degradation,7,4
2026-09-01 06:04:00,R01-AZ,17.717,-5.472,0,0,amplifier_degradation,7,4
2026-09-01 06:06:00,R01-AZ,18.646,-3.923,0,0,amplifier_degradation,7,4
2026-09-01 06:08:00,R01-AZ,18.489,-3.963,0,0,amplifier_degradation,7,4
2026-09-01 06:10:00,R01-AZ,17.969,-4.594,0,0,amplifier_degradation,7,4
2026-09-01 06:12:00,R01-AZ,19.309,-1.932,0,0,amplifier_degradation,7,4
2026-09-01 06:14:00,R01-AZ,18.907,-2.818,0,0,amplifier_degradation,7,4
2026-09-01 06:16:00,R01-AZ,18.26,-4.579,0,0,amplifier_degradation,7,4
2026-09-01 06:18:00,R01-AZ,17.955,-4.45,0,0,amplifier_degradation,7,4
2026-09-01 06:20:00,R01-AZ,18.64,-2.918,0,0,amplifier_degradation,7,4
2026-09-01 06:22:00,R01-AZ,18.207,-3.935,0,0,amplifier_degradation,7,4
2026-09-01 06:24:00,R01-AZ,18.498,-3.615,0,0,amplifier_degradation,7,4
2026-09-01 06:26:00,R01-AZ,18.907,-3.574,0,0,amplifier_degradation,7,4
2026-09-01 06:28:00,R01-AZ,18.321,-4.506,0,0,amplifier_degradation,7,4
2026-09-01 06:30:00,R01-AZ,18.786,-2.724,0,0,amplifier_degradation,7,4
2026-09-01 06:32:00,R01-AZ,18.432,-3.767,0,0,amplifier_degradation,7,4
2026-09-01 06:34:00,R01-AZ,18.991,-2.367,0,0,amplifier_degradation,7,4
2026-09-01 06:36:00,R01-AZ,19.082,-2.3,0,0,amplifier_degradation,7,4
2026-09-01 06:38:00,R01-AZ,19.119,-2.216,0,0,amplifier_degradation,7,4
2026-09-01 06:40:00,R01-AZ,17.894,-4.73,0,0,amplifier_degradation,7,4
2026-09-01 06:42:00,R01-AZ,19.018,-2.408,0,0,amplifier_degradation,7,4
2026-09-01 06:44:00,R01-AZ,18.59,-3.686,0,0,amplifier_degradation,7,4
2026-09-01 06:46:00,R01-AZ,19.032,-3.133,0,0,amplifier_degradation,7,4
2026-09-01 06:48:00,R01-AZ,17.835,-4.595,0,0,amplifier_degradation,7,4
2026-09-01 06:50:00,R01-AZ,18.662,-3.498,0,0,amplifier_degradation,7,4
2026-09-01 06:52:00,R01-AZ,18.575,-3.936,0,0,amplifier_degradation,7,4
2026-09-01 06:54:00,R01-AZ,18.874,-3.521,0,0,amplifier_degradation,7,4
2026-09-01 06:56:00,R01-AZ,18.652,-4.318,0,0,amplifier_degradation,7,4
2026-09-01 06:58:00,R01-AZ,18.065,-4.786,0,0,amplifier_degradation,7,4
2026-09-01 07:00:00,R01-AZ,18.307,-4.829,0,0,amplifier_degradation,7,4
2026-09-01 07:02:00,R01-AZ,18.356,-4.396,0,0,amplifier_degradation,7,4
2026-09-01 07:04:00,R01-AZ,18.678,-3.642,0,0,amplifier_degradation,7,4
2026-09-01 07:06:00,R01-AZ,17.976,-4.123,0,0,amplifier_degradation,7,4
2026-09-01 07:08:00,R01-AZ,17.894,-5.534,0,0,amplifier_degradation,7,4
2026-09-01 07:10:00,R01-AZ,17.959,-5.24,0,0,amplifier_degradation,7,4
2026-09-01 07:12:00,R01-AZ,18.254,-4.203,0,0,amplifier_degradation,7,4
2026-09-01 07:14:00,R01-AZ,18.412,-4.227,0,0,amplifier_degradation,7,4
2026-09-01 07:16:00,R01-AZ,18.526,-3.683,0,0,amplifier_degradation,7,4
2026-09-01 07:18:00,R01-AZ,18.39,-4.196,0,0,amplifier_degradation,7,4
2026-09-01 07:20:00,R01-AZ,18.242,-4.447,0,0,amplifier_degradation,7,4
2026-09-01 07:22:00,R01-AZ,19.974,0.191,0,0,none,-1,-1
2026-09-01 07:24:00,R01-AZ,20.039,-0.205,0,0,none,-1,-1
2026-09-01 07:26:00,R01-AZ,19.988,0.261,0,0,none,-1,-1
2026-09-01 07:28:00,R01-AZ,19.956,-0.584,0,0,none,-1,-1
2026-09-01 07:30:00,R01-AZ,19.979,-0.799,0,0,none,-1,-1
2026-09-01 07:32:00,R01-AZ,19.998,0.961,0,0,none,-1,-1
2026-09-01 07:34:00,R01-AZ,19.971,-0.276,0,0,none,-1,-1
2026-09-01 07:36:00,R01-AZ,19.744,-1.735,0,0,none,-1,-1
2026-09-01 07:38:00,R01-AZ,19.988,0.418,0,0,none,-1,-1
2026-09-01 07:40:00,R01-AZ,19.912,-0.695,0,0,none,-1,-1
2026-09-01 07:42:00,R01-AZ,15.788,-8.183,1,0,fiber_degradation,9,5
2026-09-01 07:44:00,R01-AZ,16.256,-7.722,1,0,fiber_degradation,9,5
2026-09-01 07:46:00,R01-AZ,15.873,-8.067,1,0,fiber_degradation,9,5
2026-09-01 07:48:00,R01-AZ,15.584,-8.78,1,0,fiber_degradation,9,5
2026-09-01 07:50:00,R01-AZ,15.256,-8.758,1,0,fiber_degradation,9,5
2026-09-01 07:52:00,R01-AZ,16.119,-7.18,1,0,fiber_degradation,9,5
2026-09-01 07:54:00,R01-AZ,16.291,-8.096,1,0,fiber_degradation,9,5
2026-09-01 07:56:00,R01-AZ,15.716,-8.501,1,0,fiber_degradation,9,5
2026-09-01 07:58:00,R01-AZ,16.226,-7.598,1,0,fiber_degradation,9,5
2026-09-01 08:00:00,R01-AZ,15.56,-8.538,1,0,fiber_degradation,9,5
2026-09-01 08:02:00,R01-AZ,15.737,-8.2,1,0,fiber_degradation,9,5
2026-09-01 08:04:00,R01-AZ,15.566,-8.233,1,0,fiber_degradation,9,5
2026-09-01 08:06:00,R01-AZ,15.552,-8.464,1,0,fiber_degradation,9,5
2026-09-01 08:08:00,R01-AZ,16.324,-7.248,1,0,fiber_degradation,9,5
2026-09-01 08:10:00,R01-AZ,19.965,-0.838,0,0,none,-1,-1
2026-09-01 08:12:00,R01-AZ,20.003,-0.258,0,0,none,-1,-1
2026-09-01 08:14:00,R01-AZ,19.958,0.795,0,0,none,-1,-1
2026-09-01 08:16:00,R01-AZ,19.844,-1.113,0,0,none,-1,-1
2026-09-01 08:18:00,R01-AZ,19.96,-0.305,0,0,none,-1,-1
2026-09-01 08:20:00,R01-AZ,19.939,-0.549,0,0,none,-1,-1
2026-09-01 08:22:00,R01-AZ,19.86,-1.017,0,0,none,-1,-1
2026-09-01 08:24:00,R01-AZ,19.884,-0.691,0,0,none,-1,-1
2026-09-01 08:26:00,R01-AZ,19.827,-1.11,0,0,none,-1,-1
2026-09-01 08:28:00,R01-AZ,19.973,-0.412,0,0,none,-1,-1
2026-09-01 08:30:00,R01-AZ,19.928,-0.561,0,0,none,-1,-1
2026-09-01 08:32:00,R01-AZ,19.981,-0.276,0,0,none,-1,-1
2026-09-01 08:34:00,R01-AZ,19.954,-0.863,0,0,none,-1,-1
2026-09-01 08:36:00,R01-AZ,19.941,-1.369,0,0,none,-1,-1
2026-09-01 08:38:00,R01-AZ,19.966,-0.198,0,0,none,-1,-1
2026-09-01 08:40:00,R01-AZ,19.8,-1.58,0,0,none,-1,-1
2026-09-01 08:42:00,R01-AZ,19.749,-1.844,0,0,none,-1,-1
2026-09-01 08:44:00,R01-AZ,19.837,-1.321,0,0,none,-1,-1
2026-09-01 08:46:00,R01-AZ,19.921,-1.11,0,0,none,-1,-1
2026-09-01 08:48:00,R01-AZ,19.987,0.1,0,0,none,-1,-1
2026-09-01 08:50:00,R01-AZ,19.421,-2.677,0,0,none,-1,-1
2026-09-01 08:52:00,R01-AZ,19.903,-0.624,0,0,none,-1,-1
2026-09-01 08:54:00,R01-AZ,19.939,-0.643,0,0,none,-1,-1
2026-09-01 08:56:00,R01-AZ,19.884,-1.186,0,0,none,-1,-1
2026-09-01 08:58:00,R01-AZ,19.405,-2.701,0,0,none,-1,-1
2026-09-01 09:00:00,R01-AZ,19.994,0.155,0,0,none,-1,-1
2026-09-01 09:02:00,R01-AZ,19.834,-1.129,0,0,none,-1,-1
2026-09-01 09:04:00,R01-AZ,19.552,-1.909,0,0,none,-1,-1
2026-09-01 09:06:00,R01-AZ,19.893,-1.218,0,0,none,-1,-1
2026-09-01 09:08:00,R01-AZ,19.926,-0.416,0,0,none,-1,-1
2026-09-01 09:10:00,R01-AZ,19.694,-1.9,0,0,none,-1,-1
2026-09-01 09:12:00,R01-AZ,19.909,-1.058,0,0,none,-1,-1
2026-09-01 09:14:00,R01-AZ,19.955,-0.862,0,0,none,-1,-1
2026-09-01 09:16:00,R01-AZ,12.49,-13.014,1,1,amplifier_degradation,9,6
2026-09-01 09:18:00,R01-AZ,13.064,-12.175,1,0,amplifier_degradation,9,6
2026-09-01 09:20:00,R01-AZ,12.86,-12.317,1,1,amplifier_degradation,9,6
2026-09-01 09:22:00,R01-AZ,12.422,-12.849,1,1,amplifier_degradation,9,6
2026-09-01 09:24:00,R01-AZ,13.19,-11.343,1,0,amplifier_degradation,9,6
2026-09-01 09:26:00,R01-AZ,12.953,-11.768,1,1,amplifier_degradation,9,6
2026-09-01 09:28:00,R01-AZ,12.2,-13.525,1,1,amplifier_degradation,9,6
2026-09-01 09:30:00,R01-AZ,12.656,-12.485,1,1,amplifier_degradation,9,6
2026-09-01 09:32:00,R01-AZ,12.828,-12.287,1,1,amplifier_degradation,9,6
2026-09-01 09:34:00,R01-AZ,12.499,-12.938,1,1,amplifier_degradation,9,6
2026-09-01 09:36:00,R01-AZ,12.121,-13.016,1,1,amplifier_degradation,9,6
2026-09-01 09:38:00,R01-AZ,13.112,-11.905,1,0,amplifier_degradation,9,6
2026-09-01 09:40:00,R01-AZ,13.392,-11.573,1,0,amplifier_degradation,9,6
2026-09-01 09:42:00,R01-AZ,12.043,-12.914,1,1,amplifier_degradation,9,6
2026-09-01 09:44:00,R01-AZ,19.775,-1.688,0,0,none,-1,-1
2026-09-01 09:46:00,R01-AZ,19.809,-1.771,0,0,none,-1,-1
2026-09-01 09:48:00,R01-AZ,19.873,-0.684,0,0,none,-1,-1
2026-09-01 09:50:00,R01-AZ,19.816,-1.337,0,0,none,-1,-1
2026-09-01 09:52:00,R01-AZ,19.635,-2.76,0,0,none,-1,-1
2026-09-01 09:54:00,R01-AZ,19.986,-0.409,0,0,none,-1,-1
2026-09-01 09:56:00,R01-AZ,19.95,-0.58,0,0,none,-1,-1
2026-09-01 09:58:00,R01-AZ,19.951,-0.193,0,0,none,-1,-1
2026-09-01 00:00:00,R01-ZA,19.844,0.563,0,0,none,-1,-1
2026-09-01 00:02:00,R01-ZA,19.72,-0.068,0,0,none,-1,-1
2026-09-01 00:04:00,R01-ZA,20.008,-0.114,0,0,none,-1,-1
2026-09-01 00:06:00,R01-ZA,19.987,-0.428,0,0,none,-1,-1
2026-09-01 00:08:00,R01-ZA,19.374,1.375,0,0,none,-1,-1
2026-09-01 00:10:00,R01-ZA,19.959,0.217,0,0,none,-1,-1
2026-09-01 00:12:00,R01-ZA,19.935,-0.129,0,0,none,-1,-1
2026-09-01 00:14:00,R01-ZA,19.997,-0.277,0,0,none,-1,-1
2026-09-01 00:16:00,R01-ZA,19.955,-0.074,0,0,none,-1,-1
2026-09-01 00:18:00,R01-ZA,19.936,0.963,0,0,none,-1,-1
2026-09-01 00:20:00,R01-ZA,20.053,-1.323,0,0,none,-1,-1
2026-09-01 00:22:00,R01-ZA,19.745,0.997,0,0,none,-1,-1
2026-09-01 00:24:00,R01-ZA,19.735,0.023,0,0,none,-1,-1
2026-09-01 00:26:00,R01-ZA,19.351,1.093,0,0,none,-1,-1
2026-09-01 00:28:00,R01-ZA,19.769,0.667,0,0,none,-1,-1
2026-09-01 00:30:00,R01-ZA,19.951,0.055,0,0,none,-1,-1
2026-09-01 00:32:00,R01-ZA,19.962,-0.291,0,0,none,-1,-1
2026-09-01 00:34:00,R01-ZA,19.806,0.765,0,0,none,-1,-1
2026-09-01 00:36:00,R01-ZA,19.923,-0.963,0,0,none,-1,-1
2026-09-01 00:38:00,R01-ZA,19.189,1.187,0,0,none,-1,-1
2026-09-01 00:40:00,R01-ZA,19.901,0.938,0,0,fiber_degradation,3,0
2026-09-01 00:42:00,R01-ZA,19.938,-1.489,0,0,fiber_degradation,3,0
2026-09-01 00:44:00,R01-ZA,19.18,-3.262,0,0,fiber_degradation,3,0
2026-09-01 00:46:00,R01-ZA,17.919,-4.668,0,0,fiber_degradation,3,0
2026-09-01 00:48:00,R01-ZA,16.218,-6.937,1,0,fiber_degradation,3,0
2026-09-01 00:50:00,R01-ZA,15.547,-7.346,1,0,fiber_degradation,3,0
2026-09-01 00:52:00,R01-ZA,14.245,-8.344,1,0,fiber_degradation,3,0
2026-09-01 00:54:00,R01-ZA,12.64,-9.638,1,1,fiber_degradation,3,0
2026-09-01 00:56:00,R01-ZA,10.39,-12.473,1,1,fiber_degradation,3,0
2026-09-01 00:58:00,R01-ZA,11.184,-11.974,1,1,fiber_degradation,3,0
2026-09-01 01:00:00,R01-ZA,11.019,-11.809,1,1,fiber_degradation,3,0
2026-09-01 01:02:00,R01-ZA,11.295,-11.79,1,1,fiber_degradation,3,0
2026-09-01 01:04:00,R01-ZA,10.451,-12.809,1,1,fiber_degradation,3,0
2026-09-01 01:06:00,R01-ZA,11.484,-11.522,1,1,fiber_degradation,3,0
2026-09-01 01:08:00,R01-ZA,10.851,-12.613,1,1,fiber_degradation,3,0
2026-09-01 01:10:00,R01-ZA,19.016,1.11,0,0,none,-1,-1
2026-09-01 01:12:00,R01-ZA,20.132,-0.543,0,0,none,-1,-1
2026-09-01 01:14:00,R01-ZA,20.014,-0.39,0,0,none,-1,-1
2026-09-01 01:16:00,R01-ZA,19.733,0.777,0,0,none,-1,-1
2026-09-01 01:18:00,R01-ZA,19.546,1.311,0,0,none,-1,-1
2026-09-01 01:20:00,R01-ZA,19.542,1.19,0,0,none,-1,-1
2026-09-01 01:22:00,R01-ZA,18.734,2.306,0,0,none,-1,-1
2026-09-01 01:24:00,R01-ZA,19.733,0.614,0,0,none,-1,-1
2026-09-01 01:26:00,R01-ZA,19.615,1.592,0,0,none,-1,-1
2026-09-01 01:28:00,R01-ZA,19.918,0.231,0,0,none,-1,-1
2026-09-01 01:30:00,R01-ZA,19.482,-0.175,0,0,none,-1,-1
2026-09-01 01:32:00,R01-ZA,19.873,-0.351,0,0,none,-1,-1
2026-09-01 01:34:00,R01-ZA,19.635,1.332,0,0,none,-1,-1
2026-09-01 01:36:00,R01-ZA,18.463,1.972,0,0,none,-1,-1
2026-09-01 01:38:00,R01-ZA,19.026,1.263,0,0,none,-1,-1
2026-09-01 01:40:00,R01-ZA,19.816,0.1,0,0,fiber_degradation,12,1
2026-09-01 01:42:00,R01-ZA,19.778,0.784,0,0,fiber_degradation,12,1
2026-09-01 01:44:00,R01-ZA,19.521,1.08,0,0,fiber_degradation,12,1
2026-09-01 01:46:00,R01-ZA,19.223,0.993,0,0,fiber_degradation,12,1
2026-09-01 01:48:00,R01-ZA,19.837,-1.276,0,0,fiber_degradation,12,1
2026-09-01 01:50:00,R01-ZA,19.841,0.443,0,0,fiber_degradation,12,1
2026-09-01 01:52:00,R01-ZA,19.57,-0.079,0,0,fiber_degradation,12,1
2026-09-01 01:54:00,R01-ZA,19.674,-0.456,0,0,fiber_degradation,12,1
2026-09-01 01:56:00,R01-ZA,19.846,-1.331,0,0,fiber_degradation,12,1
2026-09-01 01:58:00,R01-ZA,19.643,-1.399,0,0,fiber_degradation,12,1
2026-09-01 02:00:00,R01-ZA,19.727,-1.596,0,0,fiber_degradation,12,1
2026-09-01 02:02:00,R01-ZA,19.589,-1.283,0,0,fiber_degradation,12,1
2026-09-01 02:04:00,R01-ZA,19.473,-3.311,0,0,fiber_degradation,12,1
2026-09-01 02:06:00,R01-ZA,19.495,-2.62,0,0,fiber_degradation,12,1
2026-09-01 02:08:00,R01-ZA,19.348,-3.393,0,0,fiber_degradation,12,1
2026-09-01 02:10:00,R01-ZA,19.241,-3.794,0,0,fiber_degradation,12,1
2026-09-01 02:12:00,R01-ZA,19.131,-2.902,0,0,fiber_degradation,12,1
2026-09-01 02:14:00,R01-ZA,18.98,-3.986,0,0,fiber_degradation,12,1
2026-09-01 02:16:00,R01-ZA,18.871,-4.106,0,0,fiber_degradation,12,1
2026-09-01 02:18:00,R01-ZA,19.217,-3.408,0,0,fiber_degradation,12,1
2026-09-01 02:20:00,R01-ZA,19.177,-2.923,0,0,fiber_degradation,12,1
2026-09-01 02:22:00,R01-ZA,18.685,-4.207,0,0,fiber_degradation,12,1
2026-09-01 02:24:00,R01-ZA,18.749,-3.813,0,0,fiber_degradation,12,1
2026-09-01 02:26:00,R01-ZA,18.251,-5.411,0,0,fiber_degradation,12,1
2026-09-01 02:28:00,R01-ZA,18.498,-4.768,0,0,fiber_degradation,12,1
2026-09-01 02:30:00,R01-ZA,18.506,-3.912,0,0,fiber_degradation,12,1
2026-09-01 02:32:00,R01-ZA,18.356,-4.143,0,0,fiber_degradation,12,1
2026-09-01 02:34:00,R01-ZA,17.659,-6.08,1,0,fiber_degradation,12,1
2026-09-01 02:36:00,R01-ZA,17.703,-6.281,1,0,fiber_degradation,12,1
2026-09-01 02:38:00,R01-ZA,18.177,-4.964,0,0,fiber_degradation,12,1
2026-09-01 02:40:00,R01-ZA,18.238,-5.069,0,0,fiber_degradation,12,1
2026-09-01 02:42:00,R01-ZA,18.391,-3.506,0,0,fiber_degradation,12,1
2026-09-01 02:44:00,R01-ZA,18.002,-5.739,0,0,fiber_degradation,12,1
2026-09-01 02:46:00,R01-ZA,17.499,-6.365,1,0,fiber_degradation,12,1
2026-09-01 02:48:00,R01-ZA,17.102,-7.205,1,0,fiber_degradation,12,1
2026-09-01 02:50:00,R01-ZA,18.099,-5.3,0,0,fiber_degradation,12,1
2026-09-01 02:52:00,R01-ZA,17.462,-6.83,1,0,fiber_degradation,12,1
2026-09-01 02:54:00,R01-ZA,17.416,-6.752,1,0,fiber_degradation,12,1
2026-09-01 02:56:00,R01-ZA,17.787,-6.194,1,0,fiber_degradation,12,1
2026-09-01 02:58:00,R01-ZA,18.04,-5.584,0,0,fiber_degradation,12,1
2026-09-01 03:00:00,R01-ZA,17.774,-6.085,1,0,fiber_degradation,12,1
2026-09-01 03:02:00,R01-ZA,18.044,-5.618,0,0,fiber_degradation,12,1
2026-09-01 03:04:00,R01-ZA,17.826,-5.856,0,0,fiber_degradation,12,1
2026-09-01 03:06:00,R01-ZA,18.295,-4.561,0,0,fiber_degradation,12,1
2026-09-01 03:08:00,R01-ZA,18.016,-5.182,0,0,fiber_degradation,12,1
2026-09-01 03:10:00,R01-ZA,17.537,-6.567,1,0,fiber_degradation,12,1
2026-09-01 03:12:00,R01-ZA,18.068,-5.378,0,0,fiber_degradation,12,1
2026-09-01 03:14:00,R01-ZA,18.34,-4.334,0,0,fiber_degradation,12,1
2026-09-01 03:16:00,R01-ZA,18.012,-5.316,0,0,fiber_degradation,12,1
2026-09-01 03:18:00,R01-ZA,19.778,1.117,0,0,none,-1,-1
2026-09-01 03:20:00,R01-ZA,18.635,2.3,0,0,none,-1,-1
2026-09-01 03:22:00,R01-ZA,19.362,2.119,0,0,none,-1,-1
2026-09-01 03:24:00,R01-ZA,19.594,2.125,0,0,none,-1,-1
2026-09-01 03:26:00,R01-ZA,19.167,1.787,0,0,none,-1,-1
2026-09-01 03:28:00,R01-ZA,19.12,2.66,0,0,none,-1,-1
2026-09-01 03:30:00,R01-ZA,19.571,1.735,0,0,none,-1,-1
2026-09-01 03:32:00,R01-ZA,19.505,1.016,0,0,fiber_degradation,16,2
2026-09-01 03:34:00,R01-ZA,19.135,1.0,0,0,fiber_degradation,16,2
2026-09-01 03:36:00,R01-ZA,19.483,0.655,0,0,fiber_degradation,16,2
2026-09-01 03:38:00,R01-ZA,18.883,1.465,0,0,fiber_degradation,16,2
2026-09-01 03:40:00,R01-ZA,19.187,0.883,0,0,fiber_degradation,16,2
2026-09-01 03:42:00,R01-ZA,19.342,-1.088,0,0,fiber_degradation,16,2
2026-09-01 03:44:00,R01-ZA,19.204,-1.076,0,0,fiber_degradation,16,2
2026-09-01 03:46:00,R01-ZA,19.115,-1.965,0,0,fiber_degradation,16,2
2026-09-01 03:48:00,R01-ZA,18.753,-1.299,0,0,fiber_degradation,16,2
2026-09-01 03:50:00,R01-ZA,18.926,-2.201,0,0,fiber_degradation,16,2
2026-09-01 03:52:00,R01-ZA,18.625,-3.351,0,0,fiber_degradation,16,2
2026-09-01 03:54:00,R01-ZA,18.453,-4.223,0,0,fiber_degradation,16,2
2026-09-01 03:56:00,R01-ZA,18.466,-3.848,0,0,fiber_degradation,16,2
2026-09-01 03:58:00,R01-ZA,18.164,-4.409,0,0,fiber_degradation,16,2
2026-09-01 04:00:00,R01-ZA,17.999,-4.98,0,0,fiber_degradation,16,2
2026-09-01 04:02:00,R01-ZA,18.003,-4.503,0,0,fiber_degradation,16,2
2026-09-01 04:04:00,R01-ZA,17.56,-5.033,0,0,fiber_degradation,16,2
2026-09-01 04:06:00,R01-ZA,17.792,-5.938,0,0,fiber_degradation,16,2
2026-09-01 04:08:00,R01-ZA,17.728,-6.343,1,0,fiber_degradation,16,2
2026-09-01 04:10:00,R01-ZA,17.421,-5.985,0,0,fiber_degradation,16,2
2026-09-01 04:12:00,R01-ZA,17.689,-5.909,0,0,fiber_degradation,16,2
2026-09-01 04:14:00,R01-ZA,17.68,-6.495,1,0,fiber_degradation,16,2
2026-09-01 04:16:00,R01-ZA,17.466,-6.961,1,0,fiber_degradation,16,2
2026-09-01 04:18:00,R01-ZA,17.779,-5.845,0,0,fiber_degradation,16,2
2026-09-01 04:20:00,R01-ZA,17.452,-6.829,1,0,fiber_degradation,16,2
2026-09-01 04:22:00,R01-ZA,17.464,-6.515,1,0,fiber_degradation,16,2
2026-09-01 04:24:00,R01-ZA,17.774,-6.418,1,0,fiber_degradation,16,2
2026-09-01 04:26:00,R01-ZA,17.529,-5.936,0,0,fiber_degradation,16,2
2026-09-01 04:28:00,R01-ZA,17.856,-5.823,0,0,fiber_degradation,16,2
2026-09-01 04:30:00,R01-ZA,19.308,1.326,0,0,none,-1,-1
2026-09-01 04:32:00,R01-ZA,19.079,2.277,0,0,none,-1,-1
2026-09-01 04:34:00,R01-ZA,18.781,2.142,0,0,none,-1,-1
2026-09-01 04:36:00,R01-ZA,19.709,1.29,0,0,none,-1,-1
2026-09-01 04:38:00,R01-ZA,19.39,1.367,0,0,fiber_degradation,8,3
2026-09-01 04:40:00,R01-ZA,19.695,1.096,0,0,fiber_degradation,8,3
2026-09-01 04:42:00,R01-ZA,19.877,-0.147,0,0,fiber_degradation,8,3
2026-09-01 04:44:00,R01-ZA,19.882,0.364,0,0,fiber_degradation,8,3
2026-09-01 04:46:00,R01-ZA,19.419,1.294,0,0,fiber_degradation,8,3
2026-09-01 04:48:00,R01-ZA,19.772,1.059,0,0,fiber_degradation,8,3
2026-09-01 04:50:00,R01-ZA,19.95,0.518,0,0,fiber_degradation,8,3
2026-09-01 04:52:00,R01-ZA,19.871,-1.388,0,0,fiber_degradation,8,3
2026-09-01 04:54:00,R01-ZA,19.858,-0.942,0,0,fiber_degradation,8,3
2026-09-01 04:56:00,R01-ZA,19.73,-2.349,0,0,fiber_degradation,8,3
2026-09-01 04:58:00,R01-ZA,19.75,-2.041,0,0,fiber_degradation,8,3
2026-09-01 05:00:00,R01-ZA,19.803,-1.15,0,0,fiber_degradation,8,3
2026-09-01 05:02:00,R01-ZA,19.82,-0.635,0,0,fiber_degradation,8,3
2026-09-01 05:04:00,R01-ZA,19.718,-1.632,0,0,fiber_degradation,8,3
2026-09-01 05:06:00,R01-ZA,18.948,-4.146,0,0,fiber_degradation,8,3
2026-09-01 05:08:00,R01-ZA,19.419,-2.337,0,0,fiber_degradation,8,3
2026-09-01 05:10:00,R01-ZA,18.984,-3.305,0,0,fiber_degradation,8,3
2026-09-01 05:12:00,R01-ZA,18.829,-4.507,0,0,fiber_degradation,8,3
2026-09-01 05:14:00,R01-ZA,19.178,-3.132,0,0,fiber_degradation,8,3
2026-09-01 05:16:00,R01-ZA,19.342,-2.773,0,0,fiber_degradation,8,3
2026-09-01 05:18:00,R01-ZA,18.951,-3.635,0,0,fiber_degradation,8,3
2026-09-01 05:20:00,R01-ZA,18.618,-4.49,0,0,fiber_degradation,8,3
2026-09-01 05:22:00,R01-ZA,19.324,-2.541,0,0,fiber_degradation,8,3
2026-09-01 05:24:00,R01-ZA,19.717,-1.223,0,0,fiber_degradation,8,3
2026-09-01 05:26:00,R01-ZA,18.97,-3.665,0,0,fiber_degradation,8,3
2026-09-01 05:28:00,R01-ZA,18.995,-3.685,0,0,fiber_degradation,8,3
2026-09-01 05:30:00,R01-ZA,19.3,-2.912,0,0,fiber_degradation,8,3
2026-09-01 05:32:00,R01-ZA,19.29,-2.889,0,0,fiber_degradation,8,3
2026-09-01 05:34:00,R01-ZA,18.81,-3.943,0,0,fiber_degradation,8,3
2026-09-01 05:36:00,R01-ZA,18.651,-3.971,0,0,fiber_degradation,8,3
2026-09-01 05:38:00,R01-ZA,19.225,-2.65,0,0,fiber_degradation,8,3
2026-09-01 05:40:00,R01-ZA,19.823,0.883,0,0,none,-1,-1
2026-09-01 05:42:00,R01-ZA,19.674,0.001,0,0,none,-1,-1
2026-09-01 05:44:00,R01-ZA,19.758,1.231,0,0,none,-1,-1
2026-09-01 05:46:00,R01-ZA,19.259,1.564,0,0,none,-1,-1
2026-09-01 05:48:00,R01-ZA,19.71,0.648,0,0,none,-1,-1
2026-09-01 05:50:00,R01-ZA,19.948,-0.287,0,0,none,-1,-1
2026-09-01 05:52:00,R01-ZA,19.693,0.697,0,0,none,-1,-1
2026-09-01 05:54:00,R01-ZA,19.277,2.181,0,0,none,-1,-1
2026-09-01 05:56:00,R01-ZA,19.587,0.689,0,0,none,-1,-1
2026-09-01 05:58:00,R01-ZA,19.709,0.762,0,0,none,-1,-1
2026-09-01 06:00:00,R01-ZA,20.019,-0.901,0,0,none,-1,-1
2026-09-01 06:02:00,R01-ZA,19.86,0.242,0,0,none,-1,-1
2026-09-01 06:04:00,R01-ZA,19.873,-0.261,0,0,none,-1,-1
2026-09-01 06:06:00,R01-ZA,19.711,1.079,0,0,none,-1,-1
2026-09-01 06:08:00,R01-ZA,19.64,1.25,0,0,none,-1,-1
2026-09-01 06:10:00,R01-ZA,19.665,0.385,0,0,none,-1,-1
2026-09-01 06:12:00,R01-ZA,19.987,-0.435,0,0,none,-1,-1
2026-09-01 06:14:00,R01-ZA,19.912,-1.304,0,0,none,-1,-1
2026-09-01 06:16:00,R01-ZA,19.649,0.198,0,0,none,-1,-1
2026-09-01 06:18:00,R01-ZA,19.387,0.295,0,0,none,-1,-1
2026-09-01 06:20:00,R01-ZA,19.813,0.325,0,0,none,-1,-1
2026-09-01 06:22:00,R01-ZA,19.448,1.114,0,0,none,-1,-1
2026-09-01 06:24:00,R01-ZA,19.788,0.739,0,0,none,-1,-1
2026-09-01 06:26:00,R01-ZA,19.997,-1.405,0,0,fiber_degradation,3,4
2026-09-01 06:28:00,R01-ZA,19.878,-2.067,0,0,fiber_degradation,3,4
2026-09-01 06:30:00,R01-ZA,18.76,-3.315,0,0,fiber_degradation,3,4
2026-09-01 06:32:00,R01-ZA,19.176,-2.688,0,0,fiber_degradation,3,4
2026-09-01 06:34:00,R01-ZA,17.39,-5.454,0,0,fiber_degradation,3,4
2026-09-01 06:36:00,R01-ZA,15.29,-7.897,1,0,fiber_degradation,3,4
2026-09-01 06:38:00,R01-ZA,14.971,-7.957,1,0,fiber_degradation,3,4
2026-09-01 06:40:00,R01-ZA,14.142,-8.623,1,0,fiber_degradation,3,4
2026-09-01 06:42:00,R01-ZA,13.448,-9.387,1,0,fiber_degradation,3,4
2026-09-01 06:44:00,R01-ZA,12.057,-10.663,1,1,fiber_degradation,3,4
2026-09-01 06:46:00,R01-ZA,10.514,-12.586,1,1,fiber_degradation,3,4
2026-09-01 06:48:00,R01-ZA,9.853,-13.654,1,1,fiber_degradation,3,4
2026-09-01 06:50:00,R01-ZA,10.915,-12.536,1,1,fiber_degradation,3,4
2026-09-01 06:52:00,R01-ZA,11.535,-11.588,1,1,fiber_degradation,3,4
2026-09-01 06:54:00,R01-ZA,10.637,-12.101,1,1,fiber_degradation,3,4
2026-09-01 06:56:00,R01-ZA,10.288,-12.836,1,1,fiber_degradation,3,4
2026-09-01 06:58:00,R01-ZA,10.053,-12.704,1,1,fiber_degradation,3,4
2026-09-01 07:00:00,R01-ZA,9.796,-13.977,1,1,fiber_degradation,3,4
2026-09-01 07:02:00,R01-ZA,11.373,-11.412,1,1,fiber_degradation,3,4
2026-09-01 07:04:00,R01-ZA,19.767,0.239,0,0,none,-1,-1
2026-09-01 07:06:00,R01-ZA,19.385,1.544,0,0,none,-1,-1
2026-09-01 07:08:00,R01-ZA,19.743,1.136,0,0,none,-1,-1
2026-09-01 07:10:00,R01-ZA,19.897,0.239,0,0,none,-1,-1
2026-09-01 07:12:00,R01-ZA,19.52,0.986,0,0,none,-1,-1
2026-09-01 07:14:00,R01-ZA,18.655,2.492,0,0,none,-1,-1
2026-09-01 07:16:00,R01-ZA,19.744,0.462,0,0,none,-1,-1
2026-09-01 07:18:00,R01-ZA,19.956,-0.072,0,0,none,-1,-1
2026-09-01 07:20:00,R01-ZA,19.466,1.385,0,0,none,-1,-1
2026-09-01 07:22:00,R01-ZA,19.65,0.469,0,0,fiber_degradation,5,5
2026-09-01 07:24:00,R01-ZA,20.068,0.346,0,0,fiber_degradation,5,5
2026-09-01 07:26:00,R01-ZA,20.016,-0.833,0,0,fiber_degradation,5,5
2026-09-01 07:28:00,R01-ZA,20.012,-0.795,0,0,fiber_degradation,5,5
2026-09-01 07:30:00,R01-ZA,19.697,-1.995,0,0,fiber_degradation,5,5
2026-09-01 07:32:00,R01-ZA,19.473,-2.762,0,0,fiber_degradation,5,5
2026-09-01 07:34:00,R01-ZA,18.714,-3.829,0,0,fiber_degradation,5,5
2026-09-01 07:36:00,R01-ZA,18.675,-4.314,0,0,fiber_degradation,5,5
2026-09-01 07:38:00,R01-ZA,18.945,-3.462,0,0,fiber_degradation,5,5
2026-09-01 07:40:00,R01-ZA,19.249,-2.782,0,0,fiber_degradation,5,5
2026-09-01 07:42:00,R01-ZA,19.325,-3.08,0,0,fiber_degradation,5,5
2026-09-01 07:44:00,R01-ZA,19.167,-2.938,0,0,fiber_degradation,5,5
2026-09-01 07:46:00,R01-ZA,19.971,0.483,0,0,none,-1,-1
2026-09-01 07:48:00,R01-ZA,18.495,2.787,0,0,none,-1,-1
2026-09-01 07:50:00,R01-ZA,19.203,1.361,0,0,none,-1,-1
2026-09-01 07:52:00,R01-ZA,18.883,1.521,0,0,amplifier_degradation,4,6
2026-09-01 07:54:00,R01-ZA,20.012,0.43,0,0,amplifier_degradation,4,6
2026-09-01 07:56:00,R01-ZA,19.772,1.777,0,0,amplifier_degradation,4,6
2026-09-01 07:58:00,R01-ZA,19.981,-0.065,0,0,amplifier_degradation,4,6
2026-09-01 08:00:00,R01-ZA,20.068,-0.968,0,0,amplifier_degradation,4,6
2026-09-01 08:02:00,R01-ZA,20.128,0.218,0,0,amplifier_degradation,4,6
2026-09-01 08:04:00,R01-ZA,19.98,-0.71,0,0,amplifier_degradation,4,6
2026-09-01 08:06:00,R01-ZA,19.936,-1.635,0,0,amplifier_degradation,4,6
2026-09-01 08:08:00,R01-ZA,19.948,-1.585,0,0,amplifier_degradation,4,6
2026-09-01 08:10:00,R01-ZA,20.063,-0.036,0,0,amplifier_degradation,4,6
2026-09-01 08:12:00,R01-ZA,19.893,-1.119,0,0,amplifier_degradation,4,6
2026-09-01 08:14:00,R01-ZA,19.801,-1.384,0,0,amplifier_degradation,4,6
2026-09-01 08:16:00,R01-ZA,19.832,-1.015,0,0,amplifier_degradation,4,6
2026-09-01 08:18:00,R01-ZA,19.153,-2.739,0,0,amplifier_degradation,4,6
2026-09-01 08:20:00,R01-ZA,19.214,-2.492,0,0,amplifier_degradation,4,6
2026-09-01 08:22:00,R01-ZA,19.165,-2.792,0,0,amplifier_degradation,4,6
2026-09-01 08:24:00,R01-ZA,19.501,-2.309,0,0,amplifier_degradation,4,6
2026-09-01 08:26:00,R01-ZA,17.793,-5.642,0,0,amplifier_degradation,4,6
2026-09-01 08:28:00,R01-ZA,18.766,-3.475,0,0,amplifier_degradation,4,6
2026-09-01 08:30:00,R01-ZA,17.918,-4.848,0,0,amplifier_degradation,4,6
2026-09-01 08:32:00,R01-ZA,17.833,-5.283,0,0,amplifier_degradation,4,6
2026-09-01 08:34:00,R01-ZA,18.142,-4.29,0,0,amplifier_degradation,4,6
2026-09-01 08:36:00,R01-ZA,18.42,-4.003,0,0,amplifier_degradation,4,6
2026-09-01 08:38:00,R01-ZA,18.12,-3.148,0,0,amplifier_degradation,4,6
2026-09-01 08:40:00,R01-ZA,17.901,-4.81,0,0,amplifier_degradation,4,6
2026-09-01 08:42:00,R01-ZA,17.518,-4.771,0,0,amplifier_degradation,4,6
2026-09-01 08:44:00,R01-ZA,17.64,-5.164,0,0,amplifier_degradation,4,6
2026-09-01 08:46:00,R01-ZA,17.04,-5.097,0,0,amplifier_degradation,4,6
2026-09-01 08:48:00,R01-ZA,16.616,-5.666,1,0,amplifier_degradation,4,6
2026-09-01 08:50:00,R01-ZA,16.889,-5.728,1,0,amplifier_degradation,4,6
2026-09-01 08:52:00,R01-ZA,16.564,-6.361,1,0,amplifier_degradation,4,6
2026-09-01 08:54:00,R01-ZA,15.64,-6.983,1,0,amplifier_degradation,4,6
2026-09-01 08:56:00,R01-ZA,16.195,-5.857,1,0,amplifier_degradation,4,6
2026-09-01 08:58:00,R01-ZA,16.014,-5.983,1,0,amplifier_degradation,4,6
2026-09-01 09:00:00,R01-ZA,16.147,-6.278,1,0,amplifier_degradation,4,6
2026-09-01 09:02:00,R01-ZA,16.236,-5.715,1,0,amplifier_degradation,4,6
2026-09-01 09:04:00,R01-ZA,15.909,-6.407,1,0,amplifier_degradation,4,6
2026-09-01 09:06:00,R01-ZA,15.734,-6.554,1,0,amplifier_degradation,4,6
2026-09-01 09:08:00,R01-ZA,15.299,-8.045,1,0,amplifier_degradation,4,6
2026-09-01 09:10:00,R01-ZA,15.736,-6.401,1,0,amplifier_degradation,4,6
2026-09-01 09:12:00,R01-ZA,15.949,-6.836,1,0,amplifier_degradation,4,6
2026-09-01 09:14:00,R01-ZA,15.856,-6.829,1,0,amplifier_degradation,4,6
2026-09-01 09:16:00,R01-ZA,15.212,-7.818,1,0,amplifier_degradation,4,6
2026-09-01 09:18:00,R01-ZA,15.443,-7.566,1,0,amplifier_degradation,4,6
2026-09-01 09:20:00,R01-ZA,15.719,-6.71,1,0,amplifier_degradation,4,6
2026-09-01 09:22:00,R01-ZA,16.044,-5.637,1,0,amplifier_degradation,4,6
2026-09-01 09:24:00,R01-ZA,16.075,-6.905,1,0,amplifier_degradation,4,6
2026-09-01 09:26:00,R01-ZA,15.798,-7.372,1,0,amplifier_degradation,4,6
2026-09-01 09:28:00,R01-ZA,16.182,-5.823,1,0,amplifier_degradation,4,6
2026-09-01 09:30:00,R01-ZA,16.496,-6.007,1,0,amplifier_degradation,4,6
2026-09-01 09:32:00,R01-ZA,16.534,-6.085,1,0,amplifier_degradation,4,6
2026-09-01 09:34:00,R01-ZA,16.112,-6.077,1,0,amplifier_degradation,4,6
2026-09-01 09:36:00,R01-ZA,15.5,-7.059,1,0,amplifier_degradation,4,6
2026-09-01 09:38:00,R01-ZA,16.413,-5.775,1,0,amplifier_degradation,4,6
2026-09-01 09:40:00,R01-ZA,15.509,-7.749,1,0,amplifier_degradation,4,6
2026-09-01 09:42:00,R01-ZA,18.795,2.328,0,0,none,-1,-1
2026-09-01 09:44:00,R01-ZA,18.99,2.628,0,0,none,-1,-1
2026-09-01 09:46:00,R01-ZA,20.071,0.542,0,0,none,-1,-1
2026-09-01 09:48:00,R01-ZA,19.591,1.453,0,0,none,-1,-1
2026-09-01 09:50:00,R01-ZA,19.144,1.987,0,0,none,-1,-1
2026-09-01 09:52:00,R01-ZA,13.579,-9.508,1,0,fiber_degradation,5,7
2026-09-01 09:54:00,R01-ZA,14.14,-8.541,1,0,fiber_degradation,5,7
2026-09-01 09:56:00,R01-ZA,13.47,-9.999,1,0,fiber_degradation,5,7
2026-09-01 09:58:00,R01-ZA,13.422,-9.687,1,0,fiber_degradation,5,7
2026-09-01 00:00:00,R02-AZ,19.767,-1.229,0,0,none,-1,-1
2026-09-01 00:02:00,R02-AZ,20.008,0.105,0,0,none,-1,-1
2026-09-01 00:04:00,R02-AZ,19.826,-0.692,0,0,none,-1,-1
2026-09-01 00:06:00,R02-AZ,19.415,-1.94,0,0,none,-1,-1
2026-09-01 00:08:00,R02-AZ,19.907,-0.228,0,0,none,-1,-1
2026-09-01 00:10:00,R02-AZ,19.824,-0.94,0,0,none,-1,-1
2026-09-01 00:12:00,R02-AZ,19.489,-1.924,0,0,none,-1,-1
2026-09-01 00:14:00,R02-AZ,19.861,-0.7,0,0,amplifier_degradation,17,0
2026-09-01 00:16:00,R02-AZ,19.579,-1.388,0,0,amplifier_degradation,17,0
2026-09-01 00:18:00,R02-AZ,19.427,-2.649,0,0,amplifier_degradation,17,0
2026-09-01 00:20:00,R02-AZ,19.76,-1.814,0,0,amplifier_degradation,17,0
2026-09-01 00:22:00,R02-AZ,19.795,-1.999,0,0,amplifier_degradation,17,0
2026-09-01 00:24:00,R02-AZ,19.683,-2.208,0,0,amplifier_degradation,17,0
2026-09-01 00:26:00,R02-AZ,18.99,-4.472,0,0,amplifier_degradation,17,0
2026-09-01 00:28:00,R02-AZ,19.204,-4.064,0,0,amplifier_degradation,17,0
2026-09-01 00:30:00,R02-AZ,18.914,-4.97,0,0,amplifier_degradation,17,0
2026-09-01 00:32:00,R02-AZ,19.327,-3.977,0,0,amplifier_degradation,17,0
2026-09-01 00:34:00,R02-AZ,18.836,-5.33,0,0,amplifier_degradation,17,0
2026-09-01 00:36:00,R02-AZ,19.172,-4.745,0,0,amplifier_degradation,17,0
2026-09-01 00:38:00,R02-AZ,19.139,-4.459,0,0,amplifier_degradation,17,0
2026-09-01 00:40:00,R02-AZ,19.63,-3.18,0,0,amplifier_degradation,17,0
2026-09-01 00:42:00,R02-AZ,19.036,-4.716,0,0,amplifier_degradation,17,0
2026-09-01 00:44:00,R02-AZ,19.137,-4.266,0,0,amplifier_degradation,17,0
2026-09-01 00:46:00,R02-AZ,18.753,-5.206,0,0,amplifier_degradation,17,0
2026-09-01 00:48:00,R02-AZ,19.206,-4.384,0,0,amplifier_degradation,17,0
2026-09-01 00:50:00,R02-AZ,19.13,-4.496,0,0,amplifier_degradation,17,0
2026-09-01 00:52:00,R02-AZ,19.886,-0.595,0,0,none,-1,-1
2026-09-01 00:54:00,R02-AZ,19.837,-0.509,0,0,none,-1,-1
2026-09-01 00:56:00,R02-AZ,20.035,0.302,0,0,none,-1,-1
2026-09-01 00:58:00,R02-AZ,19.892,0.159,0,0,none,-1,-1
2026-09-01 01:00:00,R02-AZ,19.476,-1.494,0,0,none,-1,-1
2026-09-01 01:02:00,R02-AZ,20.122,0.978,0,0,none,-1,-1
2026-09-01 01:04:00,R02-AZ,20.059,-0.027,0,0,amplifier_degradation,18,1
2026-09-01 01:06:00,R02-AZ,19.592,-1.96,0,0,amplifier_degradation,18,1
2026-09-01 01:08:00,R02-AZ,19.559,-2.951,0,0,amplifier_degradation,18,1
2026-09-01 01:10:00,R02-AZ,19.793,-2.011,0,0,amplifier_degradation,18,1
2026-09-01 01:12:00,R02-AZ,19.583,-2.941,0,0,amplifier_degradation,18,1
2026-09-01 01:14:00,R02-AZ,19.381,-3.809,0,0,amplifier_degradation,18,1
2026-09-01 01:16:00,R02-AZ,19.636,-3.222,0,0,amplifier_degradation,18,1
2026-09-01 01:18:00,R02-AZ,19.112,-4.368,0,0,amplifier_degradation,18,1
2026-09-01 01:20:00,R02-AZ,19.351,-4.428,0,0,amplifier_degradation,18,1
2026-09-01 01:22:00,R02-AZ,19.491,-3.875,0,0,amplifier_degradation,18,1
2026-09-01 01:24:00,R02-AZ,19.299,-4.828,0,0,amplifier_degradation,18,1
2026-09-01 01:26:00,R02-AZ,19.309,-5.101,0,0,amplifier_degradation,18,1
2026-09-01 01:28:00,R02-AZ,19.102,-5.482,0,0,amplifier_degradation,18,1
2026-09-01 01:30:00,R02-AZ,18.924,-6.382,1,0,amplifier_degradation,18,1
2026-09-01 01:32:00,R02-AZ,19.196,-5.832,0,0,amplifier_degradation,18,1
2026-09-01 01:34:00,R02-AZ,19.025,-6.293,1,0,amplifier_degradation,18,1
2026-09-01 01:36:00,R02-AZ,18.459,-8.061,1,0,amplifier_degradation,18,1
2026-09-01 01:38:00,R02-AZ,18.267,-8.294,1,0,amplifier_degradation,18,1
2026-09-01 01:40:00,R02-AZ,18.874,-7.259,1,0,amplifier_degradation,18,1
2026-09-01 01:42:00,R02-AZ,18.411,-8.276,1,0,amplifier_degradation,18,1
2026-09-01 01:44:00,R02-AZ,17.579,-9.927,1,0,amplifier_degradation,18,1
2026-09-01 01:46:00,R02-AZ,18.427,-8.461,1,0,amplifier_degradation,18,1
2026-09-01 01:48:00,R02-AZ,17.461,-10.161,1,0,amplifier_degradation,18,1
2026-09-01 01:50:00,R02-AZ,17.682,-9.976,1,0,amplifier_degradation,18,1
2026-09-01 01:52:00,R02-AZ,17.469,-10.563,1,0,amplifier_degradation,18,1
2026-09-01 01:54:00,R02-AZ,17.98,-9.61,1,0,amplifier_degradation,18,1
2026-09-01 01:56:00,R02-AZ,16.996,-11.25,1,0,amplifier_degradation,18,1
2026-09-01 01:58:00,R02-AZ,17.107,-11.067,1,0,amplifier_degradation,18,1
2026-09-01 02:00:00,R02-AZ,18.143,-9.297,1,0,amplifier_degradation,18,1
2026-09-01 02:02:00,R02-AZ,17.47,-10.586,1,0,amplifier_degradation,18,1
2026-09-01 02:04:00,R02-AZ,18.291,-8.898,1,0,amplifier_degradation,18,1
2026-09-01 02:06:00,R02-AZ,18.2,-9.168,1,0,amplifier_degradation,18,1
2026-09-01 02:08:00,R02-AZ,17.688,-9.936,1,0,amplifier_degradation,18,1
2026-09-01 02:10:00,R02-AZ,18.021,-9.393,1,0,amplifier_degradation,18,1
2026-09-01 02:12:00,R02-AZ,17.846,-9.873,1,0,amplifier_degradation,18,1
2026-09-01 02:14:00,R02-AZ,17.871,-9.768,1,0,amplifier_degradation,18,1
2026-09-01 02:16:00,R02-AZ,18.343,-8.804,1,0,amplifier_degradation,18,1
2026-09-01 02:18:00,R02-AZ,17.708,-10.333,1,0,amplifier_degradation,18,1
2026-09-01 02:20:00,R02-AZ,17.174,-10.907,1,0,amplifier_degradation,18,1
2026-09-01 02:22:00,R02-AZ,17.461,-10.474,1,0,amplifier_degradation,18,1
2026-09-01 02:24:00,R02-AZ,18.325,-8.982,1,0,amplifier_degradation,18,1
2026-09-01 02:26:00,R02-AZ,17.586,-10.227,1,0,amplifier_degradation,18,1
2026-09-01 02:28:00,R02-AZ,18.39,-8.545,1,0,amplifier_degradation,18,1
2026-09-01 02:30:00,R02-AZ,20.126,0.291,0,0,none,-1,-1
2026-09-01 02:32:00,R02-AZ,20.122,0.728,0,0,none,-1,-1
2026-09-01 02:34:00,R02-AZ,19.963,-0.148,0,0,none,-1,-1
2026-09-01 02:36:00,R02-AZ,20.079,0.58,0,0,none,-1,-1
2026-09-01 02:38:00,R02-AZ,20.101,0.562,0,0,none,-1,-1
2026-09-01 02:40:00,R02-AZ,20.073,0.3,0,0,none,-1,-1
2026-09-01 02:42:00,R02-AZ,20.099,0.235,0,0,amplifier_degradation,11,2
2026-09-01 02:44:00,R02-AZ,19.687,-1.179,0,0,amplifier_degradation,11,2
2026-09-01 02:46:00,R02-AZ,18.899,-2.507,0,0,amplifier_degradation,11,2
2026-09-01 02:48:00,R02-AZ,19.227,-2.297,0,0,amplifier_degradation,11,2
2026-09-01 02:50:00,R02-AZ,19.075,-2.562,0,0,amplifier_degradation,11,2
2026-09-01 02:52:00,R02-AZ,19.32,-1.625,0,0,amplifier_degradation,11,2
2026-09-01 02:54:00,R02-AZ,19.159,-2.267,0,0,amplifier_degradation,11,2
2026-09-01 02:56:00,R02-AZ,18.985,-2.874,0,0,amplifier_degradation,11,2
2026-09-01 02:58:00,R02-AZ,18.466,-3.68,0,0,amplifier_degradation,11,2
2026-09-01 03:00:00,R02-AZ,18.44,-3.948,0,0,amplifier_degradation,11,2
2026-09-01 03:02:00,R02-AZ,19.266,-1.758,0,0,amplifier_degradation,11,2
2026-09-01 03:04:00,R02-AZ,18.941,-2.581,0,0,amplifier_degradation,11,2
2026-09-01 03:06:00,R02-AZ,18.23,-3.877,0,0,amplifier_degradation,11,2
2026-09-01 03:08:00,R02-AZ,18.199,-4.0,0,0,amplifier_degradation,11,2
2026-09-01 03:10:00,R02-AZ,17.814,-4.14,0,0,amplifier_degradation,11,2
2026-09-01 03:12:00,R02-AZ,17.894,-4.182,0,0,amplifier_degradation,11,2
2026-09-01 03:14:00,R02-AZ,17.616,-5.228,0,0,amplifier_degradation,11,2
2026-09-01 03:16:00,R02-AZ,16.904,-5.814,1,0,amplifier_degradation,11,2
2026-09-01 03:18:00,R02-AZ,18.06,-3.964,0,0,amplifier_degradation,11,2
2026-09-01 03:20:00,R02-AZ,15.878,-7.661,1,0,amplifier_degradation,11,2
2026-09-01 03:22:00,R02-AZ,16.473,-6.293,1,0,amplifier_degradation,11,2
2026-09-01 03:24:00,R02-AZ,16.285,-6.874,1,0,amplifier_degradation,11,2
2026-09-01 03:26:00,R02-AZ,16.14,-6.673,1,0,amplifier_degradation,11,2
2026-09-01 03:28:00,R02-AZ,15.907,-7.266,1,0,amplifier_degradation,11,2
2026-09-01 03:30:00,R02-AZ,16.351,-7.012,1,0,amplifier_degradation,11,2
2026-09-01 03:32:00,R02-AZ,15.441,-8.147,1,0,amplifier_degradation,11,2
2026-09-01 03:34:00,R02-AZ,14.746,-8.794,1,0,amplifier_degradation,11,2
2026-09-01 03:36:00,R02-AZ,13.759,-9.703,1,0,amplifier_degradation,11,2
2026-09-01 03:38:00,R02-AZ,14.997,-8.532,1,0,amplifier_degradation,11,2
2026-09-01 03:40:00,R02-AZ,14.69,-8.576,1,0,amplifier_degradation,11,2
2026-09-01 03:42:00,R02-AZ,14.131,-9.848,1,0,amplifier_degradation,11,2
2026-09-01 03:44:00,R02-AZ,14.263,-9.501,1,0,amplifier_degradation,11,2
2026-09-01 03:46:00,R02-AZ,15.035,-8.14,1,0,amplifier_degradation,11,2
2026-09-01 03:48:00,R02-AZ,13.641,-10.564,1,0,amplifier_degradation,11,2
2026-09-01 03:50:00,R02-AZ,13.855,-9.715,1,0,amplifier_degradation,11,2
2026-09-01 03:52:00,R02-AZ,15.257,-8.153,1,0,amplifier_degradation,11,2
2026-09-01 03:54:00,R02-AZ,14.588,-9.497,1,0,amplifier_degradation,11,2
2026-09-01 03:56:00,R02-AZ,15.198,-7.709,1,0,amplifier_degradation,11,2
2026-09-01 03:58:00,R02-AZ,15.345,-8.112,1,0,amplifier_degradation,11,2
2026-09-01 04:00:00,R02-AZ,14.926,-8.374,1,0,amplifier_degradation,11,2
2026-09-01 04:02:00,R02-AZ,15.18,-8.434,1,0,amplifier_degradation,11,2
2026-09-01 04:04:00,R02-AZ,14.454,-9.274,1,0,amplifier_degradation,11,2
2026-09-01 04:06:00,R02-AZ,14.995,-8.841,1,0,amplifier_degradation,11,2
2026-09-01 04:08:00,R02-AZ,14.629,-8.78,1,0,amplifier_degradation,11,2
2026-09-01 04:10:00,R02-AZ,14.484,-9.027,1,0,amplifier_degradation,11,2
2026-09-01 04:12:00,R02-AZ,15.313,-7.618,1,0,amplifier_degradation,11,2
2026-09-01 04:14:00,R02-AZ,14.937,-8.352,1,0,amplifier_degradation,11,2
2026-09-01 04:16:00,R02-AZ,14.467,-8.823,1,0,amplifier_degradation,11,2
2026-09-01 04:18:00,R02-AZ,15.59,-7.756,1,0,amplifier_degradation,11,2
2026-09-01 04:20:00,R02-AZ,20.05,0.763,0,0,none,-1,-1
2026-09-01 04:22:00,R02-AZ,19.492,-1.998,0,0,none,-1,-1
2026-09-01 04:24:00,R02-AZ,19.792,-0.724,0,0,none,-1,-1
2026-09-01 04:26:00,R02-AZ,19.928,-0.778,0,0,none,-1,-1
2026-09-01 04:28:00,R02-AZ,19.825,-0.479,0,0,fiber_degradation,4,3
2026-09-01 04:30:00,R02-AZ,20.095,0.3,0,0,fiber_degradation,4,3
2026-09-01 04:32:00,R02-AZ,19.668,-1.247,0,0,fiber_degradation,4,3
2026-09-01 04:34:00,R02-AZ,19.921,-0.192,0,0,fiber_degradation,4,3
2026-09-01 04:36:00,R02-AZ,19.851,-0.385,0,0,fiber_degradation,4,3
2026-09-01 04:38:00,R02-AZ,20.01,0.083,0,0,fiber_degradation,4,3
2026-09-01 04:40:00,R02-AZ,19.912,-0.519,0,0,fiber_degradation,4,3
2026-09-01 04:42:00,R02-AZ,19.613,-0.646,0,0,fiber_degradation,4,3
2026-09-01 04:44:00,R02-AZ,19.832,-0.352,0,0,fiber_degradation,4,3
2026-09-01 04:46:00,R02-AZ,19.739,-0.738,0,0,fiber_degradation,4,3
2026-09-01 04:48:00,R02-AZ,19.282,-1.64,0,0,fiber_degradation,4,3
2026-09-01 04:50:00,R02-AZ,19.216,-1.912,0,0,fiber_degradation,4,3
2026-09-01 04:52:00,R02-AZ,18.853,-2.384,0,0,fiber_degradation,4,3
2026-09-01 04:54:00,R02-AZ,19.061,-2.565,0,0,fiber_degradation,4,3
2026-09-01 04:56:00,R02-AZ,19.287,-1.946,0,0,fiber_degradation,4,3
2026-09-01 04:58:00,R02-AZ,19.153,-2.534,0,0,fiber_degradation,4,3
2026-09-01 05:00:00,R02-AZ,18.586,-2.91,0,0,fiber_degradation,4,3
2026-09-01 05:02:00,R02-AZ,19.148,-2.282,0,0,fiber_degradation,4,3
2026-09-01 05:04:00,R02-AZ,18.61,-2.995,0,0,fiber_degradation,4,3
2026-09-01 05:06:00,R02-AZ,19.039,-3.116,0,0,fiber_degradation,4,3
2026-09-01 05:08:00,R02-AZ,18.759,-2.671,0,0,fiber_degradation,4,3
2026-09-01 05:10:00,R02-AZ,18.713,-3.03,0,0,fiber_degradation,4,3
2026-09-01 05:12:00,R02-AZ,18.054,-3.832,0,0,fiber_degradation,4,3
2026-09-01 05:14:00,R02-AZ,18.443,-2.811,0,0,fiber_degradation,4,3
2026-09-01 05:16:00,R02-AZ,18.609,-2.991,0,0,fiber_degradation,4,3
2026-09-01 05:18:00,R02-AZ,18.481,-3.426,0,0,fiber_degradation,4,3
2026-09-01 05:20:00,R02-AZ,18.56,-2.368,0,0,fiber_degradation,4,3
2026-09-01 05:22:00,R02-AZ,17.454,-5.046,0,0,fiber_degradation,4,3
2026-09-01 05:24:00,R02-AZ,17.452,-4.603,0,0,fiber_degradation,4,3
2026-09-01 05:26:00,R02-AZ,17.052,-4.527,0,0,fiber_degradation,4,3
2026-09-01 05:28:00,R02-AZ,17.15,-5.101,0,0,fiber_degradation,4,3
2026-09-01 05:30:00,R02-AZ,16.886,-4.932,1,0,fiber_degradation,4,3
2026-09-01 05:32:00,R02-AZ,17.598,-4.089,0,0,fiber_degradation,4,3
2026-09-01 05:34:00,R02-AZ,17.198,-5.08,0,0,fiber_degradation,4,3
2026-09-01 05:36:00,R02-AZ,16.029,-6.476,1,0,fiber_degradation,4,3
2026-09-01 05:38:00,R02-AZ,17.927,-3.834,0,0,fiber_degradation,4,3
2026-09-01 05:40:00,R02-AZ,17.33,-4.592,0,0,fiber_degradation,4,3
2026-09-01 05:42:00,R02-AZ,15.636,-7.136,1,0,fiber_degradation,4,3
2026-09-01 05:44:00,R02-AZ,17.418,-4.699,0,0,fiber_degradation,4,3
2026-09-01 05:46:00,R02-AZ,16.627,-5.252,1,0,fiber_degradation,4,3
2026-09-01 05:48:00,R02-AZ,16.489,-5.782,1,0,fiber_degradation,4,3
2026-09-01 05:50:00,R02-AZ,16.861,-5.136,1,0,fiber_degradation,4,3
2026-09-01 05:52:00,R02-AZ,17.177,-5.218,0,0,fiber_degradation,4,3
2026-09-01 05:54:00,R02-AZ,16.946,-5.663,1,0,fiber_degradation,4,3
2026-09-01 05:56:00,R02-AZ,17.126,-5.213,0,0,fiber_degradation,4,3
2026-09-01 05:58:00,R02-AZ,17.356,-4.125,0,0,fiber_degradation,4,3
2026-09-01 06:00:00,R02-AZ,16.726,-5.52,1,0,fiber_degradation,4,3
2026-09-01 06:02:00,R02-AZ,16.101,-5.926,1,0,fiber_degradation,4,3
2026-09-01 06:04:00,R02-AZ,16.782,-5.581,1,0,fiber_degradation,4,3
2026-09-01 06:06:00,R02-AZ,17.409,-4.64,0,0,fiber_degradation,4,3
2026-09-01 06:08:00,R02-AZ,16.342,-6.113,1,0,fiber_degradation,4,3
2026-09-01 06:10:00,R02-AZ,16.401,-6.108,1,0,fiber_degradation,4,3
2026-09-01 06:12:00,R02-AZ,16.613,-5.748,1,0,fiber_degradation,4,3
2026-09-01 06:14:00,R02-AZ,16.208,-6.476,1,0,fiber_degradation,4,3
2026-09-01 06:16:00,R02-AZ,17.412,-5.106,0,0,fiber_degradation,4,3
2026-09-01 06:18:00,R02-AZ,16.592,-6.02,1,0,fiber_degradation,4,3
2026-09-01 06:20:00,R02-AZ,18.996,-2.349,0,0,none,-1,-1
2026-09-01 06:22:00,R02-AZ,19.47,-1.665,0,0,none,-1,-1
2026-09-01 06:24:00,R02-AZ,19.455,-1.826,0,0,none,-1,-1
2026-09-01 06:26:00,R02-AZ,19.621,-1.629,0,0,none,-1,-1
2026-09-01 06:28:00,R02-AZ,18.548,-3.916,0,0,fiber_degradation,10,4
2026-09-01 06:30:00,R02-AZ,17.933,-4.589,0,0,fiber_degradation,10,4
2026-09-01 06:32:00,R02-AZ,18.45,-3.585,0,0,fiber_degradation,10,4
2026-09-01 06:34:00,R02-AZ,19.013,-2.353,0,0,fiber_degradation,10,4
2026-09-01 06:36:00,R02-AZ,18.301,-3.888,0,0,fiber_degradation,10,4
2026-09-01 06:38:00,R02-AZ,18.887,-2.853,0,0,fiber_degradation,10,4
2026-09-01 06:40:00,R02-AZ,17.811,-4.262,0,0,fiber_degradation,10,4
2026-09-01 06:42:00,R02-AZ,17.954,-4.372,0,0,fiber_degradation,10,4
2026-09-01 06:44:00,R02-AZ,18.089,-3.829,0,0,fiber_degradation,10,4
2026-09-01 06:46:00,R02-AZ,17.58,-4.564,0,0,fiber_degradation,10,4
2026-09-01 06:48:00,R02-AZ,18.438,-3.889,0,0,fiber_degradation,10,4
2026-09-01 06:50:00,R02-AZ,17.71,-5.012,0,0,fiber_degradation,10,4
2026-09-01 06:52:00,R02-AZ,17.864,-4.552,0,0,fiber_degradation,10,4
2026-09-01 06:54:00,R02-AZ,18.843,-3.043,0,0,fiber_degradation,10,4
2026-09-01 06:56:00,R02-AZ,18.613,-3.405,0,0,fiber_degradation,10,4
2026-09-01 06:58:00,R02-AZ,18.016,-4.023,0,0,fiber_degradation,10,4
2026-09-01 07:00:00,R02-AZ,18.115,-4.351,0,0,fiber_degradation,10,4
2026-09-01 07:02:00,R02-AZ,18.394,-3.251,0,0,fiber_degradation,10,4
2026-09-01 07:04:00,R02-AZ,18.021,-4.574,0,0,fiber_degradation,10,4
2026-09-01 07:06:00,R02-AZ,18.645,-3.646,0,0,fiber_degradation,10,4
2026-09-01 07:08:00,R02-AZ,18.152,-4.376,0,0,fiber_degradation,10,4
2026-09-01 07:10:00,R02-AZ,17.995,-4.29,0,0,fiber_degradation,10,4
2026-09-01 07:12:00,R02-AZ,18.022,-4.325,0,0,fiber_degradation,10,4
2026-09-01 07:14:00,R02-AZ,18.146,-4.162,0,0,fiber_degradation,10,4
2026-09-01 07:16:00,R02-AZ,18.876,-3.056,0,0,fiber_degradation,10,4
2026-09-01 07:18:00,R02-AZ,17.601,-5.189,0,0,fiber_degradation,10,4
2026-09-01 07:20:00,R02-AZ,18.705,-3.43,0,0,fiber_degradation,10,4
2026-09-01 07:22:00,R02-AZ,18.77,-3.109,0,0,fiber_degradation,10,4
2026-09-01 07:24:00,R02-AZ,17.78,-4.373,0,0,fiber_degradation,10,4
2026-09-01 07:26:00,R02-AZ,18.22,-4.484,0,0,fiber_degradation,10,4
2026-09-01 07:28:00,R02-AZ,17.926,-4.201,0,0,fiber_degradation,10,4
2026-09-01 07:30:00,R02-AZ,17.125,-5.845,0,0,fiber_degradation,10,4
2026-09-01 07:32:00,R02-AZ,17.999,-4.185,0,0,fiber_degradation,10,4
2026-09-01 07:34:00,R02-AZ,17.765,-5.007,0,0,fiber_degradation,10,4
2026-09-01 07:36:00,R02-AZ,18.901,-2.705,0,0,fiber_degradation,10,4
2026-09-01 07:38:00,R02-AZ,18.337,-4.063,0,0,fiber_degradation,10,4
2026-09-01 07:40:00,R02-AZ,18.379,-4.262,0,0,fiber_degradation,10,4
2026-09-01 07:42:00,R02-AZ,18.187,-4.295,0,0,fiber_degradation,10,4
2026-09-01 07:44:00,R02-AZ,17.874,-4.548,0,0,fiber_degradation,10,4
2026-09-01 07:46:00,R02-AZ,16.876,-6.509,1,0,fiber_degradation,10,4
2026-09-01 07:48:00,R02-AZ,18.29,-4.152,0,0,fiber_degradation,10,4
2026-09-01 07:50:00,R02-AZ,17.793,-4.386,0,0,fiber_degradation,10,4
2026-09-01 07:52:00,R02-AZ,18.095,-4.456,0,0,fiber_degradation,10,4
2026-09-01 07:54:00,R02-AZ,17.895,-4.827,0,0,fiber_degradation,10,4
2026-09-01 07:56:00,R02-AZ,18.359,-3.683,0,0,fiber_degradation,10,4
2026-09-01 07:58:00,R02-AZ,18.016,-3.885,0,0,fiber_degradation,10,4
2026-09-01 08:00:00,R02-AZ,18.089,-4.418,0,0,fiber_degradation,10,4
2026-09-01 08:02:00,R02-AZ,18.127,-3.98,0,0,fiber_degradation,10,4
2026-09-01 08:04:00,R02-AZ,17.779,-4.826,0,0,fiber_degradation,10,4
2026-09-01 08:06:00,R02-AZ,18.202,-3.58,0,0,fiber_degradation,10,4
2026-09-01 08:08:00,R02-AZ,17.945,-3.837,0,0,fiber_degradation,10,4
2026-09-01 08:10:00,R02-AZ,17.732,-4.705,0,0,fiber_degradation,10,4
2026-09-01 08:12:00,R02-AZ,17.689,-4.6,0,0,fiber_degradation,10,4
2026-09-01 08:14:00,R02-AZ,19.166,-2.524,0,0,none,-1,-1
2026-09-01 08:16:00,R02-AZ,19.493,-1.694,0,0,none,-1,-1
2026-09-01 08:18:00,R02-AZ,19.125,-2.293,0,0,none,-1,-1
2026-09-01 08:20:00,R02-AZ,-18.641,-42.018,1,1,fiber_cut,6,5
2026-09-01 08:22:00,R02-AZ,-19.095,-41.989,1,1,fiber_cut,6,5
2026-09-01 08:24:00,R02-AZ,-19.246,-42.113,1,1,fiber_cut,6,5
2026-09-01 08:26:00,R02-AZ,-19.087,-42.043,1,1,fiber_cut,6,5
2026-09-01 08:28:00,R02-AZ,-18.818,-41.612,1,1,fiber_cut,6,5
2026-09-01 08:30:00,R02-AZ,-19.569,-42.828,1,1,fiber_cut,6,5
2026-09-01 08:32:00,R02-AZ,-19.068,-41.749,1,1,fiber_cut,6,5
2026-09-01 08:34:00,R02-AZ,-19.317,-42.313,1,1,fiber_cut,6,5
2026-09-01 08:36:00,R02-AZ,19.237,-2.251,0,0,none,-1,-1
2026-09-01 08:38:00,R02-AZ,19.114,-2.459,0,0,none,-1,-1
2026-09-01 08:40:00,R02-AZ,19.554,-1.911,0,0,none,-1,-1
2026-09-01 08:42:00,R02-AZ,19.608,-1.366,0,0,none,-1,-1
2026-09-01 08:44:00,R02-AZ,19.104,-2.457,0,0,none,-1,-1
2026-09-01 08:46:00,R02-AZ,19.434,-1.964,0,0,none,-1,-1
2026-09-01 08:48:00,R02-AZ,19.023,-3.194,0,0,none,-1,-1
2026-09-01 08:50:00,R02-AZ,19.415,-2.237,0,0,none,-1,-1
2026-09-01 08:52:00,R02-AZ,19.137,-3.049,0,0,none,-1,-1
2026-09-01 08:54:00,R02-AZ,19.542,-1.587,0,0,none,-1,-1
2026-09-01 08:56:00,R02-AZ,19.605,-1.607,0,0,none,-1,-1
2026-09-01 08:58:00,R02-AZ,19.745,-0.712,0,0,none,-1,-1
2026-09-01 09:00:00,R02-AZ,19.033,-2.692,0,0,none,-1,-1
2026-09-01 09:02:00,R02-AZ,19.941,-0.193,0,0,none,-1,-1
2026-09-01 09:04:00,R02-AZ,19.472,-1.794,0,0,none,-1,-1
2026-09-01 09:06:00,R02-AZ,19.68,-1.476,0,0,none,-1,-1
2026-09-01 09:08:00,R02-AZ,19.113,-3.057,0,0,none,-1,-1
2026-09-01 09:10:00,R02-AZ,19.152,-2.292,0,0,none,-1,-1
2026-09-01 09:12:00,R02-AZ,19.534,-1.416,0,0,none,-1,-1
2026-09-01 09:14:00,R02-AZ,19.207,-1.581,0,0,none,-1,-1
2026-09-01 09:16:00,R02-AZ,19.529,-1.95,0,0,none,-1,-1
2026-09-01 09:18:00,R02-AZ,19.35,-1.636,0,0,none,-1,-1
2026-09-01 09:20:00,R02-AZ,19.669,-1.257,0,0,none,-1,-1
2026-09-01 09:22:00,R02-AZ,19.367,-2.441,0,0,none,-1,-1
2026-09-01 09:24:00,R02-AZ,19.37,-1.663,0,0,none,-1,-1
2026-09-01 09:26:00,R02-AZ,19.959,-0.03,0,0,none,-1,-1
2026-09-01 09:28:00,R02-AZ,19.29,-2.239,0,0,none,-1,-1
2026-09-01 09:30:00,R02-AZ,19.446,-1.696,0,0,none,-1,-1
2026-09-01 09:32:00,R02-AZ,19.549,-1.224,0,0,none,-1,-1
2026-09-01 09:34:00,R02-AZ,19.801,-1.086,0,0,none,-1,-1
2026-09-01 09:36:00,R02-AZ,19.579,-1.221,0,0,none,-1,-1
2026-09-01 09:38:00,R02-AZ,19.701,-1.052,0,0,none,-1,-1
2026-09-01 09:40:00,R02-AZ,19.277,-2.687,0,0,none,-1,-1
2026-09-01 09:42:00,R02-AZ,19.744,-1.196,0,0,none,-1,-1
2026-09-01 09:44:00,R02-AZ,19.223,-2.471,0,0,none,-1,-1
2026-09-01 09:46:00,R02-AZ,19.329,-2.068,0,0,fiber_degradation,2,6
2026-09-01 09:48:00,R02-AZ,19.202,-2.234,0,0,fiber_degradation,2,6
2026-09-01 09:50:00,R02-AZ,19.342,-2.448,0,0,fiber_degradation,2,6
2026-09-01 09:52:00,R02-AZ,19.451,-1.83,0,0,fiber_degradation,2,6
2026-09-01 09:54:00,R02-AZ,18.224,-3.942,0,0,fiber_degradation,2,6
2026-09-01 09:56:00,R02-AZ,19.397,-1.754,0,0,fiber_degradation,2,6
2026-09-01 09:58:00,R02-AZ,18.982,-3.23,0,0,fiber_degradation,2,6
2026-09-01 00:00:00,R02-ZA,19.676,-3.94,0,0,none,-1,-1
2026-09-01 00:02:00,R02-ZA,19.901,-2.736,0,0,none,-1,-1
2026-09-01 00:04:00,R02-ZA,19.781,-3.402,0,0,none,-1,-1
2026-09-01 00:06:00,R02-ZA,19.626,-3.604,0,0,none,-1,-1
2026-09-01 00:08:00,R02-ZA,19.832,-3.413,0,0,none,-1,-1
2026-09-01 00:10:00,R02-ZA,-18.912,-44.364,1,1,fiber_cut,4,0
2026-09-01 00:12:00,R02-ZA,-18.02,-42.389,1,1,fiber_cut,4,0
2026-09-01 00:14:00,R02-ZA,-17.951,-42.736,1,1,fiber_cut,4,0
2026-09-01 00:16:00,R02-ZA,-17.84,-42.668,1,1,fiber_cut,4,0
2026-09-01 00:18:00,R02-ZA,-19.044,-44.186,1,1,fiber_cut,4,0
2026-09-01 00:20:00,R02-ZA,-17.675,-42.27,1,1,fiber_cut,4,0
2026-09-01 00:22:00,R02-ZA,-17.833,-43.089,1,1,fiber_cut,4,0
2026-09-01 00:24:00,R02-ZA,-17.258,-42.037,1,1,fiber_cut,4,0
2026-09-01 00:26:00,R02-ZA,20.078,-1.97,0,0,none,-1,-1
2026-09-01 00:28:00,R02-ZA,20.017,-2.052,0,0,none,-1,-1
2026-09-01 00:30:00,R02-ZA,19.964,-2.295,0,0,none,-1,-1
2026-09-01 00:32:00,R02-ZA,19.528,-3.889,0,0,none,-1,-1
2026-09-01 00:34:00,R02-ZA,20.017,-2.194,0,0,none,-1,-1
2026-09-01 00:36:00,R02-ZA,19.965,-1.234,0,0,none,-1,-1
2026-09-01 00:38:00,R02-ZA,19.905,-2.732,0,0,none,-1,-1
2026-09-01 00:40:00,R02-ZA,20.032,-1.679,0,0,none,-1,-1
2026-09-01 00:42:00,R02-ZA,20.076,-1.475,0,0,none,-1,-1
2026-09-01 00:44:00,R02-ZA,19.807,-3.37,0,0,none,-1,-1
2026-09-01 00:46:00,R02-ZA,19.751,-3.039,0,0,none,-1,-1
2026-09-01 00:48:00,R02-ZA,20.016,-2.753,0,0,none,-1,-1
2026-09-01 00:50:00,R02-ZA,19.528,-3.867,0,0,none,-1,-1
2026-09-01 00:52:00,R02-ZA,19.994,-1.991,0,0,none,-1,-1
2026-09-01 00:54:00,R02-ZA,20.027,-1.563,0,0,none,-1,-1
2026-09-01 00:56:00,R02-ZA,20.043,-2.444,0,0,none,-1,-1
2026-09-01 00:58:00,R02-ZA,19.984,-1.251,0,0,none,-1,-1
2026-09-01 01:00:00,R02-ZA,19.716,-3.637,0,0,none,-1,-1
2026-09-01 01:02:00,R02-ZA,20.108,-1.166,0,0,none,-1,-1
2026-09-01 01:04:00,R02-ZA,19.9,-2.184,0,0,none,-1,-1
2026-09-01 01:06:00,R02-ZA,19.615,-3.743,0,0,none,-1,-1
2026-09-01 01:08:00,R02-ZA,19.953,-2.458,0,0,none,-1,-1
2026-09-01 01:10:00,R02-ZA,20.061,-2.137,0,0,none,-1,-1
2026-09-01 01:12:00,R02-ZA,19.97,-2.448,0,0,none,-1,-1
2026-09-01 01:14:00,R02-ZA,19.927,-1.507,0,0,none,-1,-1
2026-09-01 01:16:00,R02-ZA,19.744,-3.375,0,0,none,-1,-1
2026-09-01 01:18:00,R02-ZA,19.853,-3.436,0,0,none,-1,-1
2026-09-01 01:20:00,R02-ZA,19.964,-2.486,0,0,none,-1,-1
2026-09-01 01:22:00,R02-ZA,20.088,-1.875,0,0,none,-1,-1
2026-09-01 01:24:00,R02-ZA,19.979,-2.874,0,0,none,-1,-1
2026-09-01 01:26:00,R02-ZA,19.828,-3.1,0,0,fiber_degradation,19,1
2026-09-01 01:28:00,R02-ZA,19.963,-2.109,0,0,fiber_degradation,19,1
2026-09-01 01:30:00,R02-ZA,19.495,-5.314,0,0,fiber_degradation,19,1
2026-09-01 01:32:00,R02-ZA,19.863,-4.432,0,0,fiber_degradation,19,1
2026-09-01 01:34:00,R02-ZA,19.844,-4.741,0,0,fiber_degradation,19,1
2026-09-01 01:36:00,R02-ZA,19.671,-3.663,0,0,fiber_degradation,19,1
2026-09-01 01:38:00,R02-ZA,19.751,-5.753,0,0,fiber_degradation,19,1
2026-09-01 01:40:00,R02-ZA,19.824,-5.462,0,0,fiber_degradation,19,1
2026-09-01 01:42:00,R02-ZA,19.721,-6.05,1,0,fiber_degradation,19,1
2026-09-01 01:44:00,R02-ZA,19.731,-6.144,1,0,fiber_degradation,19,1
2026-09-01 01:46:00,R02-ZA,19.841,-6.205,1,0,fiber_degradation,19,1
2026-09-01 01:48:00,R02-ZA,19.379,-8.179,1,0,fiber_degradation,19,1
2026-09-01 01:50:00,R02-ZA,19.806,-7.046,1,0,fiber_degradation,19,1
2026-09-01 01:52:00,R02-ZA,19.706,-7.609,1,0,fiber_degradation,19,1
2026-09-01 01:54:00,R02-ZA,19.579,-7.932,1,0,fiber_degradation,19,1
2026-09-01 01:56:00,R02-ZA,19.379,-9.176,1,0,fiber_degradation,19,1
2026-09-01 01:58:00,R02-ZA,19.507,-9.117,1,0,fiber_degradation,19,1
2026-09-01 02:00:00,R02-ZA,19.355,-9.394,1,0,fiber_degradation,19,1
2026-09-01 02:02:00,R02-ZA,19.228,-9.781,1,0,fiber_degradation,19,1
2026-09-01 02:04:00,R02-ZA,19.286,-10.373,1,0,fiber_degradation,19,1
2026-09-01 02:06:00,R02-ZA,18.378,-12.674,1,0,fiber_degradation,19,1
2026-09-01 02:08:00,R02-ZA,19.165,-10.752,1,0,fiber_degradation,19,1
2026-09-01 02:10:00,R02-ZA,19.135,-10.691,1,0,fiber_degradation,19,1
2026-09-01 02:12:00,R02-ZA,18.566,-12.771,1,0,fiber_degradation,19,1
2026-09-01 02:14:00,R02-ZA,18.87,-11.817,1,0,fiber_degradation,19,1
2026-09-01 02:16:00,R02-ZA,18.423,-13.183,1,0,fiber_degradation,19,1
2026-09-01 02:18:00,R02-ZA,18.865,-11.879,1,0,fiber_degradation,19,1
2026-09-01 02:20:00,R02-ZA,18.915,-11.759,1,0,fiber_degradation,19,1
2026-09-01 02:22:00,R02-ZA,18.669,-12.423,1,0,fiber_degradation,19,1
2026-09-01 02:24:00,R02-ZA,18.582,-12.603,1,0,fiber_degradation,19,1
2026-09-01 02:26:00,R02-ZA,18.812,-11.132,1,0,fiber_degradation,19,1
2026-09-01 02:28:00,R02-ZA,18.988,-11.024,1,0,fiber_degradation,19,1
2026-09-01 02:30:00,R02-ZA,18.874,-10.076,1,0,fiber_degradation,19,1
2026-09-01 02:32:00,R02-ZA,18.759,-11.945,1,0,fiber_degradation,19,1
2026-09-01 02:34:00,R02-ZA,18.963,-11.662,1,0,fiber_degradation,19,1
2026-09-01 02:36:00,R02-ZA,18.671,-12.053,1,0,fiber_degradation,19,1
2026-09-01 02:38:00,R02-ZA,19.052,-10.387,1,0,fiber_degradation,19,1
2026-09-01 02:40:00,R02-ZA,18.319,-13.055,1,0,fiber_degradation,19,1
2026-09-01 02:42:00,R02-ZA,18.843,-11.73,1,0,fiber_degradation,19,1
2026-09-01 02:44:00,R02-ZA,19.064,-11.173,1,0,fiber_degradation,19,1
2026-09-01 02:46:00,R02-ZA,20.015,-2.039,0,0,none,-1,-1
2026-09-01 02:48:00,R02-ZA,19.968,-0.43,0,0,none,-1,-1
2026-09-01 02:50:00,R02-ZA,20.0,-2.578,0,0,none,-1,-1
2026-09-01 02:52:00,R02-ZA,19.965,-2.228,0,0,none,-1,-1
2026-09-01 02:54:00,R02-ZA,20.011,-2.234,0,0,none,-1,-1
2026-09-01 02:56:00,R02-ZA,20.067,-0.994,0,0,none,-1,-1
2026-09-01 02:58:00,R02-ZA,20.112,-0.914,0,0,none,-1,-1
2026-09-01 03:00:00,R02-ZA,20.064,-1.396,0,0,none,-1,-1
2026-09-01 03:02:00,R02-ZA,20.106,-1.716,0,0,none,-1,-1
2026-09-01 03:04:00,R02-ZA,19.86,-2.549,0,0,none,-1,-1
2026-09-01 03:06:00,R02-ZA,19.968,-2.219,0,0,none,-1,-1
2026-09-01 03:08:00,R02-ZA,20.03,-1.336,0,0,none,-1,-1
2026-09-01 03:10:00,R02-ZA,19.959,-1.142,0,0,none,-1,-1
2026-09-01 03:12:00,R02-ZA,19.983,-1.854,0,0,none,-1,-1
2026-09-01 03:14:00,R02-ZA,20.028,-0.284,0,0,none,-1,-1
2026-09-01 03:16:00,R02-ZA,19.912,-0.98,0,0,none,-1,-1
2026-09-01 03:18:00,R02-ZA,19.924,-2.505,0,0,none,-1,-1
2026-09-01 03:20:00,R02-ZA,19.785,-0.181,0,0,none,-1,-1
2026-09-01 03:22:00,R02-ZA,20.017,-1.003,0,0,none,-1,-1
2026-09-01 03:24:00,R02-ZA,19.861,-3.023,0,0,none,-1,-1
2026-09-01 03:26:00,R02-ZA,19.947,-2.445,0,0,none,-1,-1
2026-09-01 03:28:00,R02-ZA,19.957,-2.158,0,0,none,-1,-1
2026-09-01 03:30:00,R02-ZA,20.036,-1.508,0,0,none,-1,-1
2026-09-01 03:32:00,R02-ZA,20.067,-1.66,0,0,none,-1,-1
2026-09-01 03:34:00,R02-ZA,19.961,-0.593,0,0,none,-1,-1
2026-09-01 03:36:00,R02-ZA,19.947,-0.999,0,0,none,-1,-1
2026-09-01 03:38:00,R02-ZA,20.176,-0.76,0,0,none,-1,-1
2026-09-01 03:40:00,R02-ZA,20.086,-0.8,0,0,none,-1,-1
2026-09-01 03:42:00,R02-ZA,19.837,-2.962,0,0,none,-1,-1
2026-09-01 03:44:00,R02-ZA,20.144,-1.121,0,0,none,-1,-1
2026-09-01 03:46:00,R02-ZA,20.034,-0.208,0,0,none,-1,-1
2026-09-01 03:48:00,R02-ZA,19.98,-1.529,0,0,none,-1,-1
2026-09-01 03:50:00,R02-ZA,20.002,-0.952,0,0,none,-1,-1
2026-09-01 03:52:00,R02-ZA,19.92,-1.334,0,0,none,-1,-1
2026-09-01 03:54:00,R02-ZA,20.011,-1.283,0,0,none,-1,-1
2026-09-01 03:56:00,R02-ZA,19.894,-0.303,0,0,none,-1,-1
2026-09-01 03:58:00,R02-ZA,20.029,-0.87,0,0,none,-1,-1
2026-09-01 04:00:00,R02-ZA,20.042,-2.099,0,0,none,-1,-1
2026-09-01 04:02:00,R02-ZA,20.059,-0.393,0,0,none,-1,-1
2026-09-01 04:04:00,R02-ZA,20.023,-2.141,0,0,none,-1,-1
2026-09-01 04:06:00,R02-ZA,20.069,-0.722,0,0,none,-1,-1
2026-09-01 04:08:00,R02-ZA,19.946,-1.645,0,0,none,-1,-1
2026-09-01 04:10:00,R02-ZA,19.982,-1.241,0,0,none,-1,-1
2026-09-01 04:12:00,R02-ZA,19.964,-0.861,0,0,none,-1,-1
2026-09-01 04:14:00,R02-ZA,20.005,-2.277,0,0,none,-1,-1
2026-09-01 04:16:00,R02-ZA,19.789,-0.187,0,0,none,-1,-1
2026-09-01 04:18:00,R02-ZA,20.006,-2.018,0,0,none,-1,-1
2026-09-01 04:20:00,R02-ZA,20.082,-0.898,0,0,none,-1,-1
2026-09-01 04:22:00,R02-ZA,19.984,-0.525,0,0,none,-1,-1
2026-09-01 04:24:00,R02-ZA,20.047,-0.445,0,0,none,-1,-1
2026-09-01 04:26:00,R02-ZA,20.134,-1.493,0,0,none,-1,-1
2026-09-01 04:28:00,R02-ZA,19.76,1.159,0,0,none,-1,-1
2026-09-01 04:30:00,R02-ZA,19.992,-0.228,0,0,none,-1,-1
2026-09-01 04:32:00,R02-ZA,20.118,-1.163,0,0,none,-1,-1
2026-09-01 04:34:00,R02-ZA,19.983,-1.184,0,0,none,-1,-1
2026-09-01 04:36:00,R02-ZA,19.871,-1.905,0,0,none,-1,-1
2026-09-01 04:38:00,R02-ZA,20.114,-1.537,0,0,none,-1,-1
2026-09-01 04:40:00,R02-ZA,20.014,-2.206,0,0,none,-1,-1
2026-09-01 04:42:00,R02-ZA,20.067,-0.707,0,0,none,-1,-1
2026-09-01 04:44:00,R02-ZA,19.879,-1.995,0,0,none,-1,-1
2026-09-01 04:46:00,R02-ZA,20.037,-1.885,0,0,none,-1,-1
2026-09-01 04:48:00,R02-ZA,19.296,1.631,0,0,none,-1,-1
2026-09-01 04:50:00,R02-ZA,19.987,-0.3,0,0,none,-1,-1
2026-09-01 04:52:00,R02-ZA,20.006,-0.417,0,0,none,-1,-1
2026-09-01 04:54:00,R02-ZA,19.51,0.608,0,0,none,-1,-1
2026-09-01 04:56:00,R02-ZA,20.129,-1.312,0,0,none,-1,-1
2026-09-01 04:58:00,R02-ZA,20.063,-2.085,0,0,none,-1,-1
2026-09-01 05:00:00,R02-ZA,20.153,-1.083,0,0,none,-1,-1
2026-09-01 05:02:00,R02-ZA,20.041,-1.336,0,0,none,-1,-1
2026-09-01 05:04:00,R02-ZA,20.053,0.025,0,0,none,-1,-1
2026-09-01 05:06:00,R02-ZA,19.825,0.631,0,0,none,-1,-1
2026-09-01 05:08:00,R02-ZA,19.892,-2.431,0,0,none,-1,-1
2026-09-01 05:10:00,R02-ZA,19.855,-2.904,0,0,none,-1,-1
2026-09-01 05:12:00,R02-ZA,20.011,-2.484,0,0,none,-1,-1
2026-09-01 05:14:00,R02-ZA,19.819,-1.608,0,0,none,-1,-1
2026-09-01 05:16:00,R02-ZA,20.134,-1.233,0,0,none,-1,-1
2026-09-01 05:18:00,R02-ZA,19.952,-2.014,0,0,none,-1,-1
2026-09-01 05:20:00,R02-ZA,20.058,-1.448,0,0,none,-1,-1
2026-09-01 05:22:00,R02-ZA,20.022,-2.171,0,0,none,-1,-1
2026-09-01 05:24:00,R02-ZA,12.309,-11.473,1,1,fiber_degradation,6,2
2026-09-01 05:26:00,R02-ZA,11.459,-12.305,1,1,fiber_degradation,6,2
2026-09-01 05:28:00,R02-ZA,11.433,-13.626,1,1,fiber_degradation,6,2
2026-09-01 05:30:00,R02-ZA,11.371,-13.99,1,1,fiber_degradation,6,2
2026-09-01 05:32:00,R02-ZA,11.664,-12.132,1,1,fiber_degradation,6,2
2026-09-01 05:34:00,R02-ZA,12.048,-12.135,1,1,fiber_degradation,6,2
2026-09-01 05:36:00,R02-ZA,11.392,-12.746,1,1,fiber_degradation,6,2
2026-09-01 05:38:00,R02-ZA,10.267,-13.974,1,1,fiber_degradation,6,2
2026-09-01 05:40:00,R02-ZA,10.639,-13.442,1,1,fiber_degradation,6,2
2026-09-01 05:42:00,R02-ZA,9.494,-15.901,1,1,fiber_degradation,6,2
2026-09-01 05:44:00,R02-ZA,12.035,-12.001,1,1,fiber_degradation,6,2
2026-09-01 05:46:00,R02-ZA,10.994,-13.586,1,1,fiber_degradation,6,2
2026-09-01 05:48:00,R02-ZA,10.89,-13.445,1,1,fiber_degradation,6,2
2026-09-01 05:50:00,R02-ZA,11.671,-13.287,1,1,fiber_degradation,6,2
2026-09-01 05:52:00,R02-ZA,10.794,-13.758,1,1,fiber_degradation,6,2
2026-09-01 05:54:00,R02-ZA,12.042,-12.572,1,1,fiber_degradation,6,2
2026-09-01 05:56:00,R02-ZA,10.697,-14.189,1,1,fiber_degradation,6,2
2026-09-01 05:58:00,R02-ZA,10.906,-14.127,1,1,fiber_degradation,6,2
2026-09-01 06:00:00,R02-ZA,10.28,-14.403,1,1,fiber_degradation,6,2
2026-09-01 06:02:00,R02-ZA,10.807,-13.633,1,1,fiber_degradation,6,2
2026-09-01 06:04:00,R02-ZA,11.759,-12.355,1,1,fiber_degradation,6,2
2026-09-01 06:06:00,R02-ZA,10.422,-14.439,1,1,fiber_degradation,6,2
2026-09-01 06:08:00,R02-ZA,10.329,-14.601,1,1,fiber_degradation,6,2
2026-09-01 06:10:00,R02-ZA,10.831,-13.26,1,1,fiber_degradation,6,2
2026-09-01 06:12:00,R02-ZA,11.123,-13.351,1,1,fiber_degradation,6,2
2026-09-01 06:14:00,R02-ZA,10.021,-15.061,1,1,fiber_degradation,6,2
2026-09-01 06:16:00,R02-ZA,11.65,-12.695,1,1,fiber_degradation,6,2
2026-09-01 06:18:00,R02-ZA,10.692,-13.893,1,1,fiber_degradation,6,2
2026-09-01 06:20:00,R02-ZA,10.753,-13.644,1,1,fiber_degradation,6,2
2026-09-01 06:22:00,R02-ZA,11.178,-14.026,1,1,fiber_degradation,6,2
2026-09-01 06:24:00,R02-ZA,10.736,-13.989,1,1,fiber_degradation,6,2
2026-09-01 06:26:00,R02-ZA,11.503,-12.651,1,1,fiber_degradation,6,2
2026-09-01 06:28:00,R02-ZA,11.446,-12.633,1,1,fiber_degradation,6,2
2026-09-01 06:30:00,R02-ZA,11.129,-12.681,1,1,fiber_degradation,6,2
2026-09-01 06:32:00,R02-ZA,11.308,-12.681,1,1,fiber_degradation,6,2
2026-09-01 06:34:00,R02-ZA,10.753,-13.631,1,1,fiber_degradation,6,2
2026-09-01 06:36:00,R02-ZA,11.133,-13.098,1,1,fiber_degradation,6,2
2026-09-01 06:38:00,R02-ZA,10.97,-13.609,1,1,fiber_degradation,6,2
2026-09-01 06:40:00,R02-ZA,10.512,-14.231,1,1,fiber_degradation,6,2
2026-09-01 06:42:00,R02-ZA,9.74,-15.201,1,1,fiber_degradation,6,2
2026-09-01 06:44:00,R02-ZA,20.104,-1.24,0,0,none,-1,-1
2026-09-01 06:46:00,R02-ZA,20.107,-1.795,0,0,none,-1,-1
2026-09-01 06:48:00,R02-ZA,19.977,-0.698,0,0,none,-1,-1
2026-09-01 06:50:00,R02-ZA,-5.532,-41.875,1,1,fiber_cut,19,3
2026-09-01 06:52:00,R02-ZA,-4.907,-41.397,1,1,fiber_cut,19,3
2026-09-01 06:54:00,R02-ZA,-3.83,-40.444,1,1,fiber_cut,19,3
2026-09-01 06:56:00,R02-ZA,-3.966,-40.333,1,1,fiber_cut,19,3
2026-09-01 06:58:00,R02-ZA,-6.453,-43.04,1,1,fiber_cut,19,3
2026-09-01 07:00:00,R02-ZA,-4.722,-41.151,1,1,fiber_cut,19,3
2026-09-01 07:02:00,R02-ZA,20.062,-2.401,0,0,none,-1,-1
2026-09-01 07:04:00,R02-ZA,20.039,-1.822,0,0,none,-1,-1
2026-09-01 07:06:00,R02-ZA,19.994,-0.819,0,0,none,-1,-1
2026-09-01 07:08:00,R02-ZA,20.005,-2.124,0,0,none,-1,-1
2026-09-01 07:10:00,R02-ZA,20.002,-1.556,0,0,none,-1,-1
2026-09-01 07:12:00,R02-ZA,19.897,-2.595,0,0,none,-1,-1
2026-09-01 07:14:00,R02-ZA,19.811,-0.558,0,0,none,-1,-1
2026-09-01 07:16:00,R02-ZA,20.014,-0.3,0,0,none,-1,-1
2026-09-01 07:18:00,R02-ZA,19.92,-1.403,0,0,none,-1,-1
2026-09-01 07:20:00,R02-ZA,19.692,-3.841,0,0,fiber_degradation,6,4
2026-09-01 07:22:00,R02-ZA,19.709,-3.282,0,0,fiber_degradation,6,4
2026-09-01 07:24:00,R02-ZA,19.13,-4.247,0,0,fiber_degradation,6,4
2026-09-01 07:26:00,R02-ZA,18.417,-5.81,0,0,fiber_degradation,6,4
2026-09-01 07:28:00,R02-ZA,18.667,-4.882,0,0,fiber_degradation,6,4
2026-09-01 07:30:00,R02-ZA,18.067,-5.846,0,0,fiber_degradation,6,4
2026-09-01 07:32:00,R02-ZA,17.052,-7.657,1,0,fiber_degradation,6,4
2026-09-01 07:34:00,R02-ZA,16.531,-7.641,1,0,fiber_degradation,6,4
2026-09-01 07:36:00,R02-ZA,15.895,-9.483,1,0,fiber_degradation,6,4
2026-09-01 07:38:00,R02-ZA,15.351,-9.237,1,0,fiber_degradation,6,4
2026-09-01 07:40:00,R02-ZA,14.594,-9.659,1,0,fiber_degradation,6,4
2026-09-01 07:42:00,R02-ZA,14.191,-10.1,1,0,fiber_degradation,6,4
2026-09-01 07:44:00,R02-ZA,12.784,-12.55,1,1,fiber_degradation,6,4
2026-09-01 07:46:00,R02-ZA,12.934,-11.665,1,1,fiber_degradation,6,4
2026-09-01 07:48:00,R02-ZA,12.337,-12.573,1,1,fiber_degradation,6,4
2026-09-01 07:50:00,R02-ZA,9.926,-15.56,1,1,fiber_degradation,6,4
2026-09-01 07:52:00,R02-ZA,10.422,-13.774,1,1,fiber_degradation,6,4
2026-09-01 07:54:00,R02-ZA,8.949,-15.315,1,1,fiber_degradation,6,4
2026-09-01 07:56:00,R02-ZA,9.506,-14.923,1,1,fiber_degradation,6,4
2026-09-01 07:58:00,R02-ZA,9.443,-15.068,1,1,fiber_degradation,6,4
2026-09-01 08:00:00,R02-ZA,9.057,-15.863,1,1,fiber_degradation,6,4
2026-09-01 08:02:00,R02-ZA,9.076,-16.278,1,1,fiber_degradation,6,4
2026-09-01 08:04:00,R02-ZA,9.885,-15.089,1,1,fiber_degradation,6,4
2026-09-01 08:06:00,R02-ZA,8.385,-17.109,1,1,fiber_degradation,6,4
2026-09-01 08:08:00,R02-ZA,9.395,-15.274,1,1,fiber_degradation,6,4
2026-09-01 08:10:00,R02-ZA,9.503,-15.309,1,1,fiber_degradation,6,4
2026-09-01 08:12:00,R02-ZA,9.407,-15.671,1,1,fiber_degradation,6,4
2026-09-01 08:14:00,R02-ZA,9.366,-15.234,1,1,fiber_degradation,6,4
2026-09-01 08:16:00,R02-ZA,9.609,-15.149,1,1,fiber_degradation,6,4
2026-09-01 08:18:00,R02-ZA,10.588,-13.772,1,1,fiber_degradation,6,4
2026-09-01 08:20:00,R02-ZA,19.779,-2.875,0,0,none,-1,-1
2026-09-01 08:22:00,R02-ZA,19.99,-2.385,0,0,none,-1,-1
2026-09-01 08:24:00,R02-ZA,19.738,-3.607,0,0,none,-1,-1
2026-09-01 08:26:00,R02-ZA,19.884,-2.697,0,0,none,-1,-1
2026-09-01 08:28:00,R02-ZA,19.985,-2.578,0,0,none,-1,-1
2026-09-01 08:30:00,R02-ZA,19.817,-2.882,0,0,none,-1,-1
2026-09-01 08:32:00,R02-ZA,19.785,-3.397,0,0,none,-1,-1
2026-09-01 08:34:00,R02-ZA,19.766,-3.184,0,0,none,-1,-1
2026-09-01 08:36:00,R02-ZA,19.932,-2.939,0,0,none,-1,-1
2026-09-01 08:38:00,R02-ZA,19.48,-4.661,0,0,none,-1,-1
2026-09-01 08:40:00,R02-ZA,19.568,-4.524,0,0,none,-1,-1
2026-09-01 08:42:00,R02-ZA,19.897,-2.556,0,0,none,-1,-1
2026-09-01 08:44:00,R02-ZA,20.026,-2.193,0,0,none,-1,-1
2026-09-01 08:46:00,R02-ZA,19.712,-2.724,0,0,none,-1,-1
2026-09-01 08:48:00,R02-ZA,19.89,-2.828,0,0,none,-1,-1
2026-09-01 08:50:00,R02-ZA,19.859,-3.095,0,0,none,-1,-1
2026-09-01 08:52:00,R02-ZA,20.023,-1.829,0,0,none,-1,-1
2026-09-01 08:54:00,R02-ZA,19.9,-3.143,0,0,none,-1,-1
2026-09-01 08:56:00,R02-ZA,19.871,-3.406,0,0,none,-1,-1
2026-09-01 08:58:00,R02-ZA,19.973,-2.24,0,0,none,-1,-1
2026-09-01 09:00:00,R02-ZA,19.919,-2.351,0,0,none,-1,-1
2026-09-01 09:02:00,R02-ZA,19.841,-2.803,0,0,none,-1,-1
2026-09-01 09:04:00,R02-ZA,19.584,-4.476,0,0,none,-1,-1
2026-09-01 09:06:00,R02-ZA,19.597,-4.241,0,0,none,-1,-1
2026-09-01 09:08:00,R02-ZA,19.807,-0.933,0,0,none,-1,-1
2026-09-01 09:10:00,R02-ZA,19.93,-2.9,0,0,none,-1,-1
2026-09-01 09:12:00,R02-ZA,19.967,-2.289,0,0,none,-1,-1
2026-09-01 09:14:00,R02-ZA,20.054,-1.92,0,0,none,-1,-1
2026-09-01 09:16:00,R02-ZA,19.709,-3.476,0,0,none,-1,-1
2026-09-01 09:18:00,R02-ZA,20.014,-2.173,0,0,none,-1,-1
2026-09-01 09:20:00,R02-ZA,20.005,-1.729,0,0,none,-1,-1
2026-09-01 09:22:00,R02-ZA,19.712,-3.559,0,0,none,-1,-1
2026-09-01 09:24:00,R02-ZA,19.982,-2.13,0,0,none,-1,-1
2026-09-01 09:26:00,R02-ZA,19.916,-3.175,0,0,none,-1,-1
2026-09-01 09:28:00,R02-ZA,19.998,-2.38,0,0,none,-1,-1
2026-09-01 09:30:00,R02-ZA,20.024,-2.124,0,0,none,-1,-1
2026-09-01 09:32:00,R02-ZA,19.961,-2.873,0,0,none,-1,-1
2026-09-01 09:34:00,R02-ZA,19.847,-3.019,0,0,none,-1,-1
2026-09-01 09:36:00,R02-ZA,19.95,-2.223,0,0,none,-1,-1
2026-09-01 09:38:00,R02-ZA,19.88,-1.894,0,0,none,-1,-1
2026-09-01 09:40:00,R02-ZA,19.66,-4.0,0,0,none,-1,-1
2026-09-01 09:42:00,R02-ZA,19.867,-2.972,0,0,none,-1,-1
2026-09-01 09:44:00,R02-ZA,19.645,-3.836,0,0,none,-1,-1
2026-09-01 09:46:00,R02-ZA,19.994,-1.838,0,0,none,-1,-1
2026-09-01 09:48:00,R02-ZA,19.872,-3.051,0,0,amplifier_degradation,14,5
2026-09-01 09:50:00,R02-ZA,19.481,-4.533,0,0,amplifier_degradation,14,5
2026-09-01 09:52:00,R02-ZA,19.725,-4.2,0,0,amplifier_degradation,14,5
2026-09-01 09:54:00,R02-ZA,19.575,-3.948,0,0,amplifier_degradation,14,5
2026-09-01 09:56:00,R02-ZA,19.773,-3.496,0,0,amplifier_degradation,14,5
2026-09-01 09:58:00,R02-ZA,19.655,-3.746,0,0,amplifier_degradation,14,5
2026-09-01 00:00:00,R03-AZ,20.25,0.662,0,0,none,-1,-1
2026-09-01 00:02:00,R03-AZ,20.175,0.372,0,0,none,-1,-1
2026-09-01 00:04:00,R03-AZ,20.269,0.382,0,0,none,-1,-1
2026-09-01 00:06:00,R03-AZ,20.1,0.622,0,0,none,-1,-1
2026-09-01 00:08:00,R03-AZ,19.452,-2.113,0,0,none,-1,-1
2026-09-01 00:10:00,R03-AZ,20.297,1.265,0,0,none,-1,-1
2026-09-01 00:12:00,R03-AZ,19.968,-0.09,0,0,none,-1,-1
2026-09-01 00:14:00,R03-AZ,19.993,-0.023,0,0,none,-1,-1
2026-09-01 00:16:00,R03-AZ,19.547,-1.329,0,0,none,-1,-1
2026-09-01 00:18:00,R03-AZ,19.561,-0.864,0,0,none,-1,-1
2026-09-01 00:20:00,R03-AZ,20.303,0.732,0,0,none,-1,-1
2026-09-01 00:22:00,R03-AZ,20.018,-0.512,0,0,none,-1,-1
2026-09-01 00:24:00,R03-AZ,20.277,0.798,0,0,none,-1,-1
2026-09-01 00:26:00,R03-AZ,20.213,0.581,0,0,none,-1,-1
2026-09-01 00:28:00,R03-AZ,19.677,-0.855,0,0,none,-1,-1
2026-09-01 00:30:00,R03-AZ,20.334,1.006,0,0,none,-1,-1
2026-09-01 00:32:00,R03-AZ,20.362,1.154,0,0,none,-1,-1
2026-09-01 00:34:00,R03-AZ,20.12,0.03,0,0,none,-1,-1
2026-09-01 00:36:00,R03-AZ,20.118,0.105,0,0,none,-1,-1
2026-09-01 00:38:00,R03-AZ,20.289,0.567,0,0,none,-1,-1
2026-09-01 00:40:00,R03-AZ,20.177,0.254,0,0,none,-1,-1
2026-09-01 00:42:00,R03-AZ,19.813,-0.228,0,0,none,-1,-1
2026-09-01 00:44:00,R03-AZ,20.271,0.466,0,0,none,-1,-1
2026-09-01 00:46:00,R03-AZ,20.228,0.607,0,0,none,-1,-1
2026-09-01 00:48:00,R03-AZ,19.983,-0.816,0,0,none,-1,-1
2026-09-01 00:50:00,R03-AZ,20.325,0.894,0,0,none,-1,-1
2026-09-01 00:52:00,R03-AZ,19.913,-0.077,0,0,none,-1,-1
2026-09-01 00:54:00,R03-AZ,19.998,-7.98,1,0,amplifier_degradation,19,0
2026-09-01 00:56:00,R03-AZ,19.659,-8.306,1,0,amplifier_degradation,19,0
2026-09-01 00:58:00,R03-AZ,20.023,-7.217,1,0,amplifier_degradation,19,0
2026-09-01 01:00:00,R03-AZ,20.064,-6.856,1,0,amplifier_degradation,19,0
2026-09-01 01:02:00,R03-AZ,20.134,-6.538,1,0,amplifier_degradation,19,0
2026-09-01 01:04:00,R03-AZ,19.775,-7.247,1,0,amplifier_degradation,19,0
2026-09-01 01:06:00,R03-AZ,20.264,-5.933,0,0,amplifier_degradation,19,0
2026-09-01 01:08:00,R03-AZ,20.243,-6.345,1,0,amplifier_degradation,19,0
2026-09-01 01:10:00,R03-AZ,20.107,-7.333,1,0,amplifier_degradation,19,0
2026-09-01 01:12:00,R03-AZ,19.824,-7.98,1,0,amplifier_degradation,19,0
2026-09-01 01:14:00,R03-AZ,20.244,-6.301,1,0,amplifier_degradation,19,0
2026-09-01 01:16:00,R03-AZ,20.091,-6.591,1,0,amplifier_degradation,19,0
2026-09-01 01:18:00,R03-AZ,19.916,-7.869,1,0,amplifier_degradation,19,0
2026-09-01 01:20:00,R03-AZ,19.894,-7.567,1,0,amplifier_degradation,19,0
2026-09-01 01:22:00,R03-AZ,19.81,-8.314,1,0,amplifier_degradation,19,0
2026-09-01 01:24:00,R03-AZ,20.105,-6.952,1,0,amplifier_degradation,19,0
2026-09-01 01:26:00,R03-AZ,20.214,-5.881,0,0,amplifier_degradation,19,0
2026-09-01 01:28:00,R03-AZ,20.212,-6.356,1,0,amplifier_degradation,19,0
2026-09-01 01:30:00,R03-AZ,20.243,0.862,0,0,none,-1,-1
2026-09-01 01:32:00,R03-AZ,20.259,2.179,0,0,none,-1,-1
2026-09-01 01:34:00,R03-AZ,20.188,0.412,0,0,none,-1,-1
2026-09-01 01:36:00,R03-AZ,20.303,1.942,0,0,none,-1,-1
2026-09-01 01:38:00,R03-AZ,20.249,1.076,0,0,none,-1,-1
2026-09-01 01:40:00,R03-AZ,20.343,1.144,0,0,none,-1,-1
2026-09-01 01:42:00,R03-AZ,20.271,1.211,0,0,none,-1,-1
2026-09-01 01:44:00,R03-AZ,20.288,1.356,0,0,none,-1,-1
2026-09-01 01:46:00,R03-AZ,20.3,1.688,0,0,none,-1,-1
2026-09-01 01:48:00,R03-AZ,20.318,1.127,0,0,none,-1,-1
2026-09-01 01:50:00,R03-AZ,20.286,1.012,0,0,none,-1,-1
2026-09-01 01:52:00,R03-AZ,20.256,0.784,0,0,none,-1,-1
2026-09-01 01:54:00,R03-AZ,20.259,0.816,0,0,none,-1,-1
2026-09-01 01:56:00,R03-AZ,20.371,1.689,0,0,none,-1,-1
2026-09-01 01:58:00,R03-AZ,20.347,1.786,0,0,none,-1,-1
2026-09-01 02:00:00,R03-AZ,20.326,2.912,0,0,none,-1,-1
2026-09-01 02:02:00,R03-AZ,20.09,0.145,0,0,none,-1,-1
2026-09-01 02:04:00,R03-AZ,20.258,0.424,0,0,none,-1,-1
2026-09-01 02:06:00,R03-AZ,20.04,0.074,0,0,none,-1,-1
2026-09-01 02:08:00,R03-AZ,20.222,1.299,0,0,none,-1,-1
2026-09-01 02:10:00,R03-AZ,19.937,-0.879,0,0,none,-1,-1
2026-09-01 02:12:00,R03-AZ,20.114,0.953,0,0,none,-1,-1
2026-09-01 02:14:00,R03-AZ,20.292,1.411,0,0,none,-1,-1
2026-09-01 02:16:00,R03-AZ,20.217,1.51,0,0,none,-1,-1
2026-09-01 02:18:00,R03-AZ,20.317,1.769,0,0,none,-1,-1
2026-09-01 02:20:00,R03-AZ,20.052,0.391,0,0,none,-1,-1
2026-09-01 02:22:00,R03-AZ,20.288,1.814,0,0,none,-1,-1
2026-09-01 02:24:00,R03-AZ,20.39,1.451,0,0,none,-1,-1
2026-09-01 02:26:00,R03-AZ,19.997,-0.023,0,0,none,-1,-1
2026-09-01 02:28:00,R03-AZ,19.87,0.121,0,0,none,-1,-1
2026-09-01 02:30:00,R03-AZ,20.186,0.564,0,0,none,-1,-1
2026-09-01 02:32:00,R03-AZ,20.33,1.245,0,0,none,-1,-1
2026-09-01 02:34:00,R03-AZ,20.28,0.809,0,0,none,-1,-1
2026-09-01 02:36:00,R03-AZ,20.377,1.484,0,0,none,-1,-1
2026-09-01 02:38:00,R03-AZ,20.183,1.212,0,0,none,-1,-1
2026-09-01 02:40:00,R03-AZ,20.323,0.969,0,0,none,-1,-1
2026-09-01 02:42:00,R03-AZ,20.262,0.994,0,0,none,-1,-1
2026-09-01 02:44:00,R03-AZ,20.219,0.12,0,0,none,-1,-1
2026-09-01 02:46:00,R03-AZ,20.348,2.06,0,0,none,-1,-1
2026-09-01 02:48:00,R03-AZ,20.363,1.487,0,0,none,-1,-1
2026-09-01 02:50:00,R03-AZ,20.381,1.551,0,0,none,-1,-1
2026-09-01 02:52:00,R03-AZ,20.15,0.577,0,0,none,-1,-1
2026-09-01 02:54:00,R03-AZ,20.322,1.189,0,0,none,-1,-1
2026-09-01 02:56:00,R03-AZ,20.193,0.586,0,0,none,-1,-1
2026-09-01 02:58:00,R03-AZ,20.247,1.04,0,0,amplifier_degradation,10,1
2026-09-01 03:00:00,R03-AZ,20.22,0.603,0,0,amplifier_degradation,10,1
2026-09-01 03:02:00,R03-AZ,19.965,-0.212,0,0,amplifier_degradation,10,1
2026-09-01 03:04:00,R03-AZ,19.561,-0.897,0,0,amplifier_degradation,10,1
2026-09-01 03:06:00,R03-AZ,20.165,0.665,0,0,amplifier_degradation,10,1
2026-09-01 03:08:00,R03-AZ,20.248,1.436,0,0,amplifier_degradation,10,1
2026-09-01 03:10:00,R03-AZ,19.75,-0.201,0,0,amplifier_degradation,10,1
2026-09-01 03:12:00,R03-AZ,20.198,0.162,0,0,amplifier_degradation,10,1
2026-09-01 03:14:00,R03-AZ,19.937,0.032,0,0,amplifier_degradation,10,1
2026-09-01 03:16:00,R03-AZ,19.933,-0.25,0,0,amplifier_degradation,10,1
2026-09-01 03:18:00,R03-AZ,20.177,1.289,0,0,amplifier_degradation,10,1
2026-09-01 03:20:00,R03-AZ,19.436,-1.313,0,0,amplifier_degradation,10,1
2026-09-01 03:22:00,R03-AZ,19.795,-0.503,0,0,amplifier_degradation,10,1
2026-09-01 03:24:00,R03-AZ,20.12,-0.395,0,0,amplifier_degradation,10,1
2026-09-01 03:26:00,R03-AZ,20.111,0.199,0,0,amplifier_degradation,10,1
2026-09-01 03:28:00,R03-AZ,19.803,-1.052,0,0,amplifier_degradation,10,1
2026-09-01 03:30:00,R03-AZ,19.787,-0.868,0,0,amplifier_degradation,10,1
2026-09-01 03:32:00,R03-AZ,19.143,-2.156,0,0,amplifier_degradation,10,1
2026-09-01 03:34:00,R03-AZ,20.202,1.255,0,0,amplifier_degradation,10,1
2026-09-01 03:36:00,R03-AZ,19.645,-0.652,0,0,amplifier_degradation,10,1
2026-09-01 03:38:00,R03-AZ,19.797,-0.533,0,0,amplifier_degradation,10,1
2026-09-01 03:40:00,R03-AZ,19.541,-0.959,0,0,amplifier_degradation,10,1
2026-09-01 03:42:00,R03-AZ,19.336,-1.745,0,0,amplifier_degradation,10,1
2026-09-01 03:44:00,R03-AZ,18.636,-2.817,0,0,amplifier_degradation,10,1
2026-09-01 03:46:00,R03-AZ,19.319,-1.533,0,0,amplifier_degradation,10,1
2026-09-01 03:48:00,R03-AZ,18.975,-2.127,0,0,amplifier_degradation,10,1
2026-09-01 03:50:00,R03-AZ,18.549,-3.691,0,0,amplifier_degradation,10,1
2026-09-01 03:52:00,R03-AZ,19.377,-1.845,0,0,amplifier_degradation,10,1
2026-09-01 03:54:00,R03-AZ,19.594,-1.328,0,0,amplifier_degradation,10,1
2026-09-01 03:56:00,R03-AZ,18.883,-2.407,0,0,amplifier_degradation,10,1
2026-09-01 03:58:00,R03-AZ,18.151,-3.167,0,0,amplifier_degradation,10,1
2026-09-01 04:00:00,R03-AZ,19.183,-1.824,0,0,amplifier_degradation,10,1
2026-09-01 04:02:00,R03-AZ,18.568,-3.033,0,0,amplifier_degradation,10,1
2026-09-01 04:04:00,R03-AZ,19.223,-2.103,0,0,amplifier_degradation,10,1
2026-09-01 04:06:00,R03-AZ,19.368,-1.689,0,0,amplifier_degradation,10,1
2026-09-01 04:08:00,R03-AZ,18.665,-2.636,0,0,amplifier_degradation,10,1
2026-09-01 04:10:00,R03-AZ,19.142,-2.468,0,0,amplifier_degradation,10,1
2026-09-01 04:12:00,R03-AZ,18.703,-2.716,0,0,amplifier_degradation,10,1
2026-09-01 04:14:00,R03-AZ,18.198,-3.484,0,0,amplifier_degradation,10,1
2026-09-01 04:16:00,R03-AZ,19.166,-2.59,0,0,amplifier_degradation,10,1
2026-09-01 04:18:00,R03-AZ,19.409,-1.937,0,0,amplifier_degradation,10,1
2026-09-01 04:20:00,R03-AZ,18.938,-2.438,0,0,amplifier_degradation,10,1
2026-09-01 04:22:00,R03-AZ,17.427,-4.357,0,0,amplifier_degradation,10,1
2026-09-01 04:24:00,R03-AZ,19.139,-1.944,0,0,amplifier_degradation,10,1
2026-09-01 04:26:00,R03-AZ,18.301,-3.203,0,0,amplifier_degradation,10,1
2026-09-01 04:28:00,R03-AZ,18.641,-3.423,0,0,amplifier_degradation,10,1
2026-09-01 04:30:00,R03-AZ,18.967,-2.778,0,0,amplifier_degradation,10,1
2026-09-01 04:32:00,R03-AZ,18.907,-2.425,0,0,amplifier_degradation,10,1
2026-09-01 04:34:00,R03-AZ,18.277,-3.468,0,0,amplifier_degradation,10,1
2026-09-01 04:36:00,R03-AZ,18.776,-2.466,0,0,amplifier_degradation,10,1
2026-09-01 04:38:00,R03-AZ,19.04,-1.948,0,0,amplifier_degradation,10,1
2026-09-01 04:40:00,R03-AZ,19.944,0.054,0,0,none,-1,-1
2026-09-01 04:42:00,R03-AZ,20.249,0.5,0,0,none,-1,-1
2026-09-01 04:44:00,R03-AZ,19.771,-0.903,0,0,none,-1,-1
2026-09-01 04:46:00,R03-AZ,20.059,0.088,0,0,none,-1,-1
2026-09-01 04:48:00,R03-AZ,19.836,-0.698,0,0,none,-1,-1
2026-09-01 04:50:00,R03-AZ,19.678,-0.137,0,0,none,-1,-1
2026-09-01 04:52:00,R03-AZ,19.472,-1.447,0,0,none,-1,-1
2026-09-01 04:54:00,R03-AZ,19.968,-0.427,0,0,none,-1,-1
2026-09-01 04:56:00,R03-AZ,20.216,-0.45,0,0,none,-1,-1
2026-09-01 04:58:00,R03-AZ,20.242,0.431,0,0,none,-1,-1
2026-09-01 05:00:00,R03-AZ,20.088,0.898,0,0,none,-1,-1
2026-09-01 05:02:00,R03-AZ,19.554,-1.203,0,0,none,-1,-1
2026-09-01 05:04:00,R03-AZ,19.398,-2.037,0,0,none,-1,-1
2026-09-01 05:06:00,R03-AZ,19.45,-0.987,0,0,none,-1,-1
2026-09-01 05:08:00,R03-AZ,19.974,-0.231,0,0,none,-1,-1
2026-09-01 05:10:00,R03-AZ,19.984,-0.59,0,0,none,-1,-1
2026-09-01 05:12:00,R03-AZ,19.704,-1.218,0,0,none,-1,-1
2026-09-01 05:14:00,R03-AZ,19.44,-1.425,0,0,none,-1,-1
2026-09-01 05:16:00,R03-AZ,19.556,-1.64,0,0,none,-1,-1
2026-09-01 05:18:00,R03-AZ,19.733,-0.909,0,0,none,-1,-1
2026-09-01 05:20:00,R03-AZ,19.84,-0.347,0,0,none,-1,-1
2026-09-01 05:22:00,R03-AZ,19.586,-1.053,0,0,none,-1,-1
2026-09-01 05:24:00,R03-AZ,19.913,-0.742,0,0,none,-1,-1
2026-09-01 05:26:00,R03-AZ,19.811,-0.472,0,0,none,-1,-1
2026-09-01 05:28:00,R03-AZ,20.184,0.904,0,0,none,-1,-1
2026-09-01 05:30:00,R03-AZ,19.72,-0.491,0,0,none,-1,-1
2026-09-01 05:32:00,R03-AZ,19.853,-0.895,0,0,none,-1,-1
2026-09-01 05:34:00,R03-AZ,20.052,-0.849,0,0,none,-1,-1
2026-09-01 05:36:00,R03-AZ,19.491,-1.161,0,0,none,-1,-1
2026-09-01 05:38:00,R03-AZ,19.77,-0.956,0,0,none,-1,-1
2026-09-01 05:40:00,R03-AZ,19.595,-0.809,0,0,none,-1,-1
2026-09-01 05:42:00,R03-AZ,20.047,-0.414,0,0,none,-1,-1
2026-09-01 05:44:00,R03-AZ,19.932,0.241,0,0,none,-1,-1
2026-09-01 05:46:00,R03-AZ,-6.769,-41.944,1,1,fiber_cut,19,2
2026-09-01 05:48:00,R03-AZ,-5.609,-40.766,1,1,fiber_cut,19,2
2026-09-01 05:50:00,R03-AZ,-5.876,-41.094,1,1,fiber_cut,19,2
2026-09-01 05:52:00,R03-AZ,-5.104,-40.308,1,1,fiber_cut,19,2
2026-09-01 05:54:00,R03-AZ,-4.764,-39.782,1,1,fiber_cut,19,2
2026-09-01 05:56:00,R03-AZ,-6.234,-41.426,1,1,fiber_cut,19,2
2026-09-01 05:58:00,R03-AZ,-5.736,-40.97,1,1,fiber_cut,19,2
2026-09-01 06:00:00,R03-AZ,-6.547,-41.738,1,1,fiber_cut,19,2
2026-09-01 06:02:00,R03-AZ,-6.29,-41.331,1,1,fiber_cut,19,2
2026-09-01 06:04:00,R03-AZ,-4.628,-39.91,1,1,fiber_cut,19,2
2026-09-01 06:06:00,R03-AZ,-5.71,-40.79,1,1,fiber_cut,19,2
2026-09-01 06:08:00,R03-AZ,20.026,-0.544,0,0,none,-1,-1
2026-09-01 06:10:00,R03-AZ,19.528,-0.923,0,0,none,-1,-1
2026-09-01 06:12:00,R03-AZ,19.375,-1.769,0,0,none,-1,-1
2026-09-01 06:14:00,R03-AZ,19.964,-0.644,0,0,none,-1,-1
2026-09-01 06:16:00,R03-AZ,20.021,-0.328,0,0,none,-1,-1
2026-09-01 06:18:00,R03-AZ,19.875,-0.837,0,0,none,-1,-1
2026-09-01 06:20:00,R03-AZ,20.1,0.478,0,0,none,-1,-1
2026-09-01 06:22:00,R03-AZ,19.644,-1.459,0,0,none,-1,-1
2026-09-01 06:24:00,R03-AZ,19.73,-0.265,0,0,none,-1,-1
2026-09-01 06:26:00,R03-AZ,20.164,1.168,0,0,none,-1,-1
2026-09-01 06:28:00,R03-AZ,20.123,-0.323,0,0,none,-1,-1
2026-09-01 06:30:00,R03-AZ,19.82,-0.599,0,0,none,-1,-1
2026-09-01 06:32:00,R03-AZ,20.142,0.156,0,0,fiber_degradation,16,3
2026-09-01 06:34:00,R03-AZ,20.056,0.01,0,0,fiber_degradation,16,3
2026-09-01 06:36:00,R03-AZ,19.737,-1.745,0,0,fiber_degradation,16,3
2026-09-01 06:38:00,R03-AZ,19.286,-2.45,0,0,fiber_degradation,16,3
2026-09-01 06:40:00,R03-AZ,20.159,0.013,0,0,fiber_degradation,16,3
2026-09-01 06:42:00,R03-AZ,19.896,-0.895,0,0,fiber_degradation,16,3
2026-09-01 06:44:00,R03-AZ,19.702,-1.774,0,0,fiber_degradation,16,3
2026-09-01 06:46:00,R03-AZ,19.559,-2.292,0,0,fiber_degradation,16,3
2026-09-01 06:48:00,R03-AZ,19.059,-3.008,0,0,fiber_degradation,16,3
2026-09-01 06:50:00,R03-AZ,19.864,-1.253,0,0,fiber_degradation,16,3
2026-09-01 06:52:00,R03-AZ,19.073,-3.143,0,0,fiber_degradation,16,3
2026-09-01 06:54:00,R03-AZ,19.142,-3.173,0,0,fiber_degradation,16,3
2026-09-01 06:56:00,R03-AZ,19.16,-3.312,0,0,fiber_degradation,16,3
2026-09-01 06:58:00,R03-AZ,19.042,-3.623,0,0,fiber_degradation,16,3
2026-09-01 07:00:00,R03-AZ,19.265,-3.571,0,0,fiber_degradation,16,3
2026-09-01 07:02:00,R03-AZ,19.329,-3.021,0,0,fiber_degradation,16,3
2026-09-01 07:04:00,R03-AZ,19.027,-3.751,0,0,fiber_degradation,16,3
2026-09-01 07:06:00,R03-AZ,18.913,-3.742,0,0,fiber_degradation,16,3
2026-09-01 07:08:00,R03-AZ,19.148,-3.454,0,0,fiber_degradation,16,3
2026-09-01 07:10:00,R03-AZ,19.139,-3.659,0,0,fiber_degradation,16,3
2026-09-01 07:12:00,R03-AZ,19.186,-3.594,0,0,fiber_degradation,16,3
2026-09-01 07:14:00,R03-AZ,19.453,-3.015,0,0,fiber_degradation,16,3
2026-09-01 07:16:00,R03-AZ,19.063,-3.745,0,0,fiber_degradation,16,3
2026-09-01 07:18:00,R03-AZ,18.694,-4.449,0,0,fiber_degradation,16,3
2026-09-01 07:20:00,R03-AZ,18.645,-5.2,0,0,fiber_degradation,16,3
2026-09-01 07:22:00,R03-AZ,18.509,-5.064,0,0,fiber_degradation,16,3
2026-09-01 07:24:00,R03-AZ,18.896,-4.209,0,0,fiber_degradation,16,3
2026-09-01 07:26:00,R03-AZ,17.834,-6.291,1,0,fiber_degradation,16,3
2026-09-01 07:28:00,R03-AZ,18.232,-5.671,0,0,fiber_degradation,16,3
2026-09-01 07:30:00,R03-AZ,19.078,-3.683,0,0,fiber_degradation,16,3
2026-09-01 07:32:00,R03-AZ,19.044,-4.151,0,0,fiber_degradation,16,3
2026-09-01 07:34:00,R03-AZ,19.199,-4.254,0,0,fiber_degradation,16,3
2026-09-01 07:36:00,R03-AZ,18.953,-4.198,0,0,fiber_degradation,16,3
2026-09-01 07:38:00,R03-AZ,18.753,-4.963,0,0,fiber_degradation,16,3
2026-09-01 07:40:00,R03-AZ,17.773,-6.783,1,0,fiber_degradation,16,3
2026-09-01 07:42:00,R03-AZ,18.783,-3.734,0,0,fiber_degradation,16,3
2026-09-01 07:44:00,R03-AZ,18.228,-5.462,0,0,fiber_degradation,16,3
2026-09-01 07:46:00,R03-AZ,18.158,-5.962,0,0,fiber_degradation,16,3
2026-09-01 07:48:00,R03-AZ,18.308,-5.501,0,0,fiber_degradation,16,3
2026-09-01 07:50:00,R03-AZ,18.966,-3.886,0,0,fiber_degradation,16,3
2026-09-01 07:52:00,R03-AZ,18.309,-5.577,0,0,fiber_degradation,16,3
2026-09-01 07:54:00,R03-AZ,17.852,-5.707,0,0,fiber_degradation,16,3
2026-09-01 07:56:00,R03-AZ,18.697,-4.587,0,0,fiber_degradation,16,3
2026-09-01 07:58:00,R03-AZ,17.326,-6.715,1,0,fiber_degradation,16,3
2026-09-01 08:00:00,R03-AZ,18.462,-5.487,0,0,fiber_degradation,16,3
2026-09-01 08:02:00,R03-AZ,18.615,-4.829,0,0,fiber_degradation,16,3
2026-09-01 08:04:00,R03-AZ,18.537,-4.978,0,0,fiber_degradation,16,3
2026-09-01 08:06:00,R03-AZ,19.259,-3.851,0,0,fiber_degradation,16,3
2026-09-01 08:08:00,R03-AZ,20.236,1.47,0,0,none,-1,-1
2026-09-01 08:10:00,R03-AZ,20.38,1.554,0,0,none,-1,-1
2026-09-01 08:12:00,R03-AZ,20.315,1.619,0,0,none,-1,-1
2026-09-01 08:14:00,R03-AZ,20.281,1.076,0,0,none,-1,-1
2026-09-01 08:16:00,R03-AZ,20.05,-0.045,0,0,none,-1,-1
2026-09-01 08:18:00,R03-AZ,20.376,2.351,0,0,none,-1,-1
2026-09-01 08:20:00,R03-AZ,20.34,1.713,0,0,none,-1,-1
2026-09-01 08:22:00,R03-AZ,20.272,0.966,0,0,none,-1,-1
2026-09-01 08:24:00,R03-AZ,20.243,0.826,0,0,none,-1,-1
2026-09-01 08:26:00,R03-AZ,20.313,0.642,0,0,none,-1,-1
2026-09-01 08:28:00,R03-AZ,20.16,0.364,0,0,none,-1,-1
2026-09-01 08:30:00,R03-AZ,20.304,1.904,0,0,none,-1,-1
2026-09-01 08:32:00,R03-AZ,20.255,1.037,0,0,none,-1,-1
2026-09-01 08:34:00,R03-AZ,20.291,2.323,0,0,none,-1,-1
2026-09-01 08:36:00,R03-AZ,20.377,0.915,0,0,none,-1,-1
2026-09-01 08:38:00,R03-AZ,20.379,1.557,0,0,none,-1,-1
2026-09-01 08:40:00,R03-AZ,20.343,1.727,0,0,none,-1,-1
2026-09-01 08:42:00,R03-AZ,20.235,0.217,0,0,none,-1,-1
2026-09-01 08:44:00,R03-AZ,20.344,1.4,0,0,none,-1,-1
2026-09-01 08:46:00,R03-AZ,20.16,0.888,0,0,none,-1,-1
2026-09-01 08:48:00,R03-AZ,20.337,2.684,0,0,none,-1,-1
2026-09-01 08:50:00,R03-AZ,20.272,2.657,0,0,none,-1,-1
2026-09-01 08:52:00,R03-AZ,17.743,-2.966,0,0,amplifier_degradation,2,4
2026-09-01 08:54:00,R03-AZ,19.133,-0.829,0,0,amplifier_degradation,2,4
2026-09-01 08:56:00,R03-AZ,19.578,-0.311,0,0,amplifier_degradation,2,4
2026-09-01 08:58:00,R03-AZ,19.448,-0.335,0,0,amplifier_degradation,2,4
2026-09-01 09:00:00,R03-AZ,17.769,-2.697,0,0,amplifier_degradation,2,4
2026-09-01 09:02:00,R03-AZ,18.14,-2.584,0,0,amplifier_degradation,2,4
2026-09-01 09:04:00,R03-AZ,18.61,-1.938,0,0,amplifier_degradation,2,4
2026-09-01 09:06:00,R03-AZ,18.285,-1.958,0,0,amplifier_degradation,2,4
2026-09-01 09:08:00,R03-AZ,18.693,-1.762,0,0,amplifier_degradation,2,4
2026-09-01 09:10:00,R03-AZ,17.701,-2.989,0,0,amplifier_degradation,2,4
2026-09-01 09:12:00,R03-AZ,18.555,-1.612,0,0,amplifier_degradation,2,4
2026-09-01 09:14:00,R03-AZ,19.101,-0.736,0,0,amplifier_degradation,2,4
2026-09-01 09:16:00,R03-AZ,17.551,-3.542,0,0,amplifier_degradation,2,4
2026-09-01 09:18:00,R03-AZ,18.455,-1.632,0,0,amplifier_degradation,2,4
2026-09-01 09:20:00,R03-AZ,18.028,-3.209,0,0,amplifier_degradation,2,4
2026-09-01 09:22:00,R03-AZ,17.977,-3.326,0,0,amplifier_degradation,2,4
2026-09-01 09:24:00,R03-AZ,18.428,-1.741,0,0,amplifier_degradation,2,4
2026-09-01 09:26:00,R03-AZ,19.29,-0.469,0,0,amplifier_degradation,2,4
2026-09-01 09:28:00,R03-AZ,18.138,-2.766,0,0,amplifier_degradation,2,4
2026-09-01 09:30:00,R03-AZ,19.121,-1.638,0,0,amplifier_degradation,2,4
2026-09-01 09:32:00,R03-AZ,18.796,-1.503,0,0,amplifier_degradation,2,4
2026-09-01 09:34:00,R03-AZ,19.333,-0.852,0,0,amplifier_degradation,2,4
2026-09-01 09:36:00,R03-AZ,17.956,-2.895,0,0,amplifier_degradation,2,4
2026-09-01 09:38:00,R03-AZ,18.767,-1.253,0,0,amplifier_degradation,2,4
2026-09-01 09:40:00,R03-AZ,18.082,-2.346,0,0,amplifier_degradation,2,4
2026-09-01 09:42:00,R03-AZ,17.749,-3.196,0,0,amplifier_degradation,2,4
2026-09-01 09:44:00,R03-AZ,18.66,-1.901,0,0,amplifier_degradation,2,4
2026-09-01 09:46:00,R03-AZ,17.611,-2.81,0,0,amplifier_degradation,2,4
2026-09-01 09:48:00,R03-AZ,18.708,-1.824,0,0,amplifier_degradation,2,4
2026-09-01 09:50:00,R03-AZ,20.063,-0.44,0,0,none,-1,-1
2026-09-01 09:52:00,R03-AZ,20.108,0.086,0,0,none,-1,-1
2026-09-01 09:54:00,R03-AZ,20.288,1.116,0,0,none,-1,-1
2026-09-01 09:56:00,R03-AZ,20.33,0.875,0,0,none,-1,-1
2026-09-01 09:58:00,R03-AZ,20.326,2.274,0,0,none,-1,-1
2026-09-01 00:00:00,R03-ZA,18.893,2.824,0,0,none,-1,-1
2026-09-01 00:02:00,R03-ZA,19.296,2.186,0,0,none,-1,-1
2026-09-01 00:04:00,R03-ZA,19.648,1.035,0,0,none,-1,-1
2026-09-01 00:06:00,R03-ZA,19.43,2.107,0,0,none,-1,-1
2026-09-01 00:08:00,R03-ZA,19.215,2.369,0,0,none,-1,-1
2026-09-01 00:10:00,R03-ZA,20.268,0.661,0,0,none,-1,-1
2026-09-01 00:12:00,R03-ZA,19.953,1.636,0,0,none,-1,-1
2026-09-01 00:14:00,R03-ZA,20.033,0.323,0,0,none,-1,-1
2026-09-01 00:16:00,R03-ZA,19.862,1.883,0,0,none,-1,-1
2026-09-01 00:18:00,R03-ZA,19.145,3.094,0,0,none,-1,-1
2026-09-01 00:20:00,R03-ZA,20.303,0.469,0,0,none,-1,-1
2026-09-01 00:22:00,R03-ZA,20.125,1.419,0,0,none,-1,-1
2026-09-01 00:24:00,R03-ZA,20.356,0.338,0,0,none,-1,-1
2026-09-01 00:26:00,R03-ZA,20.012,1.605,0,0,none,-1,-1
2026-09-01 00:28:00,R03-ZA,19.931,1.511,0,0,none,-1,-1
2026-09-01 00:30:00,R03-ZA,18.621,2.399,0,0,none,-1,-1
2026-09-01 00:32:00,R03-ZA,20.146,0.701,0,0,none,-1,-1
2026-09-01 00:34:00,R03-ZA,20.029,0.949,0,0,none,-1,-1
2026-09-01 00:36:00,R03-ZA,18.88,3.449,0,0,none,-1,-1
2026-09-01 00:38:00,R03-ZA,19.457,2.096,0,0,none,-1,-1
2026-09-01 00:40:00,R03-ZA,19.5,1.607,0,0,none,-1,-1
2026-09-01 00:42:00,R03-ZA,19.419,2.756,0,0,none,-1,-1
2026-09-01 00:44:00,R03-ZA,19.649,1.949,0,0,none,-1,-1
2026-09-01 00:46:00,R03-ZA,12.428,-11.848,1,1,flapping,7,0
2026-09-01 00:48:00,R03-ZA,19.766,2.048,0,0,flapping,7,0
2026-09-01 00:50:00,R03-ZA,20.206,1.353,0,0,flapping,7,0
2026-09-01 00:52:00,R03-ZA,12.172,-11.916,1,1,flapping,7,0
2026-09-01 00:54:00,R03-ZA,19.057,3.366,0,0,flapping,7,0
2026-09-01 00:56:00,R03-ZA,20.289,0.919,0,0,flapping,7,0
2026-09-01 00:58:00,R03-ZA,19.653,1.941,0,0,flapping,7,0
2026-09-01 01:00:00,R03-ZA,11.995,-12.521,1,1,flapping,7,0
2026-09-01 01:02:00,R03-ZA,20.328,0.619,0,0,flapping,7,0
2026-09-01 01:04:00,R03-ZA,13.357,-10.221,1,0,flapping,7,0
2026-09-01 01:06:00,R03-ZA,19.901,0.81,0,0,flapping,7,0
2026-09-01 01:08:00,R03-ZA,12.371,-12.605,1,1,flapping,7,0
2026-09-01 01:10:00,R03-ZA,19.966,1.018,0,0,flapping,7,0
2026-09-01 01:12:00,R03-ZA,20.063,1.045,0,0,flapping,7,0
2026-09-01 01:14:00,R03-ZA,19.615,1.67,0,0,flapping,7,0
2026-09-01 01:16:00,R03-ZA,12.66,-11.379,1,1,flapping,7,0
2026-09-01 01:18:00,R03-ZA,19.452,2.356,0,0,flapping,7,0
2026-09-01 01:20:00,R03-ZA,20.328,0.363,0,0,flapping,7,0
2026-09-01 01:22:00,R03-ZA,19.96,1.497,0,0,flapping,7,0
2026-09-01 01:24:00,R03-ZA,20.174,0.286,0,0,flapping,7,0
2026-09-01 01:26:00,R03-ZA,13.159,-11.596,1,0,flapping,7,0
2026-09-01 01:28:00,R03-ZA,19.879,1.534,0,0,flapping,7,0
2026-09-01 01:30:00,R03-ZA,13.162,-9.89,1,0,flapping,7,0
2026-09-01 01:32:00,R03-ZA,13.98,-9.962,1,0,flapping,7,0
2026-09-01 01:34:00,R03-ZA,19.428,2.24,0,0,flapping,7,0
2026-09-01 01:36:00,R03-ZA,19.589,1.5,0,0,flapping,7,0
2026-09-01 01:38:00,R03-ZA,19.937,0.566,0,0,flapping,7,0
2026-09-01 01:40:00,R03-ZA,19.939,1.57,0,0,flapping,7,0
2026-09-01 01:42:00,R03-ZA,11.771,-12.514,1,1,flapping,7,0
2026-09-01 01:44:00,R03-ZA,12.994,-11.022,1,1,flapping,7,0
2026-09-01 01:46:00,R03-ZA,12.524,-12.26,1,1,flapping,7,0
2026-09-01 01:48:00,R03-ZA,20.191,0.804,0,0,flapping,7,0
2026-09-01 01:50:00,R03-ZA,11.93,-12.474,1,1,flapping,7,0
2026-09-01 01:52:00,R03-ZA,12.276,-12.584,1,1,flapping,7,0
2026-09-01 01:54:00,R03-ZA,12.017,-12.373,1,1,flapping,7,0
2026-09-01 01:56:00,R03-ZA,11.334,-13.841,1,1,flapping,7,0
2026-09-01 01:58:00,R03-ZA,12.201,-12.125,1,1,flapping,7,0
2026-09-01 02:00:00,R03-ZA,12.828,-11.313,1,1,flapping,7,0
2026-09-01 02:02:00,R03-ZA,12.484,-12.277,1,1,flapping,7,0
2026-09-01 02:04:00,R03-ZA,13.242,-10.652,1,0,flapping,7,0
2026-09-01 02:06:00,R03-ZA,12.995,-11.739,1,1,flapping,7,0
2026-09-01 02:08:00,R03-ZA,19.305,2.01,0,0,flapping,7,0
2026-09-01 02:10:00,R03-ZA,19.754,1.258,0,0,flapping,7,0
2026-09-01 02:12:00,R03-ZA,13.353,-10.619,1,0,flapping,7,0
2026-09-01 02:14:00,R03-ZA,19.623,1.95,0,0,flapping,7,0
2026-09-01 02:16:00,R03-ZA,12.983,-11.452,1,1,flapping,7,0
2026-09-01 02:18:00,R03-ZA,19.54,2.675,0,0,flapping,7,0
2026-09-01 02:20:00,R03-ZA,19.79,1.619,0,0,flapping,7,0
2026-09-01 02:22:00,R03-ZA,12.673,-11.382,1,1,flapping,7,0
2026-09-01 02:24:00,R03-ZA,19.457,1.501,0,0,flapping,7,0
2026-09-01 02:26:00,R03-ZA,12.312,-12.255,1,1,flapping,7,0
2026-09-01 02:28:00,R03-ZA,12.779,-11.929,1,1,flapping,7,0
2026-09-01 02:30:00,R03-ZA,18.717,2.677,0,0,flapping,7,0
2026-09-01 02:32:00,R03-ZA,12.388,-11.882,1,1,flapping,7,0
2026-09-01 02:34:00,R03-ZA,12.432,-11.85,1,1,flapping,7,0
2026-09-01 02:36:00,R03-ZA,19.891,1.407,0,0,flapping,7,0
2026-09-01 02:38:00,R03-ZA,13.047,-10.037,1,0,flapping,7,0
2026-09-01 02:40:00,R03-ZA,19.275,2.583,0,0,none,-1,-1
2026-09-01 02:42:00,R03-ZA,19.674,1.878,0,0,none,-1,-1
2026-09-01 02:44:00,R03-ZA,20.317,0.755,0,0,none,-1,-1
2026-09-01 02:46:00,R03-ZA,19.698,1.831,0,0,none,-1,-1
2026-09-01 02:48:00,R03-ZA,19.726,1.797,0,0,none,-1,-1
2026-09-01 02:50:00,R03-ZA,20.253,0.994,0,0,none,-1,-1
2026-09-01 02:52:00,R03-ZA,19.226,3.196,0,0,none,-1,-1
2026-09-01 02:54:00,R03-ZA,20.199,0.285,0,0,none,-1,-1
2026-09-01 02:56:00,R03-ZA,20.233,0.928,0,0,none,-1,-1
2026-09-01 02:58:00,R03-ZA,19.573,2.155,0,0,none,-1,-1
2026-09-01 03:00:00,R03-ZA,20.227,0.807,0,0,none,-1,-1
2026-09-01 03:02:00,R03-ZA,20.084,1.271,0,0,none,-1,-1
2026-09-01 03:04:00,R03-ZA,20.055,1.231,0,0,none,-1,-1
2026-09-01 03:06:00,R03-ZA,20.251,0.563,0,0,none,-1,-1
2026-09-01 03:08:00,R03-ZA,20.238,0.989,0,0,none,-1,-1
2026-09-01 03:10:00,R03-ZA,20.297,0.876,0,0,none,-1,-1
2026-09-01 03:12:00,R03-ZA,20.222,1.226,0,0,none,-1,-1
2026-09-01 03:14:00,R03-ZA,19.934,1.588,0,0,none,-1,-1
2026-09-01 03:16:00,R03-ZA,19.327,2.425,0,0,none,-1,-1
2026-09-01 03:18:00,R03-ZA,19.878,0.944,0,0,none,-1,-1
2026-09-01 03:20:00,R03-ZA,19.748,1.327,0,0,none,-1,-1
2026-09-01 03:22:00,R03-ZA,20.111,0.62,0,0,none,-1,-1
2026-09-01 03:24:00,R03-ZA,19.916,1.729,0,0,none,-1,-1
2026-09-01 03:26:00,R03-ZA,20.22,0.713,0,0,none,-1,-1
2026-09-01 03:28:00,R03-ZA,20.049,1.262,0,0,none,-1,-1
2026-09-01 03:30:00,R03-ZA,19.82,0.944,0,0,none,-1,-1
2026-09-01 03:32:00,R03-ZA,19.893,1.698,0,0,none,-1,-1
2026-09-01 03:34:00,R03-ZA,19.295,2.669,0,0,none,-1,-1
2026-09-01 03:36:00,R03-ZA,19.623,2.031,0,0,none,-1,-1
2026-09-01 03:38:00,R03-ZA,19.989,1.473,0,0,none,-1,-1
2026-09-01 03:40:00,R03-ZA,19.649,1.759,0,0,none,-1,-1
2026-09-01 03:42:00,R03-ZA,19.893,1.266,0,0,none,-1,-1
2026-09-01 03:44:00,R03-ZA,19.803,1.935,0,0,none,-1,-1
2026-09-01 03:46:00,R03-ZA,20.417,-0.174,0,0,none,-1,-1
2026-09-01 03:48:00,R03-ZA,19.414,2.046,0,0,none,-1,-1
2026-09-01 03:50:00,R03-ZA,19.445,2.801,0,0,none,-1,-1
2026-09-01 03:52:00,R03-ZA,19.843,1.751,0,0,none,-1,-1
2026-09-01 03:54:00,R03-ZA,18.631,3.893,0,0,none,-1,-1
2026-09-01 03:56:00,R03-ZA,19.967,1.515,0,0,fiber_degradation,17,1
2026-09-01 03:58:00,R03-ZA,20.155,-1.051,0,0,fiber_degradation,17,1
2026-09-01 04:00:00,R03-ZA,19.459,-1.593,0,0,fiber_degradation,17,1
2026-09-01 04:02:00,R03-ZA,19.346,-5.157,0,0,fiber_degradation,17,1
2026-09-01 04:04:00,R03-ZA,18.892,-7.595,1,0,fiber_degradation,17,1
2026-09-01 04:06:00,R03-ZA,18.309,-9.07,1,0,fiber_degradation,17,1
2026-09-01 04:08:00,R03-ZA,18.295,-8.227,1,0,fiber_degradation,17,1
2026-09-01 04:10:00,R03-ZA,18.21,-9.775,1,0,fiber_degradation,17,1
2026-09-01 04:12:00,R03-ZA,18.278,-8.679,1,0,fiber_degradation,17,1
2026-09-01 04:14:00,R03-ZA,18.19,-9.571,1,0,fiber_degradation,17,1
2026-09-01 04:16:00,R03-ZA,19.354,2.078,0,0,none,-1,-1
2026-09-01 04:18:00,R03-ZA,19.648,2.707,0,0,none,-1,-1
2026-09-01 04:20:00,R03-ZA,20.342,-0.002,0,0,none,-1,-1
2026-09-01 04:22:00,R03-ZA,19.453,1.756,0,0,none,-1,-1
2026-09-01 04:24:00,R03-ZA,18.755,2.988,0,0,none,-1,-1
2026-09-01 04:26:00,R03-ZA,18.84,2.785,0,0,none,-1,-1
2026-09-01 04:28:00,R03-ZA,19.529,2.526,0,0,none,-1,-1
2026-09-01 04:30:00,R03-ZA,20.443,-0.267,0,0,none,-1,-1
2026-09-01 04:32:00,R03-ZA,19.017,3.124,0,0,none,-1,-1
2026-09-01 04:34:00,R03-ZA,19.735,1.997,0,0,none,-1,-1
2026-09-01 04:36:00,R03-ZA,19.975,1.497,0,0,none,-1,-1
2026-09-01 04:38:00,R03-ZA,18.847,2.747,0,0,none,-1,-1
2026-09-01 04:40:00,R03-ZA,19.455,2.427,0,0,none,-1,-1
2026-09-01 04:42:00,R03-ZA,19.244,2.603,0,0,none,-1,-1
2026-09-01 04:44:00,R03-ZA,19.572,1.751,0,0,none,-1,-1
2026-09-01 04:46:00,R03-ZA,18.722,3.389,0,0,none,-1,-1
2026-09-01 04:48:00,R03-ZA,19.21,3.452,0,0,none,-1,-1
2026-09-01 04:50:00,R03-ZA,19.517,1.486,0,0,none,-1,-1
2026-09-01 04:52:00,R03-ZA,19.37,2.777,0,0,none,-1,-1
2026-09-01 04:54:00,R03-ZA,19.806,1.721,0,0,none,-1,-1
2026-09-01 04:56:00,R03-ZA,19.656,1.645,0,0,none,-1,-1
2026-09-01 04:58:00,R03-ZA,19.187,2.607,0,0,none,-1,-1
2026-09-01 05:00:00,R03-ZA,19.29,2.934,0,0,none,-1,-1
2026-09-01 05:02:00,R03-ZA,18.633,3.311,0,0,none,-1,-1
2026-09-01 05:04:00,R03-ZA,19.462,2.07,0,0,none,-1,-1
2026-09-01 05:06:00,R03-ZA,20.015,0.477,0,0,none,-1,-1
2026-09-01 05:08:00,R03-ZA,19.531,2.282,0,0,none,-1,-1
2026-09-01 05:10:00,R03-ZA,18.367,3.245,0,0,none,-1,-1
2026-09-01 05:12:00,R03-ZA,18.885,2.862,0,0,none,-1,-1
2026-09-01 05:14:00,R03-ZA,19.375,2.912,0,0,none,-1,-1
2026-09-01 05:16:00,R03-ZA,19.678,1.759,0,0,none,-1,-1
2026-09-01 05:18:00,R03-ZA,19.908,1.717,0,0,none,-1,-1
2026-09-01 05:20:00,R03-ZA,19.634,2.113,0,0,none,-1,-1
2026-09-01 05:22:00,R03-ZA,19.283,2.833,0,0,none,-1,-1
2026-09-01 05:24:00,R03-ZA,19.591,2.447,0,0,none,-1,-1
2026-09-01 05:26:00,R03-ZA,19.862,1.715,0,0,none,-1,-1
2026-09-01 05:28:00,R03-ZA,19.074,2.831,0,0,none,-1,-1
2026-09-01 05:30:00,R03-ZA,19.66,1.259,0,0,none,-1,-1
2026-09-01 05:32:00,R03-ZA,18.428,2.889,0,0,none,-1,-1
2026-09-01 05:34:00,R03-ZA,18.789,3.261,0,0,none,-1,-1
2026-09-01 05:36:00,R03-ZA,19.611,1.927,0,0,none,-1,-1
2026-09-01 05:38:00,R03-ZA,18.157,3.269,0,0,none,-1,-1
2026-09-01 05:40:00,R03-ZA,20.031,1.674,0,0,none,-1,-1
2026-09-01 05:42:00,R03-ZA,20.156,1.117,0,0,none,-1,-1
2026-09-01 05:44:00,R03-ZA,18.645,3.463,0,0,none,-1,-1
2026-09-01 05:46:00,R03-ZA,19.45,3.294,0,0,none,-1,-1
2026-09-01 05:48:00,R03-ZA,19.926,1.581,0,0,none,-1,-1
2026-09-01 05:50:00,R03-ZA,20.084,1.688,0,0,none,-1,-1
2026-09-01 05:52:00,R03-ZA,-13.378,-39.744,1,1,fiber_cut,10,2
2026-09-01 05:54:00,R03-ZA,-11.685,-38.156,1,1,fiber_cut,10,2
2026-09-01 05:56:00,R03-ZA,-10.315,-36.796,1,1,fiber_cut,10,2
2026-09-01 05:58:00,R03-ZA,-10.877,-37.222,1,1,fiber_cut,10,2
2026-09-01 06:00:00,R03-ZA,-11.177,-37.55,1,1,fiber_cut,10,2
2026-09-01 06:02:00,R03-ZA,-10.853,-37.249,1,1,fiber_cut,10,2
2026-09-01 06:04:00,R03-ZA,-11.09,-37.466,1,1,fiber_cut,10,2
2026-09-01 06:06:00,R03-ZA,-12.145,-38.539,1,1,fiber_cut,10,2
2026-09-01 06:08:00,R03-ZA,-10.765,-36.996,1,1,fiber_cut,10,2
2026-09-01 06:10:00,R03-ZA,-10.735,-36.837,1,1,fiber_cut,10,2
2026-09-01 06:12:00,R03-ZA,-11.739,-37.851,1,1,fiber_cut,10,2
2026-09-01 06:14:00,R03-ZA,-10.034,-36.123,1,1,fiber_cut,10,2
2026-09-01 06:16:00,R03-ZA,-11.392,-38.023,1,1,fiber_cut,10,2
2026-09-01 06:18:00,R03-ZA,-10.404,-36.956,1,1,fiber_cut,10,2
2026-09-01 06:20:00,R03-ZA,-10.779,-36.533,1,1,fiber_cut,10,2
2026-09-01 06:22:00,R03-ZA,-11.192,-37.498,1,1,fiber_cut,10,2
2026-09-01 06:24:00,R03-ZA,18.395,3.297,0,0,none,-1,-1
2026-09-01 06:26:00,R03-ZA,19.668,1.882,0,0,none,-1,-1
2026-09-01 06:28:00,R03-ZA,19.338,2.616,0,0,none,-1,-1
2026-09-01 06:30:00,R03-ZA,19.02,3.201,0,0,none,-1,-1
2026-09-01 06:32:00,R03-ZA,19.821,2.243,0,0,none,-1,-1
2026-09-01 06:34:00,R03-ZA,19.428,2.647,0,0,none,-1,-1
2026-09-01 06:36:00,R03-ZA,19.103,2.76,0,0,none,-1,-1
2026-09-01 06:38:00,R03-ZA,18.877,2.499,0,0,none,-1,-1
2026-09-01 06:40:00,R03-ZA,19.562,3.206,0,0,none,-1,-1
2026-09-01 06:42:00,R03-ZA,19.617,2.807,0,0,none,-1,-1
2026-09-01 06:44:00,R03-ZA,18.153,3.337,0,0,none,-1,-1
2026-09-01 06:46:00,R03-ZA,19.53,2.238,0,0,none,-1,-1
2026-09-01 06:48:00,R03-ZA,18.909,3.179,0,0,none,-1,-1
2026-09-01 06:50:00,R03-ZA,18.679,3.327,0,0,none,-1,-1
2026-09-01 06:52:00,R03-ZA,19.778,2.511,0,0,none,-1,-1
2026-09-01 06:54:00,R03-ZA,19.523,2.463,0,0,none,-1,-1
2026-09-01 06:56:00,R03-ZA,19.627,2.455,0,0,amplifier_degradation,7,3
2026-09-01 06:58:00,R03-ZA,20.027,1.397,0,0,amplifier_degradation,7,3
2026-09-01 07:00:00,R03-ZA,19.81,2.381,0,0,amplifier_degradation,7,3
2026-09-01 07:02:00,R03-ZA,20.243,0.764,0,0,amplifier_degradation,7,3
2026-09-01 07:04:00,R03-ZA,20.118,1.901,0,0,amplifier_degradation,7,3
2026-09-01 07:06:00,R03-ZA,20.305,0.414,0,0,amplifier_degradation,7,3
2026-09-01 07:08:00,R03-ZA,20.181,0.74,0,0,amplifier_degradation,7,3
2026-09-01 07:10:00,R03-ZA,20.313,0.239,0,0,amplifier_degradation,7,3
2026-09-01 07:12:00,R03-ZA,20.271,-0.114,0,0,amplifier_degradation,7,3
2026-09-01 07:14:00,R03-ZA,19.483,-3.124,0,0,amplifier_degradation,7,3
2026-09-01 07:16:00,R03-ZA,20.133,-1.908,0,0,amplifier_degradation,7,3
2026-09-01 07:18:00,R03-ZA,19.83,-2.185,0,0,amplifier_degradation,7,3
2026-09-01 07:20:00,R03-ZA,20.086,-1.52,0,0,amplifier_degradation,7,3
2026-09-01 07:22:00,R03-ZA,19.555,-2.035,0,0,amplifier_degradation,7,3
2026-09-01 07:24:00,R03-ZA,19.477,-3.147,0,0,amplifier_degradation,7,3
2026-09-01 07:26:00,R03-ZA,19.628,-2.38,0,0,amplifier_degradation,7,3
2026-09-01 07:28:00,R03-ZA,19.22,-3.014,0,0,amplifier_degradation,7,3
2026-09-01 07:30:00,R03-ZA,18.88,-4.942,0,0,amplifier_degradation,7,3
2026-09-01 07:32:00,R03-ZA,19.386,-2.497,0,0,amplifier_degradation,7,3
2026-09-01 07:34:00,R03-ZA,18.924,-4.598,0,0,amplifier_degradation,7,3
2026-09-01 07:36:00,R03-ZA,19.111,-4.244,0,0,amplifier_degradation,7,3
2026-09-01 07:38:00,R03-ZA,18.627,-4.876,0,0,amplifier_degradation,7,3
2026-09-01 07:40:00,R03-ZA,18.867,-3.991,0,0,amplifier_degradation,7,3
2026-09-01 07:42:00,R03-ZA,19.365,-2.551,0,0,amplifier_degradation,7,3
2026-09-01 07:44:00,R03-ZA,18.948,-3.792,0,0,amplifier_degradation,7,3
2026-09-01 07:46:00,R03-ZA,19.036,3.168,0,0,none,-1,-1
2026-09-01 07:48:00,R03-ZA,19.316,2.305,0,0,none,-1,-1
2026-09-01 07:50:00,R03-ZA,18.755,2.964,0,0,none,-1,-1
2026-09-01 07:52:00,R03-ZA,19.118,2.563,0,0,none,-1,-1
2026-09-01 07:54:00,R03-ZA,18.605,3.397,0,0,none,-1,-1
2026-09-01 07:56:00,R03-ZA,19.282,2.793,0,0,none,-1,-1
2026-09-01 07:58:00,R03-ZA,19.227,2.446,0,0,none,-1,-1
2026-09-01 08:00:00,R03-ZA,18.58,3.186,0,0,none,-1,-1
2026-09-01 08:02:00,R03-ZA,19.582,2.244,0,0,none,-1,-1
2026-09-01 08:04:00,R03-ZA,19.446,1.88,0,0,none,-1,-1
2026-09-01 08:06:00,R03-ZA,18.813,3.472,0,0,none,-1,-1
2026-09-01 08:08:00,R03-ZA,20.388,-0.031,0,0,none,-1,-1
2026-09-01 08:10:00,R03-ZA,18.673,3.293,0,0,fiber_degradation,5,4
2026-09-01 08:12:00,R03-ZA,18.207,3.526,0,0,fiber_degradation,5,4
2026-09-01 08:14:00,R03-ZA,19.339,2.993,0,0,fiber_degradation,5,4
2026-09-01 08:16:00,R03-ZA,20.237,1.233,0,0,fiber_degradation,5,4
2026-09-01 08:18:00,R03-ZA,18.546,3.723,0,0,fiber_degradation,5,4
2026-09-01 08:20:00,R03-ZA,18.875,2.654,0,0,fiber_degradation,5,4
2026-09-01 08:22:00,R03-ZA,19.078,3.521,0,0,fiber_degradation,5,4
2026-09-01 08:24:00,R03-ZA,19.112,2.71,0,0,fiber_degradation,5,4
2026-09-01 08:26:00,R03-ZA,18.361,3.134,0,0,fiber_degradation,5,4
2026-09-01 08:28:00,R03-ZA,18.359,3.833,0,0,fiber_degradation,5,4
2026-09-01 08:30:00,R03-ZA,18.352,3.716,0,0,fiber_degradation,5,4
2026-09-01 08:32:00,R03-ZA,19.303,2.509,0,0,fiber_degradation,5,4
2026-09-01 08:34:00,R03-ZA,19.219,2.758,0,0,fiber_degradation,5,4
2026-09-01 08:36:00,R03-ZA,19.247,2.948,0,0,fiber_degradation,5,4
2026-09-01 08:38:00,R03-ZA,19.701,2.105,0,0,fiber_degradation,5,4
2026-09-01 08:40:00,R03-ZA,18.503,3.184,0,0,fiber_degradation,5,4
2026-09-01 08:42:00,R03-ZA,19.084,2.601,0,0,fiber_degradation,5,4
2026-09-01 08:44:00,R03-ZA,19.389,3.108,0,0,fiber_degradation,5,4
2026-09-01 08:46:00,R03-ZA,19.555,2.66,0,0,fiber_degradation,5,4
2026-09-01 08:48:00,R03-ZA,18.83,2.578,0,0,fiber_degradation,5,4
2026-09-01 08:50:00,R03-ZA,19.391,2.625,0,0,none,-1,-1
2026-09-01 08:52:00,R03-ZA,18.759,3.399,0,0,none,-1,-1
2026-09-01 08:54:00,R03-ZA,18.283,3.474,0,0,none,-1,-1
2026-09-01 08:56:00,R03-ZA,18.774,3.115,0,0,none,-1,-1
2026-09-01 08:58:00,R03-ZA,18.742,3.848,0,0,none,-1,-1
2026-09-01 09:00:00,R03-ZA,19.485,2.858,0,0,none,-1,-1
2026-09-01 09:02:00,R03-ZA,18.57,2.758,0,0,none,-1,-1
2026-09-01 09:04:00,R03-ZA,18.919,3.231,0,0,none,-1,-1
2026-09-01 09:06:00,R03-ZA,18.919,3.212,0,0,none,-1,-1
2026-09-01 09:08:00,R03-ZA,19.228,3.152,0,0,none,-1,-1
2026-09-01 09:10:00,R03-ZA,20.094,1.605,0,0,none,-1,-1
2026-09-01 09:12:00,R03-ZA,19.225,3.878,0,0,none,-1,-1
2026-09-01 09:14:00,R03-ZA,18.741,3.085,0,0,none,-1,-1
2026-09-01 09:16:00,R03-ZA,18.393,2.632,0,0,none,-1,-1
2026-09-01 09:18:00,R03-ZA,19.59,2.44,0,0,none,-1,-1
2026-09-01 09:20:00,R03-ZA,18.75,3.144,0,0,none,-1,-1
2026-09-01 09:22:00,R03-ZA,18.832,3.143,0,0,none,-1,-1
2026-09-01 09:24:00,R03-ZA,18.704,3.241,0,0,none,-1,-1
2026-09-01 09:26:00,R03-ZA,19.922,1.768,0,0,none,-1,-1
2026-09-01 09:28:00,R03-ZA,18.319,3.022,0,0,none,-1,-1
2026-09-01 09:30:00,R03-ZA,20.189,1.414,0,0,none,-1,-1
2026-09-01 09:32:00,R03-ZA,19.254,3.042,0,0,none,-1,-1
2026-09-01 09:34:00,R03-ZA,18.446,3.611,0,0,none,-1,-1
2026-09-01 09:36:00,R03-ZA,19.587,2.238,0,0,none,-1,-1
2026-09-01 09:38:00,R03-ZA,18.437,3.716,0,0,none,-1,-1
2026-09-01 09:40:00,R03-ZA,19.35,2.66,0,0,none,-1,-1
2026-09-01 09:42:00,R03-ZA,19.645,2.414,0,0,none,-1,-1
2026-09-01 09:44:00,R03-ZA,18.753,3.154,0,0,none,-1,-1
2026-09-01 09:46:00,R03-ZA,19.66,2.772,0,0,none,-1,-1
2026-09-01 09:48:00,R03-ZA,19.0,2.775,0,0,none,-1,-1
2026-09-01 09:50:00,R03-ZA,18.769,3.047,0,0,none,-1,-1
2026-09-01 09:52:00,R03-ZA,18.624,3.683,0,0,none,-1,-1
2026-09-01 09:54:00,R03-ZA,18.756,3.559,0,0,none,-1,-1
2026-09-01 09:56:00,R03-ZA,19.216,2.379,0,0,none,-1,-1
2026-09-01 09:58:00,R03-ZA,19.399,2.325,0,0,none,-1,-1
2026-09-01 00:00:00,R04-AZ,20.519,0.171,0,0,none,-1,-1
2026-09-01 00:02:00,R04-AZ,20.513,0.132,0,0,none,-1,-1
2026-09-01 00:04:00,R04-AZ,20.396,-0.352,0,0,none,-1,-1
2026-09-01 00:06:00,R04-AZ,20.379,-0.522,0,0,none,-1,-1
2026-09-01 00:08:00,R04-AZ,20.536,-0.26,0,0,none,-1,-1
2026-09-01 00:10:00,R04-AZ,20.502,-0.682,0,0,none,-1,-1
2026-09-01 00:12:00,R04-AZ,20.367,-0.909,0,0,none,-1,-1
2026-09-01 00:14:00,R04-AZ,20.447,-0.677,0,0,none,-1,-1
2026-09-01 00:16:00,R04-AZ,20.435,-0.19,0,0,none,-1,-1
2026-09-01 00:18:00,R04-AZ,20.265,-0.868,0,0,none,-1,-1
2026-09-01 00:20:00,R04-AZ,20.104,-1.582,0,0,none,-1,-1
2026-09-01 00:22:00,R04-AZ,20.342,-0.71,0,0,none,-1,-1
2026-09-01 00:24:00,R04-AZ,20.354,-1.053,0,0,none,-1,-1
2026-09-01 00:26:00,R04-AZ,20.231,-1.414,0,0,none,-1,-1
2026-09-01 00:28:00,R04-AZ,20.712,0.729,0,0,none,-1,-1
2026-09-01 00:30:00,R04-AZ,20.259,-0.704,0,0,none,-1,-1
2026-09-01 00:32:00,R04-AZ,20.254,-0.876,0,0,none,-1,-1
2026-09-01 00:34:00,R04-AZ,20.544,0.826,0,0,none,-1,-1
2026-09-01 00:36:00,R04-AZ,20.703,0.956,0,0,none,-1,-1
2026-09-01 00:38:00,R04-AZ,20.476,-0.602,0,0,none,-1,-1
2026-09-01 00:40:00,R04-AZ,20.308,-0.598,0,0,none,-1,-1
2026-09-01 00:42:00,R04-AZ,20.435,-0.703,0,0,none,-1,-1
2026-09-01 00:44:00,R04-AZ,20.453,-0.339,0,0,none,-1,-1
2026-09-01 00:46:00,R04-AZ,20.53,-0.178,0,0,none,-1,-1
2026-09-01 00:48:00,R04-AZ,20.607,0.32,0,0,none,-1,-1
2026-09-01 00:50:00,R04-AZ,20.363,-0.826,0,0,none,-1,-1
2026-09-01 00:52:00,R04-AZ,20.615,0.293,0,0,fiber_degradation,17,0
2026-09-01 00:54:00,R04-AZ,20.556,-0.452,0,0,fiber_degradation,17,0
2026-09-01 00:56:00,R04-AZ,20.183,-1.72,0,0,fiber_degradation,17,0
2026-09-01 00:58:00,R04-AZ,20.07,-2.528,0,0,fiber_degradation,17,0
2026-09-01 01:00:00,R04-AZ,20.003,-2.935,0,0,fiber_degradation,17,0
2026-09-01 01:02:00,R04-AZ,19.955,-3.342,0,0,fiber_degradation,17,0
2026-09-01 01:04:00,R04-AZ,19.843,-3.904,0,0,fiber_degradation,17,0
2026-09-01 01:06:00,R04-AZ,20.277,-2.447,0,0,fiber_degradation,17,0
2026-09-01 01:08:00,R04-AZ,19.921,-3.864,0,0,fiber_degradation,17,0
2026-09-01 01:10:00,R04-AZ,19.895,-3.888,0,0,fiber_degradation,17,0
2026-09-01 01:12:00,R04-AZ,20.149,-3.408,0,0,fiber_degradation,17,0
2026-09-01 01:14:00,R04-AZ,19.88,-4.187,0,0,fiber_degradation,17,0
2026-09-01 01:16:00,R04-AZ,19.776,-4.21,0,0,fiber_degradation,17,0
2026-09-01 01:18:00,R04-AZ,19.587,-4.908,0,0,fiber_degradation,17,0
2026-09-01 01:20:00,R04-AZ,18.728,-6.409,1,0,fiber_degradation,17,0
2026-09-01 01:22:00,R04-AZ,19.747,-4.603,0,0,fiber_degradation,17,0
2026-09-01 01:24:00,R04-AZ,19.565,-4.817,0,0,fiber_degradation,17,0
2026-09-01 01:26:00,R04-AZ,19.326,-5.368,0,0,fiber_degradation,17,0
2026-09-01 01:28:00,R04-AZ,19.725,-4.58,0,0,fiber_degradation,17,0
2026-09-01 01:30:00,R04-AZ,19.472,-5.202,0,0,fiber_degradation,17,0
2026-09-01 01:32:00,R04-AZ,20.463,0.091,0,0,none,-1,-1
2026-09-01 01:34:00,R04-AZ,20.62,0.323,0,0,none,-1,-1
2026-09-01 01:36:00,R04-AZ,20.351,-0.365,0,0,none,-1,-1
2026-09-01 01:38:00,R04-AZ,20.335,-1.193,0,0,none,-1,-1
2026-09-01 01:40:00,R04-AZ,20.47,-0.671,0,0,none,-1,-1
2026-09-01 01:42:00,R04-AZ,20.653,0.06,0,0,none,-1,-1
2026-09-01 01:44:00,R04-AZ,20.655,0.28,0,0,none,-1,-1
2026-09-01 01:46:00,R04-AZ,20.617,0.974,0,0,none,-1,-1
2026-09-01 01:48:00,R04-AZ,20.389,-0.338,0,0,none,-1,-1
2026-09-01 01:50:00,R04-AZ,20.617,0.522,0,0,none,-1,-1
2026-09-01 01:52:00,R04-AZ,20.494,0.293,0,0,none,-1,-1
2026-09-01 01:54:00,R04-AZ,20.661,0.878,0,0,none,-1,-1
2026-09-01 01:56:00,R04-AZ,20.731,0.816,0,0,none,-1,-1
2026-09-01 01:58:00,R04-AZ,20.269,-0.945,0,0,fiber_degradation,14,1
2026-09-01 02:00:00,R04-AZ,20.433,-0.324,0,0,fiber_degradation,14,1
2026-09-01 02:02:00,R04-AZ,20.545,-0.292,0,0,fiber_degradation,14,1
2026-09-01 02:04:00,R04-AZ,20.626,-0.183,0,0,fiber_degradation,14,1
2026-09-01 02:06:00,R04-AZ,20.637,0.492,0,0,fiber_degradation,14,1
2026-09-01 02:08:00,R04-AZ,20.108,-1.527,0,0,fiber_degradation,14,1
2026-09-01 02:10:00,R04-AZ,20.491,-0.024,0,0,fiber_degradation,14,1
2026-09-01 02:12:00,R04-AZ,20.253,-1.068,0,0,fiber_degradation,14,1
2026-09-01 02:14:00,R04-AZ,20.501,0.963,0,0,fiber_degradation,14,1
2026-09-01 02:16:00,R04-AZ,20.323,-1.2,0,0,fiber_degradation,14,1
2026-09-01 02:18:00,R04-AZ,20.441,-0.498,0,0,fiber_degradation,14,1
2026-09-01 02:20:00,R04-AZ,20.295,-0.827,0,0,fiber_degradation,14,1
2026-09-01 02:22:00,R04-AZ,20.362,-1.033,0,0,fiber_degradation,14,1
2026-09-01 02:24:00,R04-AZ,20.515,-0.335,0,0,fiber_degradation,14,1
2026-09-01 02:26:00,R04-AZ,19.933,-2.193,0,0,fiber_degradation,14,1
2026-09-01 02:28:00,R04-AZ,20.027,-1.752,0,0,fiber_degradation,14,1
2026-09-01 02:30:00,R04-AZ,20.214,-0.948,0,0,fiber_degradation,14,1
2026-09-01 02:32:00,R04-AZ,20.37,0.132,0,0,fiber_degradation,14,1
2026-09-01 02:34:00,R04-AZ,19.876,-2.254,0,0,fiber_degradation,14,1
2026-09-01 02:36:00,R04-AZ,19.529,-3.212,0,0,fiber_degradation,14,1
2026-09-01 02:38:00,R04-AZ,19.952,-2.22,0,0,fiber_degradation,14,1
2026-09-01 02:40:00,R04-AZ,19.953,-1.554,0,0,fiber_degradation,14,1
2026-09-01 02:42:00,R04-AZ,20.33,-1.024,0,0,fiber_degradation,14,1
2026-09-01 02:44:00,R04-AZ,20.177,-1.18,0,0,fiber_degradation,14,1
2026-09-01 02:46:00,R04-AZ,20.304,-0.983,0,0,fiber_degradation,14,1
2026-09-01 02:48:00,R04-AZ,20.219,-1.547,0,0,fiber_degradation,14,1
2026-09-01 02:50:00,R04-AZ,20.23,-1.449,0,0,fiber_degradation,14,1
2026-09-01 02:52:00,R04-AZ,20.108,-1.944,0,0,fiber_degradation,14,1
2026-09-01 02:54:00,R04-AZ,20.175,-1.027,0,0,fiber_degradation,14,1
2026-09-01 02:56:00,R04-AZ,20.352,-0.813,0,0,fiber_degradation,14,1
2026-09-01 02:58:00,R04-AZ,19.972,-2.167,0,0,fiber_degradation,14,1
2026-09-01 03:00:00,R04-AZ,20.281,-1.448,0,0,fiber_degradation,14,1
2026-09-01 03:02:00,R04-AZ,19.714,-2.483,0,0,fiber_degradation,14,1
2026-09-01 03:04:00,R04-AZ,20.373,-0.46,0,0,fiber_degradation,14,1
2026-09-01 03:06:00,R04-AZ,19.898,-2.295,0,0,fiber_degradation,14,1
2026-09-01 03:08:00,R04-AZ,20.43,0.191,0,0,fiber_degradation,14,1
2026-09-01 03:10:00,R04-AZ,20.447,-0.191,0,0,fiber_degradation,14,1
2026-09-01 03:12:00,R04-AZ,20.463,0.371,0,0,fiber_degradation,14,1
2026-09-01 03:14:00,R04-AZ,20.681,0.778,0,0,none,-1,-1
2026-09-01 03:16:00,R04-AZ,20.48,0.92,0,0,none,-1,-1
2026-09-01 03:18:00,R04-AZ,20.593,-0.277,0,0,none,-1,-1
2026-09-01 03:20:00,R04-AZ,20.464,-0.394,0,0,none,-1,-1
2026-09-01 03:22:00,R04-AZ,20.566,1.766,0,0,none,-1,-1
2026-09-01 03:24:00,R04-AZ,20.693,1.373,0,0,none,-1,-1
2026-09-01 03:26:00,R04-AZ,20.516,1.104,0,0,none,-1,-1
2026-09-01 03:28:00,R04-AZ,20.423,-0.726,0,0,none,-1,-1
2026-09-01 03:30:00,R04-AZ,20.51,0.54,0,0,none,-1,-1
2026-09-01 03:32:00,R04-AZ,20.671,0.741,0,0,none,-1,-1
2026-09-01 03:34:00,R04-AZ,20.659,1.429,0,0,none,-1,-1
2026-09-01 03:36:00,R04-AZ,20.677,0.691,0,0,none,-1,-1
2026-09-01 03:38:00,R04-AZ,20.693,1.63,0,0,none,-1,-1
2026-09-01 03:40:00,R04-AZ,20.642,0.557,0,0,none,-1,-1
2026-09-01 03:42:00,R04-AZ,20.609,1.265,0,0,none,-1,-1
2026-09-01 03:44:00,R04-AZ,20.621,2.06,0,0,none,-1,-1
2026-09-01 03:46:00,R04-AZ,20.662,1.574,0,0,none,-1,-1
2026-09-01 03:48:00,R04-AZ,20.669,1.634,0,0,none,-1,-1
2026-09-01 03:50:00,R04-AZ,20.276,2.678,0,0,none,-1,-1
2026-09-01 03:52:00,R04-AZ,20.607,1.765,0,0,none,-1,-1
2026-09-01 03:54:00,R04-AZ,20.655,1.355,0,0,none,-1,-1
2026-09-01 03:56:00,R04-AZ,20.637,-0.197,0,0,none,-1,-1
2026-09-01 03:58:00,R04-AZ,20.512,-0.157,0,0,none,-1,-1
2026-09-01 04:00:00,R04-AZ,20.531,1.845,0,0,none,-1,-1
2026-09-01 04:02:00,R04-AZ,20.678,1.089,0,0,none,-1,-1
2026-09-01 04:04:00,R04-AZ,20.598,2.287,0,0,none,-1,-1
2026-09-01 04:06:00,R04-AZ,20.443,3.083,0,0,none,-1,-1
2026-09-01 04:08:00,R04-AZ,20.631,0.951,0,0,none,-1,-1
2026-09-01 04:10:00,R04-AZ,20.601,1.596,0,0,none,-1,-1
2026-09-01 04:12:00,R04-AZ,20.311,2.333,0,0,none,-1,-1
2026-09-01 04:14:00,R04-AZ,20.546,2.532,0,0,none,-1,-1
2026-09-01 04:16:00,R04-AZ,20.424,2.135,0,0,none,-1,-1
2026-09-01 04:18:00,R04-AZ,20.657,0.698,0,0,none,-1,-1
2026-09-01 04:20:00,R04-AZ,20.637,2.133,0,0,none,-1,-1
2026-09-01 04:22:00,R04-AZ,20.64,1.847,0,0,none,-1,-1
2026-09-01 04:24:00,R04-AZ,20.598,-0.19,0,0,none,-1,-1
2026-09-01 04:26:00,R04-AZ,20.554,2.193,0,0,none,-1,-1
2026-09-01 04:28:00,R04-AZ,20.705,1.16,0,0,none,-1,-1
2026-09-01 04:30:00,R04-AZ,20.163,2.756,0,0,none,-1,-1
2026-09-01 04:32:00,R04-AZ,20.678,1.475,0,0,none,-1,-1
2026-09-01 04:34:00,R04-AZ,20.762,1.217,0,0,none,-1,-1
2026-09-01 04:36:00,R04-AZ,20.522,1.609,0,0,none,-1,-1
2026-09-01 04:38:00,R04-AZ,20.668,2.104,0,0,fiber_degradation,5,2
2026-09-01 04:40:00,R04-AZ,20.682,1.001,0,0,fiber_degradation,5,2
2026-09-01 04:42:00,R04-AZ,20.543,-0.092,0,0,fiber_degradation,5,2
2026-09-01 04:44:00,R04-AZ,20.658,0.281,0,0,fiber_degradation,5,2
2026-09-01 04:46:00,R04-AZ,20.707,1.729,0,0,fiber_degradation,5,2
2026-09-01 04:48:00,R04-AZ,20.672,0.808,0,0,fiber_degradation,5,2
2026-09-01 04:50:00,R04-AZ,20.016,-1.098,0,0,fiber_degradation,5,2
2026-09-01 04:52:00,R04-AZ,20.588,0.566,0,0,fiber_degradation,5,2
2026-09-01 04:54:00,R04-AZ,19.633,-2.045,0,0,fiber_degradation,5,2
2026-09-01 04:56:00,R04-AZ,20.224,-0.073,0,0,fiber_degradation,5,2
2026-09-01 04:58:00,R04-AZ,20.344,-0.841,0,0,fiber_degradation,5,2
2026-09-01 05:00:00,R04-AZ,20.003,-0.784,0,0,fiber_degradation,5,2
2026-09-01 05:02:00,R04-AZ,20.282,-0.298,0,0,fiber_degradation,5,2
2026-09-01 05:04:00,R04-AZ,20.351,0.075,0,0,fiber_degradation,5,2
2026-09-01 05:06:00,R04-AZ,19.586,-2.128,0,0,fiber_degradation,5,2
2026-09-01 05:08:00,R04-AZ,19.515,-1.765,0,0,fiber_degradation,5,2
2026-09-01 05:10:00,R04-AZ,19.926,-1.076,0,0,fiber_degradation,5,2
2026-09-01 05:12:00,R04-AZ,19.616,-2.168,0,0,fiber_degradation,5,2
2026-09-01 05:14:00,R04-AZ,19.591,-1.91,0,0,fiber_degradation,5,2
2026-09-01 05:16:00,R04-AZ,19.201,-2.33,0,0,fiber_degradation,5,2
2026-09-01 05:18:00,R04-AZ,19.502,-1.628,0,0,fiber_degradation,5,2
2026-09-01 05:20:00,R04-AZ,19.69,-1.69,0,0,fiber_degradation,5,2
2026-09-01 05:22:00,R04-AZ,18.852,-3.592,0,0,fiber_degradation,5,2
2026-09-01 05:24:00,R04-AZ,19.152,-3.121,0,0,fiber_degradation,5,2
2026-09-01 05:26:00,R04-AZ,19.507,-1.875,0,0,fiber_degradation,5,2
2026-09-01 05:28:00,R04-AZ,20.579,-0.36,0,0,none,-1,-1
2026-09-01 05:30:00,R04-AZ,20.506,1.987,0,0,none,-1,-1
2026-09-01 05:32:00,R04-AZ,20.698,0.664,0,0,none,-1,-1
2026-09-01 05:34:00,R04-AZ,20.608,-0.025,0,0,none,-1,-1
2026-09-01 05:36:00,R04-AZ,20.626,0.321,0,0,none,-1,-1
2026-09-01 05:38:00,R04-AZ,20.688,1.029,0,0,none,-1,-1
2026-09-01 05:40:00,R04-AZ,20.588,1.089,0,0,none,-1,-1
2026-09-01 05:42:00,R04-AZ,20.6,0.844,0,0,none,-1,-1
2026-09-01 05:44:00,R04-AZ,20.685,0.986,0,0,none,-1,-1
2026-09-01 05:46:00,R04-AZ,20.62,1.061,0,0,none,-1,-1
2026-09-01 05:48:00,R04-AZ,20.658,1.52,0,0,none,-1,-1
2026-09-01 05:50:00,R04-AZ,19.784,-4.791,0,0,amplifier_degradation,16,3
2026-09-01 05:52:00,R04-AZ,19.186,-5.8,0,0,amplifier_degradation,16,3
2026-09-01 05:54:00,R04-AZ,20.017,-3.584,0,0,amplifier_degradation,16,3
2026-09-01 05:56:00,R04-AZ,19.712,-4.375,0,0,amplifier_degradation,16,3
2026-09-01 05:58:00,R04-AZ,19.804,-4.518,0,0,amplifier_degradation,16,3
2026-09-01 06:00:00,R04-AZ,19.142,-6.203,1,0,amplifier_degradation,16,3
2026-09-01 06:02:00,R04-AZ,19.764,-4.697,0,0,amplifier_degradation,16,3
2026-09-01 06:04:00,R04-AZ,19.691,-4.451,0,0,amplifier_degradation,16,3
2026-09-01 06:06:00,R04-AZ,19.872,-4.134,0,0,amplifier_degradation,16,3
2026-09-01 06:08:00,R04-AZ,20.003,-4.11,0,0,amplifier_degradation,16,3
2026-09-01 06:10:00,R04-AZ,19.076,-6.157,1,0,amplifier_degradation,16,3
2026-09-01 06:12:00,R04-AZ,19.176,-5.867,0,0,amplifier_degradation,16,3
2026-09-01 06:14:00,R04-AZ,19.627,-4.874,0,0,amplifier_degradation,16,3
2026-09-01 06:16:00,R04-AZ,19.626,-4.987,0,0,amplifier_degradation,16,3
2026-09-01 06:18:00,R04-AZ,19.422,-5.718,0,0,amplifier_degradation,16,3
2026-09-01 06:20:00,R04-AZ,19.522,-5.354,0,0,amplifier_degradation,16,3
2026-09-01 06:22:00,R04-AZ,18.93,-6.617,1,0,amplifier_degradation,16,3
2026-09-01 06:24:00,R04-AZ,19.41,-5.645,0,0,amplifier_degradation,16,3
2026-09-01 06:26:00,R04-AZ,20.599,0.367,0,0,none,-1,-1
2026-09-01 06:28:00,R04-AZ,20.615,0.667,0,0,none,-1,-1
2026-09-01 06:30:00,R04-AZ,20.614,0.203,0,0,none,-1,-1
2026-09-01 06:32:00,R04-AZ,20.323,-0.483,0,0,none,-1,-1
2026-09-01 06:34:00,R04-AZ,20.665,0.323,0,0,none,-1,-1
2026-09-01 06:36:00,R04-AZ,20.61,1.349,0,0,none,-1,-1
2026-09-01 06:38:00,R04-AZ,20.659,0.598,0,0,fiber_degradation,2,4
2026-09-01 06:40:00,R04-AZ,20.678,-0.105,0,0,fiber_degradation,2,4
2026-09-01 06:42:00,R04-AZ,20.64,0.863,0,0,fiber_degradation,2,4
2026-09-01 06:44:00,R04-AZ,20.559,-0.159,0,0,fiber_degradation,2,4
2026-09-01 06:46:00,R04-AZ,20.625,1.081,0,0,fiber_degradation,2,4
2026-09-01 06:48:00,R04-AZ,20.617,0.385,0,0,fiber_degradation,2,4
2026-09-01 06:50:00,R04-AZ,20.501,-0.416,0,0,fiber_degradation,2,4
2026-09-01 06:52:00,R04-AZ,20.42,-0.487,0,0,fiber_degradation,2,4
2026-09-01 06:54:00,R04-AZ,20.256,-0.939,0,0,fiber_degradation,2,4
2026-09-01 06:56:00,R04-AZ,20.446,0.487,0,0,fiber_degradation,2,4
2026-09-01 06:58:00,R04-AZ,20.541,0.274,0,0,fiber_degradation,2,4
2026-09-01 07:00:00,R04-AZ,20.548,1.578,0,0,fiber_degradation,2,4
2026-09-01 07:02:00,R04-AZ,20.451,-0.013,0,0,fiber_degradation,2,4
2026-09-01 07:04:00,R04-AZ,20.171,-0.75,0,0,fiber_degradation,2,4
2026-09-01 07:06:00,R04-AZ,20.27,-1.047,0,0,fiber_degradation,2,4
2026-09-01 07:08:00,R04-AZ,20.419,-0.122,0,0,fiber_degradation,2,4
2026-09-01 07:10:00,R04-AZ,20.573,0.36,0,0,fiber_degradation,2,4
2026-09-01 07:12:00,R04-AZ,20.445,-0.354,0,0,fiber_degradation,2,4
2026-09-01 07:14:00,R04-AZ,20.398,-0.518,0,0,fiber_degradation,2,4
2026-09-01 07:16:00,R04-AZ,20.453,-0.724,0,0,fiber_degradation,2,4
2026-09-01 07:18:00,R04-AZ,20.101,-1.879,0,0,fiber_degradation,2,4
2026-09-01 07:20:00,R04-AZ,20.309,-1.168,0,0,fiber_degradation,2,4
2026-09-01 07:22:00,R04-AZ,20.234,-1.005,0,0,fiber_degradation,2,4
2026-09-01 07:24:00,R04-AZ,20.436,-0.714,0,0,fiber_degradation,2,4
2026-09-01 07:26:00,R04-AZ,20.598,0.119,0,0,fiber_degradation,2,4
2026-09-01 07:28:00,R04-AZ,19.786,-2.365,0,0,fiber_degradation,2,4
2026-09-01 07:30:00,R04-AZ,20.21,-0.778,0,0,fiber_degradation,2,4
2026-09-01 07:32:00,R04-AZ,19.593,-2.119,0,0,fiber_degradation,2,4
2026-09-01 07:34:00,R04-AZ,20.223,-1.533,0,0,fiber_degradation,2,4
2026-09-01 07:36:00,R04-AZ,20.235,-1.065,0,0,fiber_degradation,2,4
2026-09-01 07:38:00,R04-AZ,20.158,-1.327,0,0,fiber_degradation,2,4
2026-09-01 07:40:00,R04-AZ,20.059,-1.116,0,0,fiber_degradation,2,4
2026-09-01 07:42:00,R04-AZ,20.149,-0.595,0,0,fiber_degradation,2,4
2026-09-01 07:44:00,R04-AZ,19.576,-1.958,0,0,fiber_degradation,2,4
2026-09-01 07:46:00,R04-AZ,19.662,-2.228,0,0,fiber_degradation,2,4
2026-09-01 07:48:00,R04-AZ,19.691,-2.208,0,0,fiber_degradation,2,4
2026-09-01 07:50:00,R04-AZ,19.714,-2.041,0,0,fiber_degradation,2,4
2026-09-01 07:52:00,R04-AZ,20.246,-0.437,0,0,fiber_degradation,2,4
2026-09-01 07:54:00,R04-AZ,19.82,-1.855,0,0,fiber_degradation,2,4
2026-09-01 07:56:00,R04-AZ,20.11,-1.397,0,0,fiber_degradation,2,4
2026-09-01 07:58:00,R04-AZ,20.353,-0.753,0,0,none,-1,-1
2026-09-01 08:00:00,R04-AZ,20.459,-0.872,0,0,none,-1,-1
2026-09-01 08:02:00,R04-AZ,20.526,-0.163,0,0,none,-1,-1
2026-09-01 08:04:00,R04-AZ,20.669,0.199,0,0,none,-1,-1
2026-09-01 08:06:00,R04-AZ,20.508,-0.103,0,0,none,-1,-1
2026-09-01 08:08:00,R04-AZ,20.107,-1.198,0,0,none,-1,-1
2026-09-01 08:10:00,R04-AZ,20.41,-0.131,0,0,none,-1,-1
2026-09-01 08:12:00,R04-AZ,20.276,-1.742,0,0,none,-1,-1
2026-09-01 08:14:00,R04-AZ,19.947,-1.906,0,0,none,-1,-1
2026-09-01 08:16:00,R04-AZ,20.302,-1.381,0,0,none,-1,-1
2026-09-01 08:18:00,R04-AZ,20.125,-1.759,0,0,none,-1,-1
2026-09-01 08:20:00,R04-AZ,20.342,-0.679,0,0,none,-1,-1
2026-09-01 08:22:00,R04-AZ,20.509,0.138,0,0,none,-1,-1
2026-09-01 08:24:00,R04-AZ,20.369,-0.677,0,0,none,-1,-1
2026-09-01 08:26:00,R04-AZ,19.853,-1.707,0,0,none,-1,-1
2026-09-01 08:28:00,R04-AZ,20.542,0.629,0,0,none,-1,-1
2026-09-01 08:30:00,R04-AZ,20.699,-0.115,0,0,none,-1,-1
2026-09-01 08:32:00,R04-AZ,20.197,-1.713,0,0,none,-1,-1
2026-09-01 08:34:00,R04-AZ,20.575,-0.222,0,0,none,-1,-1
2026-09-01 08:36:00,R04-AZ,20.596,-0.193,0,0,none,-1,-1
2026-09-01 08:38:00,R04-AZ,20.506,-0.217,0,0,none,-1,-1
2026-09-01 08:40:00,R04-AZ,20.513,-0.46,0,0,none,-1,-1
2026-09-01 08:42:00,R04-AZ,20.052,-1.031,0,0,none,-1,-1
2026-09-01 08:44:00,R04-AZ,20.274,-0.886,0,0,none,-1,-1
2026-09-01 08:46:00,R04-AZ,20.563,-0.216,0,0,none,-1,-1
2026-09-01 08:48:00,R04-AZ,20.401,-0.41,0,0,none,-1,-1
2026-09-01 08:50:00,R04-AZ,20.257,-1.45,0,0,none,-1,-1
2026-09-01 08:52:00,R04-AZ,20.325,-0.724,0,0,none,-1,-1
2026-09-01 08:54:00,R04-AZ,20.096,-1.643,0,0,none,-1,-1
2026-09-01 08:56:00,R04-AZ,20.121,-1.728,0,0,none,-1,-1
2026-09-01 08:58:00,R04-AZ,20.467,-0.163,0,0,none,-1,-1
2026-09-01 09:00:00,R04-AZ,20.233,-0.576,0,0,none,-1,-1
2026-09-01 09:02:00,R04-AZ,20.476,-0.296,0,0,none,-1,-1
2026-09-01 09:04:00,R04-AZ,20.354,-0.821,0,0,none,-1,-1
2026-09-01 09:06:00,R04-AZ,20.126,-1.41,0,0,none,-1,-1
2026-09-01 09:08:00,R04-AZ,20.635,0.211,0,0,none,-1,-1
2026-09-01 09:10:00,R04-AZ,20.365,-0.674,0,0,none,-1,-1
2026-09-01 09:12:00,R04-AZ,20.471,-0.762,0,0,none,-1,-1
2026-09-01 09:14:00,R04-AZ,20.365,-0.262,0,0,none,-1,-1
2026-09-01 09:16:00,R04-AZ,20.432,-0.197,0,0,none,-1,-1
2026-09-01 09:18:00,R04-AZ,20.657,0.282,0,0,none,-1,-1
2026-09-01 09:20:00,R04-AZ,20.492,-0.277,0,0,none,-1,-1
2026-09-01 09:22:00,R04-AZ,20.601,0.887,0,0,none,-1,-1
2026-09-01 09:24:00,R04-AZ,20.58,0.191,0,0,none,-1,-1
2026-09-01 09:26:00,R04-AZ,20.484,-0.292,0,0,none,-1,-1
2026-09-01 09:28:00,R04-AZ,20.694,0.809,0,0,none,-1,-1
2026-09-01 09:30:00,R04-AZ,20.56,0.075,0,0,none,-1,-1
2026-09-01 09:32:00,R04-AZ,20.596,0.051,0,0,none,-1,-1
2026-09-01 09:34:00,R04-AZ,20.356,-0.348,0,0,none,-1,-1
2026-09-01 09:36:00,R04-AZ,20.608,-0.034,0,0,none,-1,-1
2026-09-01 09:38:00,R04-AZ,20.599,-0.056,0,0,none,-1,-1
2026-09-01 09:40:00,R04-AZ,20.268,-1.167,0,0,none,-1,-1
2026-09-01 09:42:00,R04-AZ,20.348,-0.338,0,0,none,-1,-1
2026-09-01 09:44:00,R04-AZ,20.488,-0.149,0,0,none,-1,-1
2026-09-01 09:46:00,R04-AZ,20.643,0.573,0,0,none,-1,-1
2026-09-01 09:48:00,R04-AZ,20.579,-0.237,0,0,none,-1,-1
2026-09-01 09:50:00,R04-AZ,20.618,0.227,0,0,none,-1,-1
2026-09-01 09:52:00,R04-AZ,20.688,0.971,0,0,none,-1,-1
2026-09-01 09:54:00,R04-AZ,20.348,-1.168,0,0,none,-1,-1
2026-09-01 09:56:00,R04-AZ,20.564,0.332,0,0,none,-1,-1
2026-09-01 09:58:00,R04-AZ,20.419,-0.538,0,0,none,-1,-1
2026-09-01 00:00:00,R04-ZA,20.14,-2.016,0,0,none,-1,-1
2026-09-01 00:02:00,R04-ZA,19.986,-2.71,0,0,none,-1,-1
2026-09-01 00:04:00,R04-ZA,20.495,-1.253,0,0,none,-1,-1
2026-09-01 00:06:00,R04-ZA,19.968,-2.795,0,0,none,-1,-1
2026-09-01 00:08:00,R04-ZA,19.995,-2.324,0,0,none,-1,-1
2026-09-01 00:10:00,R04-ZA,19.964,-2.571,0,0,none,-1,-1
2026-09-01 00:12:00,R04-ZA,20.415,-1.227,0,0,none,-1,-1
2026-09-01 00:14:00,R04-ZA,19.595,-3.557,0,0,none,-1,-1
2026-09-01 00:16:00,R04-ZA,20.102,-1.774,0,0,none,-1,-1
2026-09-01 00:18:00,R04-ZA,20.064,-1.89,0,0,none,-1,-1
2026-09-01 00:20:00,R04-ZA,19.397,-3.302,0,0,none,-1,-1
2026-09-01 00:22:00,R04-ZA,20.518,-0.751,0,0,none,-1,-1
2026-09-01 00:24:00,R04-ZA,19.877,-2.17,0,0,none,-1,-1
2026-09-01 00:26:00,R04-ZA,20.343,-0.772,0,0,none,-1,-1
2026-09-01 00:28:00,R04-ZA,19.686,-2.936,0,0,none,-1,-1
2026-09-01 00:30:00,R04-ZA,20.37,-0.899,0,0,none,-1,-1
2026-09-01 00:32:00,R04-ZA,20.512,-0.372,0,0,none,-1,-1
2026-09-01 00:34:00,R04-ZA,20.414,-0.816,0,0,none,-1,-1
2026-09-01 00:36:00,R04-ZA,20.361,-1.772,0,0,none,-1,-1
2026-09-01 00:38:00,R04-ZA,20.298,-1.432,0,0,fiber_degradation,14,0
2026-09-01 00:40:00,R04-ZA,19.894,-2.629,0,0,fiber_degradation,14,0
2026-09-01 00:42:00,R04-ZA,19.361,-4.343,0,0,fiber_degradation,14,0
2026-09-01 00:44:00,R04-ZA,20.002,-2.147,0,0,fiber_degradation,14,0
2026-09-01 00:46:00,R04-ZA,19.638,-4.053,0,0,fiber_degradation,14,0
2026-09-01 00:48:00,R04-ZA,19.185,-3.807,0,0,fiber_degradation,14,0
2026-09-01 00:50:00,R04-ZA,19.798,-3.425,0,0,fiber_degradation,14,0
2026-09-01 00:52:00,R04-ZA,19.2,-4.331,0,0,fiber_degradation,14,0
2026-09-01 00:54:00,R04-ZA,18.917,-5.39,0,0,fiber_degradation,14,0
2026-09-01 00:56:00,R04-ZA,19.277,-4.604,0,0,fiber_degradation,14,0
2026-09-01 00:58:00,R04-ZA,18.619,-5.86,0,0,fiber_degradation,14,0
2026-09-01 01:00:00,R04-ZA,18.267,-6.282,1,0,fiber_degradation,14,0
2026-09-01 01:02:00,R04-ZA,17.673,-7.041,1,0,fiber_degradation,14,0
2026-09-01 01:04:00,R04-ZA,18.281,-6.461,1,0,fiber_degradation,14,0
2026-09-01 01:06:00,R04-ZA,18.996,-5.29,0,0,fiber_degradation,14,0
2026-09-01 01:08:00,R04-ZA,18.297,-6.712,1,0,fiber_degradation,14,0
2026-09-01 01:10:00,R04-ZA,18.573,-6.333,1,0,fiber_degradation,14,0
2026-09-01 01:12:00,R04-ZA,18.574,-6.424,1,0,fiber_degradation,14,0
2026-09-01 01:14:00,R04-ZA,18.811,-5.88,0,0,fiber_degradation,14,0
2026-09-01 01:16:00,R04-ZA,19.721,-3.04,0,0,none,-1,-1
2026-09-01 01:18:00,R04-ZA,20.273,-1.125,0,0,none,-1,-1
2026-09-01 01:20:00,R04-ZA,19.941,-1.907,0,0,none,-1,-1
2026-09-01 01:22:00,R04-ZA,20.044,-2.976,0,0,none,-1,-1
2026-09-01 01:24:00,R04-ZA,19.292,-3.591,0,0,none,-1,-1
2026-09-01 01:26:00,R04-ZA,20.112,-2.974,0,0,none,-1,-1
2026-09-01 01:28:00,R04-ZA,20.558,0.273,0,0,none,-1,-1
2026-09-01 01:30:00,R04-ZA,19.583,-3.332,0,0,none,-1,-1
2026-09-01 01:32:00,R04-ZA,19.469,-3.45,0,0,none,-1,-1
2026-09-01 01:34:00,R04-ZA,20.234,-1.553,0,0,none,-1,-1
2026-09-01 01:36:00,R04-ZA,19.145,-4.074,0,0,none,-1,-1
2026-09-01 01:38:00,R04-ZA,20.189,-1.76,0,0,none,-1,-1
2026-09-01 01:40:00,R04-ZA,19.351,-3.887,0,0,none,-1,-1
2026-09-01 01:42:00,R04-ZA,19.899,-2.204,0,0,none,-1,-1
2026-09-01 01:44:00,R04-ZA,19.96,-2.456,0,0,none,-1,-1
2026-09-01 01:46:00,R04-ZA,19.584,-3.123,0,0,none,-1,-1
2026-09-01 01:48:00,R04-ZA,20.092,-2.261,0,0,none,-1,-1
2026-09-01 01:50:00,R04-ZA,-18.993,-43.142,1,1,fiber_cut,8,1
2026-09-01 01:52:00,R04-ZA,-17.768,-42.352,1,1,fiber_cut,8,1
2026-09-01 01:54:00,R04-ZA,-17.933,-42.921,1,1,fiber_cut,8,1
2026-09-01 01:56:00,R04-ZA,-18.637,-42.947,1,1,fiber_cut,8,1
2026-09-01 01:58:00,R04-ZA,-19.014,-43.538,1,1,fiber_cut,8,1
2026-09-01 02:00:00,R04-ZA,-18.291,-43.151,1,1,fiber_cut,8,1
2026-09-01 02:02:00,R04-ZA,-17.771,-42.258,1,1,fiber_cut,8,1
2026-09-01 02:04:00,R04-ZA,-17.474,-41.607,1,1,fiber_cut,8,1
2026-09-01 02:06:00,R04-ZA,-18.61,-43.074,1,1,fiber_cut,8,1
2026-09-01 02:08:00,R04-ZA,-18.429,-43.044,1,1,fiber_cut,8,1
2026-09-01 02:10:00,R04-ZA,-18.427,-42.717,1,1,fiber_cut,8,1
2026-09-01 02:12:00,R04-ZA,19.144,-4.238,0,0,none,-1,-1
2026-09-01 02:14:00,R04-ZA,19.637,-3.145,0,0,none,-1,-1
2026-09-01 02:16:00,R04-ZA,19.933,-2.701,0,0,none,-1,-1
2026-09-01 02:18:00,R04-ZA,20.247,-2.044,0,0,none,-1,-1
2026-09-01 02:20:00,R04-ZA,20.137,-2.792,0,0,none,-1,-1
2026-09-01 02:22:00,R04-ZA,20.142,-1.516,0,0,none,-1,-1
2026-09-01 02:24:00,R04-ZA,20.166,-2.902,0,0,none,-1,-1
2026-09-01 02:26:00,R04-ZA,19.965,-2.65,0,0,none,-1,-1
2026-09-01 02:28:00,R04-ZA,19.791,-2.516,0,0,none,-1,-1
2026-09-01 02:30:00,R04-ZA,19.739,-2.797,0,0,none,-1,-1
2026-09-01 02:32:00,R04-ZA,19.574,-3.842,0,0,none,-1,-1
2026-09-01 02:34:00,R04-ZA,19.381,-3.8,0,0,none,-1,-1
2026-09-01 02:36:00,R04-ZA,20.394,-1.232,0,0,none,-1,-1
2026-09-01 02:38:00,R04-ZA,19.736,-3.331,0,0,none,-1,-1
2026-09-01 02:40:00,R04-ZA,19.667,-2.858,0,0,none,-1,-1
2026-09-01 02:42:00,R04-ZA,19.64,-3.497,0,0,none,-1,-1
2026-09-01 02:44:00,R04-ZA,19.659,-3.198,0,0,none,-1,-1
2026-09-01 02:46:00,R04-ZA,19.807,-3.279,0,0,none,-1,-1
2026-09-01 02:48:00,R04-ZA,19.399,-4.018,0,0,none,-1,-1
2026-09-01 02:50:00,R04-ZA,19.755,-3.113,0,0,none,-1,-1
2026-09-01 02:52:00,R04-ZA,20.079,-2.661,0,0,none,-1,-1
2026-09-01 02:54:00,R04-ZA,19.413,-4.185,0,0,none,-1,-1
2026-09-01 02:56:00,R04-ZA,19.771,-2.791,0,0,none,-1,-1
2026-09-01 02:58:00,R04-ZA,19.613,-3.005,0,0,none,-1,-1
2026-09-01 03:00:00,R04-ZA,19.511,-3.442,0,0,none,-1,-1
2026-09-01 03:02:00,R04-ZA,19.716,-2.991,0,0,none,-1,-1
2026-09-01 03:04:00,R04-ZA,19.704,-3.157,0,0,none,-1,-1
2026-09-01 03:06:00,R04-ZA,19.051,-4.869,0,0,none,-1,-1
2026-09-01 03:08:00,R04-ZA,20.043,-2.378,0,0,none,-1,-1
2026-09-01 03:10:00,R04-ZA,20.161,-1.869,0,0,none,-1,-1
2026-09-01 03:12:00,R04-ZA,19.513,-3.755,0,0,none,-1,-1
2026-09-01 03:14:00,R04-ZA,20.098,-2.18,0,0,none,-1,-1
2026-09-01 03:16:00,R04-ZA,20.135,-1.882,0,0,none,-1,-1
2026-09-01 03:18:00,R04-ZA,19.987,-2.42,0,0,none,-1,-1
2026-09-01 03:20:00,R04-ZA,19.496,-3.496,0,0,none,-1,-1
2026-09-01 03:22:00,R04-ZA,19.625,-2.964,0,0,none,-1,-1
2026-09-01 03:24:00,R04-ZA,19.629,-3.022,0,0,none,-1,-1
2026-09-01 03:26:00,R04-ZA,19.852,-3.326,0,0,none,-1,-1
2026-09-01 03:28:00,R04-ZA,19.544,-3.39,0,0,none,-1,-1
2026-09-01 03:30:00,R04-ZA,19.937,-3.483,0,0,none,-1,-1
2026-09-01 03:32:00,R04-ZA,19.599,-2.913,0,0,none,-1,-1
2026-09-01 03:34:00,R04-ZA,19.322,-3.957,0,0,none,-1,-1
2026-09-01 03:36:00,R04-ZA,19.88,-2.605,0,0,none,-1,-1
2026-09-01 03:38:00,R04-ZA,19.139,-3.847,0,0,amplifier_degradation,5,2
2026-09-01 03:40:00,R04-ZA,19.296,-3.498,0,0,amplifier_degradation,5,2
2026-09-01 03:42:00,R04-ZA,18.446,-4.639,0,0,amplifier_degradation,5,2
2026-09-01 03:44:00,R04-ZA,18.04,-5.463,0,0,amplifier_degradation,5,2
2026-09-01 03:46:00,R04-ZA,17.334,-6.857,1,0,amplifier_degradation,5,2
2026-09-01 03:48:00,R04-ZA,17.313,-6.413,1,0,amplifier_degradation,5,2
2026-09-01 03:50:00,R04-ZA,17.264,-6.995,1,0,amplifier_degradation,5,2
2026-09-01 03:52:00,R04-ZA,17.431,-5.623,0,0,amplifier_degradation,5,2
2026-09-01 03:54:00,R04-ZA,16.931,-7.343,1,0,amplifier_degradation,5,2
2026-09-01 03:56:00,R04-ZA,15.232,-9.24,1,0,amplifier_degradation,5,2
2026-09-01 03:58:00,R04-ZA,15.926,-7.547,1,0,amplifier_degradation,5,2
2026-09-01 04:00:00,R04-ZA,16.057,-8.01,1,0,amplifier_degradation,5,2
2026-09-01 04:02:00,R04-ZA,14.408,-9.22,1,0,amplifier_degradation,5,2
2026-09-01 04:04:00,R04-ZA,14.317,-9.782,1,0,amplifier_degradation,5,2
2026-09-01 04:06:00,R04-ZA,14.496,-9.075,1,0,amplifier_degradation,5,2
2026-09-01 04:08:00,R04-ZA,12.379,-11.671,1,1,amplifier_degradation,5,2
2026-09-01 04:10:00,R04-ZA,13.811,-9.984,1,0,amplifier_degradation,5,2
2026-09-01 04:12:00,R04-ZA,13.502,-9.798,1,0,amplifier_degradation,5,2
2026-09-01 04:14:00,R04-ZA,12.297,-12.012,1,1,amplifier_degradation,5,2
2026-09-01 04:16:00,R04-ZA,11.548,-12.725,1,1,amplifier_degradation,5,2
2026-09-01 04:18:00,R04-ZA,11.763,-11.991,1,1,amplifier_degradation,5,2
2026-09-01 04:20:00,R04-ZA,11.17,-13.072,1,1,amplifier_degradation,5,2
2026-09-01 04:22:00,R04-ZA,10.021,-15.261,1,1,amplifier_degradation,5,2
2026-09-01 04:24:00,R04-ZA,10.129,-14.118,1,1,amplifier_degradation,5,2
2026-09-01 04:26:00,R04-ZA,9.294,-15.375,1,1,amplifier_degradation,5,2
2026-09-01 04:28:00,R04-ZA,9.959,-14.321,1,1,amplifier_degradation,5,2
2026-09-01 04:30:00,R04-ZA,9.993,-14.485,1,1,amplifier_degradation,5,2
2026-09-01 04:32:00,R04-ZA,9.4,-14.53,1,1,amplifier_degradation,5,2
2026-09-01 04:34:00,R04-ZA,10.407,-14.0,1,1,amplifier_degradation,5,2
2026-09-01 04:36:00,R04-ZA,10.5,-13.425,1,1,amplifier_degradation,5,2
2026-09-01 04:38:00,R04-ZA,9.421,-14.426,1,1,amplifier_degradation,5,2
2026-09-01 04:40:00,R04-ZA,10.605,-13.358,1,1,amplifier_degradation,5,2
2026-09-01 04:42:00,R04-ZA,10.249,-14.166,1,1,amplifier_degradation,5,2
2026-09-01 04:44:00,R04-ZA,10.383,-13.688,1,1,amplifier_degradation,5,2
2026-09-01 04:46:00,R04-ZA,9.304,-15.075,1,1,amplifier_degradation,5,2
2026-09-01 04:48:00,R04-ZA,10.843,-12.855,1,1,amplifier_degradation,5,2
2026-09-01 04:50:00,R04-ZA,9.901,-14.743,1,1,amplifier_degradation,5,2
2026-09-01 04:52:00,R04-ZA,10.293,-13.576,1,1,amplifier_degradation,5,2
2026-09-01 04:54:00,R04-ZA,9.822,-14.37,1,1,amplifier_degradation,5,2
2026-09-01 04:56:00,R04-ZA,10.27,-13.131,1,1,amplifier_degradation,5,2
2026-09-01 04:58:00,R04-ZA,8.75,-15.916,1,1,amplifier_degradation,5,2
2026-09-01 05:00:00,R04-ZA,10.166,-13.787,1,1,amplifier_degradation,5,2
2026-09-01 05:02:00,R04-ZA,9.773,-14.417,1,1,amplifier_degradation,5,2
2026-09-01 05:04:00,R04-ZA,19.257,-4.538,0,0,none,-1,-1
2026-09-01 05:06:00,R04-ZA,20.072,-2.664,0,0,none,-1,-1
2026-09-01 05:08:00,R04-ZA,19.678,-3.636,0,0,none,-1,-1
2026-09-01 05:10:00,R04-ZA,19.704,-2.951,0,0,none,-1,-1
2026-09-01 05:12:00,R04-ZA,19.455,-3.768,0,0,none,-1,-1
2026-09-01 05:14:00,R04-ZA,19.994,-2.043,0,0,none,-1,-1
2026-09-01 05:16:00,R04-ZA,19.893,-2.603,0,0,none,-1,-1
2026-09-01 05:18:00,R04-ZA,20.085,-2.154,0,0,none,-1,-1
2026-09-01 05:20:00,R04-ZA,19.464,-3.98,0,0,none,-1,-1
2026-09-01 05:22:00,R04-ZA,18.75,-4.802,0,0,none,-1,-1
2026-09-01 05:24:00,R04-ZA,19.565,-3.874,0,0,none,-1,-1
2026-09-01 05:26:00,R04-ZA,20.017,-2.353,0,0,none,-1,-1
2026-09-01 05:28:00,R04-ZA,19.649,-3.034,0,0,none,-1,-1
2026-09-01 05:30:00,R04-ZA,19.622,-3.326,0,0,none,-1,-1
2026-09-01 05:32:00,R04-ZA,19.734,-2.808,0,0,none,-1,-1
2026-09-01 05:34:00,R04-ZA,19.697,-3.54,0,0,none,-1,-1
2026-09-01 05:36:00,R04-ZA,20.006,-2.419,0,0,none,-1,-1
2026-09-01 05:38:00,R04-ZA,19.541,-3.954,0,0,none,-1,-1
2026-09-01 05:40:00,R04-ZA,20.014,-2.603,0,0,none,-1,-1
2026-09-01 05:42:00,R04-ZA,19.671,-3.085,0,0,none,-1,-1
2026-09-01 05:44:00,R04-ZA,19.479,-3.531,0,0,none,-1,-1
2026-09-01 05:46:00,R04-ZA,20.326,-1.586,0,0,none,-1,-1
2026-09-01 05:48:00,R04-ZA,19.693,-2.659,0,0,none,-1,-1
2026-09-01 05:50:00,R04-ZA,20.121,-2.101,0,0,none,-1,-1
2026-09-01 05:52:00,R04-ZA,19.846,-2.405,0,0,none,-1,-1
2026-09-01 05:54:00,R04-ZA,19.28,-3.733,0,0,none,-1,-1
2026-09-01 05:56:00,R04-ZA,19.979,-2.325,0,0,none,-1,-1
2026-09-01 05:58:00,R04-ZA,19.628,-2.924,0,0,none,-1,-1
2026-09-01 06:00:00,R04-ZA,19.93,-2.659,0,0,none,-1,-1
2026-09-01 06:02:00,R04-ZA,20.293,-1.852,0,0,none,-1,-1
2026-09-01 06:04:00,R04-ZA,19.833,-2.447,0,0,none,-1,-1
2026-09-01 06:06:00,R04-ZA,20.146,-2.256,0,0,none,-1,-1
2026-09-01 06:08:00,R04-ZA,19.79,-3.365,0,0,none,-1,-1
2026-09-01 06:10:00,R04-ZA,20.531,-0.494,0,0,none,-1,-1
2026-09-01 06:12:00,R04-ZA,19.488,-3.361,0,0,amplifier_degradation,11,3
2026-09-01 06:14:00,R04-ZA,19.923,-2.061,0,0,amplifier_degradation,11,3
2026-09-01 06:16:00,R04-ZA,20.139,-2.12,0,0,amplifier_degradation,11,3
2026-09-01 06:18:00,R04-ZA,19.651,-2.58,0,0,amplifier_degradation,11,3
2026-09-01 06:20:00,R04-ZA,19.217,-3.715,0,0,amplifier_degradation,11,3
2026-09-01 06:22:00,R04-ZA,19.146,-3.641,0,0,amplifier_degradation,11,3
2026-09-01 06:24:00,R04-ZA,20.029,-2.004,0,0,amplifier_degradation,11,3
2026-09-01 06:26:00,R04-ZA,19.359,-3.741,0,0,amplifier_degradation,11,3
2026-09-01 06:28:00,R04-ZA,19.045,-4.711,0,0,amplifier_degradation,11,3
2026-09-01 06:30:00,R04-ZA,19.804,-3.152,0,0,amplifier_degradation,11,3
2026-09-01 06:32:00,R04-ZA,19.065,-4.56,0,0,amplifier_degradation,11,3
2026-09-01 06:34:00,R04-ZA,18.961,-4.01,0,0,amplifier_degradation,11,3
2026-09-01 06:36:00,R04-ZA,18.779,-4.891,0,0,amplifier_degradation,11,3
2026-09-01 06:38:00,R04-ZA,19.058,-3.8,0,0,amplifier_degradation,11,3
2026-09-01 06:40:00,R04-ZA,19.501,-3.548,0,0,amplifier_degradation,11,3
2026-09-01 06:42:00,R04-ZA,19.704,-3.003,0,0,amplifier_degradation,11,3
2026-09-01 06:44:00,R04-ZA,18.948,-4.415,0,0,amplifier_degradation,11,3
2026-09-01 06:46:00,R04-ZA,18.758,-5.205,0,0,amplifier_degradation,11,3
2026-09-01 06:48:00,R04-ZA,19.198,-4.383,0,0,amplifier_degradation,11,3
2026-09-01 06:50:00,R04-ZA,20.005,-2.786,0,0,amplifier_degradation,11,3
2026-09-01 06:52:00,R04-ZA,19.358,-4.302,0,0,amplifier_degradation,11,3
2026-09-01 06:54:00,R04-ZA,19.748,-2.607,0,0,amplifier_degradation,11,3
2026-09-01 06:56:00,R04-ZA,20.243,-1.648,0,0,none,-1,-1
2026-09-01 06:58:00,R04-ZA,20.493,-0.665,0,0,none,-1,-1
2026-09-01 07:00:00,R04-ZA,20.249,-1.374,0,0,none,-1,-1
2026-09-01 07:02:00,R04-ZA,20.005,-2.423,0,0,none,-1,-1
2026-09-01 07:04:00,R04-ZA,19.353,-3.436,0,0,none,-1,-1
2026-09-01 07:06:00,R04-ZA,19.862,-2.392,0,0,none,-1,-1
2026-09-01 07:08:00,R04-ZA,20.122,-1.621,0,0,none,-1,-1
2026-09-01 07:10:00,R04-ZA,20.367,-2.004,0,0,none,-1,-1
2026-09-01 07:12:00,R04-ZA,19.695,-2.291,0,0,none,-1,-1
2026-09-01 07:14:00,R04-ZA,19.746,-3.27,0,0,none,-1,-1
2026-09-01 07:16:00,R04-ZA,20.504,-0.335,0,0,none,-1,-1
2026-09-01 07:18:00,R04-ZA,20.233,-1.723,0,0,none,-1,-1
2026-09-01 07:20:00,R04-ZA,20.331,-1.996,0,0,fiber_degradation,13,4
2026-09-01 07:22:00,R04-ZA,19.511,-3.362,0,0,fiber_degradation,13,4
2026-09-01 07:24:00,R04-ZA,20.168,-1.787,0,0,fiber_degradation,13,4
2026-09-01 07:26:00,R04-ZA,19.819,-3.006,0,0,fiber_degradation,13,4
2026-09-01 07:28:00,R04-ZA,19.381,-3.432,0,0,fiber_degradation,13,4
2026-09-01 07:30:00,R04-ZA,18.892,-4.568,0,0,fiber_degradation,13,4
2026-09-01 07:32:00,R04-ZA,18.982,-4.597,0,0,fiber_degradation,13,4
2026-09-01 07:34:00,R04-ZA,18.325,-5.745,0,0,fiber_degradation,13,4
2026-09-01 07:36:00,R04-ZA,18.887,-4.519,0,0,fiber_degradation,13,4
2026-09-01 07:38:00,R04-ZA,16.762,-8.408,1,0,fiber_degradation,13,4
2026-09-01 07:40:00,R04-ZA,18.006,-6.414,1,0,fiber_degradation,13,4
2026-09-01 07:42:00,R04-ZA,16.569,-9.17,1,0,fiber_degradation,13,4
2026-09-01 07:44:00,R04-ZA,16.675,-8.945,1,0,fiber_degradation,13,4
2026-09-01 07:46:00,R04-ZA,16.758,-7.999,1,0,fiber_degradation,13,4
2026-09-01 07:48:00,R04-ZA,16.578,-8.279,1,0,fiber_degradation,13,4
2026-09-01 07:50:00,R04-ZA,15.841,-9.56,1,0,fiber_degradation,13,4
2026-09-01 07:52:00,R04-ZA,14.779,-10.929,1,0,fiber_degradation,13,4
2026-09-01 07:54:00,R04-ZA,14.655,-10.834,1,0,fiber_degradation,13,4
2026-09-01 07:56:00,R04-ZA,13.386,-12.925,1,0,fiber_degradation,13,4
2026-09-01 07:58:00,R04-ZA,14.123,-11.64,1,0,fiber_degradation,13,4
2026-09-01 08:00:00,R04-ZA,13.508,-12.257,1,0,fiber_degradation,13,4
2026-09-01 08:02:00,R04-ZA,12.53,-13.133,1,1,fiber_degradation,13,4
2026-09-01 08:04:00,R04-ZA,12.35,-13.253,1,1,fiber_degradation,13,4
2026-09-01 08:06:00,R04-ZA,12.247,-12.998,1,1,fiber_degradation,13,4
2026-09-01 08:08:00,R04-ZA,11.697,-13.804,1,1,fiber_degradation,13,4
2026-09-01 08:10:00,R04-ZA,12.311,-13.191,1,1,fiber_degradation,13,4
2026-09-01 08:12:00,R04-ZA,10.684,-14.822,1,1,fiber_degradation,13,4
2026-09-01 08:14:00,R04-ZA,11.855,-14.128,1,1,fiber_degradation,13,4
2026-09-01 08:16:00,R04-ZA,11.046,-15.042,1,1,fiber_degradation,13,4
2026-09-01 08:18:00,R04-ZA,10.813,-14.95,1,1,fiber_degradation,13,4
2026-09-01 08:20:00,R04-ZA,11.337,-14.5,1,1,fiber_degradation,13,4
2026-09-01 08:22:00,R04-ZA,10.906,-15.281,1,1,fiber_degradation,13,4
2026-09-01 08:24:00,R04-ZA,11.116,-14.8,1,1,fiber_degradation,13,4
2026-09-01 08:26:00,R04-ZA,11.27,-14.87,1,1,fiber_degradation,13,4
2026-09-01 08:28:00,R04-ZA,11.777,-13.738,1,1,fiber_degradation,13,4
2026-09-01 08:30:00,R04-ZA,12.135,-13.542,1,1,fiber_degradation,13,4
2026-09-01 08:32:00,R04-ZA,12.096,-13.826,1,1,fiber_degradation,13,4
2026-09-01 08:34:00,R04-ZA,11.696,-14.188,1,1,fiber_degradation,13,4
2026-09-01 08:36:00,R04-ZA,11.341,-14.263,1,1,fiber_degradation,13,4
2026-09-01 08:38:00,R04-ZA,11.87,-13.563,1,1,fiber_degradation,13,4
2026-09-01 08:40:00,R04-ZA,20.141,-1.613,0,0,none,-1,-1
2026-09-01 08:42:00,R04-ZA,20.297,-1.706,0,0,none,-1,-1
2026-09-01 08:44:00,R04-ZA,20.178,-1.727,0,0,none,-1,-1
2026-09-01 08:46:00,R04-ZA,20.013,-2.306,0,0,none,-1,-1
2026-09-01 08:48:00,R04-ZA,20.18,-1.699,0,0,none,-1,-1
2026-09-01 08:50:00,R04-ZA,19.719,-2.861,0,0,none,-1,-1
2026-09-01 08:52:00,R04-ZA,19.863,-2.315,0,0,none,-1,-1
2026-09-01 08:54:00,R04-ZA,20.104,-1.646,0,0,none,-1,-1
2026-09-01 08:56:00,R04-ZA,20.38,-1.969,0,0,none,-1,-1
2026-09-01 08:58:00,R04-ZA,20.005,-1.808,0,0,none,-1,-1
2026-09-01 09:00:00,R04-ZA,20.184,-1.982,0,0,none,-1,-1
2026-09-01 09:02:00,R04-ZA,20.286,-1.293,0,0,none,-1,-1
2026-09-01 09:04:00,R04-ZA,20.168,-1.855,0,0,none,-1,-1
2026-09-01 09:06:00,R04-ZA,20.463,-0.63,0,0,none,-1,-1
2026-09-01 09:08:00,R04-ZA,20.322,-0.818,0,0,none,-1,-1
2026-09-01 09:10:00,R04-ZA,20.428,-0.7,0,0,none,-1,-1
2026-09-01 09:12:00,R04-ZA,20.224,-1.76,0,0,none,-1,-1
2026-09-01 09:14:00,R04-ZA,20.355,-0.799,0,0,none,-1,-1
2026-09-01 09:16:00,R04-ZA,20.408,-1.683,0,0,none,-1,-1
2026-09-01 09:18:00,R04-ZA,20.542,0.129,0,0,none,-1,-1
2026-09-01 09:20:00,R04-ZA,19.918,-1.738,0,0,none,-1,-1
2026-09-01 09:22:00,R04-ZA,20.282,-1.468,0,0,none,-1,-1
2026-09-01 09:24:00,R04-ZA,20.135,-2.492,0,0,none,-1,-1
2026-09-01 09:26:00,R04-ZA,20.408,-0.677,0,0,none,-1,-1
2026-09-01 09:28:00,R04-ZA,20.401,-1.179,0,0,none,-1,-1
2026-09-01 09:30:00,R04-ZA,20.248,-1.818,0,0,none,-1,-1
2026-09-01 09:32:00,R04-ZA,19.865,-2.256,0,0,none,-1,-1
2026-09-01 09:34:00,R04-ZA,20.378,-1.117,0,0,none,-1,-1
2026-09-01 09:36:00,R04-ZA,20.403,-1.091,0,0,none,-1,-1
2026-09-01 09:38:00,R04-ZA,20.167,-1.887,0,0,none,-1,-1
2026-09-01 09:40:00,R04-ZA,20.386,-0.957,0,0,none,-1,-1
2026-09-01 09:42:00,R04-ZA,19.618,-2.458,0,0,none,-1,-1
2026-09-01 09:44:00,R04-ZA,20.102,-2.315,0,0,none,-1,-1
2026-09-01 09:46:00,R04-ZA,20.067,-1.781,0,0,none,-1,-1
2026-09-01 09:48:00,R04-ZA,20.347,-1.601,0,0,none,-1,-1
2026-09-01 09:50:00,R04-ZA,20.253,-1.592,0,0,none,-1,-1
2026-09-01 09:52:00,R04-ZA,20.029,-2.207,0,0,none,-1,-1
2026-09-01 09:54:00,R04-ZA,20.033,-1.79,0,0,none,-1,-1
2026-09-01 09:56:00,R04-ZA,20.305,-1.163,0,0,none,-1,-1
2026-09-01 09:58:00,R04-ZA,20.029,-2.153,0,0,none,-1,-1
2026-09-01 00:00:00,R05-AZ,19.585,2.298,0,0,none,-1,-1
2026-09-01 00:02:00,R05-AZ,18.599,3.544,0,0,none,-1,-1
2026-09-01 00:04:00,R05-AZ,20.33,0.843,0,0,none,-1,-1
2026-09-01 00:06:00,R05-AZ,19.909,2.069,0,0,none,-1,-1
2026-09-01 00:08:00,R05-AZ,20.058,1.651,0,0,none,-1,-1
2026-09-01 00:10:00,R05-AZ,18.33,3.992,0,0,none,-1,-1
2026-09-01 00:12:00,R05-AZ,20.315,0.182,0,0,none,-1,-1
2026-09-01 00:14:00,R05-AZ,18.805,3.643,0,0,none,-1,-1
2026-09-01 00:16:00,R05-AZ,20.205,1.181,0,0,none,-1,-1
2026-09-01 00:18:00,R05-AZ,18.813,3.018,0,0,none,-1,-1
2026-09-01 00:20:00,R05-AZ,19.941,1.669,0,0,amplifier_degradation,18,0
2026-09-01 00:22:00,R05-AZ,19.099,1.835,0,0,amplifier_degradation,18,0
2026-09-01 00:24:00,R05-AZ,19.247,1.906,0,0,amplifier_degradation,18,0
2026-09-01 00:26:00,R05-AZ,19.758,0.045,0,0,amplifier_degradation,18,0
2026-09-01 00:28:00,R05-AZ,20.067,-0.271,0,0,amplifier_degradation,18,0
2026-09-01 00:30:00,R05-AZ,19.225,1.764,0,0,amplifier_degradation,18,0
2026-09-01 00:32:00,R05-AZ,19.621,-0.233,0,0,amplifier_degradation,18,0
2026-09-01 00:34:00,R05-AZ,19.653,0.014,0,0,amplifier_degradation,18,0
2026-09-01 00:36:00,R05-AZ,19.299,-0.078,0,0,amplifier_degradation,18,0
2026-09-01 00:38:00,R05-AZ,20.219,-2.584,0,0,amplifier_degradation,18,0
2026-09-01 00:40:00,R05-AZ,19.497,-1.684,0,0,amplifier_degradation,18,0
2026-09-01 00:42:00,R05-AZ,20.175,-2.85,0,0,amplifier_degradation,18,0
2026-09-01 00:44:00,R05-AZ,20.205,-3.604,0,0,amplifier_degradation,18,0
2026-09-01 00:46:00,R05-AZ,19.657,-2.344,0,0,amplifier_degradation,18,0
2026-09-01 00:48:00,R05-AZ,19.392,-3.13,0,0,amplifier_degradation,18,0
2026-09-01 00:50:00,R05-AZ,19.246,-2.359,0,0,amplifier_degradation,18,0
2026-09-01 00:52:00,R05-AZ,19.488,-2.822,0,0,amplifier_degradation,18,0
2026-09-01 00:54:00,R05-AZ,18.518,-1.396,0,0,amplifier_degradation,18,0
2026-09-01 00:56:00,R05-AZ,19.976,-3.812,0,0,amplifier_degradation,18,0
2026-09-01 00:58:00,R05-AZ,19.31,-2.281,0,0,amplifier_degradation,18,0
2026-09-01 01:00:00,R05-AZ,19.69,-3.633,0,0,amplifier_degradation,18,0
2026-09-01 01:02:00,R05-AZ,19.546,-2.751,0,0,amplifier_degradation,18,0
2026-09-01 01:04:00,R05-AZ,19.081,-1.814,0,0,amplifier_degradation,18,0
2026-09-01 01:06:00,R05-AZ,19.41,-2.746,0,0,amplifier_degradation,18,0
2026-09-01 01:08:00,R05-AZ,20.215,-4.357,0,0,amplifier_degradation,18,0
2026-09-01 01:10:00,R05-AZ,19.541,-2.694,0,0,amplifier_degradation,18,0
2026-09-01 01:12:00,R05-AZ,19.607,2.451,0,0,none,-1,-1
2026-09-01 01:14:00,R05-AZ,19.838,1.465,0,0,none,-1,-1
2026-09-01 01:16:00,R05-AZ,18.976,2.774,0,0,none,-1,-1
2026-09-01 01:18:00,R05-AZ,19.766,2.207,0,0,none,-1,-1
2026-09-01 01:20:00,R05-AZ,18.037,4.0,0,0,none,-1,-1
2026-09-01 01:22:00,R05-AZ,19.493,2.449,0,0,none,-1,-1
2026-09-01 01:24:00,R05-AZ,19.371,2.913,0,0,none,-1,-1
2026-09-01 01:26:00,R05-AZ,17.847,3.81,0,0,none,-1,-1
2026-09-01 01:28:00,R05-AZ,19.682,1.969,0,0,none,-1,-1
2026-09-01 01:30:00,R05-AZ,19.343,3.069,0,0,none,-1,-1
2026-09-01 01:32:00,R05-AZ,19.034,3.251,0,0,none,-1,-1
2026-09-01 01:34:00,R05-AZ,19.259,1.947,0,0,none,-1,-1
2026-09-01 01:36:00,R05-AZ,18.986,3.644,0,0,none,-1,-1
2026-09-01 01:38:00,R05-AZ,19.112,2.872,0,0,none,-1,-1
2026-09-01 01:40:00,R05-AZ,20.155,1.565,0,0,none,-1,-1
2026-09-01 01:42:00,R05-AZ,19.767,2.577,0,0,none,-1,-1
2026-09-01 01:44:00,R05-AZ,19.67,2.398,0,0,none,-1,-1
2026-09-01 01:46:00,R05-AZ,18.885,2.964,0,0,none,-1,-1
2026-09-01 01:48:00,R05-AZ,18.973,3.539,0,0,none,-1,-1
2026-09-01 01:50:00,R05-AZ,18.708,3.703,0,0,none,-1,-1
2026-09-01 01:52:00,R05-AZ,19.42,2.646,0,0,none,-1,-1
2026-09-01 01:54:00,R05-AZ,19.802,1.774,0,0,none,-1,-1
2026-09-01 01:56:00,R05-AZ,19.134,2.95,0,0,none,-1,-1
2026-09-01 01:58:00,R05-AZ,18.851,3.645,0,0,none,-1,-1
2026-09-01 02:00:00,R05-AZ,19.016,2.915,0,0,none,-1,-1
2026-09-01 02:02:00,R05-AZ,19.12,2.642,0,0,none,-1,-1
2026-09-01 02:04:00,R05-AZ,18.855,2.996,0,0,none,-1,-1
2026-09-01 02:06:00,R05-AZ,19.506,2.95,0,0,none,-1,-1
2026-09-01 02:08:00,R05-AZ,19.344,2.589,0,0,none,-1,-1
2026-09-01 02:10:00,R05-AZ,20.055,1.359,0,0,none,-1,-1
2026-09-01 02:12:00,R05-AZ,18.02,4.0,0,0,none,-1,-1
2026-09-01 02:14:00,R05-AZ,19.111,3.222,0,0,none,-1,-1
2026-09-01 02:16:00,R05-AZ,18.866,3.963,0,0,none,-1,-1
2026-09-01 02:18:00,R05-AZ,19.329,3.385,0,0,none,-1,-1
2026-09-01 02:20:00,R05-AZ,19.706,2.663,0,0,none,-1,-1
2026-09-01 02:22:00,R05-AZ,19.702,2.323,0,0,none,-1,-1
2026-09-01 02:24:00,R05-AZ,18.772,3.312,0,0,none,-1,-1
2026-09-01 02:26:00,R05-AZ,18.761,4.0,0,0,none,-1,-1
2026-09-01 02:28:00,R05-AZ,19.459,3.278,0,0,none,-1,-1
2026-09-01 02:30:00,R05-AZ,19.86,2.184,0,0,none,-1,-1
2026-09-01 02:32:00,R05-AZ,19.543,3.133,0,0,none,-1,-1
2026-09-01 02:34:00,R05-AZ,18.964,3.57,0,0,none,-1,-1
2026-09-01 02:36:00,R05-AZ,18.459,4.0,0,0,none,-1,-1
2026-09-01 02:38:00,R05-AZ,19.078,3.703,0,0,none,-1,-1
2026-09-01 02:40:00,R05-AZ,18.377,4.0,0,0,none,-1,-1
2026-09-01 02:42:00,R05-AZ,18.375,3.835,0,0,none,-1,-1
2026-09-01 02:44:00,R05-AZ,19.628,2.958,0,0,none,-1,-1
2026-09-01 02:46:00,R05-AZ,19.369,3.209,0,0,none,-1,-1
2026-09-01 02:48:00,R05-AZ,19.385,2.807,0,0,none,-1,-1
2026-09-01 02:50:00,R05-AZ,19.418,3.154,0,0,none,-1,-1
2026-09-01 02:52:00,R05-AZ,19.179,3.289,0,0,none,-1,-1
2026-09-01 02:54:00,R05-AZ,19.861,2.549,0,0,none,-1,-1
2026-09-01 02:56:00,R05-AZ,19.454,2.975,0,0,none,-1,-1
2026-09-01 02:58:00,R05-AZ,18.534,3.922,0,0,none,-1,-1
2026-09-01 03:00:00,R05-AZ,19.611,2.784,0,0,none,-1,-1
2026-09-01 03:02:00,R05-AZ,19.208,2.855,0,0,none,-1,-1
2026-09-01 03:04:00,R05-AZ,19.823,2.45,0,0,none,-1,-1
2026-09-01 03:06:00,R05-AZ,19.416,2.949,0,0,none,-1,-1
2026-09-01 03:08:00,R05-AZ,19.271,3.007,0,0,none,-1,-1
2026-09-01 03:10:00,R05-AZ,18.591,4.0,0,0,none,-1,-1
2026-09-01 03:12:00,R05-AZ,19.388,3.484,0,0,none,-1,-1
2026-09-01 03:14:00,R05-AZ,19.157,3.412,0,0,none,-1,-1
2026-09-01 03:16:00,R05-AZ,19.913,2.07,0,0,none,-1,-1
2026-09-01 03:18:00,R05-AZ,18.745,4.0,0,0,none,-1,-1
2026-09-01 03:20:00,R05-AZ,19.357,3.164,0,0,none,-1,-1
2026-09-01 03:22:00,R05-AZ,19.37,3.34,0,0,none,-1,-1
2026-09-01 03:24:00,R05-AZ,18.943,4.0,0,0,none,-1,-1
2026-09-01 03:26:00,R05-AZ,19.227,3.157,0,0,none,-1,-1
2026-09-01 03:28:00,R05-AZ,19.224,2.671,0,0,none,-1,-1
2026-09-01 03:30:00,R05-AZ,18.993,3.012,0,0,none,-1,-1
2026-09-01 03:32:00,R05-AZ,19.068,3.071,0,0,none,-1,-1
2026-09-01 03:34:00,R05-AZ,18.894,3.143,0,0,none,-1,-1
2026-09-01 03:36:00,R05-AZ,15.456,-13.577,1,0,flapping,17,1
2026-09-01 03:38:00,R05-AZ,14.83,-15.034,1,1,flapping,17,1
2026-09-01 03:40:00,R05-AZ,14.288,-16.111,1,1,flapping,17,1
2026-09-01 03:42:00,R05-AZ,18.743,4.0,0,0,flapping,17,1
2026-09-01 03:44:00,R05-AZ,14.846,-14.747,1,1,flapping,17,1
2026-09-01 03:46:00,R05-AZ,14.909,-14.748,1,1,flapping,17,1
2026-09-01 03:48:00,R05-AZ,15.282,-14.124,1,1,flapping,17,1
2026-09-01 03:50:00,R05-AZ,19.341,3.05,0,0,flapping,17,1
2026-09-01 03:52:00,R05-AZ,14.944,-14.651,1,1,flapping,17,1
2026-09-01 03:54:00,R05-AZ,15.263,-13.634,1,0,flapping,17,1
2026-09-01 03:56:00,R05-AZ,14.601,-15.385,1,1,flapping,17,1
2026-09-01 03:58:00,R05-AZ,14.903,-14.915,1,1,flapping,17,1
2026-09-01 04:00:00,R05-AZ,19.336,3.431,0,0,flapping,17,1
2026-09-01 04:02:00,R05-AZ,19.492,2.909,0,0,flapping,17,1
2026-09-01 04:04:00,R05-AZ,17.796,3.923,0,0,flapping,17,1
2026-09-01 04:06:00,R05-AZ,14.916,-14.61,1,1,flapping,17,1
2026-09-01 04:08:00,R05-AZ,14.953,-14.712,1,1,flapping,17,1
2026-09-01 04:10:00,R05-AZ,15.231,-14.689,1,1,flapping,17,1
2026-09-01 04:12:00,R05-AZ,14.947,-14.917,1,1,flapping,17,1
2026-09-01 04:14:00,R05-AZ,15.043,-14.876,1,1,flapping,17,1
2026-09-01 04:16:00,R05-AZ,14.668,-15.134,1,1,flapping,17,1
2026-09-01 04:18:00,R05-AZ,15.292,-13.616,1,0,flapping,17,1
2026-09-01 04:20:00,R05-AZ,14.615,-15.654,1,1,flapping,17,1
2026-09-01 04:22:00,R05-AZ,15.064,-15.037,1,1,flapping,17,1
2026-09-01 04:24:00,R05-AZ,14.985,-14.742,1,1,flapping,17,1
2026-09-01 04:26:00,R05-AZ,18.022,4.0,0,0,flapping,17,1
2026-09-01 04:28:00,R05-AZ,15.091,-13.829,1,0,flapping,17,1
2026-09-01 04:30:00,R05-AZ,14.603,-15.494,1,1,flapping,17,1
2026-09-01 04:32:00,R05-AZ,19.476,2.606,0,0,flapping,17,1
2026-09-01 04:34:00,R05-AZ,14.812,-15.19,1,1,flapping,17,1
2026-09-01 04:36:00,R05-AZ,19.795,1.91,0,0,flapping,17,1
2026-09-01 04:38:00,R05-AZ,20.042,2.55,0,0,none,-1,-1
2026-09-01 04:40:00,R05-AZ,19.291,2.943,0,0,none,-1,-1
2026-09-01 04:42:00,R05-AZ,19.796,2.187,0,0,none,-1,-1
2026-09-01 04:44:00,R05-AZ,19.073,3.553,0,0,none,-1,-1
2026-09-01 04:46:00,R05-AZ,20.171,1.101,0,0,none,-1,-1
2026-09-01 04:48:00,R05-AZ,19.11,3.058,0,0,none,-1,-1
2026-09-01 04:50:00,R05-AZ,19.261,3.491,0,0,none,-1,-1
2026-09-01 04:52:00,R05-AZ,19.333,2.866,0,0,none,-1,-1
2026-09-01 04:54:00,R05-AZ,18.722,3.358,0,0,none,-1,-1
2026-09-01 04:56:00,R05-AZ,18.736,3.388,0,0,none,-1,-1
2026-09-01 04:58:00,R05-AZ,19.195,2.721,0,0,none,-1,-1
2026-09-01 05:00:00,R05-AZ,19.748,2.634,0,0,none,-1,-1
2026-09-01 05:02:00,R05-AZ,19.235,2.509,0,0,none,-1,-1
2026-09-01 05:04:00,R05-AZ,19.702,2.36,0,0,none,-1,-1
2026-09-01 05:06:00,R05-AZ,19.076,2.597,0,0,none,-1,-1
2026-09-01 05:08:00,R05-AZ,20.178,1.672,0,0,none,-1,-1
2026-09-01 05:10:00,R05-AZ,20.083,1.388,0,0,none,-1,-1
2026-09-01 05:12:00,R05-AZ,19.414,3.133,0,0,none,-1,-1
2026-09-01 05:14:00,R05-AZ,20.201,1.453,0,0,none,-1,-1
2026-09-01 05:16:00,R05-AZ,19.325,3.176,0,0,none,-1,-1
2026-09-01 05:18:00,R05-AZ,20.208,0.439,0,0,none,-1,-1
2026-09-01 05:20:00,R05-AZ,20.206,0.979,0,0,none,-1,-1
2026-09-01 05:22:00,R05-AZ,19.758,2.268,0,0,none,-1,-1
2026-09-01 05:24:00,R05-AZ,19.365,2.521,0,0,none,-1,-1
2026-09-01 05:26:00,R05-AZ,19.493,2.801,0,0,none,-1,-1
2026-09-01 05:28:00,R05-AZ,19.89,2.183,0,0,none,-1,-1
2026-09-01 05:30:00,R05-AZ,19.365,2.795,0,0,none,-1,-1
2026-09-01 05:32:00,R05-AZ,19.279,2.225,0,0,none,-1,-1
2026-09-01 05:34:00,R05-AZ,19.973,1.493,0,0,none,-1,-1
2026-09-01 05:36:00,R05-AZ,20.124,1.845,0,0,none,-1,-1
2026-09-01 05:38:00,R05-AZ,20.233,0.544,0,0,none,-1,-1
2026-09-01 05:40:00,R05-AZ,19.925,1.261,0,0,none,-1,-1
2026-09-01 05:42:00,R05-AZ,19.793,2.059,0,0,none,-1,-1
2026-09-01 05:44:00,R05-AZ,19.403,2.523,0,0,none,-1,-1
2026-09-01 05:46:00,R05-AZ,19.289,2.023,0,0,none,-1,-1
2026-09-01 05:48:00,R05-AZ,19.739,1.875,0,0,none,-1,-1
2026-09-01 05:50:00,R05-AZ,19.383,2.931,0,0,none,-1,-1
2026-09-01 05:52:00,R05-AZ,20.039,1.892,0,0,none,-1,-1
2026-09-01 05:54:00,R05-AZ,19.565,2.253,0,0,none,-1,-1
2026-09-01 05:56:00,R05-AZ,19.68,1.912,0,0,none,-1,-1
2026-09-01 05:58:00,R05-AZ,19.862,1.882,0,0,none,-1,-1
2026-09-01 06:00:00,R05-AZ,20.179,1.122,0,0,none,-1,-1
2026-09-01 06:02:00,R05-AZ,19.678,2.229,0,0,none,-1,-1
2026-09-01 06:04:00,R05-AZ,19.16,2.812,0,0,fiber_degradation,12,2
2026-09-01 06:06:00,R05-AZ,19.831,1.369,0,0,fiber_degradation,12,2
2026-09-01 06:08:00,R05-AZ,19.95,1.704,0,0,fiber_degradation,12,2
2026-09-01 06:10:00,R05-AZ,20.01,0.132,0,0,fiber_degradation,12,2
2026-09-01 06:12:00,R05-AZ,20.15,-1.168,0,0,fiber_degradation,12,2
2026-09-01 06:14:00,R05-AZ,20.023,-0.734,0,0,fiber_degradation,12,2
2026-09-01 06:16:00,R05-AZ,19.982,-0.289,0,0,fiber_degradation,12,2
2026-09-01 06:18:00,R05-AZ,19.895,-0.789,0,0,fiber_degradation,12,2
2026-09-01 06:20:00,R05-AZ,19.741,-2.299,0,0,fiber_degradation,12,2
2026-09-01 06:22:00,R05-AZ,19.63,-1.669,0,0,fiber_degradation,12,2
2026-09-01 06:24:00,R05-AZ,19.467,-2.781,0,0,fiber_degradation,12,2
2026-09-01 06:26:00,R05-AZ,18.376,-5.73,0,0,fiber_degradation,12,2
2026-09-01 06:28:00,R05-AZ,19.021,-3.96,0,0,fiber_degradation,12,2
2026-09-01 06:30:00,R05-AZ,19.004,-3.424,0,0,fiber_degradation,12,2
2026-09-01 06:32:00,R05-AZ,18.09,-5.84,0,0,fiber_degradation,12,2
2026-09-01 06:34:00,R05-AZ,18.007,-6.025,1,0,fiber_degradation,12,2
2026-09-01 06:36:00,R05-AZ,17.77,-6.488,1,0,fiber_degradation,12,2
2026-09-01 06:38:00,R05-AZ,17.103,-7.206,1,0,fiber_degradation,12,2
2026-09-01 06:40:00,R05-AZ,17.79,-5.184,0,0,fiber_degradation,12,2
2026-09-01 06:42:00,R05-AZ,16.682,-8.495,1,0,fiber_degradation,12,2
2026-09-01 06:44:00,R05-AZ,17.576,-6.585,1,0,fiber_degradation,12,2
2026-09-01 06:46:00,R05-AZ,16.887,-7.823,1,0,fiber_degradation,12,2
2026-09-01 06:48:00,R05-AZ,17.245,-7.525,1,0,fiber_degradation,12,2
2026-09-01 06:50:00,R05-AZ,17.453,-6.266,1,0,fiber_degradation,12,2
2026-09-01 06:52:00,R05-AZ,16.666,-8.034,1,0,fiber_degradation,12,2
2026-09-01 06:54:00,R05-AZ,17.242,-6.891,1,0,fiber_degradation,12,2
2026-09-01 06:56:00,R05-AZ,17.656,-6.113,1,0,fiber_degradation,12,2
2026-09-01 06:58:00,R05-AZ,17.235,-6.698,1,0,fiber_degradation,12,2
2026-09-01 07:00:00,R05-AZ,17.156,-7.641,1,0,fiber_degradation,12,2
2026-09-01 07:02:00,R05-AZ,16.988,-7.782,1,0,fiber_degradation,12,2
2026-09-01 07:04:00,R05-AZ,17.03,-7.321,1,0,fiber_degradation,12,2
2026-09-01 07:06:00,R05-AZ,17.432,-6.649,1,0,fiber_degradation,12,2
2026-09-01 07:08:00,R05-AZ,17.11,-7.269,1,0,fiber_degradation,12,2
2026-09-01 07:10:00,R05-AZ,20.09,0.966,0,0,none,-1,-1
2026-09-01 07:12:00,R05-AZ,20.073,1.496,0,0,none,-1,-1
2026-09-01 07:14:00,R05-AZ,19.826,1.319,0,0,none,-1,-1
2026-09-01 07:16:00,R05-AZ,19.387,2.114,0,0,none,-1,-1
2026-09-01 07:18:00,R05-AZ,19.906,1.786,0,0,none,-1,-1
2026-09-01 07:20:00,R05-AZ,19.803,1.735,0,0,none,-1,-1
2026-09-01 07:22:00,R05-AZ,20.071,0.619,0,0,none,-1,-1
2026-09-01 07:24:00,R05-AZ,19.745,1.958,0,0,none,-1,-1
2026-09-01 07:26:00,R05-AZ,20.108,0.682,0,0,none,-1,-1
2026-09-01 07:28:00,R05-AZ,20.318,0.489,0,0,none,-1,-1
2026-09-01 07:30:00,R05-AZ,20.093,0.98,0,0,none,-1,-1
2026-09-01 07:32:00,R05-AZ,19.164,2.131,0,0,none,-1,-1
2026-09-01 07:34:00,R05-AZ,19.513,1.755,0,0,none,-1,-1
2026-09-01 07:36:00,R05-AZ,19.822,1.752,0,0,none,-1,-1
2026-09-01 07:38:00,R05-AZ,19.941,0.863,0,0,none,-1,-1
2026-09-01 07:40:00,R05-AZ,20.175,0.774,0,0,none,-1,-1
2026-09-01 07:42:00,R05-AZ,20.332,-0.915,0,0,none,-1,-1
2026-09-01 07:44:00,R05-AZ,20.101,0.908,0,0,none,-1,-1
2026-09-01 07:46:00,R05-AZ,20.005,1.041,0,0,none,-1,-1
2026-09-01 07:48:00,R05-AZ,19.756,1.873,0,0,none,-1,-1
2026-09-01 07:50:00,R05-AZ,19.852,1.309,0,0,none,-1,-1
2026-09-01 07:52:00,R05-AZ,19.878,1.382,0,0,none,-1,-1
2026-09-01 07:54:00,R05-AZ,20.176,1.0,0,0,none,-1,-1
2026-09-01 07:56:00,R05-AZ,19.839,2.299,0,0,none,-1,-1
2026-09-01 07:58:00,R05-AZ,20.23,0.976,0,0,none,-1,-1
2026-09-01 08:00:00,R05-AZ,19.915,2.029,0,0,none,-1,-1
2026-09-01 08:02:00,R05-AZ,20.21,1.394,0,0,none,-1,-1
2026-09-01 08:04:00,R05-AZ,20.02,0.833,0,0,none,-1,-1
2026-09-01 08:06:00,R05-AZ,19.832,1.029,0,0,none,-1,-1
2026-09-01 08:08:00,R05-AZ,19.933,1.814,0,0,none,-1,-1
2026-09-01 08:10:00,R05-AZ,19.386,2.594,0,0,none,-1,-1
2026-09-01 08:12:00,R05-AZ,19.538,2.383,0,0,none,-1,-1
2026-09-01 08:14:00,R05-AZ,20.107,0.909,0,0,none,-1,-1
2026-09-01 08:16:00,R05-AZ,19.784,2.278,0,0,none,-1,-1
2026-09-01 08:18:00,R05-AZ,19.516,2.024,0,0,none,-1,-1
2026-09-01 08:20:00,R05-AZ,19.996,1.181,0,0,none,-1,-1
2026-09-01 08:22:00,R05-AZ,20.17,0.764,0,0,none,-1,-1
2026-09-01 08:24:00,R05-AZ,20.244,-0.35,0,0,none,-1,-1
2026-09-01 08:26:00,R05-AZ,19.893,0.914,0,0,none,-1,-1
2026-09-01 08:28:00,R05-AZ,19.667,2.433,0,0,none,-1,-1
2026-09-01 08:30:00,R05-AZ,18.793,2.662,0,0,none,-1,-1
2026-09-01 08:32:00,R05-AZ,20.298,0.013,0,0,none,-1,-1
2026-09-01 08:34:00,R05-AZ,20.077,1.016,0,0,none,-1,-1
2026-09-01 08:36:00,R05-AZ,20.225,0.851,0,0,none,-1,-1
2026-09-01 08:38:00,R05-AZ,20.131,1.324,0,0,none,-1,-1
2026-09-01 08:40:00,R05-AZ,19.422,2.117,0,0,none,-1,-1
2026-09-01 08:42:00,R05-AZ,20.315,0.244,0,0,none,-1,-1
2026-09-01 08:44:00,R05-AZ,19.839,1.306,0,0,none,-1,-1
2026-09-01 08:46:00,R05-AZ,20.257,0.86,0,0,none,-1,-1
2026-09-01 08:48:00,R05-AZ,19.33,2.692,0,0,none,-1,-1
2026-09-01 08:50:00,R05-AZ,19.485,3.121,0,0,none,-1,-1
2026-09-01 08:52:00,R05-AZ,20.392,0.652,0,0,none,-1,-1
2026-09-01 08:54:00,R05-AZ,20.278,0.586,0,0,none,-1,-1
2026-09-01 08:56:00,R05-AZ,19.414,2.245,0,0,fiber_degradation,19,3
2026-09-01 08:58:00,R05-AZ,19.821,2.165,0,0,fiber_degradation,19,3
2026-09-01 09:00:00,R05-AZ,19.841,1.584,0,0,fiber_degradation,19,3
2026-09-01 09:02:00,R05-AZ,19.713,1.936,0,0,fiber_degradation,19,3
2026-09-01 09:04:00,R05-AZ,20.136,-0.132,0,0,fiber_degradation,19,3
2026-09-01 09:06:00,R05-AZ,20.073,0.575,0,0,fiber_degradation,19,3
2026-09-01 09:08:00,R05-AZ,19.97,0.915,0,0,fiber_degradation,19,3
2026-09-01 09:10:00,R05-AZ,19.838,0.023,0,0,fiber_degradation,19,3
2026-09-01 09:12:00,R05-AZ,19.47,0.835,0,0,fiber_degradation,19,3
2026-09-01 09:14:00,R05-AZ,19.852,-0.023,0,0,fiber_degradation,19,3
2026-09-01 09:16:00,R05-AZ,19.782,-0.703,0,0,fiber_degradation,19,3
2026-09-01 09:18:00,R05-AZ,19.721,-1.052,0,0,fiber_degradation,19,3
2026-09-01 09:20:00,R05-AZ,18.394,-0.13,0,0,fiber_degradation,19,3
2026-09-01 09:22:00,R05-AZ,19.908,-2.403,0,0,fiber_degradation,19,3
2026-09-01 09:24:00,R05-AZ,19.602,-2.192,0,0,fiber_degradation,19,3
2026-09-01 09:26:00,R05-AZ,19.799,-2.793,0,0,fiber_degradation,19,3
2026-09-01 09:28:00,R05-AZ,20.073,-3.646,0,0,fiber_degradation,19,3
2026-09-01 09:30:00,R05-AZ,19.596,-3.296,0,0,fiber_degradation,19,3
2026-09-01 09:32:00,R05-AZ,18.672,-2.587,0,0,fiber_degradation,19,3
2026-09-01 09:34:00,R05-AZ,19.755,-4.138,0,0,fiber_degradation,19,3
2026-09-01 09:36:00,R05-AZ,19.69,-3.137,0,0,fiber_degradation,19,3
2026-09-01 09:38:00,R05-AZ,19.732,-3.602,0,0,fiber_degradation,19,3
2026-09-01 09:40:00,R05-AZ,19.643,-3.597,0,0,fiber_degradation,19,3
2026-09-01 09:42:00,R05-AZ,19.641,-3.703,0,0,fiber_degradation,19,3
2026-09-01 09:44:00,R05-AZ,18.714,-2.085,0,0,fiber_degradation,19,3
2026-09-01 09:46:00,R05-AZ,18.836,-2.611,0,0,fiber_degradation,19,3
2026-09-01 09:48:00,R05-AZ,18.534,-2.319,0,0,fiber_degradation,19,3
2026-09-01 09:50:00,R05-AZ,20.056,-4.647,0,0,fiber_degradation,19,3
2026-09-01 09:52:00,R05-AZ,19.875,-3.842,0,0,fiber_degradation,19,3
2026-09-01 09:54:00,R05-AZ,18.52,-2.751,0,0,fiber_degradation,19,3
2026-09-01 09:56:00,R05-AZ,19.165,-3.125,0,0,fiber_degradation,19,3
2026-09-01 09:58:00,R05-AZ,19.211,-2.09,0,0,fiber_degradation,19,3
2026-09-01 00:00:00,R05-ZA,20.252,-1.128,0,0,none,-1,-1
2026-09-01 00:02:00,R05-ZA,20.255,-1.229,0,0,none,-1,-1
2026-09-01 00:04:00,R05-ZA,20.271,-0.665,0,0,none,-1,-1
2026-09-01 00:06:00,R05-ZA,20.293,-0.448,0,0,none,-1,-1
2026-09-01 00:08:00,R05-ZA,20.126,0.156,0,0,none,-1,-1
2026-09-01 00:10:00,R05-ZA,20.181,-1.575,0,0,none,-1,-1
2026-09-01 00:12:00,R05-ZA,20.337,-0.473,0,0,none,-1,-1
2026-09-01 00:14:00,R05-ZA,20.237,-1.642,0,0,none,-1,-1
2026-09-01 00:16:00,R05-ZA,20.023,0.233,0,0,none,-1,-1
2026-09-01 00:18:00,R05-ZA,20.151,0.369,0,0,none,-1,-1
2026-09-01 00:20:00,R05-ZA,19.925,0.328,0,0,none,-1,-1
2026-09-01 00:22:00,R05-ZA,20.259,-0.628,0,0,none,-1,-1
2026-09-01 00:24:00,R05-ZA,-15.481,-39.663,1,1,fiber_cut,6,0
2026-09-01 00:26:00,R05-ZA,-16.284,-40.845,1,1,fiber_cut,6,0
2026-09-01 00:28:00,R05-ZA,-16.303,-40.407,1,1,fiber_cut,6,0
2026-09-01 00:30:00,R05-ZA,-16.005,-40.336,1,1,fiber_cut,6,0
2026-09-01 00:32:00,R05-ZA,-15.066,-39.534,1,1,fiber_cut,6,0
2026-09-01 00:34:00,R05-ZA,-16.16,-40.374,1,1,fiber_cut,6,0
2026-09-01 00:36:00,R05-ZA,-16.603,-41.824,1,1,fiber_cut,6,0
2026-09-01 00:38:00,R05-ZA,-16.025,-40.805,1,1,fiber_cut,6,0
2026-09-01 00:40:00,R05-ZA,-16.153,-40.263,1,1,fiber_cut,6,0
2026-09-01 00:42:00,R05-ZA,-14.645,-39.078,1,1,fiber_cut,6,0
2026-09-01 00:44:00,R05-ZA,-16.154,-40.609,1,1,fiber_cut,6,0
2026-09-01 00:46:00,R05-ZA,-15.282,-39.336,1,1,fiber_cut,6,0
2026-09-01 00:48:00,R05-ZA,-16.23,-40.418,1,1,fiber_cut,6,0
2026-09-01 00:50:00,R05-ZA,-15.366,-40.01,1,1,fiber_cut,6,0
2026-09-01 00:52:00,R05-ZA,-16.506,-40.984,1,1,fiber_cut,6,0
2026-09-01 00:54:00,R05-ZA,-15.625,-40.627,1,1,fiber_cut,6,0
2026-09-01 00:56:00,R05-ZA,-16.625,-41.529,1,1,fiber_cut,6,0
2026-09-01 00:58:00,R05-ZA,-15.871,-39.961,1,1,fiber_cut,6,0
2026-09-01 01:00:00,R05-ZA,20.012,0.137,0,0,none,-1,-1
2026-09-01 01:02:00,R05-ZA,20.241,-0.581,0,0,none,-1,-1
2026-09-01 01:04:00,R05-ZA,19.97,-0.16,0,0,none,-1,-1
2026-09-01 01:06:00,R05-ZA,19.749,1.227,0,0,none,-1,-1
2026-09-01 01:08:00,R05-ZA,20.142,-0.189,0,0,none,-1,-1
2026-09-01 01:10:00,R05-ZA,19.654,1.883,0,0,none,-1,-1
2026-09-01 01:12:00,R05-ZA,20.166,0.156,0,0,none,-1,-1
2026-09-01 01:14:00,R05-ZA,20.167,0.382,0,0,none,-1,-1
2026-09-01 01:16:00,R05-ZA,20.061,-0.132,0,0,none,-1,-1
2026-09-01 01:18:00,R05-ZA,20.242,-0.91,0,0,none,-1,-1
2026-09-01 01:20:00,R05-ZA,20.264,-0.831,0,0,amplifier_degradation,10,1
2026-09-01 01:22:00,R05-ZA,20.182,-1.332,0,0,amplifier_degradation,10,1
2026-09-01 01:24:00,R05-ZA,20.075,-2.444,0,0,amplifier_degradation,10,1
2026-09-01 01:26:00,R05-ZA,20.131,-2.08,0,0,amplifier_degradation,10,1
2026-09-01 01:28:00,R05-ZA,20.109,-2.038,0,0,amplifier_degradation,10,1
2026-09-01 01:30:00,R05-ZA,19.991,-1.862,0,0,amplifier_degradation,10,1
2026-09-01 01:32:00,R05-ZA,19.938,-2.214,0,0,amplifier_degradation,10,1
2026-09-01 01:34:00,R05-ZA,19.852,-2.691,0,0,amplifier_degradation,10,1
2026-09-01 01:36:00,R05-ZA,19.705,-3.065,0,0,amplifier_degradation,10,1
2026-09-01 01:38:00,R05-ZA,19.714,-3.075,0,0,amplifier_degradation,10,1
2026-09-01 01:40:00,R05-ZA,19.079,-4.218,0,0,amplifier_degradation,10,1
2026-09-01 01:42:00,R05-ZA,19.302,-3.874,0,0,amplifier_degradation,10,1
2026-09-01 01:44:00,R05-ZA,18.895,-4.822,0,0,amplifier_degradation,10,1
2026-09-01 01:46:00,R05-ZA,18.507,-5.039,0,0,amplifier_degradation,10,1
2026-09-01 01:48:00,R05-ZA,18.374,-5.714,0,0,amplifier_degradation,10,1
2026-09-01 01:50:00,R05-ZA,18.375,-6.016,1,0,amplifier_degradation,10,1
2026-09-01 01:52:00,R05-ZA,17.982,-6.243,1,0,amplifier_degradation,10,1
2026-09-01 01:54:00,R05-ZA,18.542,-5.185,0,0,amplifier_degradation,10,1
2026-09-01 01:56:00,R05-ZA,18.323,-5.753,0,0,amplifier_degradation,10,1
2026-09-01 01:58:00,R05-ZA,17.627,-6.43,1,0,amplifier_degradation,10,1
2026-09-01 02:00:00,R05-ZA,16.648,-7.954,1,0,amplifier_degradation,10,1
2026-09-01 02:02:00,R05-ZA,16.585,-8.077,1,0,amplifier_degradation,10,1
2026-09-01 02:04:00,R05-ZA,16.859,-7.618,1,0,amplifier_degradation,10,1
2026-09-01 02:06:00,R05-ZA,16.983,-7.99,1,0,amplifier_degradation,10,1
2026-09-01 02:08:00,R05-ZA,16.045,-8.852,1,0,amplifier_degradation,10,1
2026-09-01 02:10:00,R05-ZA,16.341,-8.575,1,0,amplifier_degradation,10,1
2026-09-01 02:12:00,R05-ZA,16.361,-8.127,1,0,amplifier_degradation,10,1
2026-09-01 02:14:00,R05-ZA,14.999,-10.139,1,0,amplifier_degradation,10,1
2026-09-01 02:16:00,R05-ZA,13.508,-11.891,1,0,amplifier_degradation,10,1
2026-09-01 02:18:00,R05-ZA,14.475,-10.763,1,0,amplifier_degradation,10,1
2026-09-01 02:20:00,R05-ZA,13.933,-11.78,1,0,amplifier_degradation,10,1
2026-09-01 02:22:00,R05-ZA,13.447,-12.377,1,0,amplifier_degradation,10,1
2026-09-01 02:24:00,R05-ZA,14.594,-10.611,1,0,amplifier_degradation,10,1
2026-09-01 02:26:00,R05-ZA,13.057,-12.313,1,0,amplifier_degradation,10,1
2026-09-01 02:28:00,R05-ZA,13.632,-11.366,1,0,amplifier_degradation,10,1
2026-09-01 02:30:00,R05-ZA,13.782,-11.803,1,0,amplifier_degradation,10,1
2026-09-01 02:32:00,R05-ZA,14.998,-9.658,1,0,amplifier_degradation,10,1
2026-09-01 02:34:00,R05-ZA,15.098,-9.476,1,0,amplifier_degradation,10,1
2026-09-01 02:36:00,R05-ZA,13.696,-12.171,1,0,amplifier_degradation,10,1
2026-09-01 02:38:00,R05-ZA,14.244,-11.044,1,0,amplifier_degradation,10,1
2026-09-01 02:40:00,R05-ZA,14.776,-9.906,1,0,amplifier_degradation,10,1
2026-09-01 02:42:00,R05-ZA,13.584,-11.727,1,0,amplifier_degradation,10,1
2026-09-01 02:44:00,R05-ZA,14.263,-11.095,1,0,amplifier_degradation,10,1
2026-09-01 02:46:00,R05-ZA,14.093,-11.247,1,0,amplifier_degradation,10,1
2026-09-01 02:48:00,R05-ZA,13.487,-12.153,1,0,amplifier_degradation,10,1
2026-09-01 02:50:00,R05-ZA,13.449,-11.819,1,0,amplifier_degradation,10,1
2026-09-01 02:52:00,R05-ZA,14.337,-11.453,1,0,amplifier_degradation,10,1
2026-09-01 02:54:00,R05-ZA,13.32,-12.533,1,0,amplifier_degradation,10,1
2026-09-01 02:56:00,R05-ZA,13.218,-12.577,1,0,amplifier_degradation,10,1
2026-09-01 02:58:00,R05-ZA,14.878,-10.061,1,0,amplifier_degradation,10,1
2026-09-01 03:00:00,R05-ZA,13.428,-11.987,1,0,amplifier_degradation,10,1
2026-09-01 03:02:00,R05-ZA,13.936,-11.777,1,0,amplifier_degradation,10,1
2026-09-01 03:04:00,R05-ZA,14.13,-10.986,1,0,amplifier_degradation,10,1
2026-09-01 03:06:00,R05-ZA,14.123,-11.373,1,0,amplifier_degradation,10,1
2026-09-01 03:08:00,R05-ZA,20.223,0.507,0,0,none,-1,-1
2026-09-01 03:10:00,R05-ZA,19.974,0.947,0,0,none,-1,-1
2026-09-01 03:12:00,R05-ZA,20.257,-0.833,0,0,none,-1,-1
2026-09-01 03:14:00,R05-ZA,19.877,0.315,0,0,none,-1,-1
2026-09-01 03:16:00,R05-ZA,20.237,0.193,0,0,none,-1,-1
2026-09-01 03:18:00,R05-ZA,20.159,0.542,0,0,none,-1,-1
2026-09-01 03:20:00,R05-ZA,20.282,-1.108,0,0,none,-1,-1
2026-09-01 03:22:00,R05-ZA,20.21,-0.362,0,0,none,-1,-1
2026-09-01 03:24:00,R05-ZA,20.217,0.492,0,0,none,-1,-1
2026-09-01 03:26:00,R05-ZA,19.971,0.833,0,0,none,-1,-1
2026-09-01 03:28:00,R05-ZA,20.126,-0.314,0,0,none,-1,-1
2026-09-01 03:30:00,R05-ZA,20.271,0.05,0,0,none,-1,-1
2026-09-01 03:32:00,R05-ZA,20.168,-0.744,0,0,none,-1,-1
2026-09-01 03:34:00,R05-ZA,20.268,1.199,0,0,none,-1,-1
2026-09-01 03:36:00,R05-ZA,20.173,-0.719,0,0,none,-1,-1
2026-09-01 03:38:00,R05-ZA,20.212,-0.632,0,0,none,-1,-1
2026-09-01 03:40:00,R05-ZA,20.003,0.635,0,0,none,-1,-1
2026-09-01 03:42:00,R05-ZA,19.988,0.777,0,0,none,-1,-1
2026-09-01 03:44:00,R05-ZA,20.313,-0.53,0,0,none,-1,-1
2026-09-01 03:46:00,R05-ZA,20.15,-0.21,0,0,none,-1,-1
2026-09-01 03:48:00,R05-ZA,19.783,1.399,0,0,none,-1,-1
2026-09-01 03:50:00,R05-ZA,20.025,-0.081,0,0,none,-1,-1
2026-09-01 03:52:00,R05-ZA,20.092,0.715,0,0,none,-1,-1
2026-09-01 03:54:00,R05-ZA,20.118,-0.419,0,0,none,-1,-1
2026-09-01 03:56:00,R05-ZA,20.131,-0.162,0,0,none,-1,-1
2026-09-01 03:58:00,R05-ZA,20.345,-0.752,0,0,none,-1,-1
2026-09-01 04:00:00,R05-ZA,20.159,0.587,0,0,none,-1,-1
2026-09-01 04:02:00,R05-ZA,20.182,-2.088,0,0,none,-1,-1
2026-09-01 04:04:00,R05-ZA,20.244,-0.501,0,0,none,-1,-1
2026-09-01 04:06:00,R05-ZA,20.21,-0.902,0,0,none,-1,-1
2026-09-01 04:08:00,R05-ZA,20.225,-0.744,0,0,none,-1,-1
2026-09-01 04:10:00,R05-ZA,20.24,-0.363,0,0,none,-1,-1
2026-09-01 04:12:00,R05-ZA,20.212,0.028,0,0,none,-1,-1
2026-09-01 04:14:00,R05-ZA,20.305,-0.52,0,0,none,-1,-1
2026-09-01 04:16:00,R05-ZA,20.222,-1.529,0,0,none,-1,-1
2026-09-01 04:18:00,R05-ZA,20.327,-0.48,0,0,none,-1,-1
2026-09-01 04:20:00,R05-ZA,20.295,-1.037,0,0,none,-1,-1
2026-09-01 04:22:00,R05-ZA,20.296,-1.049,0,0,none,-1,-1
2026-09-01 04:24:00,R05-ZA,20.217,-1.339,0,0,none,-1,-1
2026-09-01 04:26:00,R05-ZA,20.032,0.805,0,0,none,-1,-1
2026-09-01 04:28:00,R05-ZA,20.204,-0.446,0,0,none,-1,-1
2026-09-01 04:30:00,R05-ZA,20.132,0.155,0,0,none,-1,-1
2026-09-01 04:32:00,R05-ZA,20.186,-0.217,0,0,none,-1,-1
2026-09-01 04:34:00,R05-ZA,20.227,0.123,0,0,none,-1,-1
2026-09-01 04:36:00,R05-ZA,20.236,-0.372,0,0,none,-1,-1
2026-09-01 04:38:00,R05-ZA,20.231,-1.564,0,0,none,-1,-1
2026-09-01 04:40:00,R05-ZA,20.153,-1.399,0,0,none,-1,-1
2026-09-01 04:42:00,R05-ZA,20.208,-1.453,0,0,none,-1,-1
2026-09-01 04:44:00,R05-ZA,20.206,-1.264,0,0,none,-1,-1
2026-09-01 04:46:00,R05-ZA,20.303,-0.114,0,0,none,-1,-1
2026-09-01 04:48:00,R05-ZA,20.119,-1.684,0,0,none,-1,-1
2026-09-01 04:50:00,R05-ZA,20.243,-0.568,0,0,none,-1,-1
2026-09-01 04:52:00,R05-ZA,20.216,-1.17,0,0,none,-1,-1
2026-09-01 04:54:00,R05-ZA,19.999,-0.676,0,0,fiber_degradation,18,2
2026-09-01 04:56:00,R05-ZA,20.268,-1.643,0,0,fiber_degradation,18,2
2026-09-01 04:58:00,R05-ZA,20.237,-1.9,0,0,fiber_degradation,18,2
2026-09-01 05:00:00,R05-ZA,19.7,-0.562,0,0,fiber_degradation,18,2
2026-09-01 05:02:00,R05-ZA,20.036,-1.165,0,0,fiber_degradation,18,2
2026-09-01 05:04:00,R05-ZA,19.981,-3.329,0,0,fiber_degradation,18,2
2026-09-01 05:06:00,R05-ZA,19.912,-1.71,0,0,fiber_degradation,18,2
2026-09-01 05:08:00,R05-ZA,19.73,-3.914,0,0,fiber_degradation,18,2
2026-09-01 05:10:00,R05-ZA,20.035,-2.367,0,0,fiber_degradation,18,2
2026-09-01 05:12:00,R05-ZA,20.061,-1.928,0,0,fiber_degradation,18,2
2026-09-01 05:14:00,R05-ZA,20.029,-2.618,0,0,fiber_degradation,18,2
2026-09-01 05:16:00,R05-ZA,19.923,-3.561,0,0,fiber_degradation,18,2
2026-09-01 05:18:00,R05-ZA,19.924,-3.192,0,0,fiber_degradation,18,2
2026-09-01 05:20:00,R05-ZA,19.889,-3.876,0,0,fiber_degradation,18,2
2026-09-01 05:22:00,R05-ZA,19.988,-3.279,0,0,fiber_degradation,18,2
2026-09-01 05:24:00,R05-ZA,19.88,-4.113,0,0,fiber_degradation,18,2
2026-09-01 05:26:00,R05-ZA,20.011,-2.433,0,0,fiber_degradation,18,2
2026-09-01 05:28:00,R05-ZA,19.759,-4.571,0,0,fiber_degradation,18,2
2026-09-01 05:30:00,R05-ZA,19.843,-3.165,0,0,fiber_degradation,18,2
2026-09-01 05:32:00,R05-ZA,19.73,-4.45,0,0,fiber_degradation,18,2
2026-09-01 05:34:00,R05-ZA,20.189,-1.248,0,0,none,-1,-1
2026-09-01 05:36:00,R05-ZA,20.27,-0.864,0,0,none,-1,-1
2026-09-01 05:38:00,R05-ZA,20.301,-0.431,0,0,none,-1,-1
2026-09-01 05:40:00,R05-ZA,20.164,-0.958,0,0,none,-1,-1
2026-09-01 05:42:00,R05-ZA,20.236,-0.935,0,0,none,-1,-1
2026-09-01 05:44:00,R05-ZA,20.303,-1.131,0,0,none,-1,-1
2026-09-01 05:46:00,R05-ZA,20.144,-1.949,0,0,none,-1,-1
2026-09-01 05:48:00,R05-ZA,20.21,-1.48,0,0,none,-1,-1
2026-09-01 05:50:00,R05-ZA,20.207,-1.166,0,0,none,-1,-1
2026-09-01 05:52:00,R05-ZA,20.179,-0.843,0,0,none,-1,-1
2026-09-01 05:54:00,R05-ZA,20.145,-0.991,0,0,none,-1,-1
2026-09-01 05:56:00,R05-ZA,20.22,-1.83,0,0,none,-1,-1
2026-09-01 05:58:00,R05-ZA,20.264,-1.707,0,0,none,-1,-1
2026-09-01 06:00:00,R05-ZA,20.194,-1.47,0,0,none,-1,-1
2026-09-01 06:02:00,R05-ZA,20.276,-0.754,0,0,none,-1,-1
2026-09-01 06:04:00,R05-ZA,20.252,-0.734,0,0,none,-1,-1
2026-09-01 06:06:00,R05-ZA,20.254,-1.521,0,0,none,-1,-1
2026-09-01 06:08:00,R05-ZA,20.263,-0.669,0,0,none,-1,-1
2026-09-01 06:10:00,R05-ZA,20.215,-2.077,0,0,none,-1,-1
2026-09-01 06:12:00,R05-ZA,20.1,-2.345,0,0,none,-1,-1
2026-09-01 06:14:00,R05-ZA,20.11,-2.469,0,0,none,-1,-1
2026-09-01 06:16:00,R05-ZA,20.125,0.853,0,0,none,-1,-1
2026-09-01 06:18:00,R05-ZA,20.28,-1.518,0,0,amplifier_degradation,18,3
2026-09-01 06:20:00,R05-ZA,20.142,-2.826,0,0,amplifier_degradation,18,3
2026-09-01 06:22:00,R05-ZA,19.797,-4.401,0,0,amplifier_degradation,18,3
2026-09-01 06:24:00,R05-ZA,20.099,-2.719,0,0,amplifier_degradation,18,3
2026-09-01 06:26:00,R05-ZA,19.878,-4.689,0,0,amplifier_degradation,18,3
2026-09-01 06:28:00,R05-ZA,19.674,-5.629,0,0,amplifier_degradation,18,3
2026-09-01 06:30:00,R05-ZA,19.798,-5.442,0,0,amplifier_degradation,18,3
2026-09-01 06:32:00,R05-ZA,19.976,-4.69,0,0,amplifier_degradation,18,3
2026-09-01 06:34:00,R05-ZA,19.767,-4.913,0,0,amplifier_degradation,18,3
2026-09-01 06:36:00,R05-ZA,20.023,-4.411,0,0,amplifier_degradation,18,3
2026-09-01 06:38:00,R05-ZA,19.455,-7.323,1,0,amplifier_degradation,18,3
2026-09-01 06:40:00,R05-ZA,19.537,-7.243,1,0,amplifier_degradation,18,3
2026-09-01 06:42:00,R05-ZA,19.617,-6.94,1,0,amplifier_degradation,18,3
2026-09-01 06:44:00,R05-ZA,19.357,-8.017,1,0,amplifier_degradation,18,3
2026-09-01 06:46:00,R05-ZA,19.328,-8.513,1,0,amplifier_degradation,18,3
2026-09-01 06:48:00,R05-ZA,18.458,-10.352,1,0,amplifier_degradation,18,3
2026-09-01 06:50:00,R05-ZA,19.303,-8.517,1,0,amplifier_degradation,18,3
2026-09-01 06:52:00,R05-ZA,18.873,-10.213,1,0,amplifier_degradation,18,3
2026-09-01 06:54:00,R05-ZA,19.293,-8.738,1,0,amplifier_degradation,18,3
2026-09-01 06:56:00,R05-ZA,18.879,-9.827,1,0,amplifier_degradation,18,3
2026-09-01 06:58:00,R05-ZA,18.569,-11.024,1,0,amplifier_degradation,18,3
2026-09-01 07:00:00,R05-ZA,18.273,-11.885,1,0,amplifier_degradation,18,3
2026-09-01 07:02:00,R05-ZA,18.004,-12.418,1,0,amplifier_degradation,18,3
2026-09-01 07:04:00,R05-ZA,18.61,-10.859,1,0,amplifier_degradation,18,3
2026-09-01 07:06:00,R05-ZA,18.548,-11.097,1,0,amplifier_degradation,18,3
2026-09-01 07:08:00,R05-ZA,18.213,-12.133,1,0,amplifier_degradation,18,3
2026-09-01 07:10:00,R05-ZA,18.453,-11.417,1,0,amplifier_degradation,18,3
2026-09-01 07:12:00,R05-ZA,18.212,-12.168,1,0,amplifier_degradation,18,3
2026-09-01 07:14:00,R05-ZA,18.562,-11.088,1,0,amplifier_degradation,18,3
2026-09-01 07:16:00,R05-ZA,18.27,-11.832,1,0,amplifier_degradation,18,3
2026-09-01 07:18:00,R05-ZA,18.258,-11.927,1,0,amplifier_degradation,18,3
2026-09-01 07:20:00,R05-ZA,18.119,-12.189,1,0,amplifier_degradation,18,3
2026-09-01 07:22:00,R05-ZA,17.698,-12.994,1,0,amplifier_degradation,18,3
2026-09-01 07:24:00,R05-ZA,18.72,-10.817,1,0,amplifier_degradation,18,3
2026-09-01 07:26:00,R05-ZA,18.376,-11.81,1,0,amplifier_degradation,18,3
2026-09-01 07:28:00,R05-ZA,18.258,-11.911,1,0,amplifier_degradation,18,3
2026-09-01 07:30:00,R05-ZA,18.37,-11.701,1,0,amplifier_degradation,18,3
2026-09-01 07:32:00,R05-ZA,20.086,-2.514,0,0,none,-1,-1
2026-09-01 07:34:00,R05-ZA,20.191,-1.174,0,0,none,-1,-1
2026-09-01 07:36:00,R05-ZA,20.186,-2.12,0,0,none,-1,-1
2026-09-01 07:38:00,R05-ZA,20.136,-2.218,0,0,none,-1,-1
2026-09-01 07:40:00,R05-ZA,20.158,-1.532,0,0,none,-1,-1
2026-09-01 07:42:00,R05-ZA,20.296,-1.17,0,0,none,-1,-1
2026-09-01 07:44:00,R05-ZA,20.054,-2.395,0,0,none,-1,-1
2026-09-01 07:46:00,R05-ZA,20.036,-2.278,0,0,none,-1,-1
2026-09-01 07:48:00,R05-ZA,20.213,-2.249,0,0,none,-1,-1
2026-09-01 07:50:00,R05-ZA,20.054,-2.549,0,0,none,-1,-1
2026-09-01 07:52:00,R05-ZA,20.281,-1.493,0,0,none,-1,-1
2026-09-01 07:54:00,R05-ZA,20.019,-2.314,0,0,none,-1,-1
2026-09-01 07:56:00,R05-ZA,19.908,-0.3,0,0,none,-1,-1
2026-09-01 07:58:00,R05-ZA,19.751,-3.79,0,0,none,-1,-1
2026-09-01 08:00:00,R05-ZA,20.08,-2.6,0,0,none,-1,-1
2026-09-01 08:02:00,R05-ZA,20.14,-2.019,0,0,none,-1,-1
2026-09-01 08:04:00,R05-ZA,20.022,-2.406,0,0,none,-1,-1
2026-09-01 08:06:00,R05-ZA,20.185,-2.281,0,0,none,-1,-1
2026-09-01 08:08:00,R05-ZA,20.109,-1.3,0,0,none,-1,-1
2026-09-01 08:10:00,R05-ZA,17.729,-9.647,1,0,flapping,17,4
2026-09-01 08:12:00,R05-ZA,20.162,-1.663,0,0,flapping,17,4
2026-09-01 08:14:00,R05-ZA,18.231,-8.923,1,0,flapping,17,4
2026-09-01 08:16:00,R05-ZA,18.313,-8.494,1,0,flapping,17,4
2026-09-01 08:18:00,R05-ZA,20.284,-1.045,0,0,flapping,17,4
2026-09-01 08:20:00,R05-ZA,20.064,-2.808,0,0,flapping,17,4
2026-09-01 08:22:00,R05-ZA,20.155,-2.293,0,0,flapping,17,4
2026-09-01 08:24:00,R05-ZA,18.204,-8.68,1,0,flapping,17,4
2026-09-01 08:26:00,R05-ZA,18.554,-7.951,1,0,flapping,17,4
2026-09-01 08:28:00,R05-ZA,18.645,-7.516,1,0,flapping,17,4
2026-09-01 08:30:00,R05-ZA,18.187,-8.757,1,0,flapping,17,4
2026-09-01 08:32:00,R05-ZA,20.095,-2.506,0,0,flapping,17,4
2026-09-01 08:34:00,R05-ZA,20.117,-1.056,0,0,flapping,17,4
2026-09-01 08:36:00,R05-ZA,18.587,-7.919,1,0,flapping,17,4
2026-09-01 08:38:00,R05-ZA,19.945,-2.73,0,0,flapping,17,4
2026-09-01 08:40:00,R05-ZA,20.213,-0.93,0,0,flapping,17,4
2026-09-01 08:42:00,R05-ZA,20.165,-0.926,0,0,flapping,17,4
2026-09-01 08:44:00,R05-ZA,19.857,-3.233,0,0,flapping,17,4
2026-09-01 08:46:00,R05-ZA,18.277,-8.789,1,0,flapping,17,4
2026-09-01 08:48:00,R05-ZA,18.368,-8.324,1,0,flapping,17,4
2026-09-01 08:50:00,R05-ZA,18.359,-8.222,1,0,flapping,17,4
2026-09-01 08:52:00,R05-ZA,18.078,-8.91,1,0,flapping,17,4
2026-09-01 08:54:00,R05-ZA,18.52,-7.674,1,0,flapping,17,4
2026-09-01 08:56:00,R05-ZA,18.199,-8.661,1,0,flapping,17,4
2026-09-01 08:58:00,R05-ZA,20.176,-1.606,0,0,flapping,17,4
2026-09-01 09:00:00,R05-ZA,20.22,-1.657,0,0,flapping,17,4
2026-09-01 09:02:00,R05-ZA,17.833,-9.431,1,0,flapping,17,4
2026-09-01 09:04:00,R05-ZA,18.319,-8.596,1,0,flapping,17,4
2026-09-01 09:06:00,R05-ZA,18.743,-7.5,1,0,flapping,17,4
2026-09-01 09:08:00,R05-ZA,18.183,-8.705,1,0,flapping,17,4
2026-09-01 09:10:00,R05-ZA,17.609,-9.676,1,0,flapping,17,4
2026-09-01 09:12:00,R05-ZA,18.547,-8.082,1,0,flapping,17,4
2026-09-01 09:14:00,R05-ZA,20.122,-2.393,0,0,flapping,17,4
2026-09-01 09:16:00,R05-ZA,20.096,-2.23,0,0,flapping,17,4
2026-09-01 09:18:00,R05-ZA,20.243,-0.453,0,0,flapping,17,4
2026-09-01 09:20:00,R05-ZA,20.111,0.083,0,0,flapping,17,4
2026-09-01 09:22:00,R05-ZA,18.517,-7.887,1,0,flapping,17,4
2026-09-01 09:24:00,R05-ZA,20.187,-2.15,0,0,flapping,17,4
2026-09-01 09:26:00,R05-ZA,20.065,-2.497,0,0,flapping,17,4
2026-09-01 09:28:00,R05-ZA,20.05,-2.732,0,0,flapping,17,4
2026-09-01 09:30:00,R05-ZA,18.502,-7.96,1,0,flapping,17,4
2026-09-01 09:32:00,R05-ZA,18.657,-7.702,1,0,flapping,17,4
2026-09-01 09:34:00,R05-ZA,18.159,-9.152,1,0,flapping,17,4
2026-09-01 09:36:00,R05-ZA,17.289,-10.47,1,0,flapping,17,4
2026-09-01 09:38:00,R05-ZA,18.145,-8.724,1,0,flapping,17,4
2026-09-01 09:40:00,R05-ZA,19.993,-2.87,0,0,flapping,17,4
2026-09-01 09:42:00,R05-ZA,19.83,-3.506,0,0,flapping,17,4
2026-09-01 09:44:00,R05-ZA,19.898,-3.162,0,0,flapping,17,4
2026-09-01 09:46:00,R05-ZA,18.32,-8.609,1,0,flapping,17,4
2026-09-01 09:48:00,R05-ZA,20.234,-0.242,0,0,flapping,17,4
2026-09-01 09:50:00,R05-ZA,20.216,-0.899,0,0,none,-1,-1
2026-09-01 09:52:00,R05-ZA,20.205,-1.332,0,0,none,-1,-1
2026-09-01 09:54:00,R05-ZA,20.128,-1.375,0,0,none,-1,-1
2026-09-01 09:56:00,R05-ZA,6.14,-21.373,1,1,flapping,15,5
2026-09-01 09:58:00,R05-ZA,20.292,-1.363,0,0,flapping,15,5
2026-09-01 00:00:00,R06-AZ,20.17,0.377,0,0,none,-1,-1
2026-09-01 00:02:00,R06-AZ,20.37,-0.126,0,0,none,-1,-1
2026-09-01 00:04:00,R06-AZ,19.145,1.95,0,0,none,-1,-1
2026-09-01 00:06:00,R06-AZ,20.18,0.762,0,0,none,-1,-1
2026-09-01 00:08:00,R06-AZ,20.554,-0.662,0,0,none,-1,-1
2026-09-01 00:10:00,R06-AZ,20.408,-0.306,0,0,none,-1,-1
2026-09-01 00:12:00,R06-AZ,16.344,-8.27,1,0,amplifier_degradation,1,0
2026-09-01 00:14:00,R06-AZ,16.66,-6.528,1,0,amplifier_degradation,1,0
2026-09-01 00:16:00,R06-AZ,16.91,-6.557,1,0,amplifier_degradation,1,0
2026-09-01 00:18:00,R06-AZ,16.237,-7.044,1,0,amplifier_degradation,1,0
2026-09-01 00:20:00,R06-AZ,17.103,-6.426,1,0,amplifier_degradation,1,0
2026-09-01 00:22:00,R06-AZ,16.971,-6.983,1,0,amplifier_degradation,1,0
2026-09-01 00:24:00,R06-AZ,16.806,-7.053,1,0,amplifier_degradation,1,0
2026-09-01 00:26:00,R06-AZ,16.046,-7.271,1,0,amplifier_degradation,1,0
2026-09-01 00:28:00,R06-AZ,16.884,-6.751,1,0,amplifier_degradation,1,0
2026-09-01 00:30:00,R06-AZ,16.81,-7.361,1,0,amplifier_degradation,1,0
2026-09-01 00:32:00,R06-AZ,17.006,-5.647,0,0,amplifier_degradation,1,0
2026-09-01 00:34:00,R06-AZ,16.446,-6.704,1,0,amplifier_degradation,1,0
2026-09-01 00:36:00,R06-AZ,16.415,-7.347,1,0,amplifier_degradation,1,0
2026-09-01 00:38:00,R06-AZ,16.17,-7.738,1,0,amplifier_degradation,1,0
2026-09-01 00:40:00,R06-AZ,15.815,-8.255,1,0,amplifier_degradation,1,0
2026-09-01 00:42:00,R06-AZ,15.996,-8.881,1,0,amplifier_degradation,1,0
2026-09-01 00:44:00,R06-AZ,16.715,-7.574,1,0,amplifier_degradation,1,0
2026-09-01 00:46:00,R06-AZ,16.468,-7.664,1,0,amplifier_degradation,1,0
2026-09-01 00:48:00,R06-AZ,15.761,-8.602,1,0,amplifier_degradation,1,0
2026-09-01 00:50:00,R06-AZ,15.982,-8.641,1,0,amplifier_degradation,1,0
2026-09-01 00:52:00,R06-AZ,16.266,-7.0,1,0,amplifier_degradation,1,0
2026-09-01 00:54:00,R06-AZ,15.374,-9.059,1,0,amplifier_degradation,1,0
2026-09-01 00:56:00,R06-AZ,16.205,-7.261,1,0,amplifier_degradation,1,0
2026-09-01 00:58:00,R06-AZ,19.833,0.865,0,0,none,-1,-1
2026-09-01 01:00:00,R06-AZ,20.101,0.417,0,0,none,-1,-1
2026-09-01 01:02:00,R06-AZ,20.319,0.047,0,0,none,-1,-1
2026-09-01 01:04:00,R06-AZ,20.279,-0.195,0,0,none,-1,-1
2026-09-01 01:06:00,R06-AZ,20.219,0.436,0,0,none,-1,-1
2026-09-01 01:08:00,R06-AZ,20.464,-0.415,0,0,none,-1,-1
2026-09-01 01:10:00,R06-AZ,20.609,-1.53,0,0,none,-1,-1
2026-09-01 01:12:00,R06-AZ,20.504,-0.495,0,0,none,-1,-1
2026-09-01 01:14:00,R06-AZ,20.4,0.006,0,0,none,-1,-1
2026-09-01 01:16:00,R06-AZ,20.451,-0.617,0,0,none,-1,-1
2026-09-01 01:18:00,R06-AZ,19.181,1.688,0,0,none,-1,-1
2026-09-01 01:20:00,R06-AZ,20.544,-0.91,0,0,none,-1,-1
2026-09-01 01:22:00,R06-AZ,20.565,0.396,0,0,none,-1,-1
2026-09-01 01:24:00,R06-AZ,20.294,0.205,0,0,none,-1,-1
2026-09-01 01:26:00,R06-AZ,20.494,0.038,0,0,none,-1,-1
2026-09-01 01:28:00,R06-AZ,20.594,-2.204,0,0,none,-1,-1
2026-09-01 01:30:00,R06-AZ,20.39,-0.724,0,0,none,-1,-1
2026-09-01 01:32:00,R06-AZ,20.446,-0.264,0,0,none,-1,-1
2026-09-01 01:34:00,R06-AZ,20.615,-2.097,0,0,none,-1,-1
2026-09-01 01:36:00,R06-AZ,20.591,-0.73,0,0,none,-1,-1
2026-09-01 01:38:00,R06-AZ,20.437,-1.123,0,0,none,-1,-1
2026-09-01 01:40:00,R06-AZ,20.518,-1.243,0,0,none,-1,-1
2026-09-01 01:42:00,R06-AZ,20.29,0.735,0,0,none,-1,-1
2026-09-01 01:44:00,R06-AZ,20.652,-1.525,0,0,none,-1,-1
2026-09-01 01:46:00,R06-AZ,20.391,-0.832,0,0,none,-1,-1
2026-09-01 01:48:00,R06-AZ,20.271,-0.141,0,0,none,-1,-1
2026-09-01 01:50:00,R06-AZ,19.976,-0.383,0,0,none,-1,-1
2026-09-01 01:52:00,R06-AZ,20.551,-2.037,0,0,none,-1,-1
2026-09-01 01:54:00,R06-AZ,20.453,-2.497,0,0,none,-1,-1
2026-09-01 01:56:00,R06-AZ,20.503,-1.659,0,0,none,-1,-1
2026-09-01 01:58:00,R06-AZ,20.465,-1.956,0,0,fiber_degradation,10,1
2026-09-01 02:00:00,R06-AZ,20.538,-0.75,0,0,fiber_degradation,10,1
2026-09-01 02:02:00,R06-AZ,20.374,-2.197,0,0,fiber_degradation,10,1
2026-09-01 02:04:00,R06-AZ,19.578,-4.727,0,0,fiber_degradation,10,1
2026-09-01 02:06:00,R06-AZ,19.045,-5.42,0,0,fiber_degradation,10,1
2026-09-01 02:08:00,R06-AZ,18.176,-6.776,1,0,fiber_degradation,10,1
2026-09-01 02:10:00,R06-AZ,16.735,-8.795,1,0,fiber_degradation,10,1
2026-09-01 02:12:00,R06-AZ,15.166,-10.885,1,0,fiber_degradation,10,1
2026-09-01 02:14:00,R06-AZ,14.775,-10.893,1,0,fiber_degradation,10,1
2026-09-01 02:16:00,R06-AZ,15.006,-11.251,1,0,fiber_degradation,10,1
2026-09-01 02:18:00,R06-AZ,14.38,-12.281,1,0,fiber_degradation,10,1
2026-09-01 02:20:00,R06-AZ,14.099,-12.361,1,0,fiber_degradation,10,1
2026-09-01 02:22:00,R06-AZ,15.076,-10.543,1,0,fiber_degradation,10,1
2026-09-01 02:24:00,R06-AZ,14.189,-12.039,1,0,fiber_degradation,10,1
2026-09-01 02:26:00,R06-AZ,13.922,-11.835,1,0,fiber_degradation,10,1
2026-09-01 02:28:00,R06-AZ,20.446,-0.116,0,0,none,-1,-1
2026-09-01 02:30:00,R06-AZ,20.372,0.285,0,0,none,-1,-1
2026-09-01 02:32:00,R06-AZ,19.718,0.828,0,0,none,-1,-1
2026-09-01 02:34:00,R06-AZ,20.548,-1.402,0,0,fiber_degradation,6,2
2026-09-01 02:36:00,R06-AZ,20.566,-0.597,0,0,fiber_degradation,6,2
2026-09-01 02:38:00,R06-AZ,20.35,-2.829,0,0,fiber_degradation,6,2
2026-09-01 02:40:00,R06-AZ,20.503,-2.415,0,0,fiber_degradation,6,2
2026-09-01 02:42:00,R06-AZ,20.283,-2.761,0,0,fiber_degradation,6,2
2026-09-01 02:44:00,R06-AZ,20.022,-3.655,0,0,fiber_degradation,6,2
2026-09-01 02:46:00,R06-AZ,20.129,-3.203,0,0,fiber_degradation,6,2
2026-09-01 02:48:00,R06-AZ,19.964,-3.477,0,0,fiber_degradation,6,2
2026-09-01 02:50:00,R06-AZ,18.546,-6.391,1,0,fiber_degradation,6,2
2026-09-01 02:52:00,R06-AZ,19.402,-3.822,0,0,fiber_degradation,6,2
2026-09-01 02:54:00,R06-AZ,19.254,-4.362,0,0,fiber_degradation,6,2
2026-09-01 02:56:00,R06-AZ,18.428,-5.665,0,0,fiber_degradation,6,2
2026-09-01 02:58:00,R06-AZ,18.581,-5.512,0,0,fiber_degradation,6,2
2026-09-01 03:00:00,R06-AZ,17.188,-7.461,1,0,fiber_degradation,6,2
2026-09-01 03:02:00,R06-AZ,17.631,-6.863,1,0,fiber_degradation,6,2
2026-09-01 03:04:00,R06-AZ,17.553,-6.945,1,0,fiber_degradation,6,2
2026-09-01 03:06:00,R06-AZ,17.61,-6.567,1,0,fiber_degradation,6,2
2026-09-01 03:08:00,R06-AZ,17.153,-6.771,1,0,fiber_degradation,6,2
2026-09-01 03:10:00,R06-AZ,16.102,-8.171,1,0,fiber_degradation,6,2
2026-09-01 03:12:00,R06-AZ,15.231,-9.171,1,0,fiber_degradation,6,2
2026-09-01 03:14:00,R06-AZ,14.917,-10.31,1,0,fiber_degradation,6,2
2026-09-01 03:16:00,R06-AZ,15.465,-9.185,1,0,fiber_degradation,6,2
2026-09-01 03:18:00,R06-AZ,14.402,-10.719,1,0,fiber_degradation,6,2
2026-09-01 03:20:00,R06-AZ,15.001,-9.972,1,0,fiber_degradation,6,2
2026-09-01 03:22:00,R06-AZ,14.706,-9.736,1,0,fiber_degradation,6,2
2026-09-01 03:24:00,R06-AZ,14.295,-10.591,1,0,fiber_degradation,6,2
2026-09-01 03:26:00,R06-AZ,14.819,-9.617,1,0,fiber_degradation,6,2
2026-09-01 03:28:00,R06-AZ,14.52,-10.574,1,0,fiber_degradation,6,2
2026-09-01 03:30:00,R06-AZ,14.683,-10.129,1,0,fiber_degradation,6,2
2026-09-01 03:32:00,R06-AZ,13.95,-10.444,1,0,fiber_degradation,6,2
2026-09-01 03:34:00,R06-AZ,14.725,-9.441,1,0,fiber_degradation,6,2
2026-09-01 03:36:00,R06-AZ,13.839,-10.846,1,0,fiber_degradation,6,2
2026-09-01 03:38:00,R06-AZ,13.491,-11.575,1,0,fiber_degradation,6,2
2026-09-01 03:40:00,R06-AZ,14.396,-10.395,1,0,fiber_degradation,6,2
2026-09-01 03:42:00,R06-AZ,14.918,-9.681,1,0,fiber_degradation,6,2
2026-09-01 03:44:00,R06-AZ,13.564,-11.773,1,0,fiber_degradation,6,2
2026-09-01 03:46:00,R06-AZ,14.697,-10.469,1,0,fiber_degradation,6,2
2026-09-01 03:48:00,R06-AZ,15.102,-9.015,1,0,fiber_degradation,6,2
2026-09-01 03:50:00,R06-AZ,14.663,-10.173,1,0,fiber_degradation,6,2
2026-09-01 03:52:00,R06-AZ,15.083,-9.398,1,0,fiber_degradation,6,2
2026-09-01 03:54:00,R06-AZ,20.255,0.169,0,0,none,-1,-1
2026-09-01 03:56:00,R06-AZ,19.901,0.907,0,0,none,-1,-1
2026-09-01 03:58:00,R06-AZ,20.247,-0.621,0,0,none,-1,-1
2026-09-01 04:00:00,R06-AZ,20.532,-0.893,0,0,none,-1,-1
2026-09-01 04:02:00,R06-AZ,20.438,-1.448,0,0,none,-1,-1
2026-09-01 04:04:00,R06-AZ,19.797,1.086,0,0,none,-1,-1
2026-09-01 04:06:00,R06-AZ,19.944,0.566,0,0,none,-1,-1
2026-09-01 04:08:00,R06-AZ,20.116,0.515,0,0,none,-1,-1
2026-09-01 04:10:00,R06-AZ,20.231,0.743,0,0,none,-1,-1
2026-09-01 04:12:00,R06-AZ,20.325,0.078,0,0,none,-1,-1
2026-09-01 04:14:00,R06-AZ,20.498,-0.958,0,0,none,-1,-1
2026-09-01 04:16:00,R06-AZ,19.612,1.195,0,0,none,-1,-1
2026-09-01 04:18:00,R06-AZ,20.439,-0.604,0,0,none,-1,-1
2026-09-01 04:20:00,R06-AZ,20.441,0.408,0,0,none,-1,-1
2026-09-01 04:22:00,R06-AZ,19.842,1.097,0,0,none,-1,-1
2026-09-01 04:24:00,R06-AZ,19.691,1.009,0,0,none,-1,-1
2026-09-01 04:26:00,R06-AZ,20.027,0.862,0,0,none,-1,-1
2026-09-01 04:28:00,R06-AZ,20.426,-0.293,0,0,none,-1,-1
2026-09-01 04:30:00,R06-AZ,19.82,1.048,0,0,none,-1,-1
2026-09-01 04:32:00,R06-AZ,20.175,0.233,0,0,none,-1,-1
2026-09-01 04:34:00,R06-AZ,18.88,2.604,0,0,none,-1,-1
2026-09-01 04:36:00,R06-AZ,19.955,0.803,0,0,none,-1,-1
2026-09-01 04:38:00,R06-AZ,19.582,2.136,0,0,none,-1,-1
2026-09-01 04:40:00,R06-AZ,19.279,1.769,0,0,none,-1,-1
2026-09-01 04:42:00,R06-AZ,19.894,2.004,0,0,none,-1,-1
2026-09-01 04:44:00,R06-AZ,19.069,1.68,0,0,none,-1,-1
2026-09-01 04:46:00,R06-AZ,20.364,0.104,0,0,none,-1,-1
2026-09-01 04:48:00,R06-AZ,20.433,0.446,0,0,none,-1,-1
2026-09-01 04:50:00,R06-AZ,19.497,1.419,0,0,none,-1,-1
2026-09-01 04:52:00,R06-AZ,19.424,2.089,0,0,none,-1,-1
2026-09-01 04:54:00,R06-AZ,20.077,0.349,0,0,none,-1,-1
2026-09-01 04:56:00,R06-AZ,19.437,1.598,0,0,none,-1,-1
2026-09-01 04:58:00,R06-AZ,18.582,3.191,0,0,none,-1,-1
2026-09-01 05:00:00,R06-AZ,19.68,0.95,0,0,none,-1,-1
2026-09-01 05:02:00,R06-AZ,19.584,1.922,0,0,fiber_degradation,5,3
2026-09-01 05:04:00,R06-AZ,20.078,1.073,0,0,fiber_degradation,5,3
2026-09-01 05:06:00,R06-AZ,19.188,1.537,0,0,fiber_degradation,5,3
2026-09-01 05:08:00,R06-AZ,20.194,-0.026,0,0,fiber_degradation,5,3
2026-09-01 05:10:00,R06-AZ,19.235,1.4,0,0,fiber_degradation,5,3
2026-09-01 05:12:00,R06-AZ,19.618,1.933,0,0,fiber_degradation,5,3
2026-09-01 05:14:00,R06-AZ,19.647,1.224,0,0,fiber_degradation,5,3
2026-09-01 05:16:00,R06-AZ,19.507,1.881,0,0,fiber_degradation,5,3
2026-09-01 05:18:00,R06-AZ,18.993,2.439,0,0,fiber_degradation,5,3
2026-09-01 05:20:00,R06-AZ,19.397,1.542,0,0,fiber_degradation,5,3
2026-09-01 05:22:00,R06-AZ,19.286,1.172,0,0,fiber_degradation,5,3
2026-09-01 05:24:00,R06-AZ,19.716,1.286,0,0,fiber_degradation,5,3
2026-09-01 05:26:00,R06-AZ,19.33,2.573,0,0,fiber_degradation,5,3
2026-09-01 05:28:00,R06-AZ,18.945,2.431,0,0,fiber_degradation,5,3
2026-09-01 05:30:00,R06-AZ,18.613,2.837,0,0,fiber_degradation,5,3
2026-09-01 05:32:00,R06-AZ,19.74,1.537,0,0,fiber_degradation,5,3
2026-09-01 05:34:00,R06-AZ,19.84,1.09,0,0,fiber_degradation,5,3
2026-09-01 05:36:00,R06-AZ,19.555,1.33,0,0,fiber_degradation,5,3
2026-09-01 05:38:00,R06-AZ,20.432,0.27,0,0,fiber_degradation,5,3
2026-09-01 05:40:00,R06-AZ,20.169,0.768,0,0,fiber_degradation,5,3
2026-09-01 05:42:00,R06-AZ,20.237,0.249,0,0,fiber_degradation,5,3
2026-09-01 05:44:00,R06-AZ,20.604,-0.852,0,0,fiber_degradation,5,3
2026-09-01 05:46:00,R06-AZ,20.464,-0.412,0,0,fiber_degradation,5,3
2026-09-01 05:48:00,R06-AZ,20.473,0.216,0,0,fiber_degradation,5,3
2026-09-01 05:50:00,R06-AZ,20.577,-0.493,0,0,fiber_degradation,5,3
2026-09-01 05:52:00,R06-AZ,20.513,-0.275,0,0,fiber_degradation,5,3
2026-09-01 05:54:00,R06-AZ,20.465,-0.939,0,0,fiber_degradation,5,3
2026-09-01 05:56:00,R06-AZ,20.326,0.383,0,0,fiber_degradation,5,3
2026-09-01 05:58:00,R06-AZ,20.502,-0.06,0,0,fiber_degradation,5,3
2026-09-01 06:00:00,R06-AZ,20.547,-0.798,0,0,fiber_degradation,5,3
2026-09-01 06:02:00,R06-AZ,20.477,-0.881,0,0,fiber_degradation,5,3
2026-09-01 06:04:00,R06-AZ,20.463,0.23,0,0,fiber_degradation,5,3
2026-09-01 06:06:00,R06-AZ,20.528,-1.037,0,0,fiber_degradation,5,3
2026-09-01 06:08:00,R06-AZ,20.492,-0.27,0,0,fiber_degradation,5,3
2026-09-01 06:10:00,R06-AZ,20.518,-0.745,0,0,fiber_degradation,5,3
2026-09-01 06:12:00,R06-AZ,20.466,-1.314,0,0,fiber_degradation,5,3
2026-09-01 06:14:00,R06-AZ,20.451,-1.695,0,0,fiber_degradation,5,3
2026-09-01 06:16:00,R06-AZ,20.496,-0.09,0,0,fiber_degradation,5,3
2026-09-01 06:18:00,R06-AZ,20.46,-1.965,0,0,fiber_degradation,5,3
2026-09-01 06:20:00,R06-AZ,20.455,-1.444,0,0,fiber_degradation,5,3
2026-09-01 06:22:00,R06-AZ,20.394,-1.498,0,0,fiber_degradation,5,3
2026-09-01 06:24:00,R06-AZ,20.442,-1.411,0,0,fiber_degradation,5,3
2026-09-01 06:26:00,R06-AZ,20.43,-1.925,0,0,fiber_degradation,5,3
2026-09-01 06:28:00,R06-AZ,20.539,-0.165,0,0,fiber_degradation,5,3
2026-09-01 06:30:00,R06-AZ,20.49,-0.758,0,0,fiber_degradation,5,3
2026-09-01 06:32:00,R06-AZ,20.241,-2.817,0,0,fiber_degradation,5,3
2026-09-01 06:34:00,R06-AZ,20.187,-2.436,0,0,fiber_degradation,5,3
2026-09-01 06:36:00,R06-AZ,20.357,-1.483,0,0,fiber_degradation,5,3
2026-09-01 06:38:00,R06-AZ,20.303,-2.159,0,0,fiber_degradation,5,3
2026-09-01 06:40:00,R06-AZ,20.238,-1.971,0,0,fiber_degradation,5,3
2026-09-01 06:42:00,R06-AZ,20.453,-0.719,0,0,fiber_degradation,5,3
2026-09-01 06:44:00,R06-AZ,20.085,-2.436,0,0,fiber_degradation,5,3
2026-09-01 06:46:00,R06-AZ,20.316,-2.979,0,0,fiber_degradation,5,3
2026-09-01 06:48:00,R06-AZ,20.437,-1.508,0,0,fiber_degradation,5,3
2026-09-01 06:50:00,R06-AZ,20.275,-2.494,0,0,fiber_degradation,5,3
2026-09-01 06:52:00,R06-AZ,20.038,-2.926,0,0,fiber_degradation,5,3
2026-09-01 06:54:00,R06-AZ,20.48,-1.085,0,0,fiber_degradation,5,3
2026-09-01 06:56:00,R06-AZ,20.197,-3.058,0,0,fiber_degradation,5,3
2026-09-01 06:58:00,R06-AZ,20.497,-0.547,0,0,fiber_degradation,5,3
2026-09-01 07:00:00,R06-AZ,20.156,-3.166,0,0,fiber_degradation,5,3
2026-09-01 07:02:00,R06-AZ,20.171,0.053,0,0,none,-1,-1
2026-09-01 07:04:00,R06-AZ,20.035,0.698,0,0,none,-1,-1
2026-09-01 07:06:00,R06-AZ,20.177,0.834,0,0,none,-1,-1
2026-09-01 07:08:00,R06-AZ,19.572,1.382,0,0,none,-1,-1
2026-09-01 07:10:00,R06-AZ,20.686,-0.162,0,0,none,-1,-1
2026-09-01 07:12:00,R06-AZ,19.11,2.095,0,0,none,-1,-1
2026-09-01 07:14:00,R06-AZ,19.38,1.581,0,0,none,-1,-1
2026-09-01 07:16:00,R06-AZ,19.948,1.132,0,0,none,-1,-1
2026-09-01 07:18:00,R06-AZ,20.161,1.273,0,0,none,-1,-1
2026-09-01 07:20:00,R06-AZ,20.379,0.549,0,0,none,-1,-1
2026-09-01 07:22:00,R06-AZ,20.185,-0.037,0,0,none,-1,-1
2026-09-01 07:24:00,R06-AZ,20.426,0.089,0,0,none,-1,-1
2026-09-01 07:26:00,R06-AZ,20.344,-0.032,0,0,none,-1,-1
2026-09-01 07:28:00,R06-AZ,20.153,0.715,0,0,none,-1,-1
2026-09-01 07:30:00,R06-AZ,19.971,0.886,0,0,none,-1,-1
2026-09-01 07:32:00,R06-AZ,19.789,0.664,0,0,none,-1,-1
2026-09-01 07:34:00,R06-AZ,20.429,-0.586,0,0,none,-1,-1
2026-09-01 07:36:00,R06-AZ,20.37,-0.178,0,0,none,-1,-1
2026-09-01 07:38:00,R06-AZ,19.885,1.34,0,0,none,-1,-1
2026-09-01 07:40:00,R06-AZ,19.909,0.569,0,0,none,-1,-1
2026-09-01 07:42:00,R06-AZ,20.297,-0.384,0,0,none,-1,-1
2026-09-01 07:44:00,R06-AZ,20.232,-0.161,0,0,none,-1,-1
2026-09-01 07:46:00,R06-AZ,19.943,-0.267,0,0,none,-1,-1
2026-09-01 07:48:00,R06-AZ,20.565,-0.369,0,0,none,-1,-1
2026-09-01 07:50:00,R06-AZ,20.124,-0.198,0,0,none,-1,-1
2026-09-01 07:52:00,R06-AZ,20.261,-0.376,0,0,none,-1,-1
2026-09-01 07:54:00,R06-AZ,20.47,0.428,0,0,none,-1,-1
2026-09-01 07:56:00,R06-AZ,20.393,-0.394,0,0,none,-1,-1
2026-09-01 07:58:00,R06-AZ,20.494,-1.401,0,0,none,-1,-1
2026-09-01 08:00:00,R06-AZ,20.551,-1.122,0,0,none,-1,-1
2026-09-01 08:02:00,R06-AZ,20.304,-0.189,0,0,none,-1,-1
2026-09-01 08:04:00,R06-AZ,20.283,-0.284,0,0,none,-1,-1
2026-09-01 08:06:00,R06-AZ,20.554,-1.281,0,0,none,-1,-1
2026-09-01 08:08:00,R06-AZ,20.318,-0.213,0,0,none,-1,-1
2026-09-01 08:10:00,R06-AZ,20.139,0.626,0,0,none,-1,-1
2026-09-01 08:12:00,R06-AZ,20.413,-0.185,0,0,none,-1,-1
2026-09-01 08:14:00,R06-AZ,20.292,0.123,0,0,none,-1,-1
2026-09-01 08:16:00,R06-AZ,20.322,-0.673,0,0,none,-1,-1
2026-09-01 08:18:00,R06-AZ,20.52,-0.232,0,0,none,-1,-1
2026-09-01 08:20:00,R06-AZ,20.397,-0.346,0,0,none,-1,-1
2026-09-01 08:22:00,R06-AZ,19.991,0.217,0,0,none,-1,-1
2026-09-01 08:24:00,R06-AZ,20.631,-2.004,0,0,none,-1,-1
2026-09-01 08:26:00,R06-AZ,20.137,-0.063,0,0,none,-1,-1
2026-09-01 08:28:00,R06-AZ,20.467,-0.37,0,0,none,-1,-1
2026-09-01 08:30:00,R06-AZ,20.484,-0.193,0,0,none,-1,-1
2026-09-01 08:32:00,R06-AZ,20.175,-0.304,0,0,none,-1,-1
2026-09-01 08:34:00,R06-AZ,19.95,0.346,0,0,none,-1,-1
2026-09-01 08:36:00,R06-AZ,-16.815,-41.863,1,1,fiber_cut,2,4
2026-09-01 08:38:00,R06-AZ,-15.627,-39.936,1,1,fiber_cut,2,4
2026-09-01 08:40:00,R06-AZ,-16.208,-40.36,1,1,fiber_cut,2,4
2026-09-01 08:42:00,R06-AZ,-17.079,-41.342,1,1,fiber_cut,2,4
2026-09-01 08:44:00,R06-AZ,-16.305,-40.497,1,1,fiber_cut,2,4
2026-09-01 08:46:00,R06-AZ,-16.111,-40.338,1,1,fiber_cut,2,4
2026-09-01 08:48:00,R06-AZ,-15.717,-40.435,1,1,fiber_cut,2,4
2026-09-01 08:50:00,R06-AZ,-16.493,-41.19,1,1,fiber_cut,2,4
2026-09-01 08:52:00,R06-AZ,-16.538,-40.533,1,1,fiber_cut,2,4
2026-09-01 08:54:00,R06-AZ,-16.144,-40.178,1,1,fiber_cut,2,4
2026-09-01 08:56:00,R06-AZ,-15.536,-40.016,1,1,fiber_cut,2,4
2026-09-01 08:58:00,R06-AZ,-16.05,-39.929,1,1,fiber_cut,2,4
2026-09-01 09:00:00,R06-AZ,-15.409,-39.898,1,1,fiber_cut,2,4
2026-09-01 09:02:00,R06-AZ,-15.826,-40.432,1,1,fiber_cut,2,4
2026-09-01 09:04:00,R06-AZ,-15.912,-40.769,1,1,fiber_cut,2,4
2026-09-01 09:06:00,R06-AZ,-16.989,-42.132,1,1,fiber_cut,2,4
2026-09-01 09:08:00,R06-AZ,-16.446,-41.16,1,1,fiber_cut,2,4
2026-09-01 09:10:00,R06-AZ,-15.873,-40.058,1,1,fiber_cut,2,4
2026-09-01 09:12:00,R06-AZ,-16.23,-41.227,1,1,fiber_cut,2,4
2026-09-01 09:14:00,R06-AZ,-16.023,-40.237,1,1,fiber_cut,2,4
2026-09-01 09:16:00,R06-AZ,20.41,-0.243,0,0,none,-1,-1
2026-09-01 09:18:00,R06-AZ,20.727,-1.069,0,0,none,-1,-1
2026-09-01 09:20:00,R06-AZ,20.609,-1.383,0,0,none,-1,-1
2026-09-01 09:22:00,R06-AZ,20.387,-1.159,0,0,none,-1,-1
2026-09-01 09:24:00,R06-AZ,20.464,-1.046,0,0,none,-1,-1
2026-09-01 09:26:00,R06-AZ,20.534,-1.251,0,0,none,-1,-1
2026-09-01 09:28:00,R06-AZ,20.411,-0.541,0,0,none,-1,-1
2026-09-01 09:30:00,R06-AZ,20.037,-0.306,0,0,none,-1,-1
2026-09-01 09:32:00,R06-AZ,20.103,0.593,0,0,none,-1,-1
2026-09-01 09:34:00,R06-AZ,20.467,-1.046,0,0,none,-1,-1
2026-09-01 09:36:00,R06-AZ,19.74,0.87,0,0,none,-1,-1
2026-09-01 09:38:00,R06-AZ,20.127,0.728,0,0,none,-1,-1
2026-09-01 09:40:00,R06-AZ,-15.648,-40.641,1,1,fiber_cut,4,5
2026-09-01 09:42:00,R06-AZ,-15.972,-40.961,1,1,fiber_cut,4,5
2026-09-01 09:44:00,R06-AZ,-15.405,-39.47,1,1,fiber_cut,4,5
2026-09-01 09:46:00,R06-AZ,-15.185,-39.47,1,1,fiber_cut,4,5
2026-09-01 09:48:00,R06-AZ,-14.532,-38.658,1,1,fiber_cut,4,5
2026-09-01 09:50:00,R06-AZ,-16.814,-42.342,1,1,fiber_cut,4,5
2026-09-01 09:52:00,R06-AZ,-15.642,-40.254,1,1,fiber_cut,4,5
2026-09-01 09:54:00,R06-AZ,-15.942,-40.724,1,1,fiber_cut,4,5
2026-09-01 09:56:00,R06-AZ,-15.667,-39.988,1,1,fiber_cut,4,5
2026-09-01 09:58:00,R06-AZ,-15.592,-40.553,1,1,fiber_cut,4,5
2026-09-01 00:00:00,R06-ZA,20.374,-1.216,0,0,none,-1,-1
2026-09-01 00:02:00,R06-ZA,20.364,-1.603,0,0,none,-1,-1
2026-09-01 00:04:00,R06-ZA,20.251,-1.266,0,0,none,-1,-1
2026-09-01 00:06:00,R06-ZA,20.313,-1.894,0,0,none,-1,-1
2026-09-01 00:08:00,R06-ZA,20.318,-2.452,0,0,none,-1,-1
2026-09-01 00:10:00,R06-ZA,20.317,-1.555,0,0,none,-1,-1
2026-09-01 00:12:00,R06-ZA,20.143,-0.902,0,0,none,-1,-1
2026-09-01 00:14:00,R06-ZA,20.179,-0.267,0,0,none,-1,-1
2026-09-01 00:16:00,R06-ZA,20.326,-0.647,0,0,none,-1,-1
2026-09-01 00:18:00,R06-ZA,20.342,-1.659,0,0,none,-1,-1
2026-09-01 00:20:00,R06-ZA,20.344,-1.513,0,0,none,-1,-1
2026-09-01 00:22:00,R06-ZA,19.836,0.919,0,0,none,-1,-1
2026-09-01 00:24:00,R06-ZA,20.314,-1.589,0,0,none,-1,-1
2026-09-01 00:26:00,R06-ZA,20.344,-1.446,0,0,none,-1,-1
2026-09-01 00:28:00,R06-ZA,20.391,-0.875,0,0,none,-1,-1
2026-09-01 00:30:00,R06-ZA,20.245,-3.252,0,0,amplifier_degradation,1,0
2026-09-01 00:32:00,R06-ZA,20.287,-2.29,0,0,amplifier_degradation,1,0
2026-09-01 00:34:00,R06-ZA,20.054,-3.181,0,0,amplifier_degradation,1,0
2026-09-01 00:36:00,R06-ZA,19.899,-3.67,0,0,amplifier_degradation,1,0
2026-09-01 00:38:00,R06-ZA,19.612,-3.597,0,0,amplifier_degradation,1,0
2026-09-01 00:40:00,R06-ZA,19.566,-3.915,0,0,amplifier_degradation,1,0
2026-09-01 00:42:00,R06-ZA,19.041,-4.954,0,0,amplifier_degradation,1,0
2026-09-01 00:44:00,R06-ZA,18.543,-5.496,0,0,amplifier_degradation,1,0
2026-09-01 00:46:00,R06-ZA,18.11,-6.193,1,0,amplifier_degradation,1,0
2026-09-01 00:48:00,R06-ZA,18.469,-5.154,0,0,amplifier_degradation,1,0
2026-09-01 00:50:00,R06-ZA,18.172,-4.817,0,0,amplifier_degradation,1,0
2026-09-01 00:52:00,R06-ZA,17.326,-6.824,1,0,amplifier_degradation,1,0
2026-09-01 00:54:00,R06-ZA,17.152,-7.117,1,0,amplifier_degradation,1,0
2026-09-01 00:56:00,R06-ZA,16.107,-7.917,1,0,amplifier_degradation,1,0
2026-09-01 00:58:00,R06-ZA,15.877,-8.446,1,0,amplifier_degradation,1,0
2026-09-01 01:00:00,R06-ZA,15.561,-7.76,1,0,amplifier_degradation,1,0
2026-09-01 01:02:00,R06-ZA,15.918,-7.71,1,0,amplifier_degradation,1,0
2026-09-01 01:04:00,R06-ZA,15.046,-8.575,1,0,amplifier_degradation,1,0
2026-09-01 01:06:00,R06-ZA,14.68,-9.241,1,0,amplifier_degradation,1,0
2026-09-01 01:08:00,R06-ZA,14.441,-8.621,1,0,amplifier_degradation,1,0
2026-09-01 01:10:00,R06-ZA,13.927,-10.278,1,0,amplifier_degradation,1,0
2026-09-01 01:12:00,R06-ZA,14.073,-9.204,1,0,amplifier_degradation,1,0
2026-09-01 01:14:00,R06-ZA,13.312,-10.767,1,0,amplifier_degradation,1,0
2026-09-01 01:16:00,R06-ZA,11.963,-12.083,1,1,amplifier_degradation,1,0
2026-09-01 01:18:00,R06-ZA,11.861,-12.661,1,1,amplifier_degradation,1,0
2026-09-01 01:20:00,R06-ZA,12.103,-11.838,1,1,amplifier_degradation,1,0
2026-09-01 01:22:00,R06-ZA,11.616,-12.958,1,1,amplifier_degradation,1,0
2026-09-01 01:24:00,R06-ZA,13.425,-9.991,1,0,amplifier_degradation,1,0
2026-09-01 01:26:00,R06-ZA,12.271,-11.439,1,1,amplifier_degradation,1,0
2026-09-01 01:28:00,R06-ZA,12.523,-10.769,1,1,amplifier_degradation,1,0
2026-09-01 01:30:00,R06-ZA,11.757,-12.104,1,1,amplifier_degradation,1,0
2026-09-01 01:32:00,R06-ZA,11.332,-12.763,1,1,amplifier_degradation,1,0
2026-09-01 01:34:00,R06-ZA,12.658,-11.283,1,1,amplifier_degradation,1,0
2026-09-01 01:36:00,R06-ZA,11.73,-12.026,1,1,amplifier_degradation,1,0
2026-09-01 01:38:00,R06-ZA,11.949,-12.067,1,1,amplifier_degradation,1,0
2026-09-01 01:40:00,R06-ZA,12.232,-11.184,1,1,amplifier_degradation,1,0
2026-09-01 01:42:00,R06-ZA,12.088,-11.769,1,1,amplifier_degradation,1,0
2026-09-01 01:44:00,R06-ZA,11.868,-12.566,1,1,amplifier_degradation,1,0
2026-09-01 01:46:00,R06-ZA,11.956,-11.297,1,1,amplifier_degradation,1,0
2026-09-01 01:48:00,R06-ZA,11.424,-12.378,1,1,amplifier_degradation,1,0
2026-09-01 01:50:00,R06-ZA,10.825,-13.606,1,1,amplifier_degradation,1,0
2026-09-01 01:52:00,R06-ZA,11.44,-12.376,1,1,amplifier_degradation,1,0
2026-09-01 01:54:00,R06-ZA,19.295,1.028,0,0,none,-1,-1
2026-09-01 01:56:00,R06-ZA,20.235,-0.635,0,0,none,-1,-1
2026-09-01 01:58:00,R06-ZA,20.025,-1.177,0,0,none,-1,-1
2026-09-01 02:00:00,R06-ZA,19.805,0.831,0,0,none,-1,-1
2026-09-01 02:02:00,R06-ZA,20.008,0.709,0,0,none,-1,-1
2026-09-01 02:04:00,R06-ZA,19.88,1.05,0,0,none,-1,-1
2026-09-01 02:06:00,R06-ZA,20.372,-1.43,0,0,amplifier_degradation,19,1
2026-09-01 02:08:00,R06-ZA,19.967,-1.352,0,0,amplifier_degradation,19,1
2026-09-01 02:10:00,R06-ZA,18.845,-0.976,0,0,amplifier_degradation,19,1
2026-09-01 02:12:00,R06-ZA,20.127,-5.784,0,0,amplifier_degradation,19,1
2026-09-01 02:14:00,R06-ZA,20.023,-5.566,0,0,amplifier_degradation,19,1
2026-09-01 02:16:00,R06-ZA,19.457,-6.352,1,0,amplifier_degradation,19,1
2026-09-01 02:18:00,R06-ZA,19.908,-8.333,1,0,amplifier_degradation,19,1
2026-09-01 02:20:00,R06-ZA,18.936,-8.167,1,0,amplifier_degradation,19,1
2026-09-01 02:22:00,R06-ZA,19.803,-11.139,1,0,amplifier_degradation,19,1
2026-09-01 02:24:00,R06-ZA,19.999,-11.71,1,0,amplifier_degradation,19,1
2026-09-01 02:26:00,R06-ZA,19.343,-9.736,1,0,amplifier_degradation,19,1
2026-09-01 02:28:00,R06-ZA,19.839,-11.121,1,0,amplifier_degradation,19,1
2026-09-01 02:30:00,R06-ZA,19.862,-12.429,1,0,amplifier_degradation,19,1
2026-09-01 02:32:00,R06-ZA,18.634,-8.451,1,0,amplifier_degradation,19,1
2026-09-01 02:34:00,R06-ZA,19.485,-10.334,1,0,amplifier_degradation,19,1
2026-09-01 02:36:00,R06-ZA,19.947,0.158,0,0,none,-1,-1
2026-09-01 02:38:00,R06-ZA,20.151,0.368,0,0,none,-1,-1
2026-09-01 02:40:00,R06-ZA,20.035,-0.447,0,0,none,-1,-1
2026-09-01 02:42:00,R06-ZA,19.764,0.541,0,0,none,-1,-1
2026-09-01 02:44:00,R06-ZA,20.311,-0.616,0,0,none,-1,-1
2026-09-01 02:46:00,R06-ZA,20.217,-0.431,0,0,none,-1,-1
2026-09-01 02:48:00,R06-ZA,20.241,-0.53,0,0,none,-1,-1
2026-09-01 02:50:00,R06-ZA,19.802,0.891,0,0,none,-1,-1
2026-09-01 02:52:00,R06-ZA,20.187,-0.502,0,0,none,-1,-1
2026-09-01 02:54:00,R06-ZA,19.957,0.456,0,0,none,-1,-1
2026-09-01 02:56:00,R06-ZA,18.848,2.006,0,0,none,-1,-1
2026-09-01 02:58:00,R06-ZA,20.157,0.093,0,0,none,-1,-1
2026-09-01 03:00:00,R06-ZA,20.216,0.629,0,0,none,-1,-1
2026-09-01 03:02:00,R06-ZA,19.934,0.188,0,0,none,-1,-1
2026-09-01 03:04:00,R06-ZA,20.151,0.486,0,0,none,-1,-1
2026-09-01 03:06:00,R06-ZA,20.105,-0.231,0,0,none,-1,-1
2026-09-01 03:08:00,R06-ZA,20.339,-1.791,0,0,none,-1,-1
2026-09-01 03:10:00,R06-ZA,17.531,-7.734,1,0,amplifier_degradation,13,2
2026-09-01 03:12:00,R06-ZA,16.901,-9.568,1,0,amplifier_degradation,13,2
2026-09-01 03:14:00,R06-ZA,17.492,-8.437,1,0,amplifier_degradation,13,2
2026-09-01 03:16:00,R06-ZA,16.997,-9.668,1,0,amplifier_degradation,13,2
2026-09-01 03:18:00,R06-ZA,16.93,-9.489,1,0,amplifier_degradation,13,2
2026-09-01 03:20:00,R06-ZA,17.144,-8.984,1,0,amplifier_degradation,13,2
2026-09-01 03:22:00,R06-ZA,17.201,-8.828,1,0,amplifier_degradation,13,2
2026-09-01 03:24:00,R06-ZA,17.825,-7.685,1,0,amplifier_degradation,13,2
2026-09-01 03:26:00,R06-ZA,17.255,-8.583,1,0,amplifier_degradation,13,2
2026-09-01 03:28:00,R06-ZA,16.934,-9.507,1,0,amplifier_degradation,13,2
2026-09-01 03:30:00,R06-ZA,17.629,-8.266,1,0,amplifier_degradation,13,2
2026-09-01 03:32:00,R06-ZA,17.321,-8.802,1,0,amplifier_degradation,13,2
2026-09-01 03:34:00,R06-ZA,16.618,-10.239,1,0,amplifier_degradation,13,2
2026-09-01 03:36:00,R06-ZA,17.927,-7.798,1,0,amplifier_degradation,13,2
2026-09-01 03:38:00,R06-ZA,17.838,-7.679,1,0,amplifier_degradation,13,2
2026-09-01 03:40:00,R06-ZA,17.386,-8.594,1,0,amplifier_degradation,13,2
2026-09-01 03:42:00,R06-ZA,17.823,-7.726,1,0,amplifier_degradation,13,2
2026-09-01 03:44:00,R06-ZA,16.93,-9.171,1,0,amplifier_degradation,13,2
2026-09-01 03:46:00,R06-ZA,17.737,-7.882,1,0,amplifier_degradation,13,2
2026-09-01 03:48:00,R06-ZA,17.379,-8.692,1,0,amplifier_degradation,13,2
2026-09-01 03:50:00,R06-ZA,17.805,-7.735,1,0,amplifier_degradation,13,2
2026-09-01 03:52:00,R06-ZA,17.992,-7.216,1,0,amplifier_degradation,13,2
2026-09-01 03:54:00,R06-ZA,17.134,-8.844,1,0,amplifier_degradation,13,2
2026-09-01 03:56:00,R06-ZA,17.528,-8.562,1,0,amplifier_degradation,13,2
2026-09-01 03:58:00,R06-ZA,17.333,-8.652,1,0,amplifier_degradation,13,2
2026-09-01 04:00:00,R06-ZA,17.058,-9.361,1,0,amplifier_degradation,13,2
2026-09-01 04:02:00,R06-ZA,16.892,-9.045,1,0,amplifier_degradation,13,2
2026-09-01 04:04:00,R06-ZA,20.113,0.307,0,0,none,-1,-1
2026-09-01 04:06:00,R06-ZA,20.27,-0.287,0,0,none,-1,-1
2026-09-01 04:08:00,R06-ZA,19.9,0.557,0,0,none,-1,-1
2026-09-01 04:10:00,R06-ZA,20.176,-0.27,0,0,none,-1,-1
2026-09-01 04:12:00,R06-ZA,19.411,1.613,0,0,none,-1,-1
2026-09-01 04:14:00,R06-ZA,19.486,1.213,0,0,none,-1,-1
2026-09-01 04:16:00,R06-ZA,19.6,1.386,0,0,none,-1,-1
2026-09-01 04:18:00,R06-ZA,19.346,0.742,0,0,none,-1,-1
2026-09-01 04:20:00,R06-ZA,19.822,1.106,0,0,none,-1,-1
2026-09-01 04:22:00,R06-ZA,19.264,1.108,0,0,none,-1,-1
2026-09-01 04:24:00,R06-ZA,19.505,0.854,0,0,none,-1,-1
2026-09-01 04:26:00,R06-ZA,19.906,0.349,0,0,none,-1,-1
2026-09-01 04:28:00,R06-ZA,19.827,0.529,0,0,none,-1,-1
2026-09-01 04:30:00,R06-ZA,20.007,0.169,0,0,none,-1,-1
2026-09-01 04:32:00,R06-ZA,20.364,-0.855,0,0,none,-1,-1
2026-09-01 04:34:00,R06-ZA,20.055,0.21,0,0,none,-1,-1
2026-09-01 04:36:00,R06-ZA,20.022,0.642,0,0,none,-1,-1
2026-09-01 04:38:00,R06-ZA,19.332,2.013,0,0,none,-1,-1
2026-09-01 04:40:00,R06-ZA,20.006,0.903,0,0,none,-1,-1
2026-09-01 04:42:00,R06-ZA,5.863,-18.5,1,1,flapping,6,3
2026-09-01 04:44:00,R06-ZA,6.696,-17.69,1,1,flapping,6,3
2026-09-01 04:46:00,R06-ZA,20.169,0.763,0,0,flapping,6,3
2026-09-01 04:48:00,R06-ZA,20.451,-0.53,0,0,flapping,6,3
2026-09-01 04:50:00,R06-ZA,18.872,2.368,0,0,flapping,6,3
2026-09-01 04:52:00,R06-ZA,20.141,-0.138,0,0,flapping,6,3
2026-09-01 04:54:00,R06-ZA,20.263,0.065,0,0,flapping,6,3
2026-09-01 04:56:00,R06-ZA,19.466,0.952,0,0,flapping,6,3
2026-09-01 04:58:00,R06-ZA,6.072,-18.542,1,1,flapping,6,3
2026-09-01 05:00:00,R06-ZA,19.636,0.709,0,0,flapping,6,3
2026-09-01 05:02:00,R06-ZA,18.783,1.886,0,0,none,-1,-1
2026-09-01 05:04:00,R06-ZA,19.69,0.721,0,0,none,-1,-1
2026-09-01 05:06:00,R06-ZA,19.597,1.037,0,0,none,-1,-1
2026-09-01 05:08:00,R06-ZA,19.87,-0.443,0,0,amplifier_degradation,13,4
2026-09-01 05:10:00,R06-ZA,20.33,-1.382,0,0,amplifier_degradation,13,4
2026-09-01 05:12:00,R06-ZA,20.024,-1.1,0,0,amplifier_degradation,13,4
2026-09-01 05:14:00,R06-ZA,20.3,-1.286,0,0,amplifier_degradation,13,4
2026-09-01 05:16:00,R06-ZA,20.219,-0.678,0,0,amplifier_degradation,13,4
2026-09-01 05:18:00,R06-ZA,19.912,-0.518,0,0,amplifier_degradation,13,4
2026-09-01 05:20:00,R06-ZA,20.248,-0.617,0,0,amplifier_degradation,13,4
2026-09-01 05:22:00,R06-ZA,20.343,-1.6,0,0,amplifier_degradation,13,4
2026-09-01 05:24:00,R06-ZA,20.191,-2.812,0,0,amplifier_degradation,13,4
2026-09-01 05:26:00,R06-ZA,19.963,0.008,0,0,amplifier_degradation,13,4
2026-09-01 05:28:00,R06-ZA,20.308,-1.855,0,0,amplifier_degradation,13,4
2026-09-01 05:30:00,R06-ZA,20.173,-0.574,0,0,amplifier_degradation,13,4
2026-09-01 05:32:00,R06-ZA,20.138,-0.568,0,0,amplifier_degradation,13,4
2026-09-01 05:34:00,R06-ZA,20.133,-0.298,0,0,amplifier_degradation,13,4
2026-09-01 05:36:00,R06-ZA,20.136,-0.446,0,0,amplifier_degradation,13,4
2026-09-01 05:38:00,R06-ZA,20.04,-0.595,0,0,amplifier_degradation,13,4
2026-09-01 05:40:00,R06-ZA,20.41,-1.562,0,0,amplifier_degradation,13,4
2026-09-01 05:42:00,R06-ZA,20.235,-0.616,0,0,amplifier_degradation,13,4
2026-09-01 05:44:00,R06-ZA,19.83,0.054,0,0,amplifier_degradation,13,4
2026-09-01 05:46:00,R06-ZA,20.187,-0.901,0,0,amplifier_degradation,13,4
2026-09-01 05:48:00,R06-ZA,20.216,-2.064,0,0,amplifier_degradation,13,4
2026-09-01 05:50:00,R06-ZA,20.171,-1.454,0,0,amplifier_degradation,13,4
2026-09-01 05:52:00,R06-ZA,19.805,0.103,0,0,amplifier_degradation,13,4
2026-09-01 05:54:00,R06-ZA,20.395,-1.25,0,0,amplifier_degradation,13,4
2026-09-01 05:56:00,R06-ZA,20.119,-0.85,0,0,amplifier_degradation,13,4
2026-09-01 05:58:00,R06-ZA,20.388,-1.313,0,0,amplifier_degradation,13,4
2026-09-01 06:00:00,R06-ZA,20.313,-1.463,0,0,amplifier_degradation,13,4
2026-09-01 06:02:00,R06-ZA,19.425,1.154,0,0,amplifier_degradation,13,4
2026-09-01 06:04:00,R06-ZA,20.256,-0.876,0,0,amplifier_degradation,13,4
2026-09-01 06:06:00,R06-ZA,20.374,-1.509,0,0,amplifier_degradation,13,4
2026-09-01 06:08:00,R06-ZA,20.148,-1.687,0,0,amplifier_degradation,13,4
2026-09-01 06:10:00,R06-ZA,20.233,-1.335,0,0,amplifier_degradation,13,4
2026-09-01 06:12:00,R06-ZA,20.07,-0.293,0,0,amplifier_degradation,13,4
2026-09-01 06:14:00,R06-ZA,20.145,-1.377,0,0,amplifier_degradation,13,4
2026-09-01 06:16:00,R06-ZA,20.112,-1.18,0,0,amplifier_degradation,13,4
2026-09-01 06:18:00,R06-ZA,20.298,-1.308,0,0,amplifier_degradation,13,4
2026-09-01 06:20:00,R06-ZA,20.268,-1.494,0,0,amplifier_degradation,13,4
2026-09-01 06:22:00,R06-ZA,20.235,-2.329,0,0,amplifier_degradation,13,4
2026-09-01 06:24:00,R06-ZA,20.111,0.065,0,0,amplifier_degradation,13,4
2026-09-01 06:26:00,R06-ZA,20.301,-2.641,0,0,amplifier_degradation,13,4
2026-09-01 06:28:00,R06-ZA,20.352,-1.416,0,0,amplifier_degradation,13,4
2026-09-01 06:30:00,R06-ZA,20.172,-0.863,0,0,amplifier_degradation,13,4
2026-09-01 06:32:00,R06-ZA,20.366,-1.969,0,0,amplifier_degradation,13,4
2026-09-01 06:34:00,R06-ZA,20.447,-1.19,0,0,amplifier_degradation,13,4
2026-09-01 06:36:00,R06-ZA,20.311,-1.822,0,0,amplifier_degradation,13,4
2026-09-01 06:38:00,R06-ZA,19.783,0.516,0,0,amplifier_degradation,13,4
2026-09-01 06:40:00,R06-ZA,20.297,-0.744,0,0,amplifier_degradation,13,4
2026-09-01 06:42:00,R06-ZA,20.348,-1.827,0,0,amplifier_degradation,13,4
2026-09-01 06:44:00,R06-ZA,20.208,-0.318,0,0,amplifier_degradation,13,4
2026-09-01 06:46:00,R06-ZA,20.316,-1.265,0,0,amplifier_degradation,13,4
2026-09-01 06:48:00,R06-ZA,20.286,-1.977,0,0,amplifier_degradation,13,4
2026-09-01 06:50:00,R06-ZA,20.261,-2.469,0,0,amplifier_degradation,13,4
2026-09-01 06:52:00,R06-ZA,20.036,-0.54,0,0,none,-1,-1
2026-09-01 06:54:00,R06-ZA,20.368,-1.486,0,0,none,-1,-1
2026-09-01 06:56:00,R06-ZA,20.222,-0.427,0,0,none,-1,-1
2026-09-01 06:58:00,R06-ZA,20.332,-0.108,0,0,none,-1,-1
2026-09-01 07:00:00,R06-ZA,20.296,-1.445,0,0,none,-1,-1
2026-09-01 07:02:00,R06-ZA,20.186,-0.499,0,0,none,-1,-1
2026-09-01 07:04:00,R06-ZA,20.246,-0.003,0,0,none,-1,-1
2026-09-01 07:06:00,R06-ZA,19.863,0.388,0,0,none,-1,-1
2026-09-01 07:08:00,R06-ZA,20.254,0.334,0,0,none,-1,-1
2026-09-01 07:10:00,R06-ZA,19.389,1.466,0,0,none,-1,-1
2026-09-01 07:12:00,R06-ZA,20.26,-0.639,0,0,none,-1,-1
2026-09-01 07:14:00,R06-ZA,19.697,0.531,0,0,none,-1,-1
2026-09-01 07:16:00,R06-ZA,20.422,-0.981,0,0,none,-1,-1
2026-09-01 07:18:00,R06-ZA,20.415,-1.01,0,0,none,-1,-1
2026-09-01 07:20:00,R06-ZA,20.224,-0.356,0,0,none,-1,-1
2026-09-01 07:22:00,R06-ZA,20.383,-1.133,0,0,none,-1,-1
2026-09-01 07:24:00,R06-ZA,19.26,1.312,0,0,none,-1,-1
2026-09-01 07:26:00,R06-ZA,20.392,-1.23,0,0,none,-1,-1
2026-09-01 07:28:00,R06-ZA,20.304,-2.383,0,0,none,-1,-1
2026-09-01 07:30:00,R06-ZA,20.415,-1.674,0,0,none,-1,-1
2026-09-01 07:32:00,R06-ZA,20.363,-0.915,0,0,none,-1,-1
2026-09-01 07:34:00,R06-ZA,20.227,-0.043,0,0,none,-1,-1
2026-09-01 07:36:00,R06-ZA,20.394,-0.979,0,0,none,-1,-1
2026-09-01 07:38:00,R06-ZA,20.369,-1.01,0,0,none,-1,-1
2026-09-01 07:40:00,R06-ZA,20.353,-1.205,0,0,fiber_degradation,10,5
2026-09-01 07:42:00,R06-ZA,20.32,-0.901,0,0,fiber_degradation,10,5
2026-09-01 07:44:00,R06-ZA,20.213,-0.693,0,0,fiber_degradation,10,5
2026-09-01 07:46:00,R06-ZA,20.337,-1.198,0,0,fiber_degradation,10,5
2026-09-01 07:48:00,R06-ZA,20.305,-1.011,0,0,fiber_degradation,10,5
2026-09-01 07:50:00,R06-ZA,20.192,-0.276,0,0,fiber_degradation,10,5
2026-09-01 07:52:00,R06-ZA,20.222,-0.472,0,0,fiber_degradation,10,5
2026-09-01 07:54:00,R06-ZA,20.154,-0.57,0,0,fiber_degradation,10,5
2026-09-01 07:56:00,R06-ZA,19.961,-0.39,0,0,fiber_degradation,10,5
2026-09-01 07:58:00,R06-ZA,19.828,0.42,0,0,fiber_degradation,10,5
2026-09-01 08:00:00,R06-ZA,20.098,-1.411,0,0,fiber_degradation,10,5
2026-09-01 08:02:00,R06-ZA,20.036,-1.574,0,0,fiber_degradation,10,5
2026-09-01 08:04:00,R06-ZA,20.028,-2.325,0,0,fiber_degradation,10,5
2026-09-01 08:06:00,R06-ZA,20.092,-1.292,0,0,fiber_degradation,10,5
2026-09-01 08:08:00,R06-ZA,19.812,-3.825,0,0,fiber_degradation,10,5
2026-09-01 08:10:00,R06-ZA,20.056,-2.146,0,0,fiber_degradation,10,5
2026-09-01 08:12:00,R06-ZA,20.013,-1.818,0,0,fiber_degradation,10,5
2026-09-01 08:14:00,R06-ZA,19.372,-4.232,0,0,fiber_degradation,10,5
2026-09-01 08:16:00,R06-ZA,19.868,-2.891,0,0,fiber_degradation,10,5
2026-09-01 08:18:00,R06-ZA,19.216,-4.741,0,0,fiber_degradation,10,5
2026-09-01 08:20:00,R06-ZA,19.356,-4.404,0,0,fiber_degradation,10,5
2026-09-01 08:22:00,R06-ZA,19.516,-4.016,0,0,fiber_degradation,10,5
2026-09-01 08:24:00,R06-ZA,19.539,-3.204,0,0,fiber_degradation,10,5
2026-09-01 08:26:00,R06-ZA,19.028,-4.469,0,0,fiber_degradation,10,5
2026-09-01 08:28:00,R06-ZA,18.926,-4.804,0,0,fiber_degradation,10,5
2026-09-01 08:30:00,R06-ZA,18.696,-5.431,0,0,fiber_degradation,10,5
2026-09-01 08:32:00,R06-ZA,17.471,-7.51,1,0,fiber_degradation,10,5
2026-09-01 08:34:00,R06-ZA,18.198,-6.487,1,0,fiber_degradation,10,5
2026-09-01 08:36:00,R06-ZA,18.306,-6.147,1,0,fiber_degradation,10,5
2026-09-01 08:38:00,R06-ZA,18.313,-6.468,1,0,fiber_degradation,10,5
2026-09-01 08:40:00,R06-ZA,18.508,-4.982,0,0,fiber_degradation,10,5
2026-09-01 08:42:00,R06-ZA,18.45,-5.859,0,0,fiber_degradation,10,5
2026-09-01 08:44:00,R06-ZA,18.701,-5.148,0,0,fiber_degradation,10,5
2026-09-01 08:46:00,R06-ZA,17.604,-7.352,1,0,fiber_degradation,10,5
2026-09-01 08:48:00,R06-ZA,18.519,-5.911,0,0,fiber_degradation,10,5
2026-09-01 08:50:00,R06-ZA,18.48,-5.673,0,0,fiber_degradation,10,5
2026-09-01 08:52:00,R06-ZA,18.48,-5.363,0,0,fiber_degradation,10,5
2026-09-01 08:54:00,R06-ZA,18.485,-5.609,0,0,fiber_degradation,10,5
2026-09-01 08:56:00,R06-ZA,18.126,-6.423,1,0,fiber_degradation,10,5
2026-09-01 08:58:00,R06-ZA,18.405,-5.719,0,0,fiber_degradation,10,5
2026-09-01 09:00:00,R06-ZA,17.922,-6.684,1,0,fiber_degradation,10,5
2026-09-01 09:02:00,R06-ZA,18.52,-6.224,1,0,fiber_degradation,10,5
2026-09-01 09:04:00,R06-ZA,18.449,-6.518,1,0,fiber_degradation,10,5
2026-09-01 09:06:00,R06-ZA,18.333,-5.762,0,0,fiber_degradation,10,5
2026-09-01 09:08:00,R06-ZA,18.102,-6.606,1,0,fiber_degradation,10,5
2026-09-01 09:10:00,R06-ZA,20.366,-0.728,0,0,none,-1,-1
2026-09-01 09:12:00,R06-ZA,20.348,-2.136,0,0,none,-1,-1
2026-09-01 09:14:00,R06-ZA,20.239,-1.164,0,0,none,-1,-1
2026-09-01 09:16:00,R06-ZA,20.378,-1.685,0,0,none,-1,-1
2026-09-01 09:18:00,R06-ZA,20.356,-1.535,0,0,none,-1,-1
2026-09-01 09:20:00,R06-ZA,20.271,-1.331,0,0,none,-1,-1
2026-09-01 09:22:00,R06-ZA,20.284,-2.67,0,0,none,-1,-1
2026-09-01 09:24:00,R06-ZA,20.353,-1.898,0,0,none,-1,-1
2026-09-01 09:26:00,R06-ZA,20.114,-0.281,0,0,none,-1,-1
2026-09-01 09:28:00,R06-ZA,20.232,-0.67,0,0,none,-1,-1
2026-09-01 09:30:00,R06-ZA,-9.421,-42.148,1,1,fiber_cut,18,6
2026-09-01 09:32:00,R06-ZA,-7.896,-40.573,1,1,fiber_cut,18,6
2026-09-01 09:34:00,R06-ZA,-7.248,-40.056,1,1,fiber_cut,18,6
2026-09-01 09:36:00,R06-ZA,-10.054,-42.912,1,1,fiber_cut,18,6
2026-09-01 09:38:00,R06-ZA,-9.685,-42.576,1,1,fiber_cut,18,6
2026-09-01 09:40:00,R06-ZA,-8.15,-40.83,1,1,fiber_cut,18,6
2026-09-01 09:42:00,R06-ZA,-9.232,-42.115,1,1,fiber_cut,18,6
2026-09-01 09:44:00,R06-ZA,-9.896,-42.584,1,1,fiber_cut,18,6
2026-09-01 09:46:00,R06-ZA,-8.031,-40.765,1,1,fiber_cut,18,6
2026-09-01 09:48:00,R06-ZA,-8.195,-40.97,1,1,fiber_cut,18,6
2026-09-01 09:50:00,R06-ZA,20.218,-2.384,0,0,none,-1,-1
2026-09-01 09:52:00,R06-ZA,20.279,-1.713,0,0,none,-1,-1
2026-09-01 09:54:00,R06-ZA,20.374,-1.759,0,0,none,-1,-1
2026-09-01 09:56:00,R06-ZA,20.358,-2.235,0,0,none,-1,-1
2026-09-01 09:58:00,R06-ZA,20.232,-3.049,0,0,none,-1,-1
2026-09-01 00:00:00,R07-AZ,20.082,1.935,0,0,none,-1,-1
2026-09-01 00:02:00,R07-AZ,20.067,2.017,0,0,none,-1,-1
2026-09-01 00:04:00,R07-AZ,20.148,2.394,0,0,none,-1,-1
2026-09-01 00:06:00,R07-AZ,20.013,-0.053,0,0,none,-1,-1
2026-09-01 00:08:00,R07-AZ,20.162,1.326,0,0,none,-1,-1
2026-09-01 00:10:00,R07-AZ,20.079,0.792,0,0,none,-1,-1
2026-09-01 00:12:00,R07-AZ,20.153,1.74,0,0,none,-1,-1
2026-09-01 00:14:00,R07-AZ,20.165,1.079,0,0,none,-1,-1
2026-09-01 00:16:00,R07-AZ,19.787,-1.102,0,0,none,-1,-1
2026-09-01 00:18:00,R07-AZ,20.084,1.428,0,0,none,-1,-1
2026-09-01 00:20:00,R07-AZ,20.089,0.207,0,0,none,-1,-1
2026-09-01 00:22:00,R07-AZ,19.852,2.628,0,0,none,-1,-1
2026-09-01 00:24:00,R07-AZ,20.133,0.574,0,0,none,-1,-1
2026-09-01 00:26:00,R07-AZ,20.158,1.988,0,0,none,-1,-1
2026-09-01 00:28:00,R07-AZ,20.115,0.736,0,0,none,-1,-1
2026-09-01 00:30:00,R07-AZ,20.059,0.761,0,0,none,-1,-1
2026-09-01 00:32:00,R07-AZ,20.122,0.78,0,0,none,-1,-1
2026-09-01 00:34:00,R07-AZ,20.132,0.819,0,0,none,-1,-1
2026-09-01 00:36:00,R07-AZ,20.088,-0.012,0,0,none,-1,-1
2026-09-01 00:38:00,R07-AZ,19.894,-0.665,0,0,none,-1,-1
2026-09-01 00:40:00,R07-AZ,20.132,0.661,0,0,none,-1,-1
2026-09-01 00:42:00,R07-AZ,20.12,0.667,0,0,amplifier_degradation,12,0
2026-09-01 00:44:00,R07-AZ,19.92,-0.761,0,0,amplifier_degradation,12,0
2026-09-01 00:46:00,R07-AZ,19.938,-0.625,0,0,amplifier_degradation,12,0
2026-09-01 00:48:00,R07-AZ,19.973,-0.093,0,0,amplifier_degradation,12,0
2026-09-01 00:50:00,R07-AZ,19.772,-0.914,0,0,amplifier_degradation,12,0
2026-09-01 00:52:00,R07-AZ,19.822,-0.463,0,0,amplifier_degradation,12,0
2026-09-01 00:54:00,R07-AZ,19.767,-0.622,0,0,amplifier_degradation,12,0
2026-09-01 00:56:00,R07-AZ,20.014,-0.015,0,0,amplifier_degradation,12,0
2026-09-01 00:58:00,R07-AZ,19.818,-0.744,0,0,amplifier_degradation,12,0
2026-09-01 01:00:00,R07-AZ,19.888,-0.777,0,0,amplifier_degradation,12,0
2026-09-01 01:02:00,R07-AZ,19.417,-1.534,0,0,amplifier_degradation,12,0
2026-09-01 01:04:00,R07-AZ,19.829,-0.655,0,0,amplifier_degradation,12,0
2026-09-01 01:06:00,R07-AZ,19.628,-1.692,0,0,amplifier_degradation,12,0
2026-09-01 01:08:00,R07-AZ,19.198,-2.226,0,0,amplifier_degradation,12,0
2026-09-01 01:10:00,R07-AZ,19.149,-3.019,0,0,amplifier_degradation,12,0
2026-09-01 01:12:00,R07-AZ,19.281,-2.085,0,0,amplifier_degradation,12,0
2026-09-01 01:14:00,R07-AZ,19.255,-2.684,0,0,amplifier_degradation,12,0
2026-09-01 01:16:00,R07-AZ,18.92,-2.889,0,0,amplifier_degradation,12,0
2026-09-01 01:18:00,R07-AZ,19.341,-2.191,0,0,amplifier_degradation,12,0
2026-09-01 01:20:00,R07-AZ,18.886,-2.847,0,0,amplifier_degradation,12,0
2026-09-01 01:22:00,R07-AZ,19.01,-2.578,0,0,amplifier_degradation,12,0
2026-09-01 01:24:00,R07-AZ,18.225,-4.159,0,0,amplifier_degradation,12,0
2026-09-01 01:26:00,R07-AZ,18.598,-3.674,0,0,amplifier_degradation,12,0
2026-09-01 01:28:00,R07-AZ,18.358,-4.365,0,0,amplifier_degradation,12,0
2026-09-01 01:30:00,R07-AZ,18.764,-3.808,0,0,amplifier_degradation,12,0
2026-09-01 01:32:00,R07-AZ,17.948,-5.275,0,0,amplifier_degradation,12,0
2026-09-01 01:34:00,R07-AZ,18.737,-3.595,0,0,amplifier_degradation,12,0
2026-09-01 01:36:00,R07-AZ,18.752,-3.385,0,0,amplifier_degradation,12,0
2026-09-01 01:38:00,R07-AZ,17.092,-6.298,1,0,amplifier_degradation,12,0
2026-09-01 01:40:00,R07-AZ,18.665,-3.755,0,0,amplifier_degradation,12,0
2026-09-01 01:42:00,R07-AZ,18.341,-4.3,0,0,amplifier_degradation,12,0
2026-09-01 01:44:00,R07-AZ,18.136,-4.556,0,0,amplifier_degradation,12,0
2026-09-01 01:46:00,R07-AZ,17.229,-6.184,1,0,amplifier_degradation,12,0
2026-09-01 01:48:00,R07-AZ,17.381,-5.704,0,0,amplifier_degradation,12,0
2026-09-01 01:50:00,R07-AZ,17.213,-6.016,1,0,amplifier_degradation,12,0
2026-09-01 01:52:00,R07-AZ,17.642,-4.801,0,0,amplifier_degradation,12,0
2026-09-01 01:54:00,R07-AZ,17.678,-4.898,0,0,amplifier_degradation,12,0
2026-09-01 01:56:00,R07-AZ,17.446,-5.615,0,0,amplifier_degradation,12,0
2026-09-01 01:58:00,R07-AZ,16.506,-6.304,1,0,amplifier_degradation,12,0
2026-09-01 02:00:00,R07-AZ,16.883,-6.627,1,0,amplifier_degradation,12,0
2026-09-01 02:02:00,R07-AZ,17.422,-5.1,0,0,amplifier_degradation,12,0
2026-09-01 02:04:00,R07-AZ,18.051,-4.638,0,0,amplifier_degradation,12,0
2026-09-01 02:06:00,R07-AZ,17.127,-6.267,1,0,amplifier_degradation,12,0
2026-09-01 02:08:00,R07-AZ,17.445,-5.387,0,0,amplifier_degradation,12,0
2026-09-01 02:10:00,R07-AZ,17.351,-5.697,0,0,amplifier_degradation,12,0
2026-09-01 02:12:00,R07-AZ,17.633,-5.263,0,0,amplifier_degradation,12,0
2026-09-01 02:14:00,R07-AZ,17.785,-4.477,0,0,amplifier_degradation,12,0
2026-09-01 02:16:00,R07-AZ,17.172,-5.943,0,0,amplifier_degradation,12,0
2026-09-01 02:18:00,R07-AZ,17.404,-5.301,0,0,amplifier_degradation,12,0
2026-09-01 02:20:00,R07-AZ,16.388,-6.831,1,0,amplifier_degradation,12,0
2026-09-01 02:22:00,R07-AZ,17.384,-6.01,1,0,amplifier_degradation,12,0
2026-09-01 02:24:00,R07-AZ,17.676,-5.848,0,0,amplifier_degradation,12,0
2026-09-01 02:26:00,R07-AZ,18.108,-4.714,0,0,amplifier_degradation,12,0
2026-09-01 02:28:00,R07-AZ,17.245,-5.926,0,0,amplifier_degradation,12,0
2026-09-01 02:30:00,R07-AZ,17.354,-6.063,1,0,amplifier_degradation,12,0
2026-09-01 02:32:00,R07-AZ,17.52,-5.945,0,0,amplifier_degradation,12,0
2026-09-01 02:34:00,R07-AZ,17.721,-5.299,0,0,amplifier_degradation,12,0
2026-09-01 02:36:00,R07-AZ,17.54,-5.327,0,0,amplifier_degradation,12,0
2026-09-01 02:38:00,R07-AZ,19.529,-1.796,0,0,none,-1,-1
2026-09-01 02:40:00,R07-AZ,19.96,-0.299,0,0,none,-1,-1
2026-09-01 02:42:00,R07-AZ,19.966,-0.134,0,0,none,-1,-1
2026-09-01 02:44:00,R07-AZ,20.01,-0.42,0,0,none,-1,-1
2026-09-01 02:46:00,R07-AZ,19.837,-0.648,0,0,none,-1,-1
2026-09-01 02:48:00,R07-AZ,19.902,-0.946,0,0,none,-1,-1
2026-09-01 02:50:00,R07-AZ,19.266,-2.148,0,0,none,-1,-1
2026-09-01 02:52:00,R07-AZ,19.951,-0.021,0,0,none,-1,-1
2026-09-01 02:54:00,R07-AZ,19.953,0.102,0,0,none,-1,-1
2026-09-01 02:56:00,R07-AZ,19.583,-0.942,0,0,none,-1,-1
2026-09-01 02:58:00,R07-AZ,19.895,-1.153,0,0,none,-1,-1
2026-09-01 03:00:00,R07-AZ,19.964,-0.303,0,0,none,-1,-1
2026-09-01 03:02:00,R07-AZ,19.854,-0.801,0,0,none,-1,-1
2026-09-01 03:04:00,R07-AZ,20.035,-0.088,0,0,none,-1,-1
2026-09-01 03:06:00,R07-AZ,19.987,-0.233,0,0,none,-1,-1
2026-09-01 03:08:00,R07-AZ,19.674,-1.234,0,0,none,-1,-1
2026-09-01 03:10:00,R07-AZ,20.182,0.961,0,0,none,-1,-1
2026-09-01 03:12:00,R07-AZ,20.046,0.727,0,0,none,-1,-1
2026-09-01 03:14:00,R07-AZ,19.515,-1.849,0,0,none,-1,-1
2026-09-01 03:16:00,R07-AZ,20.157,0.884,0,0,none,-1,-1
2026-09-01 03:18:00,R07-AZ,19.991,1.642,0,0,none,-1,-1
2026-09-01 03:20:00,R07-AZ,20.073,0.102,0,0,none,-1,-1
2026-09-01 03:22:00,R07-AZ,19.774,-0.847,0,0,amplifier_degradation,12,1
2026-09-01 03:24:00,R07-AZ,19.845,-0.934,0,0,amplifier_degradation,12,1
2026-09-01 03:26:00,R07-AZ,19.93,-0.091,0,0,amplifier_degradation,12,1
2026-09-01 03:28:00,R07-AZ,18.85,-3.749,0,0,amplifier_degradation,12,1
2026-09-01 03:30:00,R07-AZ,18.87,-3.545,0,0,amplifier_degradation,12,1
2026-09-01 03:32:00,R07-AZ,18.862,-3.352,0,0,amplifier_degradation,12,1
2026-09-01 03:34:00,R07-AZ,19.036,-2.953,0,0,amplifier_degradation,12,1
2026-09-01 03:36:00,R07-AZ,17.989,-4.816,0,0,amplifier_degradation,12,1
2026-09-01 03:38:00,R07-AZ,17.842,-4.722,0,0,amplifier_degradation,12,1
2026-09-01 03:40:00,R07-AZ,17.492,-5.316,0,0,amplifier_degradation,12,1
2026-09-01 03:42:00,R07-AZ,17.106,-6.332,1,0,amplifier_degradation,12,1
2026-09-01 03:44:00,R07-AZ,17.632,-5.194,0,0,amplifier_degradation,12,1
2026-09-01 03:46:00,R07-AZ,16.427,-6.705,1,0,amplifier_degradation,12,1
2026-09-01 03:48:00,R07-AZ,16.291,-7.179,1,0,amplifier_degradation,12,1
2026-09-01 03:50:00,R07-AZ,16.642,-6.952,1,0,amplifier_degradation,12,1
2026-09-01 03:52:00,R07-AZ,16.161,-7.754,1,0,amplifier_degradation,12,1
2026-09-01 03:54:00,R07-AZ,15.044,-8.924,1,0,amplifier_degradation,12,1
2026-09-01 03:56:00,R07-AZ,16.002,-7.644,1,0,amplifier_degradation,12,1
2026-09-01 03:58:00,R07-AZ,14.936,-8.968,1,0,amplifier_degradation,12,1
2026-09-01 04:00:00,R07-AZ,16.585,-6.793,1,0,amplifier_degradation,12,1
2026-09-01 04:02:00,R07-AZ,15.981,-7.356,1,0,amplifier_degradation,12,1
2026-09-01 04:04:00,R07-AZ,16.006,-8.019,1,0,amplifier_degradation,12,1
2026-09-01 04:06:00,R07-AZ,15.097,-8.98,1,0,amplifier_degradation,12,1
2026-09-01 04:08:00,R07-AZ,16.069,-7.971,1,0,amplifier_degradation,12,1
2026-09-01 04:10:00,R07-AZ,16.086,-7.691,1,0,amplifier_degradation,12,1
2026-09-01 04:12:00,R07-AZ,15.978,-7.92,1,0,amplifier_degradation,12,1
2026-09-01 04:14:00,R07-AZ,16.239,-7.324,1,0,amplifier_degradation,12,1
2026-09-01 04:16:00,R07-AZ,16.146,-7.523,1,0,amplifier_degradation,12,1
2026-09-01 04:18:00,R07-AZ,19.917,-0.732,0,0,none,-1,-1
2026-09-01 04:20:00,R07-AZ,19.972,-0.075,0,0,none,-1,-1
2026-09-01 04:22:00,R07-AZ,19.974,-0.023,0,0,none,-1,-1
2026-09-01 04:24:00,R07-AZ,20.105,-0.129,0,0,none,-1,-1
2026-09-01 04:26:00,R07-AZ,20.099,0.714,0,0,none,-1,-1
2026-09-01 04:28:00,R07-AZ,19.939,-0.067,0,0,none,-1,-1
2026-09-01 04:30:00,R07-AZ,20.061,-0.181,0,0,none,-1,-1
2026-09-01 04:32:00,R07-AZ,20.05,1.122,0,0,none,-1,-1
2026-09-01 04:34:00,R07-AZ,20.058,0.321,0,0,none,-1,-1
2026-09-01 04:36:00,R07-AZ,20.07,-0.275,0,0,none,-1,-1
2026-09-01 04:38:00,R07-AZ,20.111,0.754,0,0,none,-1,-1
2026-09-01 04:40:00,R07-AZ,20.163,0.749,0,0,none,-1,-1
2026-09-01 04:42:00,R07-AZ,19.93,-0.203,0,0,none,-1,-1
2026-09-01 04:44:00,R07-AZ,20.157,1.12,0,0,none,-1,-1
2026-09-01 04:46:00,R07-AZ,20.131,1.048,0,0,none,-1,-1
2026-09-01 04:48:00,R07-AZ,19.823,-0.981,0,0,none,-1,-1
2026-09-01 04:50:00,R07-AZ,20.138,0.989,0,0,none,-1,-1
2026-09-01 04:52:00,R07-AZ,20.099,1.44,0,0,none,-1,-1
2026-09-01 04:54:00,R07-AZ,20.137,0.713,0,0,none,-1,-1
2026-09-01 04:56:00,R07-AZ,20.051,0.76,0,0,none,-1,-1
2026-09-01 04:58:00,R07-AZ,19.989,-0.091,0,0,none,-1,-1
2026-09-01 05:00:00,R07-AZ,20.046,-0.067,0,0,none,-1,-1
2026-09-01 05:02:00,R07-AZ,20.084,0.185,0,0,none,-1,-1
2026-09-01 05:04:00,R07-AZ,20.151,0.731,0,0,none,-1,-1
2026-09-01 05:06:00,R07-AZ,20.157,0.804,0,0,none,-1,-1
2026-09-01 05:08:00,R07-AZ,20.06,0.034,0,0,none,-1,-1
2026-09-01 05:10:00,R07-AZ,-17.481,-38.814,1,1,fiber_cut,1,2
2026-09-01 05:12:00,R07-AZ,-17.65,-39.342,1,1,fiber_cut,1,2
2026-09-01 05:14:00,R07-AZ,-16.832,-37.56,1,1,fiber_cut,1,2
2026-09-01 05:16:00,R07-AZ,-17.888,-38.999,1,1,fiber_cut,1,2
2026-09-01 05:18:00,R07-AZ,-17.274,-38.621,1,1,fiber_cut,1,2
2026-09-01 05:20:00,R07-AZ,20.071,1.428,0,0,none,-1,-1
2026-09-01 05:22:00,R07-AZ,20.158,1.383,0,0,none,-1,-1
2026-09-01 05:24:00,R07-AZ,20.137,0.256,0,0,none,-1,-1
2026-09-01 05:26:00,R07-AZ,20.09,1.238,0,0,none,-1,-1
2026-09-01 05:28:00,R07-AZ,19.809,-1.161,0,0,fiber_degradation,16,3
2026-09-01 05:30:00,R07-AZ,19.805,-1.296,0,0,fiber_degradation,16,3
2026-09-01 05:32:00,R07-AZ,19.336,-2.794,0,0,fiber_degradation,16,3
2026-09-01 05:34:00,R07-AZ,18.996,-4.051,0,0,fiber_degradation,16,3
2026-09-01 05:36:00,R07-AZ,17.867,-6.106,1,0,fiber_degradation,16,3
2026-09-01 05:38:00,R07-AZ,17.517,-6.926,1,0,fiber_degradation,16,3
2026-09-01 05:40:00,R07-AZ,16.59,-8.099,1,0,fiber_degradation,16,3
2026-09-01 05:42:00,R07-AZ,15.523,-9.858,1,0,fiber_degradation,16,3
2026-09-01 05:44:00,R07-AZ,14.904,-10.388,1,0,fiber_degradation,16,3
2026-09-01 05:46:00,R07-AZ,15.992,-9.424,1,0,fiber_degradation,16,3
2026-09-01 05:48:00,R07-AZ,15.291,-10.291,1,0,fiber_degradation,16,3
2026-09-01 05:50:00,R07-AZ,15.923,-9.272,1,0,fiber_degradation,16,3
2026-09-01 05:52:00,R07-AZ,15.195,-9.767,1,0,fiber_degradation,16,3
2026-09-01 05:54:00,R07-AZ,15.268,-10.063,1,0,fiber_degradation,16,3
2026-09-01 05:56:00,R07-AZ,20.059,1.505,0,0,none,-1,-1
2026-09-01 05:58:00,R07-AZ,20.028,0.158,0,0,none,-1,-1
2026-09-01 06:00:00,R07-AZ,20.124,1.671,0,0,none,-1,-1
2026-09-01 06:02:00,R07-AZ,20.117,1.253,0,0,none,-1,-1
2026-09-01 06:04:00,R07-AZ,20.146,1.907,0,0,none,-1,-1
2026-09-01 06:06:00,R07-AZ,20.052,1.746,0,0,none,-1,-1
2026-09-01 06:08:00,R07-AZ,20.027,2.112,0,0,none,-1,-1
2026-09-01 06:10:00,R07-AZ,20.136,1.555,0,0,none,-1,-1
2026-09-01 06:12:00,R07-AZ,20.05,1.665,0,0,none,-1,-1
2026-09-01 06:14:00,R07-AZ,19.975,2.301,0,0,none,-1,-1
2026-09-01 06:16:00,R07-AZ,20.021,2.227,0,0,none,-1,-1
2026-09-01 06:18:00,R07-AZ,20.146,1.925,0,0,none,-1,-1
2026-09-01 06:20:00,R07-AZ,20.107,1.69,0,0,none,-1,-1
2026-09-01 06:22:00,R07-AZ,20.168,0.788,0,0,none,-1,-1
2026-09-01 06:24:00,R07-AZ,19.922,1.866,0,0,none,-1,-1
2026-09-01 06:26:00,R07-AZ,20.118,0.497,0,0,none,-1,-1
2026-09-01 06:28:00,R07-AZ,20.093,1.161,0,0,none,-1,-1
2026-09-01 06:30:00,R07-AZ,20.078,1.879,0,0,none,-1,-1
2026-09-01 06:32:00,R07-AZ,19.886,2.651,0,0,none,-1,-1
2026-09-01 06:34:00,R07-AZ,20.052,1.888,0,0,none,-1,-1
2026-09-01 06:36:00,R07-AZ,20.01,1.503,0,0,none,-1,-1
2026-09-01 06:38:00,R07-AZ,20.139,1.24,0,0,none,-1,-1
2026-09-01 06:40:00,R07-AZ,15.528,-7.128,1,0,flapping,12,4
2026-09-01 06:42:00,R07-AZ,14.144,-8.497,1,0,flapping,12,4
2026-09-01 06:44:00,R07-AZ,20.088,0.482,0,0,flapping,12,4
2026-09-01 06:46:00,R07-AZ,20.161,1.637,0,0,flapping,12,4
2026-09-01 06:48:00,R07-AZ,14.193,-8.844,1,0,flapping,12,4
2026-09-01 06:50:00,R07-AZ,13.649,-9.714,1,0,flapping,12,4
2026-09-01 06:52:00,R07-AZ,19.939,2.578,0,0,flapping,12,4
2026-09-01 06:54:00,R07-AZ,13.596,-10.322,1,0,flapping,12,4
2026-09-01 06:56:00,R07-AZ,12.898,-10.228,1,1,flapping,12,4
2026-09-01 06:58:00,R07-AZ,20.166,1.567,0,0,flapping,12,4
2026-09-01 07:00:00,R07-AZ,20.138,0.887,0,0,flapping,12,4
2026-09-01 07:02:00,R07-AZ,20.101,0.538,0,0,flapping,12,4
2026-09-01 07:04:00,R07-AZ,19.987,1.685,0,0,flapping,12,4
2026-09-01 07:06:00,R07-AZ,20.109,1.09,0,0,flapping,12,4
2026-09-01 07:08:00,R07-AZ,20.155,1.28,0,0,flapping,12,4
2026-09-01 07:10:00,R07-AZ,20.138,1.972,0,0,flapping,12,4
2026-09-01 07:12:00,R07-AZ,14.315,-8.787,1,0,flapping,12,4
2026-09-01 07:14:00,R07-AZ,20.066,2.279,0,0,flapping,12,4
2026-09-01 07:16:00,R07-AZ,12.657,-10.646,1,1,flapping,12,4
2026-09-01 07:18:00,R07-AZ,20.188,1.226,0,0,flapping,12,4
2026-09-01 07:20:00,R07-AZ,13.91,-8.874,1,0,flapping,12,4
2026-09-01 07:22:00,R07-AZ,12.238,-11.451,1,1,flapping,12,4
2026-09-01 07:24:00,R07-AZ,20.098,0.971,0,0,flapping,12,4
2026-09-01 07:26:00,R07-AZ,14.508,-8.638,1,0,flapping,12,4
2026-09-01 07:28:00,R07-AZ,12.914,-10.307,1,1,flapping,12,4
2026-09-01 07:30:00,R07-AZ,19.912,2.542,0,0,flapping,12,4
2026-09-01 07:32:00,R07-AZ,13.228,-9.985,1,0,flapping,12,4
2026-09-01 07:34:00,R07-AZ,13.471,-9.73,1,0,flapping,12,4
2026-09-01 07:36:00,R07-AZ,14.216,-9.276,1,0,flapping,12,4
2026-09-01 07:38:00,R07-AZ,13.64,-9.297,1,0,flapping,12,4
2026-09-01 07:40:00,R07-AZ,12.677,-10.523,1,1,flapping,12,4
2026-09-01 07:42:00,R07-AZ,13.965,-9.222,1,0,flapping,12,4
2026-09-01 07:44:00,R07-AZ,14.153,-8.915,1,0,flapping,12,4
2026-09-01 07:46:00,R07-AZ,20.121,1.292,0,0,flapping,12,4
2026-09-01 07:48:00,R07-AZ,20.145,1.217,0,0,flapping,12,4
2026-09-01 07:50:00,R07-AZ,13.686,-9.947,1,0,flapping,12,4
2026-09-01 07:52:00,R07-AZ,20.021,0.125,0,0,flapping,12,4
2026-09-01 07:54:00,R07-AZ,20.095,0.287,0,0,flapping,12,4
2026-09-01 07:56:00,R07-AZ,19.934,-0.543,0,0,flapping,12,4
2026-09-01 07:58:00,R07-AZ,20.135,0.555,0,0,flapping,12,4
2026-09-01 08:00:00,R07-AZ,20.094,0.306,0,0,flapping,12,4
2026-09-01 08:02:00,R07-AZ,20.093,0.542,0,0,flapping,12,4
2026-09-01 08:04:00,R07-AZ,20.155,1.597,0,0,flapping,12,4
2026-09-01 08:06:00,R07-AZ,14.704,-8.157,1,0,flapping,12,4
2026-09-01 08:08:00,R07-AZ,20.019,0.559,0,0,flapping,12,4
2026-09-01 08:10:00,R07-AZ,20.147,1.107,0,0,flapping,12,4
2026-09-01 08:12:00,R07-AZ,20.116,1.509,0,0,flapping,12,4
2026-09-01 08:14:00,R07-AZ,20.05,0.156,0,0,flapping,12,4
2026-09-01 08:16:00,R07-AZ,20.167,0.915,0,0,flapping,12,4
2026-09-01 08:18:00,R07-AZ,20.077,0.226,0,0,flapping,12,4
2026-09-01 08:20:00,R07-AZ,20.101,0.581,0,0,flapping,12,4
2026-09-01 08:22:00,R07-AZ,20.025,-0.001,0,0,flapping,12,4
2026-09-01 08:24:00,R07-AZ,12.669,-10.821,1,1,flapping,12,4
2026-09-01 08:26:00,R07-AZ,14.033,-9.094,1,0,flapping,12,4
2026-09-01 08:28:00,R07-AZ,13.703,-9.688,1,0,flapping,12,4
2026-09-01 08:30:00,R07-AZ,20.098,0.551,0,0,none,-1,-1
2026-09-01 08:32:00,R07-AZ,20.001,0.005,0,0,none,-1,-1
2026-09-01 08:34:00,R07-AZ,20.129,0.75,0,0,none,-1,-1
2026-09-01 08:36:00,R07-AZ,20.111,0.939,0,0,none,-1,-1
2026-09-01 08:38:00,R07-AZ,20.062,0.544,0,0,none,-1,-1
2026-09-01 08:40:00,R07-AZ,19.015,-7.763,1,0,amplifier_degradation,18,5
2026-09-01 08:42:00,R07-AZ,18.671,-8.673,1,0,amplifier_degradation,18,5
2026-09-01 08:44:00,R07-AZ,18.948,-8.252,1,0,amplifier_degradation,18,5
2026-09-01 08:46:00,R07-AZ,19.093,-7.684,1,0,amplifier_degradation,18,5
2026-09-01 08:48:00,R07-AZ,18.551,-9.009,1,0,amplifier_degradation,18,5
2026-09-01 08:50:00,R07-AZ,18.687,-9.018,1,0,amplifier_degradation,18,5
2026-09-01 08:52:00,R07-AZ,18.814,-8.388,1,0,amplifier_degradation,18,5
2026-09-01 08:54:00,R07-AZ,18.619,-9.087,1,0,amplifier_degradation,18,5
2026-09-01 08:56:00,R07-AZ,18.581,-9.231,1,0,amplifier_degradation,18,5
2026-09-01 08:58:00,R07-AZ,18.698,-8.746,1,0,amplifier_degradation,18,5
2026-09-01 09:00:00,R07-AZ,18.091,-9.87,1,0,amplifier_degradation,18,5
2026-09-01 09:02:00,R07-AZ,18.68,-8.948,1,0,amplifier_degradation,18,5
2026-09-01 09:04:00,R07-AZ,18.817,-8.327,1,0,amplifier_degradation,18,5
2026-09-01 09:06:00,R07-AZ,18.554,-9.107,1,0,amplifier_degradation,18,5
2026-09-01 09:08:00,R07-AZ,18.578,-9.323,1,0,amplifier_degradation,18,5
2026-09-01 09:10:00,R07-AZ,18.815,-8.553,1,0,amplifier_degradation,18,5
2026-09-01 09:12:00,R07-AZ,19.05,-7.767,1,0,amplifier_degradation,18,5
2026-09-01 09:14:00,R07-AZ,19.189,-7.429,1,0,amplifier_degradation,18,5
2026-09-01 09:16:00,R07-AZ,19.25,-6.763,1,0,amplifier_degradation,18,5
2026-09-01 09:18:00,R07-AZ,18.882,-7.976,1,0,amplifier_degradation,18,5
2026-09-01 09:20:00,R07-AZ,19.032,-8.085,1,0,amplifier_degradation,18,5
2026-09-01 09:22:00,R07-AZ,18.746,-8.682,1,0,amplifier_degradation,18,5
2026-09-01 09:24:00,R07-AZ,18.755,-8.836,1,0,amplifier_degradation,18,5
2026-09-01 09:26:00,R07-AZ,18.683,-8.887,1,0,amplifier_degradation,18,5
2026-09-01 09:28:00,R07-AZ,17.583,-11.204,1,0,amplifier_degradation,18,5
2026-09-01 09:30:00,R07-AZ,18.442,-9.532,1,0,amplifier_degradation,18,5
2026-09-01 09:32:00,R07-AZ,18.604,-9.09,1,0,amplifier_degradation,18,5
2026-09-01 09:34:00,R07-AZ,18.418,-9.38,1,0,amplifier_degradation,18,5
2026-09-01 09:36:00,R07-AZ,18.503,-9.468,1,0,amplifier_degradation,18,5
2026-09-01 09:38:00,R07-AZ,18.553,-9.188,1,0,amplifier_degradation,18,5
2026-09-01 09:40:00,R07-AZ,18.501,-9.448,1,0,amplifier_degradation,18,5
2026-09-01 09:42:00,R07-AZ,18.323,-9.521,1,0,amplifier_degradation,18,5
2026-09-01 09:44:00,R07-AZ,18.266,-9.718,1,0,amplifier_degradation,18,5
2026-09-01 09:46:00,R07-AZ,18.833,-8.564,1,0,amplifier_degradation,18,5
2026-09-01 09:48:00,R07-AZ,17.947,-10.342,1,0,amplifier_degradation,18,5
2026-09-01 09:50:00,R07-AZ,18.425,-9.428,1,0,amplifier_degradation,18,5
2026-09-01 09:52:00,R07-AZ,17.62,-11.08,1,0,amplifier_degradation,18,5
2026-09-01 09:54:00,R07-AZ,18.29,-9.761,1,0,amplifier_degradation,18,5
2026-09-01 09:56:00,R07-AZ,18.202,-9.796,1,0,amplifier_degradation,18,5
2026-09-01 09:58:00,R07-AZ,18.467,-9.284,1,0,amplifier_degradation,18,5
2026-09-01 00:00:00,R07-ZA,19.989,1.207,0,0,none,-1,-1
2026-09-01 00:02:00,R07-ZA,18.041,3.899,0,0,none,-1,-1
2026-09-01 00:04:00,R07-ZA,20.033,0.477,0,0,none,-1,-1
2026-09-01 00:06:00,R07-ZA,19.151,2.486,0,0,none,-1,-1
2026-09-01 00:08:00,R07-ZA,19.758,1.779,0,0,none,-1,-1
2026-09-01 00:10:00,R07-ZA,19.917,2.292,0,0,none,-1,-1
2026-09-01 00:12:00,R07-ZA,19.411,1.814,0,0,none,-1,-1
2026-09-01 00:14:00,R07-ZA,19.656,1.439,0,0,none,-1,-1
2026-09-01 00:16:00,R07-ZA,18.873,3.15,0,0,none,-1,-1
2026-09-01 00:18:00,R07-ZA,19.728,1.813,0,0,none,-1,-1
2026-09-01 00:20:00,R07-ZA,19.71,1.68,0,0,none,-1,-1
2026-09-01 00:22:00,R07-ZA,19.905,0.713,0,0,none,-1,-1
2026-09-01 00:24:00,R07-ZA,19.458,2.552,0,0,none,-1,-1
2026-09-01 00:26:00,R07-ZA,19.649,0.981,0,0,none,-1,-1
2026-09-01 00:28:00,R07-ZA,19.668,1.107,0,0,none,-1,-1
2026-09-01 00:30:00,R07-ZA,20.153,-0.183,0,0,none,-1,-1
2026-09-01 00:32:00,R07-ZA,19.924,0.427,0,0,none,-1,-1
2026-09-01 00:34:00,R07-ZA,19.875,1.222,0,0,none,-1,-1
2026-09-01 00:36:00,R07-ZA,20.024,0.366,0,0,none,-1,-1
2026-09-01 00:38:00,R07-ZA,19.964,0.85,0,0,none,-1,-1
2026-09-01 00:40:00,R07-ZA,19.751,1.479,0,0,none,-1,-1
2026-09-01 00:42:00,R07-ZA,19.481,1.941,0,0,none,-1,-1
2026-09-01 00:44:00,R07-ZA,19.881,0.577,0,0,none,-1,-1
2026-09-01 00:46:00,R07-ZA,19.17,2.975,0,0,none,-1,-1
2026-09-01 00:48:00,R07-ZA,19.544,2.053,0,0,none,-1,-1
2026-09-01 00:50:00,R07-ZA,19.844,1.276,0,0,fiber_degradation,10,0
2026-09-01 00:52:00,R07-ZA,19.806,1.036,0,0,fiber_degradation,10,0
2026-09-01 00:54:00,R07-ZA,19.955,-0.964,0,0,fiber_degradation,10,0
2026-09-01 00:56:00,R07-ZA,19.964,-1.342,0,0,fiber_degradation,10,0
2026-09-01 00:58:00,R07-ZA,19.858,-1.348,0,0,fiber_degradation,10,0
2026-09-01 01:00:00,R07-ZA,19.574,-2.455,0,0,fiber_degradation,10,0
2026-09-01 01:02:00,R07-ZA,19.465,-2.916,0,0,fiber_degradation,10,0
2026-09-01 01:04:00,R07-ZA,19.486,-1.092,0,0,fiber_degradation,10,0
2026-09-01 01:06:00,R07-ZA,19.407,-2.8,0,0,fiber_degradation,10,0
2026-09-01 01:08:00,R07-ZA,19.217,-2.696,0,0,fiber_degradation,10,0
2026-09-01 01:10:00,R07-ZA,18.508,-4.091,0,0,fiber_degradation,10,0
2026-09-01 01:12:00,R07-ZA,18.446,-4.805,0,0,fiber_degradation,10,0
2026-09-01 01:14:00,R07-ZA,18.242,-4.973,0,0,fiber_degradation,10,0
2026-09-01 01:16:00,R07-ZA,17.914,-5.873,0,0,fiber_degradation,10,0
2026-09-01 01:18:00,R07-ZA,18.245,-5.162,0,0,fiber_degradation,10,0
2026-09-01 01:20:00,R07-ZA,17.341,-6.684,1,0,fiber_degradation,10,0
2026-09-01 01:22:00,R07-ZA,17.896,-5.326,0,0,fiber_degradation,10,0
2026-09-01 01:24:00,R07-ZA,17.179,-6.38,1,0,fiber_degradation,10,0
2026-09-01 01:26:00,R07-ZA,16.556,-7.776,1,0,fiber_degradation,10,0
2026-09-01 01:28:00,R07-ZA,16.705,-7.46,1,0,fiber_degradation,10,0
2026-09-01 01:30:00,R07-ZA,15.934,-8.362,1,0,fiber_degradation,10,0
2026-09-01 01:32:00,R07-ZA,15.943,-8.569,1,0,fiber_degradation,10,0
2026-09-01 01:34:00,R07-ZA,15.192,-9.462,1,0,fiber_degradation,10,0
2026-09-01 01:36:00,R07-ZA,16.034,-8.039,1,0,fiber_degradation,10,0
2026-09-01 01:38:00,R07-ZA,16.238,-7.85,1,0,fiber_degradation,10,0
2026-09-01 01:40:00,R07-ZA,16.104,-7.778,1,0,fiber_degradation,10,0
2026-09-01 01:42:00,R07-ZA,15.595,-9.12,1,0,fiber_degradation,10,0
2026-09-01 01:44:00,R07-ZA,15.977,-8.553,1,0,fiber_degradation,10,0
2026-09-01 01:46:00,R07-ZA,16.12,-7.703,1,0,fiber_degradation,10,0
2026-09-01 01:48:00,R07-ZA,15.539,-9.045,1,0,fiber_degradation,10,0
2026-09-01 01:50:00,R07-ZA,15.899,-8.201,1,0,fiber_degradation,10,0
2026-09-01 01:52:00,R07-ZA,16.502,-7.473,1,0,fiber_degradation,10,0
2026-09-01 01:54:00,R07-ZA,15.778,-8.024,1,0,fiber_degradation,10,0
2026-09-01 01:56:00,R07-ZA,14.701,-10.018,1,0,fiber_degradation,10,0
2026-09-01 01:58:00,R07-ZA,15.339,-9.188,1,0,fiber_degradation,10,0
2026-09-01 02:00:00,R07-ZA,15.998,-7.639,1,0,fiber_degradation,10,0
2026-09-01 02:02:00,R07-ZA,19.557,1.503,0,0,none,-1,-1
2026-09-01 02:04:00,R07-ZA,20.077,-0.53,0,0,none,-1,-1
2026-09-01 02:06:00,R07-ZA,19.946,0.153,0,0,none,-1,-1
2026-09-01 02:08:00,R07-ZA,19.823,1.735,0,0,none,-1,-1
2026-09-01 02:10:00,R07-ZA,20.147,-0.479,0,0,none,-1,-1
2026-09-01 02:12:00,R07-ZA,20.04,0.541,0,0,none,-1,-1
2026-09-01 02:14:00,R07-ZA,19.836,0.296,0,0,none,-1,-1
2026-09-01 02:16:00,R07-ZA,20.127,0.251,0,0,none,-1,-1
2026-09-01 02:18:00,R07-ZA,19.945,0.576,0,0,none,-1,-1
2026-09-01 02:20:00,R07-ZA,20.115,0.17,0,0,none,-1,-1
2026-09-01 02:22:00,R07-ZA,20.109,0.646,0,0,none,-1,-1
2026-09-01 02:24:00,R07-ZA,20.125,0.375,0,0,none,-1,-1
2026-09-01 02:26:00,R07-ZA,20.028,0.485,0,0,none,-1,-1
2026-09-01 02:28:00,R07-ZA,20.049,0.111,0,0,none,-1,-1
2026-09-01 02:30:00,R07-ZA,20.106,-0.431,0,0,none,-1,-1
2026-09-01 02:32:00,R07-ZA,19.942,0.397,0,0,none,-1,-1
2026-09-01 02:34:00,R07-ZA,20.078,-1.177,0,0,none,-1,-1
2026-09-01 02:36:00,R07-ZA,19.923,0.252,0,0,none,-1,-1
2026-09-01 02:38:00,R07-ZA,20.083,-0.381,0,0,none,-1,-1
2026-09-01 02:40:00,R07-ZA,20.099,-0.385,0,0,none,-1,-1
2026-09-01 02:42:00,R07-ZA,20.136,-0.363,0,0,none,-1,-1
2026-09-01 02:44:00,R07-ZA,19.855,0.132,0,0,none,-1,-1
2026-09-01 02:46:00,R07-ZA,20.097,-1.016,0,0,none,-1,-1
2026-09-01 02:48:00,R07-ZA,20.126,0.946,0,0,none,-1,-1
2026-09-01 02:50:00,R07-ZA,20.106,-0.517,0,0,none,-1,-1
2026-09-01 02:52:00,R07-ZA,19.793,1.413,0,0,none,-1,-1
2026-09-01 02:54:00,R07-ZA,20.121,0.222,0,0,none,-1,-1
2026-09-01 02:56:00,R07-ZA,19.887,0.638,0,0,none,-1,-1
2026-09-01 02:58:00,R07-ZA,20.057,0.594,0,0,none,-1,-1
2026-09-01 03:00:00,R07-ZA,19.825,0.196,0,0,none,-1,-1
2026-09-01 03:02:00,R07-ZA,19.453,0.941,0,0,none,-1,-1
2026-09-01 03:04:00,R07-ZA,20.045,0.736,0,0,none,-1,-1
2026-09-01 03:06:00,R07-ZA,19.878,0.625,0,0,none,-1,-1
2026-09-01 03:08:00,R07-ZA,20.138,0.42,0,0,none,-1,-1
2026-09-01 03:10:00,R07-ZA,20.091,-0.481,0,0,none,-1,-1
2026-09-01 03:12:00,R07-ZA,20.11,-0.484,0,0,none,-1,-1
2026-09-01 03:14:00,R07-ZA,20.089,-0.695,0,0,none,-1,-1
2026-09-01 03:16:00,R07-ZA,20.001,0.361,0,0,none,-1,-1
2026-09-01 03:18:00,R07-ZA,19.929,1.085,0,0,none,-1,-1
2026-09-01 03:20:00,R07-ZA,20.132,-0.302,0,0,none,-1,-1
2026-09-01 03:22:00,R07-ZA,20.112,-0.282,0,0,none,-1,-1
2026-09-01 03:24:00,R07-ZA,19.851,1.281,0,0,none,-1,-1
2026-09-01 03:26:00,R07-ZA,20.072,-0.432,0,0,none,-1,-1
2026-09-01 03:28:00,R07-ZA,19.96,0.248,0,0,none,-1,-1
2026-09-01 03:30:00,R07-ZA,13.146,-11.281,1,0,fiber_degradation,7,1
2026-09-01 03:32:00,R07-ZA,11.806,-12.802,1,1,fiber_degradation,7,1
2026-09-01 03:34:00,R07-ZA,11.973,-11.983,1,1,fiber_degradation,7,1
2026-09-01 03:36:00,R07-ZA,11.821,-12.185,1,1,fiber_degradation,7,1
2026-09-01 03:38:00,R07-ZA,12.862,-10.738,1,1,fiber_degradation,7,1
2026-09-01 03:40:00,R07-ZA,13.194,-10.395,1,0,fiber_degradation,7,1
2026-09-01 03:42:00,R07-ZA,12.099,-11.836,1,1,fiber_degradation,7,1
2026-09-01 03:44:00,R07-ZA,13.086,-10.786,1,0,fiber_degradation,7,1
2026-09-01 03:46:00,R07-ZA,12.398,-11.825,1,1,fiber_degradation,7,1
2026-09-01 03:48:00,R07-ZA,11.512,-13.172,1,1,fiber_degradation,7,1
2026-09-01 03:50:00,R07-ZA,12.97,-10.661,1,1,fiber_degradation,7,1
2026-09-01 03:52:00,R07-ZA,12.634,-11.414,1,1,fiber_degradation,7,1
2026-09-01 03:54:00,R07-ZA,12.498,-11.105,1,1,fiber_degradation,7,1
2026-09-01 03:56:00,R07-ZA,10.942,-13.595,1,1,fiber_degradation,7,1
2026-09-01 03:58:00,R07-ZA,12.566,-10.935,1,1,fiber_degradation,7,1
2026-09-01 04:00:00,R07-ZA,12.598,-11.197,1,1,fiber_degradation,7,1
2026-09-01 04:02:00,R07-ZA,13.152,-11.516,1,0,fiber_degradation,7,1
2026-09-01 04:04:00,R07-ZA,12.77,-10.89,1,1,fiber_degradation,7,1
2026-09-01 04:06:00,R07-ZA,12.408,-11.496,1,1,fiber_degradation,7,1
2026-09-01 04:08:00,R07-ZA,12.472,-11.91,1,1,fiber_degradation,7,1
2026-09-01 04:10:00,R07-ZA,13.528,-11.166,1,0,fiber_degradation,7,1
2026-09-01 04:12:00,R07-ZA,12.936,-10.854,1,1,fiber_degradation,7,1
2026-09-01 04:14:00,R07-ZA,12.651,-11.907,1,1,fiber_degradation,7,1
2026-09-01 04:16:00,R07-ZA,12.772,-11.314,1,1,fiber_degradation,7,1
2026-09-01 04:18:00,R07-ZA,14.392,-9.01,1,0,fiber_degradation,7,1
2026-09-01 04:20:00,R07-ZA,13.774,-9.547,1,0,fiber_degradation,7,1
2026-09-01 04:22:00,R07-ZA,12.596,-11.596,1,1,fiber_degradation,7,1
2026-09-01 04:24:00,R07-ZA,13.352,-10.501,1,0,fiber_degradation,7,1
2026-09-01 04:26:00,R07-ZA,12.664,-11.197,1,1,fiber_degradation,7,1
2026-09-01 04:28:00,R07-ZA,13.142,-10.056,1,0,fiber_degradation,7,1
2026-09-01 04:30:00,R07-ZA,13.055,-10.85,1,0,fiber_degradation,7,1
2026-09-01 04:32:00,R07-ZA,13.578,-10.846,1,0,fiber_degradation,7,1
2026-09-01 04:34:00,R07-ZA,12.633,-11.582,1,1,fiber_degradation,7,1
2026-09-01 04:36:00,R07-ZA,12.981,-10.79,1,1,fiber_degradation,7,1
2026-09-01 04:38:00,R07-ZA,12.578,-10.926,1,1,fiber_degradation,7,1
2026-09-01 04:40:00,R07-ZA,13.188,-10.528,1,0,fiber_degradation,7,1
2026-09-01 04:42:00,R07-ZA,12.881,-10.261,1,1,fiber_degradation,7,1
2026-09-01 04:44:00,R07-ZA,13.009,-10.984,1,0,fiber_degradation,7,1
2026-09-01 04:46:00,R07-ZA,13.508,-10.358,1,0,fiber_degradation,7,1
2026-09-01 04:48:00,R07-ZA,12.672,-11.549,1,1,fiber_degradation,7,1
2026-09-01 04:50:00,R07-ZA,12.089,-12.114,1,1,fiber_degradation,7,1
2026-09-01 04:52:00,R07-ZA,13.479,-10.354,1,0,fiber_degradation,7,1
2026-09-01 04:54:00,R07-ZA,13.166,-10.804,1,0,fiber_degradation,7,1
2026-09-01 04:56:00,R07-ZA,12.454,-11.779,1,1,fiber_degradation,7,1
2026-09-01 04:58:00,R07-ZA,12.837,-11.711,1,1,fiber_degradation,7,1
2026-09-01 05:00:00,R07-ZA,12.928,-11.172,1,1,fiber_degradation,7,1
2026-09-01 05:02:00,R07-ZA,13.39,-10.744,1,0,fiber_degradation,7,1
2026-09-01 05:04:00,R07-ZA,12.872,-10.818,1,1,fiber_degradation,7,1
2026-09-01 05:06:00,R07-ZA,12.846,-10.582,1,1,fiber_degradation,7,1
2026-09-01 05:08:00,R07-ZA,13.52,-10.331,1,0,fiber_degradation,7,1
2026-09-01 05:10:00,R07-ZA,13.301,-10.281,1,0,fiber_degradation,7,1
2026-09-01 05:12:00,R07-ZA,13.844,-10.197,1,0,fiber_degradation,7,1
2026-09-01 05:14:00,R07-ZA,12.136,-11.36,1,1,fiber_degradation,7,1
2026-09-01 05:16:00,R07-ZA,11.942,-11.868,1,1,fiber_degradation,7,1
2026-09-01 05:18:00,R07-ZA,13.15,-10.264,1,0,fiber_degradation,7,1
2026-09-01 05:20:00,R07-ZA,12.275,-11.749,1,1,fiber_degradation,7,1
2026-09-01 05:22:00,R07-ZA,12.847,-10.868,1,1,fiber_degradation,7,1
2026-09-01 05:24:00,R07-ZA,13.33,-10.715,1,0,fiber_degradation,7,1
2026-09-01 05:26:00,R07-ZA,19.875,1.675,0,0,none,-1,-1
2026-09-01 05:28:00,R07-ZA,19.276,1.858,0,0,none,-1,-1
2026-09-01 05:30:00,R07-ZA,20.042,0.784,0,0,none,-1,-1
2026-09-01 05:32:00,R07-ZA,17.544,-6.45,1,0,amplifier_degradation,11,2
2026-09-01 05:34:00,R07-ZA,18.07,-6.041,1,0,amplifier_degradation,11,2
2026-09-01 05:36:00,R07-ZA,18.342,-5.423,0,0,amplifier_degradation,11,2
2026-09-01 05:38:00,R07-ZA,17.548,-6.577,1,0,amplifier_degradation,11,2
2026-09-01 05:40:00,R07-ZA,17.247,-6.69,1,0,amplifier_degradation,11,2
2026-09-01 05:42:00,R07-ZA,18.114,-5.054,0,0,amplifier_degradation,11,2
2026-09-01 05:44:00,R07-ZA,17.756,-6.402,1,0,amplifier_degradation,11,2
2026-09-01 05:46:00,R07-ZA,18.037,-5.754,0,0,amplifier_degradation,11,2
2026-09-01 05:48:00,R07-ZA,17.869,-6.007,1,0,amplifier_degradation,11,2
2026-09-01 05:50:00,R07-ZA,16.767,-7.797,1,0,amplifier_degradation,11,2
2026-09-01 05:52:00,R07-ZA,18.011,-5.865,0,0,amplifier_degradation,11,2
2026-09-01 05:54:00,R07-ZA,17.962,-6.147,1,0,amplifier_degradation,11,2
2026-09-01 05:56:00,R07-ZA,17.339,-7.148,1,0,amplifier_degradation,11,2
2026-09-01 05:58:00,R07-ZA,17.204,-6.952,1,0,amplifier_degradation,11,2
2026-09-01 06:00:00,R07-ZA,17.893,-5.532,0,0,amplifier_degradation,11,2
2026-09-01 06:02:00,R07-ZA,19.745,1.352,0,0,none,-1,-1
2026-09-01 06:04:00,R07-ZA,19.806,0.474,0,0,none,-1,-1
2026-09-01 06:06:00,R07-ZA,19.432,2.673,0,0,none,-1,-1
2026-09-01 06:08:00,R07-ZA,19.782,2.102,0,0,none,-1,-1
2026-09-01 06:10:00,R07-ZA,19.723,2.411,0,0,none,-1,-1
2026-09-01 06:12:00,R07-ZA,19.724,1.963,0,0,none,-1,-1
2026-09-01 06:14:00,R07-ZA,19.002,3.119,0,0,none,-1,-1
2026-09-01 06:16:00,R07-ZA,19.738,2.29,0,0,none,-1,-1
2026-09-01 06:18:00,R07-ZA,19.976,1.59,0,0,none,-1,-1
2026-09-01 06:20:00,R07-ZA,19.692,2.222,0,0,none,-1,-1
2026-09-01 06:22:00,R07-ZA,19.548,1.981,0,0,none,-1,-1
2026-09-01 06:24:00,R07-ZA,19.765,0.729,0,0,none,-1,-1
2026-09-01 06:26:00,R07-ZA,19.649,1.7,0,0,none,-1,-1
2026-09-01 06:28:00,R07-ZA,19.835,1.966,0,0,none,-1,-1
2026-09-01 06:30:00,R07-ZA,19.617,1.846,0,0,none,-1,-1
2026-09-01 06:32:00,R07-ZA,18.985,2.37,0,0,none,-1,-1
2026-09-01 06:34:00,R07-ZA,19.834,0.509,0,0,none,-1,-1
2026-09-01 06:36:00,R07-ZA,20.123,1.129,0,0,amplifier_degradation,2,3
2026-09-01 06:38:00,R07-ZA,20.074,1.314,0,0,amplifier_degradation,2,3
2026-09-01 06:40:00,R07-ZA,19.29,3.168,0,0,amplifier_degradation,2,3
2026-09-01 06:42:00,R07-ZA,19.998,0.955,0,0,amplifier_degradation,2,3
2026-09-01 06:44:00,R07-ZA,19.926,1.505,0,0,amplifier_degradation,2,3
2026-09-01 06:46:00,R07-ZA,19.795,1.226,0,0,amplifier_degradation,2,3
2026-09-01 06:48:00,R07-ZA,20.029,1.144,0,0,amplifier_degradation,2,3
2026-09-01 06:50:00,R07-ZA,19.769,2.134,0,0,amplifier_degradation,2,3
2026-09-01 06:52:00,R07-ZA,20.033,1.093,0,0,amplifier_degradation,2,3
2026-09-01 06:54:00,R07-ZA,19.866,1.313,0,0,amplifier_degradation,2,3
2026-09-01 06:56:00,R07-ZA,19.995,1.9,0,0,amplifier_degradation,2,3
2026-09-01 06:58:00,R07-ZA,20.139,0.246,0,0,amplifier_degradation,2,3
2026-09-01 07:00:00,R07-ZA,20.026,1.318,0,0,amplifier_degradation,2,3
2026-09-01 07:02:00,R07-ZA,19.886,1.331,0,0,amplifier_degradation,2,3
2026-09-01 07:04:00,R07-ZA,20.002,1.94,0,0,amplifier_degradation,2,3
2026-09-01 07:06:00,R07-ZA,20.161,0.413,0,0,amplifier_degradation,2,3
2026-09-01 07:08:00,R07-ZA,20.137,0.102,0,0,amplifier_degradation,2,3
2026-09-01 07:10:00,R07-ZA,20.157,0.339,0,0,amplifier_degradation,2,3
2026-09-01 07:12:00,R07-ZA,20.049,1.426,0,0,amplifier_degradation,2,3
2026-09-01 07:14:00,R07-ZA,19.317,3.05,0,0,amplifier_degradation,2,3
2026-09-01 07:16:00,R07-ZA,20.105,1.255,0,0,amplifier_degradation,2,3
2026-09-01 07:18:00,R07-ZA,19.457,2.229,0,0,amplifier_degradation,2,3
2026-09-01 07:20:00,R07-ZA,20.18,0.518,0,0,amplifier_degradation,2,3
2026-09-01 07:22:00,R07-ZA,20.247,0.808,0,0,amplifier_degradation,2,3
2026-09-01 07:24:00,R07-ZA,20.111,1.027,0,0,amplifier_degradation,2,3
2026-09-01 07:26:00,R07-ZA,19.961,1.798,0,0,amplifier_degradation,2,3
2026-09-01 07:28:00,R07-ZA,20.194,-0.087,0,0,amplifier_degradation,2,3
2026-09-01 07:30:00,R07-ZA,20.22,0.299,0,0,amplifier_degradation,2,3
2026-09-01 07:32:00,R07-ZA,20.013,1.338,0,0,amplifier_degradation,2,3
2026-09-01 07:34:00,R07-ZA,19.925,-1.587,0,0,amplifier_degradation,2,3
2026-09-01 07:36:00,R07-ZA,20.041,1.474,0,0,amplifier_degradation,2,3
2026-09-01 07:38:00,R07-ZA,20.08,-1.25,0,0,amplifier_degradation,2,3
2026-09-01 07:40:00,R07-ZA,20.213,0.405,0,0,amplifier_degradation,2,3
2026-09-01 07:42:00,R07-ZA,20.085,0.597,0,0,amplifier_degradation,2,3
2026-09-01 07:44:00,R07-ZA,20.174,0.373,0,0,amplifier_degradation,2,3
2026-09-01 07:46:00,R07-ZA,20.178,-0.222,0,0,amplifier_degradation,2,3
2026-09-01 07:48:00,R07-ZA,20.164,-0.416,0,0,amplifier_degradation,2,3
2026-09-01 07:50:00,R07-ZA,20.139,0.347,0,0,amplifier_degradation,2,3
2026-09-01 07:52:00,R07-ZA,20.223,-0.284,0,0,amplifier_degradation,2,3
2026-09-01 07:54:00,R07-ZA,20.054,1.032,0,0,none,-1,-1
2026-09-01 07:56:00,R07-ZA,19.737,0.902,0,0,none,-1,-1
2026-09-01 07:58:00,R07-ZA,20.031,1.194,0,0,none,-1,-1
2026-09-01 08:00:00,R07-ZA,19.834,1.774,0,0,none,-1,-1
2026-09-01 08:02:00,R07-ZA,20.057,0.971,0,0,none,-1,-1
2026-09-01 08:04:00,R07-ZA,19.791,1.904,0,0,none,-1,-1
2026-09-01 08:06:00,R07-ZA,19.083,2.469,0,0,none,-1,-1
2026-09-01 08:08:00,R07-ZA,20.158,0.18,0,0,none,-1,-1
2026-09-01 08:10:00,R07-ZA,19.579,1.856,0,0,none,-1,-1
2026-09-01 08:12:00,R07-ZA,19.686,1.21,0,0,none,-1,-1
2026-09-01 08:14:00,R07-ZA,19.553,1.264,0,0,none,-1,-1
2026-09-01 08:16:00,R07-ZA,19.074,1.838,0,0,none,-1,-1
2026-09-01 08:18:00,R07-ZA,20.153,-0.156,0,0,none,-1,-1
2026-09-01 08:20:00,R07-ZA,20.082,1.064,0,0,none,-1,-1
2026-09-01 08:22:00,R07-ZA,19.908,1.212,0,0,none,-1,-1
2026-09-01 08:24:00,R07-ZA,19.498,2.64,0,0,none,-1,-1
2026-09-01 08:26:00,R07-ZA,19.303,1.671,0,0,none,-1,-1
2026-09-01 08:28:00,R07-ZA,19.426,2.227,0,0,none,-1,-1
2026-09-01 08:30:00,R07-ZA,20.058,0.25,0,0,none,-1,-1
2026-09-01 08:32:00,R07-ZA,19.787,1.163,0,0,none,-1,-1
2026-09-01 08:34:00,R07-ZA,19.755,1.198,0,0,none,-1,-1
2026-09-01 08:36:00,R07-ZA,20.111,-0.211,0,0,none,-1,-1
2026-09-01 08:38:00,R07-ZA,19.475,2.086,0,0,fiber_degradation,8,4
2026-09-01 08:40:00,R07-ZA,20.017,0.671,0,0,fiber_degradation,8,4
2026-09-01 08:42:00,R07-ZA,19.812,-1.532,0,0,fiber_degradation,8,4
2026-09-01 08:44:00,R07-ZA,20.12,0.083,0,0,fiber_degradation,8,4
2026-09-01 08:46:00,R07-ZA,19.702,-1.487,0,0,fiber_degradation,8,4
2026-09-01 08:48:00,R07-ZA,19.607,-2.715,0,0,fiber_degradation,8,4
2026-09-01 08:50:00,R07-ZA,19.518,-2.39,0,0,fiber_degradation,8,4
2026-09-01 08:52:00,R07-ZA,18.737,-4.234,0,0,fiber_degradation,8,4
2026-09-01 08:54:00,R07-ZA,18.414,-4.725,0,0,fiber_degradation,8,4
2026-09-01 08:56:00,R07-ZA,18.151,-4.339,0,0,fiber_degradation,8,4
2026-09-01 08:58:00,R07-ZA,17.773,-5.341,0,0,fiber_degradation,8,4
2026-09-01 09:00:00,R07-ZA,17.457,-5.515,0,0,fiber_degradation,8,4
2026-09-01 09:02:00,R07-ZA,17.451,-5.631,0,0,fiber_degradation,8,4
2026-09-01 09:04:00,R07-ZA,16.023,-8.532,1,0,fiber_degradation,8,4
2026-09-01 09:06:00,R07-ZA,16.693,-6.764,1,0,fiber_degradation,8,4
2026-09-01 09:08:00,R07-ZA,15.769,-7.784,1,0,fiber_degradation,8,4
2026-09-01 09:10:00,R07-ZA,15.698,-7.866,1,0,fiber_degradation,8,4
2026-09-01 09:12:00,R07-ZA,14.377,-9.398,1,0,fiber_degradation,8,4
2026-09-01 09:14:00,R07-ZA,14.211,-10.138,1,0,fiber_degradation,8,4
2026-09-01 09:16:00,R07-ZA,13.402,-10.775,1,0,fiber_degradation,8,4
2026-09-01 09:18:00,R07-ZA,13.655,-9.975,1,0,fiber_degradation,8,4
2026-09-01 09:20:00,R07-ZA,13.273,-11.058,1,0,fiber_degradation,8,4
2026-09-01 09:22:00,R07-ZA,12.938,-11.381,1,1,fiber_degradation,8,4
2026-09-01 09:24:00,R07-ZA,12.0,-12.411,1,1,fiber_degradation,8,4
2026-09-01 09:26:00,R07-ZA,11.474,-12.932,1,1,fiber_degradation,8,4
2026-09-01 09:28:00,R07-ZA,11.63,-13.067,1,1,fiber_degradation,8,4
2026-09-01 09:30:00,R07-ZA,12.348,-12.537,1,1,fiber_degradation,8,4
2026-09-01 09:32:00,R07-ZA,11.695,-12.685,1,1,fiber_degradation,8,4
2026-09-01 09:34:00,R07-ZA,11.768,-12.768,1,1,fiber_degradation,8,4
2026-09-01 09:36:00,R07-ZA,11.746,-12.745,1,1,fiber_degradation,8,4
2026-09-01 09:38:00,R07-ZA,11.899,-11.984,1,1,fiber_degradation,8,4
2026-09-01 09:40:00,R07-ZA,11.95,-12.758,1,1,fiber_degradation,8,4
2026-09-01 09:42:00,R07-ZA,12.112,-12.6,1,1,fiber_degradation,8,4
2026-09-01 09:44:00,R07-ZA,11.66,-12.551,1,1,fiber_degradation,8,4
2026-09-01 09:46:00,R07-ZA,12.089,-11.919,1,1,fiber_degradation,8,4
2026-09-01 09:48:00,R07-ZA,11.776,-13.001,1,1,fiber_degradation,8,4
2026-09-01 09:50:00,R07-ZA,13.01,-11.667,1,0,fiber_degradation,8,4
2026-09-01 09:52:00,R07-ZA,12.467,-11.797,1,1,fiber_degradation,8,4
2026-09-01 09:54:00,R07-ZA,10.895,-14.14,1,1,fiber_degradation,8,4
2026-09-01 09:56:00,R07-ZA,11.31,-13.149,1,1,fiber_degradation,8,4
2026-09-01 09:58:00,R07-ZA,10.994,-13.303,1,1,fiber_degradation,8,4
2026-09-01 00:00:00,R08-AZ,19.86,-0.087,0,0,none,-1,-1
2026-09-01 00:02:00,R08-AZ,20.125,-0.492,0,0,none,-1,-1
2026-09-01 00:04:00,R08-AZ,19.605,-0.649,0,0,none,-1,-1
2026-09-01 00:06:00,R08-AZ,19.657,-0.216,0,0,none,-1,-1
2026-09-01 00:08:00,R08-AZ,19.454,0.981,0,0,none,-1,-1
2026-09-01 00:10:00,R08-AZ,20.091,-0.961,0,0,amplifier_degradation,5,0
2026-09-01 00:12:00,R08-AZ,20.174,-0.421,0,0,amplifier_degradation,5,0
2026-09-01 00:14:00,R08-AZ,19.973,-3.19,0,0,amplifier_degradation,5,0
2026-09-01 00:16:00,R08-AZ,18.488,-5.993,0,0,amplifier_degradation,5,0
2026-09-01 00:18:00,R08-AZ,18.082,-5.814,0,0,amplifier_degradation,5,0
2026-09-01 00:20:00,R08-AZ,17.817,-6.448,1,0,amplifier_degradation,5,0
2026-09-01 00:22:00,R08-AZ,15.518,-9.217,1,0,amplifier_degradation,5,0
2026-09-01 00:24:00,R08-AZ,14.984,-9.579,1,0,amplifier_degradation,5,0
2026-09-01 00:26:00,R08-AZ,14.173,-10.693,1,0,amplifier_degradation,5,0
2026-09-01 00:28:00,R08-AZ,12.082,-12.524,1,1,amplifier_degradation,5,0
2026-09-01 00:30:00,R08-AZ,11.449,-13.306,1,1,amplifier_degradation,5,0
2026-09-01 00:32:00,R08-AZ,12.149,-12.406,1,1,amplifier_degradation,5,0
2026-09-01 00:34:00,R08-AZ,12.882,-11.673,1,1,amplifier_degradation,5,0
2026-09-01 00:36:00,R08-AZ,12.861,-12.056,1,1,amplifier_degradation,5,0
2026-09-01 00:38:00,R08-AZ,13.35,-11.179,1,0,amplifier_degradation,5,0
2026-09-01 00:40:00,R08-AZ,11.737,-13.121,1,1,amplifier_degradation,5,0
2026-09-01 00:42:00,R08-AZ,12.481,-12.828,1,1,amplifier_degradation,5,0
2026-09-01 00:44:00,R08-AZ,19.762,0.248,0,0,none,-1,-1
2026-09-01 00:46:00,R08-AZ,19.315,1.405,0,0,none,-1,-1
2026-09-01 00:48:00,R08-AZ,19.883,-1.671,0,0,none,-1,-1
2026-09-01 00:50:00,R08-AZ,19.949,-0.297,0,0,none,-1,-1
2026-09-01 00:52:00,R08-AZ,19.768,-0.308,0,0,none,-1,-1
2026-09-01 00:54:00,R08-AZ,20.032,-0.772,0,0,none,-1,-1
2026-09-01 00:56:00,R08-AZ,19.759,0.227,0,0,none,-1,-1
2026-09-01 00:58:00,R08-AZ,19.458,0.531,0,0,none,-1,-1
2026-09-01 01:00:00,R08-AZ,20.024,0.3,0,0,none,-1,-1
2026-09-01 01:02:00,R08-AZ,19.416,0.913,0,0,none,-1,-1
2026-09-01 01:04:00,R08-AZ,19.975,-1.817,0,0,none,-1,-1
2026-09-01 01:06:00,R08-AZ,19.647,0.231,0,0,none,-1,-1
2026-09-01 01:08:00,R08-AZ,19.686,-0.784,0,0,none,-1,-1
2026-09-01 01:10:00,R08-AZ,19.423,0.096,0,0,none,-1,-1
2026-09-01 01:12:00,R08-AZ,20.031,-0.996,0,0,none,-1,-1
2026-09-01 01:14:00,R08-AZ,19.711,-0.662,0,0,none,-1,-1
2026-09-01 01:16:00,R08-AZ,19.989,-0.711,0,0,none,-1,-1
2026-09-01 01:18:00,R08-AZ,20.06,-0.993,0,0,none,-1,-1
2026-09-01 01:20:00,R08-AZ,19.996,-0.634,0,0,none,-1,-1
2026-09-01 01:22:00,R08-AZ,20.063,-2.134,0,0,none,-1,-1
2026-09-01 01:24:00,R08-AZ,20.134,-0.822,0,0,none,-1,-1
2026-09-01 01:26:00,R08-AZ,19.834,-0.074,0,0,none,-1,-1
2026-09-01 01:28:00,R08-AZ,19.195,0.177,0,0,none,-1,-1
2026-09-01 01:30:00,R08-AZ,19.985,-2.102,0,0,none,-1,-1
2026-09-01 01:32:00,R08-AZ,19.721,-0.044,0,0,none,-1,-1
2026-09-01 01:34:00,R08-AZ,19.642,-0.797,0,0,none,-1,-1
2026-09-01 01:36:00,R08-AZ,19.893,-0.278,0,0,none,-1,-1
2026-09-01 01:38:00,R08-AZ,19.981,-1.557,0,0,none,-1,-1
2026-09-01 01:40:00,R08-AZ,20.019,-0.414,0,0,none,-1,-1
2026-09-01 01:42:00,R08-AZ,19.961,-0.582,0,0,none,-1,-1
2026-09-01 01:44:00,R08-AZ,18.969,1.411,0,0,none,-1,-1
2026-09-01 01:46:00,R08-AZ,20.116,-1.343,0,0,none,-1,-1
2026-09-01 01:48:00,R08-AZ,20.031,-0.681,0,0,none,-1,-1
2026-09-01 01:50:00,R08-AZ,19.567,-0.892,0,0,none,-1,-1
2026-09-01 01:52:00,R08-AZ,19.985,-0.081,0,0,none,-1,-1
2026-09-01 01:54:00,R08-AZ,20.172,-0.817,0,0,none,-1,-1
2026-09-01 01:56:00,R08-AZ,19.565,-0.509,0,0,none,-1,-1
2026-09-01 01:58:00,R08-AZ,20.127,-1.786,0,0,none,-1,-1
2026-09-01 02:00:00,R08-AZ,19.918,-1.11,0,0,none,-1,-1
2026-09-01 02:02:00,R08-AZ,20.064,-1.493,0,0,none,-1,-1
2026-09-01 02:04:00,R08-AZ,19.939,-0.994,0,0,none,-1,-1
2026-09-01 02:06:00,R08-AZ,19.863,-0.278,0,0,none,-1,-1
2026-09-01 02:08:00,R08-AZ,19.749,-0.475,0,0,none,-1,-1
2026-09-01 02:10:00,R08-AZ,20.027,-1.295,0,0,none,-1,-1
2026-09-01 02:12:00,R08-AZ,-4.546,-39.492,1,1,fiber_cut,18,1
2026-09-01 02:14:00,R08-AZ,-8.057,-42.922,1,1,fiber_cut,18,1
2026-09-01 02:16:00,R08-AZ,-5.71,-40.74,1,1,fiber_cut,18,1
2026-09-01 02:18:00,R08-AZ,-5.888,-40.866,1,1,fiber_cut,18,1
2026-09-01 02:20:00,R08-AZ,-7.55,-42.578,1,1,fiber_cut,18,1
2026-09-01 02:22:00,R08-AZ,-6.988,-41.809,1,1,fiber_cut,18,1
2026-09-01 02:24:00,R08-AZ,-5.722,-40.815,1,1,fiber_cut,18,1
2026-09-01 02:26:00,R08-AZ,-5.706,-40.933,1,1,fiber_cut,18,1
2026-09-01 02:28:00,R08-AZ,-7.356,-42.236,1,1,fiber_cut,18,1
2026-09-01 02:30:00,R08-AZ,-7.209,-42.435,1,1,fiber_cut,18,1
2026-09-01 02:32:00,R08-AZ,-6.763,-41.601,1,1,fiber_cut,18,1
2026-09-01 02:34:00,R08-AZ,-6.419,-41.354,1,1,fiber_cut,18,1
2026-09-01 02:36:00,R08-AZ,-6.556,-41.523,1,1,fiber_cut,18,1
2026-09-01 02:38:00,R08-AZ,20.073,-2.211,0,0,none,-1,-1
2026-09-01 02:40:00,R08-AZ,20.089,-0.867,0,0,none,-1,-1
2026-09-01 02:42:00,R08-AZ,20.189,-1.73,0,0,none,-1,-1
2026-09-01 02:44:00,R08-AZ,19.998,-2.564,0,0,none,-1,-1
2026-09-01 02:46:00,R08-AZ,19.584,-0.029,0,0,none,-1,-1
2026-09-01 02:48:00,R08-AZ,19.97,-2.543,0,0,none,-1,-1
2026-09-01 02:50:00,R08-AZ,20.188,-1.736,0,0,none,-1,-1
2026-09-01 02:52:00,R08-AZ,19.779,-1.86,0,0,none,-1,-1
2026-09-01 02:54:00,R08-AZ,20.168,-1.495,0,0,none,-1,-1
2026-09-01 02:56:00,R08-AZ,20.039,-2.334,0,0,none,-1,-1
2026-09-01 02:58:00,R08-AZ,20.16,-0.828,0,0,none,-1,-1
2026-09-01 03:00:00,R08-AZ,20.183,-1.083,0,0,none,-1,-1
2026-09-01 03:02:00,R08-AZ,20.128,-1.583,0,0,none,-1,-1
2026-09-01 03:04:00,R08-AZ,19.942,-2.459,0,0,none,-1,-1
2026-09-01 03:06:00,R08-AZ,20.121,-1.035,0,0,none,-1,-1
2026-09-01 03:08:00,R08-AZ,19.733,-0.716,0,0,none,-1,-1
2026-09-01 03:10:00,R08-AZ,20.004,-1.735,0,0,none,-1,-1
2026-09-01 03:12:00,R08-AZ,19.758,-0.277,0,0,none,-1,-1
2026-09-01 03:14:00,R08-AZ,20.193,-1.027,0,0,none,-1,-1
2026-09-01 03:16:00,R08-AZ,20.059,-1.993,0,0,none,-1,-1
2026-09-01 03:18:00,R08-AZ,19.539,-0.062,0,0,none,-1,-1
2026-09-01 03:20:00,R08-AZ,19.875,-1.898,0,0,none,-1,-1
2026-09-01 03:22:00,R08-AZ,19.935,-0.915,0,0,none,-1,-1
2026-09-01 03:24:00,R08-AZ,19.774,-1.994,0,0,none,-1,-1
2026-09-01 03:26:00,R08-AZ,20.061,-2.673,0,0,none,-1,-1
2026-09-01 03:28:00,R08-AZ,19.807,-2.048,0,0,none,-1,-1
2026-09-01 03:30:00,R08-AZ,19.055,-0.202,0,0,none,-1,-1
2026-09-01 03:32:00,R08-AZ,19.9,-1.394,0,0,none,-1,-1
2026-09-01 03:34:00,R08-AZ,19.956,-2.724,0,0,none,-1,-1
2026-09-01 03:36:00,R08-AZ,20.235,-1.783,0,0,none,-1,-1
2026-09-01 03:38:00,R08-AZ,20.06,-1.174,0,0,none,-1,-1
2026-09-01 03:40:00,R08-AZ,19.924,-0.098,0,0,none,-1,-1
2026-09-01 03:42:00,R08-AZ,19.788,-0.188,0,0,none,-1,-1
2026-09-01 03:44:00,R08-AZ,19.685,-0.731,0,0,none,-1,-1
2026-09-01 03:46:00,R08-AZ,19.71,-1.412,0,0,none,-1,-1
2026-09-01 03:48:00,R08-AZ,19.972,-0.899,0,0,none,-1,-1
2026-09-01 03:50:00,R08-AZ,19.635,-0.949,0,0,none,-1,-1
2026-09-01 03:52:00,R08-AZ,19.89,-0.419,0,0,none,-1,-1
2026-09-01 03:54:00,R08-AZ,20.081,-1.561,0,0,none,-1,-1
2026-09-01 03:56:00,R08-AZ,19.862,-3.162,0,0,none,-1,-1
2026-09-01 03:58:00,R08-AZ,20.111,-2.262,0,0,none,-1,-1
2026-09-01 04:00:00,R08-AZ,19.9,-1.155,0,0,none,-1,-1
2026-09-01 04:02:00,R08-AZ,19.781,-2.098,0,0,none,-1,-1
2026-09-01 04:04:00,R08-AZ,18.828,0.258,0,0,none,-1,-1
2026-09-01 04:06:00,R08-AZ,20.189,-1.427,0,0,none,-1,-1
2026-09-01 04:08:00,R08-AZ,19.959,-3.566,0,0,none,-1,-1
2026-09-01 04:10:00,R08-AZ,19.887,-2.425,0,0,none,-1,-1
2026-09-01 04:12:00,R08-AZ,20.081,-1.744,0,0,none,-1,-1
2026-09-01 04:14:00,R08-AZ,20.048,-2.505,0,0,none,-1,-1
2026-09-01 04:16:00,R08-AZ,19.954,-1.285,0,0,none,-1,-1
2026-09-01 04:18:00,R08-AZ,19.988,-2.46,0,0,none,-1,-1
2026-09-01 04:20:00,R08-AZ,20.079,-2.578,0,0,none,-1,-1
2026-09-01 04:22:00,R08-AZ,20.03,-1.415,0,0,none,-1,-1
2026-09-01 04:24:00,R08-AZ,19.916,-1.676,0,0,none,-1,-1
2026-09-01 04:26:00,R08-AZ,20.083,-1.748,0,0,none,-1,-1
2026-09-01 04:28:00,R08-AZ,20.026,-1.252,0,0,none,-1,-1
2026-09-01 04:30:00,R08-AZ,20.028,-2.64,0,0,none,-1,-1
2026-09-01 04:32:00,R08-AZ,20.099,-1.116,0,0,none,-1,-1
2026-09-01 04:34:00,R08-AZ,19.859,-1.604,0,0,none,-1,-1
2026-09-01 04:36:00,R08-AZ,20.045,-1.642,0,0,none,-1,-1
2026-09-01 04:38:00,R08-AZ,20.076,-2.383,0,0,none,-1,-1
2026-09-01 04:40:00,R08-AZ,19.991,-0.88,0,0,none,-1,-1
2026-09-01 04:42:00,R08-AZ,19.689,-0.928,0,0,none,-1,-1
2026-09-01 04:44:00,R08-AZ,19.785,-0.692,0,0,none,-1,-1
2026-09-01 04:46:00,R08-AZ,20.131,-1.464,0,0,none,-1,-1
2026-09-01 04:48:00,R08-AZ,20.069,-2.433,0,0,none,-1,-1
2026-09-01 04:50:00,R08-AZ,19.88,-1.69,0,0,none,-1,-1
2026-09-01 04:52:00,R08-AZ,20.081,-1.936,0,0,none,-1,-1
2026-09-01 04:54:00,R08-AZ,20.22,-1.732,0,0,none,-1,-1
2026-09-01 04:56:00,R08-AZ,19.165,0.621,0,0,none,-1,-1
2026-09-01 04:58:00,R08-AZ,20.147,-1.217,0,0,none,-1,-1
2026-09-01 05:00:00,R08-AZ,20.037,-1.064,0,0,none,-1,-1
2026-09-01 05:02:00,R08-AZ,19.943,-2.186,0,0,none,-1,-1
2026-09-01 05:04:00,R08-AZ,20.028,-2.913,0,0,fiber_degradation,5,2
2026-09-01 05:06:00,R08-AZ,20.142,-2.095,0,0,fiber_degradation,5,2
2026-09-01 05:08:00,R08-AZ,19.836,-3.835,0,0,fiber_degradation,5,2
2026-09-01 05:10:00,R08-AZ,19.821,-3.928,0,0,fiber_degradation,5,2
2026-09-01 05:12:00,R08-AZ,19.905,-3.309,0,0,fiber_degradation,5,2
2026-09-01 05:14:00,R08-AZ,20.037,-2.146,0,0,fiber_degradation,5,2
2026-09-01 05:16:00,R08-AZ,20.121,-3.276,0,0,fiber_degradation,5,2
2026-09-01 05:18:00,R08-AZ,20.065,-2.159,0,0,fiber_degradation,5,2
2026-09-01 05:20:00,R08-AZ,19.599,-4.004,0,0,fiber_degradation,5,2
2026-09-01 05:22:00,R08-AZ,19.892,-2.929,0,0,fiber_degradation,5,2
2026-09-01 05:24:00,R08-AZ,19.896,-3.171,0,0,fiber_degradation,5,2
2026-09-01 05:26:00,R08-AZ,19.917,-3.693,0,0,fiber_degradation,5,2
2026-09-01 05:28:00,R08-AZ,20.046,-3.117,0,0,fiber_degradation,5,2
2026-09-01 05:30:00,R08-AZ,19.607,-4.345,0,0,fiber_degradation,5,2
2026-09-01 05:32:00,R08-AZ,19.959,-3.314,0,0,fiber_degradation,5,2
2026-09-01 05:34:00,R08-AZ,20.122,-2.343,0,0,fiber_degradation,5,2
2026-09-01 05:36:00,R08-AZ,19.898,-3.409,0,0,fiber_degradation,5,2
2026-09-01 05:38:00,R08-AZ,20.046,-2.513,0,0,fiber_degradation,5,2
2026-09-01 05:40:00,R08-AZ,20.13,-1.697,0,0,fiber_degradation,5,2
2026-09-01 05:42:00,R08-AZ,20.198,-1.62,0,0,fiber_degradation,5,2
2026-09-01 05:44:00,R08-AZ,20.237,-1.768,0,0,fiber_degradation,5,2
2026-09-01 05:46:00,R08-AZ,19.851,-3.564,0,0,fiber_degradation,5,2
2026-09-01 05:48:00,R08-AZ,20.227,-1.178,0,0,fiber_degradation,5,2
2026-09-01 05:50:00,R08-AZ,20.051,-2.837,0,0,fiber_degradation,5,2
2026-09-01 05:52:00,R08-AZ,20.149,-1.453,0,0,fiber_degradation,5,2
2026-09-01 05:54:00,R08-AZ,19.876,-3.125,0,0,fiber_degradation,5,2
2026-09-01 05:56:00,R08-AZ,20.09,-2.841,0,0,fiber_degradation,5,2
2026-09-01 05:58:00,R08-AZ,20.016,-2.92,0,0,fiber_degradation,5,2
2026-09-01 06:00:00,R08-AZ,20.113,-2.06,0,0,fiber_degradation,5,2
2026-09-01 06:02:00,R08-AZ,19.871,-3.248,0,0,fiber_degradation,5,2
2026-09-01 06:04:00,R08-AZ,19.965,-3.295,0,0,fiber_degradation,5,2
2026-09-01 06:06:00,R08-AZ,20.018,-2.438,0,0,fiber_degradation,5,2
2026-09-01 06:08:00,R08-AZ,20.176,-1.91,0,0,fiber_degradation,5,2
2026-09-01 06:10:00,R08-AZ,20.069,-1.815,0,0,fiber_degradation,5,2
2026-09-01 06:12:00,R08-AZ,20.089,-1.541,0,0,none,-1,-1
2026-09-01 06:14:00,R08-AZ,19.575,-0.35,0,0,none,-1,-1
2026-09-01 06:16:00,R08-AZ,19.853,-0.474,0,0,none,-1,-1
2026-09-01 06:18:00,R08-AZ,20.102,-0.927,0,0,none,-1,-1
2026-09-01 06:20:00,R08-AZ,19.589,-0.744,0,0,none,-1,-1
2026-09-01 06:22:00,R08-AZ,19.395,0.704,0,0,none,-1,-1
2026-09-01 06:24:00,R08-AZ,19.881,-1.324,0,0,none,-1,-1
2026-09-01 06:26:00,R08-AZ,20.011,-1.034,0,0,none,-1,-1
2026-09-01 06:28:00,R08-AZ,20.052,-1.222,0,0,none,-1,-1
2026-09-01 06:30:00,R08-AZ,19.666,-0.173,0,0,none,-1,-1
2026-09-01 06:32:00,R08-AZ,19.213,0.465,0,0,none,-1,-1
2026-09-01 06:34:00,R08-AZ,19.633,-0.639,0,0,none,-1,-1
2026-09-01 06:36:00,R08-AZ,19.755,-0.088,0,0,none,-1,-1
2026-09-01 06:38:00,R08-AZ,20.054,-2.074,0,0,none,-1,-1
2026-09-01 06:40:00,R08-AZ,19.923,-1.321,0,0,none,-1,-1
2026-09-01 06:42:00,R08-AZ,19.003,0.381,0,0,none,-1,-1
2026-09-01 06:44:00,R08-AZ,19.807,-0.475,0,0,none,-1,-1
2026-09-01 06:46:00,R08-AZ,19.766,-1.193,0,0,none,-1,-1
2026-09-01 06:48:00,R08-AZ,19.867,-1.481,0,0,none,-1,-1
2026-09-01 06:50:00,R08-AZ,20.03,-0.682,0,0,none,-1,-1
2026-09-01 06:52:00,R08-AZ,19.717,-0.551,0,0,none,-1,-1
2026-09-01 06:54:00,R08-AZ,19.654,-0.306,0,0,none,-1,-1
2026-09-01 06:56:00,R08-AZ,19.826,-0.759,0,0,none,-1,-1
2026-09-01 06:58:00,R08-AZ,19.936,-1.292,0,0,none,-1,-1
2026-09-01 07:00:00,R08-AZ,18.755,1.549,0,0,none,-1,-1
2026-09-01 07:02:00,R08-AZ,19.514,1.111,0,0,none,-1,-1
2026-09-01 07:04:00,R08-AZ,19.886,-0.708,0,0,none,-1,-1
2026-09-01 07:06:00,R08-AZ,19.888,0.439,0,0,none,-1,-1
2026-09-01 07:08:00,R08-AZ,19.983,-1.35,0,0,none,-1,-1
2026-09-01 07:10:00,R08-AZ,20.018,-1.662,0,0,none,-1,-1
2026-09-01 07:12:00,R08-AZ,19.307,1.429,0,0,none,-1,-1
2026-09-01 07:14:00,R08-AZ,19.745,0.212,0,0,none,-1,-1
2026-09-01 07:16:00,R08-AZ,20.009,-0.687,0,0,none,-1,-1
2026-09-01 07:18:00,R08-AZ,19.732,-0.639,0,0,none,-1,-1
2026-09-01 07:20:00,R08-AZ,20.134,-0.408,0,0,none,-1,-1
2026-09-01 07:22:00,R08-AZ,20.104,-1.415,0,0,none,-1,-1
2026-09-01 07:24:00,R08-AZ,-15.092,-40.459,1,1,fiber_cut,7,3
2026-09-01 07:26:00,R08-AZ,-14.992,-40.235,1,1,fiber_cut,7,3
2026-09-01 07:28:00,R08-AZ,-14.476,-40.087,1,1,fiber_cut,7,3
2026-09-01 07:30:00,R08-AZ,-14.352,-39.489,1,1,fiber_cut,7,3
2026-09-01 07:32:00,R08-AZ,-14.268,-39.159,1,1,fiber_cut,7,3
2026-09-01 07:34:00,R08-AZ,-16.144,-42.044,1,1,fiber_cut,7,3
2026-09-01 07:36:00,R08-AZ,-14.823,-40.348,1,1,fiber_cut,7,3
2026-09-01 07:38:00,R08-AZ,-14.469,-39.734,1,1,fiber_cut,7,3
2026-09-01 07:40:00,R08-AZ,-14.523,-39.813,1,1,fiber_cut,7,3
2026-09-01 07:42:00,R08-AZ,-14.718,-39.614,1,1,fiber_cut,7,3
2026-09-01 07:44:00,R08-AZ,-14.59,-39.972,1,1,fiber_cut,7,3
2026-09-01 07:46:00,R08-AZ,-14.665,-40.562,1,1,fiber_cut,7,3
2026-09-01 07:48:00,R08-AZ,-15.448,-40.906,1,1,fiber_cut,7,3
2026-09-01 07:50:00,R08-AZ,-14.326,-39.783,1,1,fiber_cut,7,3
2026-09-01 07:52:00,R08-AZ,-14.095,-39.825,1,1,fiber_cut,7,3
2026-09-01 07:54:00,R08-AZ,-16.482,-42.547,1,1,fiber_cut,7,3
2026-09-01 07:56:00,R08-AZ,-14.545,-39.239,1,1,fiber_cut,7,3
2026-09-01 07:58:00,R08-AZ,-13.612,-38.734,1,1,fiber_cut,7,3
2026-09-01 08:00:00,R08-AZ,-15.308,-40.776,1,1,fiber_cut,7,3
2026-09-01 08:02:00,R08-AZ,-13.623,-38.391,1,1,fiber_cut,7,3
2026-09-01 08:04:00,R08-AZ,19.266,0.852,0,0,none,-1,-1
2026-09-01 08:06:00,R08-AZ,19.431,0.589,0,0,none,-1,-1
2026-09-01 08:08:00,R08-AZ,19.416,1.233,0,0,none,-1,-1
2026-09-01 08:10:00,R08-AZ,19.56,0.095,0,0,none,-1,-1
2026-09-01 08:12:00,R08-AZ,19.667,0.326,0,0,none,-1,-1
2026-09-01 08:14:00,R08-AZ,19.58,-0.44,0,0,none,-1,-1
2026-09-01 08:16:00,R08-AZ,19.06,0.205,0,0,none,-1,-1
2026-09-01 08:18:00,R08-AZ,19.813,0.758,0,0,none,-1,-1
2026-09-01 08:20:00,R08-AZ,19.572,-0.065,0,0,none,-1,-1
2026-09-01 08:22:00,R08-AZ,18.79,1.666,0,0,none,-1,-1
2026-09-01 08:24:00,R08-AZ,19.127,0.944,0,0,none,-1,-1
2026-09-01 08:26:00,R08-AZ,19.719,0.849,0,0,none,-1,-1
2026-09-01 08:28:00,R08-AZ,19.235,0.886,0,0,fiber_degradation,4,4
2026-09-01 08:30:00,R08-AZ,19.787,-0.422,0,0,fiber_degradation,4,4
2026-09-01 08:32:00,R08-AZ,18.837,1.872,0,0,fiber_degradation,4,4
2026-09-01 08:34:00,R08-AZ,19.855,0.075,0,0,fiber_degradation,4,4
2026-09-01 08:36:00,R08-AZ,19.967,-0.804,0,0,fiber_degradation,4,4
2026-09-01 08:38:00,R08-AZ,19.866,-0.739,0,0,fiber_degradation,4,4
2026-09-01 08:40:00,R08-AZ,19.904,-2.115,0,0,fiber_degradation,4,4
2026-09-01 08:42:00,R08-AZ,19.792,-2.014,0,0,fiber_degradation,4,4
2026-09-01 08:44:00,R08-AZ,18.967,-4.28,0,0,fiber_degradation,4,4
2026-09-01 08:46:00,R08-AZ,18.705,-4.082,0,0,fiber_degradation,4,4
2026-09-01 08:48:00,R08-AZ,18.028,-4.816,0,0,fiber_degradation,4,4
2026-09-01 08:50:00,R08-AZ,18.039,-5.068,0,0,fiber_degradation,4,4
2026-09-01 08:52:00,R08-AZ,17.74,-5.796,0,0,fiber_degradation,4,4
2026-09-01 08:54:00,R08-AZ,16.998,-6.459,1,0,fiber_degradation,4,4
2026-09-01 08:56:00,R08-AZ,15.43,-8.782,1,0,fiber_degradation,4,4
2026-09-01 08:58:00,R08-AZ,16.285,-6.68,1,0,fiber_degradation,4,4
2026-09-01 09:00:00,R08-AZ,15.843,-7.357,1,0,fiber_degradation,4,4
2026-09-01 09:02:00,R08-AZ,15.319,-8.066,1,0,fiber_degradation,4,4
2026-09-01 09:04:00,R08-AZ,15.785,-6.959,1,0,fiber_degradation,4,4
2026-09-01 09:06:00,R08-AZ,15.669,-7.552,1,0,fiber_degradation,4,4
2026-09-01 09:08:00,R08-AZ,15.875,-7.939,1,0,fiber_degradation,4,4
2026-09-01 09:10:00,R08-AZ,16.287,-7.244,1,0,fiber_degradation,4,4
2026-09-01 09:12:00,R08-AZ,15.881,-7.396,1,0,fiber_degradation,4,4
2026-09-01 09:14:00,R08-AZ,15.003,-8.763,1,0,fiber_degradation,4,4
2026-09-01 09:16:00,R08-AZ,15.42,-8.013,1,0,fiber_degradation,4,4
2026-09-01 09:18:00,R08-AZ,16.385,-6.824,1,0,fiber_degradation,4,4
2026-09-01 09:20:00,R08-AZ,19.828,-0.148,0,0,none,-1,-1
2026-09-01 09:22:00,R08-AZ,19.123,2.117,0,0,none,-1,-1
2026-09-01 09:24:00,R08-AZ,19.415,0.287,0,0,none,-1,-1
2026-09-01 09:26:00,R08-AZ,20.019,-0.309,0,0,none,-1,-1
2026-09-01 09:28:00,R08-AZ,19.241,0.898,0,0,none,-1,-1
2026-09-01 09:30:00,R08-AZ,18.961,0.78,0,0,fiber_degradation,8,5
2026-09-01 09:32:00,R08-AZ,19.699,-0.018,0,0,fiber_degradation,8,5
2026-09-01 09:34:00,R08-AZ,19.676,-0.689,0,0,fiber_degradation,8,5
2026-09-01 09:36:00,R08-AZ,19.752,-1.461,0,0,fiber_degradation,8,5
2026-09-01 09:38:00,R08-AZ,19.468,-3.803,0,0,fiber_degradation,8,5
2026-09-01 09:40:00,R08-AZ,19.59,-2.73,0,0,fiber_degradation,8,5
2026-09-01 09:42:00,R08-AZ,19.024,-4.385,0,0,fiber_degradation,8,5
2026-09-01 09:44:00,R08-AZ,18.573,-4.907,0,0,fiber_degradation,8,5
2026-09-01 09:46:00,R08-AZ,17.641,-6.249,1,0,fiber_degradation,8,5
2026-09-01 09:48:00,R08-AZ,18.26,-5.202,0,0,fiber_degradation,8,5
2026-09-01 09:50:00,R08-AZ,17.468,-7.054,1,0,fiber_degradation,8,5
2026-09-01 09:52:00,R08-AZ,17.99,-6.234,1,0,fiber_degradation,8,5
2026-09-01 09:54:00,R08-AZ,18.429,-4.946,0,0,fiber_degradation,8,5
2026-09-01 09:56:00,R08-AZ,18.054,-5.546,0,0,fiber_degradation,8,5
2026-09-01 09:58:00,R08-AZ,17.687,-6.263,1,0,fiber_degradation,8,5
2026-09-01 00:00:00,R08-ZA,20.409,-1.852,0,0,none,-1,-1
2026-09-01 00:02:00,R08-ZA,20.426,-1.755,0,0,none,-1,-1
2026-09-01 00:04:00,R08-ZA,20.1,0.478,0,0,none,-1,-1
2026-09-01 00:06:00,R08-ZA,20.315,-1.347,0,0,none,-1,-1
2026-09-01 00:08:00,R08-ZA,20.464,-1.059,0,0,none,-1,-1
2026-09-01 00:10:00,R08-ZA,20.444,-1.369,0,0,none,-1,-1
2026-09-01 00:12:00,R08-ZA,19.894,-3.41,0,0,none,-1,-1
2026-09-01 00:14:00,R08-ZA,18.484,-6.817,1,0,amplifier_degradation,13,0
2026-09-01 00:16:00,R08-ZA,18.073,-7.527,1,0,amplifier_degradation,13,0
2026-09-01 00:18:00,R08-ZA,18.392,-7.291,1,0,amplifier_degradation,13,0
2026-09-01 00:20:00,R08-ZA,17.76,-8.023,1,0,amplifier_degradation,13,0
2026-09-01 00:22:00,R08-ZA,17.796,-8.69,1,0,amplifier_degradation,13,0
2026-09-01 00:24:00,R08-ZA,17.587,-8.506,1,0,amplifier_degradation,13,0
2026-09-01 00:26:00,R08-ZA,18.22,-7.534,1,0,amplifier_degradation,13,0
2026-09-01 00:28:00,R08-ZA,18.197,-7.621,1,0,amplifier_degradation,13,0
2026-09-01 00:30:00,R08-ZA,18.201,-7.185,1,0,amplifier_degradation,13,0
2026-09-01 00:32:00,R08-ZA,18.398,-6.855,1,0,amplifier_degradation,13,0
2026-09-01 00:34:00,R08-ZA,18.465,-7.185,1,0,amplifier_degradation,13,0
2026-09-01 00:36:00,R08-ZA,18.134,-8.132,1,0,amplifier_degradation,13,0
2026-09-01 00:38:00,R08-ZA,17.701,-8.413,1,0,amplifier_degradation,13,0
2026-09-01 00:40:00,R08-ZA,18.267,-7.254,1,0,amplifier_degradation,13,0
2026-09-01 00:42:00,R08-ZA,18.102,-7.85,1,0,amplifier_degradation,13,0
2026-09-01 00:44:00,R08-ZA,18.534,-6.781,1,0,amplifier_degradation,13,0
2026-09-01 00:46:00,R08-ZA,18.426,-7.002,1,0,amplifier_degradation,13,0
2026-09-01 00:48:00,R08-ZA,17.952,-7.997,1,0,amplifier_degradation,13,0
2026-09-01 00:50:00,R08-ZA,17.97,-8.21,1,0,amplifier_degradation,13,0
2026-09-01 00:52:00,R08-ZA,18.368,-7.073,1,0,amplifier_degradation,13,0
2026-09-01 00:54:00,R08-ZA,18.362,-7.443,1,0,amplifier_degradation,13,0
2026-09-01 00:56:00,R08-ZA,18.759,-6.65,1,0,amplifier_degradation,13,0
2026-09-01 00:58:00,R08-ZA,17.982,-8.034,1,0,amplifier_degradation,13,0
2026-09-01 01:00:00,R08-ZA,18.816,-6.516,1,0,amplifier_degradation,13,0
2026-09-01 01:02:00,R08-ZA,18.296,-7.317,1,0,amplifier_degradation,13,0
2026-09-01 01:04:00,R08-ZA,18.181,-7.027,1,0,amplifier_degradation,13,0
2026-09-01 01:06:00,R08-ZA,17.723,-8.585,1,0,amplifier_degradation,13,0
2026-09-01 01:08:00,R08-ZA,18.355,-7.132,1,0,amplifier_degradation,13,0
2026-09-01 01:10:00,R08-ZA,18.314,-7.356,1,0,amplifier_degradation,13,0
2026-09-01 01:12:00,R08-ZA,18.23,-7.801,1,0,amplifier_degradation,13,0
2026-09-01 01:14:00,R08-ZA,17.815,-8.027,1,0,amplifier_degradation,13,0
2026-09-01 01:16:00,R08-ZA,18.317,-7.504,1,0,amplifier_degradation,13,0
2026-09-01 01:18:00,R08-ZA,20.389,-1.798,0,0,none,-1,-1
2026-09-01 01:20:00,R08-ZA,20.341,-2.519,0,0,none,-1,-1
2026-09-01 01:22:00,R08-ZA,20.522,-1.404,0,0,none,-1,-1
2026-09-01 01:24:00,R08-ZA,20.456,-1.168,0,0,none,-1,-1
2026-09-01 01:26:00,R08-ZA,20.303,-2.818,0,0,none,-1,-1
2026-09-01 01:28:00,R08-ZA,20.46,-0.72,0,0,none,-1,-1
2026-09-01 01:30:00,R08-ZA,20.307,-2.581,0,0,none,-1,-1
2026-09-01 01:32:00,R08-ZA,20.494,-1.376,0,0,none,-1,-1
2026-09-01 01:34:00,R08-ZA,20.433,-1.834,0,0,none,-1,-1
2026-09-01 01:36:00,R08-ZA,20.365,-1.164,0,0,none,-1,-1
2026-09-01 01:38:00,R08-ZA,20.357,-1.622,0,0,none,-1,-1
2026-09-01 01:40:00,R08-ZA,20.474,-0.571,0,0,none,-1,-1
2026-09-01 01:42:00,R08-ZA,19.95,-4.029,0,0,amplifier_degradation,19,1
2026-09-01 01:44:00,R08-ZA,20.305,-2.854,0,0,amplifier_degradation,19,1
2026-09-01 01:46:00,R08-ZA,20.425,-2.477,0,0,amplifier_degradation,19,1
2026-09-01 01:48:00,R08-ZA,20.392,-2.085,0,0,amplifier_degradation,19,1
2026-09-01 01:50:00,R08-ZA,20.243,-3.613,0,0,amplifier_degradation,19,1
2026-09-01 01:52:00,R08-ZA,20.329,-3.793,0,0,amplifier_degradation,19,1
2026-09-01 01:54:00,R08-ZA,20.413,-3.806,0,0,amplifier_degradation,19,1
2026-09-01 01:56:00,R08-ZA,20.409,-4.138,0,0,amplifier_degradation,19,1
2026-09-01 01:58:00,R08-ZA,19.98,-6.399,1,0,amplifier_degradation,19,1
2026-09-01 02:00:00,R08-ZA,20.134,-5.716,0,0,amplifier_degradation,19,1
2026-09-01 02:02:00,R08-ZA,20.149,-6.178,1,0,amplifier_degradation,19,1
2026-09-01 02:04:00,R08-ZA,20.02,-6.258,1,0,amplifier_degradation,19,1
2026-09-01 02:06:00,R08-ZA,20.28,-4.605,0,0,amplifier_degradation,19,1
2026-09-01 02:08:00,R08-ZA,20.277,-5.53,0,0,amplifier_degradation,19,1
2026-09-01 02:10:00,R08-ZA,20.391,-4.562,0,0,amplifier_degradation,19,1
2026-09-01 02:12:00,R08-ZA,20.394,-4.548,0,0,amplifier_degradation,19,1
2026-09-01 02:14:00,R08-ZA,20.404,-3.591,0,0,amplifier_degradation,19,1
2026-09-01 02:16:00,R08-ZA,20.369,-4.279,0,0,amplifier_degradation,19,1
2026-09-01 02:18:00,R08-ZA,20.467,-1.034,0,0,none,-1,-1
2026-09-01 02:20:00,R08-ZA,20.129,-3.155,0,0,none,-1,-1
2026-09-01 02:22:00,R08-ZA,20.354,-2.627,0,0,none,-1,-1
2026-09-01 02:24:00,R08-ZA,20.438,-0.631,0,0,none,-1,-1
2026-09-01 02:26:00,R08-ZA,20.455,-0.24,0,0,none,-1,-1
2026-09-01 02:28:00,R08-ZA,20.388,0.099,0,0,none,-1,-1
2026-09-01 02:30:00,R08-ZA,20.42,-0.596,0,0,none,-1,-1
2026-09-01 02:32:00,R08-ZA,20.554,0.003,0,0,none,-1,-1
2026-09-01 02:34:00,R08-ZA,20.267,-2.692,0,0,none,-1,-1
2026-09-01 02:36:00,R08-ZA,20.268,-1.191,0,0,none,-1,-1
2026-09-01 02:38:00,R08-ZA,20.318,-2.435,0,0,none,-1,-1
2026-09-01 02:40:00,R08-ZA,20.344,-2.565,0,0,none,-1,-1
2026-09-01 02:42:00,R08-ZA,20.469,-1.395,0,0,none,-1,-1
2026-09-01 02:44:00,R08-ZA,20.362,-2.473,0,0,none,-1,-1
2026-09-01 02:46:00,R08-ZA,20.412,-1.794,0,0,amplifier_degradation,4,2
2026-09-01 02:48:00,R08-ZA,20.455,-1.937,0,0,amplifier_degradation,4,2
2026-09-01 02:50:00,R08-ZA,20.495,-1.601,0,0,amplifier_degradation,4,2
2026-09-01 02:52:00,R08-ZA,20.192,-2.928,0,0,amplifier_degradation,4,2
2026-09-01 02:54:00,R08-ZA,19.519,-4.114,0,0,amplifier_degradation,4,2
2026-09-01 02:56:00,R08-ZA,19.824,-3.334,0,0,amplifier_degradation,4,2
2026-09-01 02:58:00,R08-ZA,19.707,-3.67,0,0,amplifier_degradation,4,2
2026-09-01 03:00:00,R08-ZA,19.793,-2.925,0,0,amplifier_degradation,4,2
2026-09-01 03:02:00,R08-ZA,18.696,-5.4,0,0,amplifier_degradation,4,2
2026-09-01 03:04:00,R08-ZA,19.709,-3.484,0,0,amplifier_degradation,4,2
2026-09-01 03:06:00,R08-ZA,19.082,-4.287,0,0,amplifier_degradation,4,2
2026-09-01 03:08:00,R08-ZA,19.096,-4.375,0,0,amplifier_degradation,4,2
2026-09-01 03:10:00,R08-ZA,19.274,-4.453,0,0,amplifier_degradation,4,2
2026-09-01 03:12:00,R08-ZA,18.261,-5.455,0,0,amplifier_degradation,4,2
2026-09-01 03:14:00,R08-ZA,18.88,-5.01,0,0,amplifier_degradation,4,2
2026-09-01 03:16:00,R08-ZA,18.533,-5.362,0,0,amplifier_degradation,4,2
2026-09-01 03:18:00,R08-ZA,20.429,-1.818,0,0,none,-1,-1
2026-09-01 03:20:00,R08-ZA,20.531,-1.804,0,0,none,-1,-1
2026-09-01 03:22:00,R08-ZA,20.404,-2.017,0,0,none,-1,-1
2026-09-01 03:24:00,R08-ZA,20.316,-1.574,0,0,none,-1,-1
2026-09-01 03:26:00,R08-ZA,20.49,-1.016,0,0,none,-1,-1
2026-09-01 03:28:00,R08-ZA,20.476,-0.742,0,0,none,-1,-1
2026-09-01 03:30:00,R08-ZA,20.47,-1.143,0,0,none,-1,-1
2026-09-01 03:32:00,R08-ZA,20.493,-1.559,0,0,none,-1,-1
2026-09-01 03:34:00,R08-ZA,20.384,-1.609,0,0,none,-1,-1
2026-09-01 03:36:00,R08-ZA,20.433,-1.6,0,0,none,-1,-1
2026-09-01 03:38:00,R08-ZA,20.449,-1.161,0,0,none,-1,-1
2026-09-01 03:40:00,R08-ZA,20.422,-0.735,0,0,none,-1,-1
2026-09-01 03:42:00,R08-ZA,20.336,-2.098,0,0,none,-1,-1
2026-09-01 03:44:00,R08-ZA,20.467,-1.014,0,0,none,-1,-1
2026-09-01 03:46:00,R08-ZA,20.435,-2.061,0,0,none,-1,-1
2026-09-01 03:48:00,R08-ZA,20.481,-1.442,0,0,none,-1,-1
2026-09-01 03:50:00,R08-ZA,20.284,-2.852,0,0,none,-1,-1
2026-09-01 03:52:00,R08-ZA,20.338,-0.92,0,0,none,-1,-1
2026-09-01 03:54:00,R08-ZA,20.51,-1.253,0,0,none,-1,-1
2026-09-01 03:56:00,R08-ZA,20.584,-0.767,0,0,none,-1,-1
2026-09-01 03:58:00,R08-ZA,20.395,-0.567,0,0,none,-1,-1
2026-09-01 04:00:00,R08-ZA,20.431,-2.034,0,0,none,-1,-1
2026-09-01 04:02:00,R08-ZA,20.339,-1.669,0,0,none,-1,-1
2026-09-01 04:04:00,R08-ZA,20.413,-1.823,0,0,none,-1,-1
2026-09-01 04:06:00,R08-ZA,20.404,-2.046,0,0,none,-1,-1
2026-09-01 04:08:00,R08-ZA,20.443,-0.743,0,0,none,-1,-1
2026-09-01 04:10:00,R08-ZA,20.536,-0.755,0,0,none,-1,-1
2026-09-01 04:12:00,R08-ZA,20.464,-1.916,0,0,none,-1,-1
2026-09-01 04:14:00,R08-ZA,20.538,-0.761,0,0,none,-1,-1
2026-09-01 04:16:00,R08-ZA,20.458,-0.28,0,0,none,-1,-1
2026-09-01 04:18:00,R08-ZA,20.413,-1.996,0,0,none,-1,-1
2026-09-01 04:20:00,R08-ZA,20.315,0.23,0,0,none,-1,-1
2026-09-01 04:22:00,R08-ZA,20.476,-1.216,0,0,none,-1,-1
2026-09-01 04:24:00,R08-ZA,20.372,0.328,0,0,none,-1,-1
2026-09-01 04:26:00,R08-ZA,20.43,-1.153,0,0,none,-1,-1
2026-09-01 04:28:00,R08-ZA,20.437,-0.808,0,0,none,-1,-1
2026-09-01 04:30:00,R08-ZA,20.473,-1.065,0,0,none,-1,-1
2026-09-01 04:32:00,R08-ZA,20.491,-0.955,0,0,none,-1,-1
2026-09-01 04:34:00,R08-ZA,20.359,-0.668,0,0,none,-1,-1
2026-09-01 04:36:00,R08-ZA,20.462,-1.201,0,0,none,-1,-1
2026-09-01 04:38:00,R08-ZA,20.474,-1.805,0,0,none,-1,-1
2026-09-01 04:40:00,R08-ZA,20.291,-0.003,0,0,none,-1,-1
2026-09-01 04:42:00,R08-ZA,20.481,-0.035,0,0,none,-1,-1
2026-09-01 04:44:00,R08-ZA,20.508,-1.272,0,0,none,-1,-1
2026-09-01 04:46:00,R08-ZA,20.384,-1.805,0,0,none,-1,-1
2026-09-01 04:48:00,R08-ZA,20.51,-1.497,0,0,none,-1,-1
2026-09-01 04:50:00,R08-ZA,20.359,0.102,0,0,none,-1,-1
2026-09-01 04:52:00,R08-ZA,20.41,-0.976,0,0,none,-1,-1
2026-09-01 04:54:00,R08-ZA,20.32,-0.429,0,0,none,-1,-1
2026-09-01 04:56:00,R08-ZA,20.389,-1.807,0,0,fiber_degradation,15,3
2026-09-01 04:58:00,R08-ZA,20.282,-1.055,0,0,fiber_degradation,15,3
2026-09-01 05:00:00,R08-ZA,20.077,-2.932,0,0,fiber_degradation,15,3
2026-09-01 05:02:00,R08-ZA,19.46,-5.536,0,0,fiber_degradation,15,3
2026-09-01 05:04:00,R08-ZA,19.515,-4.657,0,0,fiber_degradation,15,3
2026-09-01 05:06:00,R08-ZA,19.544,-4.374,0,0,fiber_degradation,15,3
2026-09-01 05:08:00,R08-ZA,18.999,-6.069,1,0,fiber_degradation,15,3
2026-09-01 05:10:00,R08-ZA,18.561,-6.544,1,0,fiber_degradation,15,3
2026-09-01 05:12:00,R08-ZA,18.135,-7.547,1,0,fiber_degradation,15,3
2026-09-01 05:14:00,R08-ZA,17.174,-9.16,1,0,fiber_degradation,15,3
2026-09-01 05:16:00,R08-ZA,17.649,-8.311,1,0,fiber_degradation,15,3
2026-09-01 05:18:00,R08-ZA,16.972,-9.507,1,0,fiber_degradation,15,3
2026-09-01 05:20:00,R08-ZA,16.573,-10.041,1,0,fiber_degradation,15,3
2026-09-01 05:22:00,R08-ZA,15.724,-11.293,1,0,fiber_degradation,15,3
2026-09-01 05:24:00,R08-ZA,16.192,-10.175,1,0,fiber_degradation,15,3
2026-09-01 05:26:00,R08-ZA,15.448,-11.666,1,0,fiber_degradation,15,3
2026-09-01 05:28:00,R08-ZA,14.105,-13.468,1,0,fiber_degradation,15,3
2026-09-01 05:30:00,R08-ZA,15.746,-11.114,1,0,fiber_degradation,15,3
2026-09-01 05:32:00,R08-ZA,16.44,-10.291,1,0,fiber_degradation,15,3
2026-09-01 05:34:00,R08-ZA,15.728,-11.188,1,0,fiber_degradation,15,3
2026-09-01 05:36:00,R08-ZA,14.844,-12.598,1,0,fiber_degradation,15,3
2026-09-01 05:38:00,R08-ZA,15.853,-10.947,1,0,fiber_degradation,15,3
2026-09-01 05:40:00,R08-ZA,15.916,-10.914,1,0,fiber_degradation,15,3
2026-09-01 05:42:00,R08-ZA,15.745,-11.4,1,0,fiber_degradation,15,3
2026-09-01 05:44:00,R08-ZA,20.444,-1.326,0,0,none,-1,-1
2026-09-01 05:46:00,R08-ZA,20.379,-0.574,0,0,none,-1,-1
2026-09-01 05:48:00,R08-ZA,20.484,-0.714,0,0,none,-1,-1
2026-09-01 05:50:00,R08-ZA,20.209,-0.26,0,0,none,-1,-1
2026-09-01 05:52:00,R08-ZA,20.507,-0.239,0,0,none,-1,-1
2026-09-01 05:54:00,R08-ZA,19.962,1.188,0,0,none,-1,-1
2026-09-01 05:56:00,R08-ZA,20.434,-1.628,0,0,none,-1,-1
2026-09-01 05:58:00,R08-ZA,20.398,0.077,0,0,none,-1,-1
2026-09-01 06:00:00,R08-ZA,20.393,-2.032,0,0,none,-1,-1
2026-09-01 06:02:00,R08-ZA,20.389,-0.458,0,0,none,-1,-1
2026-09-01 06:04:00,R08-ZA,20.383,-1.699,0,0,none,-1,-1
2026-09-01 06:06:00,R08-ZA,20.496,-0.93,0,0,none,-1,-1
2026-09-01 06:08:00,R08-ZA,20.437,-0.526,0,0,none,-1,-1
2026-09-01 06:10:00,R08-ZA,20.5,-1.102,0,0,none,-1,-1
2026-09-01 06:12:00,R08-ZA,20.329,1.109,0,0,none,-1,-1
2026-09-01 06:14:00,R08-ZA,20.171,0.304,0,0,none,-1,-1
2026-09-01 06:16:00,R08-ZA,20.298,-0.0,0,0,none,-1,-1
2026-09-01 06:18:00,R08-ZA,20.435,-0.893,0,0,none,-1,-1
2026-09-01 06:20:00,R08-ZA,20.305,0.25,0,0,none,-1,-1
2026-09-01 06:22:00,R08-ZA,20.343,-2.751,0,0,none,-1,-1
2026-09-01 06:24:00,R08-ZA,20.198,0.663,0,0,none,-1,-1
2026-09-01 06:26:00,R08-ZA,20.54,-0.059,0,0,none,-1,-1
2026-09-01 06:28:00,R08-ZA,20.275,0.696,0,0,none,-1,-1
2026-09-01 06:30:00,R08-ZA,20.19,0.116,0,0,none,-1,-1
2026-09-01 06:32:00,R08-ZA,19.953,-3.757,0,0,amplifier_degradation,15,4
2026-09-01 06:34:00,R08-ZA,19.945,-2.593,0,0,amplifier_degradation,15,4
2026-09-01 06:36:00,R08-ZA,19.96,-2.566,0,0,amplifier_degradation,15,4
2026-09-01 06:38:00,R08-ZA,19.655,-3.93,0,0,amplifier_degradation,15,4
2026-09-01 06:40:00,R08-ZA,20.077,-2.303,0,0,amplifier_degradation,15,4
2026-09-01 06:42:00,R08-ZA,20.008,-2.895,0,0,amplifier_degradation,15,4
2026-09-01 06:44:00,R08-ZA,20.08,-2.37,0,0,amplifier_degradation,15,4
2026-09-01 06:46:00,R08-ZA,19.909,-2.782,0,0,amplifier_degradation,15,4
2026-09-01 06:48:00,R08-ZA,19.823,-3.724,0,0,amplifier_degradation,15,4
2026-09-01 06:50:00,R08-ZA,19.95,-3.476,0,0,amplifier_degradation,15,4
2026-09-01 06:52:00,R08-ZA,19.791,-4.429,0,0,amplifier_degradation,15,4
2026-09-01 06:54:00,R08-ZA,19.846,-2.764,0,0,amplifier_degradation,15,4
2026-09-01 06:56:00,R08-ZA,19.678,-4.889,0,0,amplifier_degradation,15,4
2026-09-01 06:58:00,R08-ZA,19.993,-1.365,0,0,amplifier_degradation,15,4
2026-09-01 07:00:00,R08-ZA,20.044,-2.843,0,0,amplifier_degradation,15,4
2026-09-01 07:02:00,R08-ZA,19.968,-2.127,0,0,amplifier_degradation,15,4
2026-09-01 07:04:00,R08-ZA,19.95,-3.345,0,0,amplifier_degradation,15,4
2026-09-01 07:06:00,R08-ZA,19.92,-2.909,0,0,amplifier_degradation,15,4
2026-09-01 07:08:00,R08-ZA,19.952,-3.259,0,0,amplifier_degradation,15,4
2026-09-01 07:10:00,R08-ZA,19.806,-3.171,0,0,amplifier_degradation,15,4
2026-09-01 07:12:00,R08-ZA,19.947,-3.598,0,0,amplifier_degradation,15,4
2026-09-01 07:14:00,R08-ZA,19.965,-3.219,0,0,amplifier_degradation,15,4
2026-09-01 07:16:00,R08-ZA,19.961,-3.606,0,0,amplifier_degradation,15,4
2026-09-01 07:18:00,R08-ZA,19.873,-3.001,0,0,amplifier_degradation,15,4
2026-09-01 07:20:00,R08-ZA,19.984,-3.118,0,0,amplifier_degradation,15,4
2026-09-01 07:22:00,R08-ZA,20.012,-1.413,0,0,amplifier_degradation,15,4
2026-09-01 07:24:00,R08-ZA,19.952,-3.486,0,0,amplifier_degradation,15,4
2026-09-01 07:26:00,R08-ZA,20.105,-2.115,0,0,amplifier_degradation,15,4
2026-09-01 07:28:00,R08-ZA,20.057,-3.632,0,0,amplifier_degradation,15,4
2026-09-01 07:30:00,R08-ZA,20.391,-0.183,0,0,none,-1,-1
2026-09-01 07:32:00,R08-ZA,20.525,-0.14,0,0,none,-1,-1
2026-09-01 07:34:00,R08-ZA,20.354,0.023,0,0,none,-1,-1
2026-09-01 07:36:00,R08-ZA,20.465,-0.818,0,0,none,-1,-1
2026-09-01 07:38:00,R08-ZA,20.285,-0.36,0,0,none,-1,-1
2026-09-01 07:40:00,R08-ZA,20.12,0.799,0,0,none,-1,-1
2026-09-01 07:42:00,R08-ZA,20.515,0.268,0,0,none,-1,-1
2026-09-01 07:44:00,R08-ZA,20.454,-0.638,0,0,none,-1,-1
2026-09-01 07:46:00,R08-ZA,20.164,0.984,0,0,none,-1,-1
2026-09-01 07:48:00,R08-ZA,20.517,-1.177,0,0,none,-1,-1
2026-09-01 07:50:00,R08-ZA,20.5,-0.285,0,0,none,-1,-1
2026-09-01 07:52:00,R08-ZA,19.634,1.499,0,0,none,-1,-1
2026-09-01 07:54:00,R08-ZA,20.507,-0.961,0,0,none,-1,-1
2026-09-01 07:56:00,R08-ZA,20.247,0.042,0,0,none,-1,-1
2026-09-01 07:58:00,R08-ZA,20.463,-0.726,0,0,fiber_degradation,10,5
2026-09-01 08:00:00,R08-ZA,20.571,0.109,0,0,fiber_degradation,10,5
2026-09-01 08:02:00,R08-ZA,20.251,0.326,0,0,fiber_degradation,10,5
2026-09-01 08:04:00,R08-ZA,20.097,-2.467,0,0,fiber_degradation,10,5
2026-09-01 08:06:00,R08-ZA,20.164,-1.939,0,0,fiber_degradation,10,5
2026-09-01 08:08:00,R08-ZA,19.575,-4.081,0,0,fiber_degradation,10,5
2026-09-01 08:10:00,R08-ZA,19.214,-4.741,0,0,fiber_degradation,10,5
2026-09-01 08:12:00,R08-ZA,18.479,-5.438,0,0,fiber_degradation,10,5
2026-09-01 08:14:00,R08-ZA,18.535,-6.188,1,0,fiber_degradation,10,5
2026-09-01 08:16:00,R08-ZA,18.61,-5.132,0,0,fiber_degradation,10,5
2026-09-01 08:18:00,R08-ZA,18.405,-5.909,0,0,fiber_degradation,10,5
2026-09-01 08:20:00,R08-ZA,18.518,-5.21,0,0,fiber_degradation,10,5
2026-09-01 08:22:00,R08-ZA,18.194,-6.153,1,0,fiber_degradation,10,5
2026-09-01 08:24:00,R08-ZA,18.494,-5.682,0,0,fiber_degradation,10,5
2026-09-01 08:26:00,R08-ZA,18.956,-4.56,0,0,fiber_degradation,10,5
2026-09-01 08:28:00,R08-ZA,17.812,-6.305,1,0,fiber_degradation,10,5
2026-09-01 08:30:00,R08-ZA,20.339,-1.353,0,0,none,-1,-1
2026-09-01 08:32:00,R08-ZA,20.263,-0.051,0,0,none,-1,-1
2026-09-01 08:34:00,R08-ZA,20.475,-0.108,0,0,none,-1,-1
2026-09-01 08:36:00,R08-ZA,20.479,-1.544,0,0,none,-1,-1
2026-09-01 08:38:00,R08-ZA,20.523,-0.637,0,0,none,-1,-1
2026-09-01 08:40:00,R08-ZA,20.27,-0.809,0,0,none,-1,-1
2026-09-01 08:42:00,R08-ZA,20.433,-0.34,0,0,none,-1,-1
2026-09-01 08:44:00,R08-ZA,20.262,0.209,0,0,none,-1,-1
2026-09-01 08:46:00,R08-ZA,20.154,0.461,0,0,none,-1,-1
2026-09-01 08:48:00,R08-ZA,20.448,-0.717,0,0,none,-1,-1
2026-09-01 08:50:00,R08-ZA,20.353,-0.619,0,0,none,-1,-1
2026-09-01 08:52:00,R08-ZA,20.358,-1.897,0,0,none,-1,-1
2026-09-01 08:54:00,R08-ZA,20.509,-1.092,0,0,none,-1,-1
2026-09-01 08:56:00,R08-ZA,20.381,0.138,0,0,none,-1,-1
2026-09-01 08:58:00,R08-ZA,20.4,-2.368,0,0,none,-1,-1
2026-09-01 09:00:00,R08-ZA,20.446,-1.879,0,0,none,-1,-1
2026-09-01 09:02:00,R08-ZA,20.371,-0.815,0,0,none,-1,-1
2026-09-01 09:04:00,R08-ZA,20.563,-0.104,0,0,none,-1,-1
2026-09-01 09:06:00,R08-ZA,20.415,-1.337,0,0,none,-1,-1
2026-09-01 09:08:00,R08-ZA,20.3,-0.287,0,0,none,-1,-1
2026-09-01 09:10:00,R08-ZA,20.311,-0.837,0,0,none,-1,-1
2026-09-01 09:12:00,R08-ZA,20.49,-1.01,0,0,none,-1,-1
2026-09-01 09:14:00,R08-ZA,20.376,-0.855,0,0,none,-1,-1
2026-09-01 09:16:00,R08-ZA,20.397,-1.339,0,0,none,-1,-1
2026-09-01 09:18:00,R08-ZA,20.391,-1.257,0,0,none,-1,-1
2026-09-01 09:20:00,R08-ZA,20.401,0.055,0,0,none,-1,-1
2026-09-01 09:22:00,R08-ZA,20.491,-1.252,0,0,none,-1,-1
2026-09-01 09:24:00,R08-ZA,20.54,-1.565,0,0,none,-1,-1
2026-09-01 09:26:00,R08-ZA,20.501,-0.572,0,0,none,-1,-1
2026-09-01 09:28:00,R08-ZA,20.35,-2.602,0,0,none,-1,-1
2026-09-01 09:30:00,R08-ZA,20.459,-1.868,0,0,none,-1,-1
2026-09-01 09:32:00,R08-ZA,19.891,0.148,0,0,none,-1,-1
2026-09-01 09:34:00,R08-ZA,20.471,-0.741,0,0,none,-1,-1
2026-09-01 09:36:00,R08-ZA,20.473,0.606,0,0,none,-1,-1
2026-09-01 09:38:00,R08-ZA,20.168,-1.353,0,0,none,-1,-1
2026-09-01 09:40:00,R08-ZA,20.331,-1.15,0,0,none,-1,-1
2026-09-01 09:42:00,R08-ZA,20.349,-1.229,0,0,none,-1,-1
2026-09-01 09:44:00,R08-ZA,-17.238,-41.64,1,1,fiber_cut,3,6
2026-09-01 09:46:00,R08-ZA,-16.26,-40.233,1,1,fiber_cut,3,6
2026-09-01 09:48:00,R08-ZA,-17.302,-41.192,1,1,fiber_cut,3,6
2026-09-01 09:50:00,R08-ZA,-18.061,-42.747,1,1,fiber_cut,3,6
2026-09-01 09:52:00,R08-ZA,-18.076,-42.121,1,1,fiber_cut,3,6
2026-09-01 09:54:00,R08-ZA,-16.905,-40.664,1,1,fiber_cut,3,6
2026-09-01 09:56:00,R08-ZA,-17.952,-42.521,1,1,fiber_cut,3,6
2026-09-01 09:58:00,R08-ZA,-17.186,-41.02,1,1,fiber_cut,3,6
2026-09-01 00:00:00,R09-AZ,19.831,0.527,0,0,none,-1,-1
2026-09-01 00:02:00,R09-AZ,19.936,-0.781,0,0,none,-1,-1
2026-09-01 00:04:00,R09-AZ,19.284,1.24,0,0,none,-1,-1
2026-09-01 00:06:00,R09-AZ,19.208,1.836,0,0,none,-1,-1
2026-09-01 00:08:00,R09-AZ,19.73,0.948,0,0,none,-1,-1
2026-09-01 00:10:00,R09-AZ,19.25,1.601,0,0,none,-1,-1
2026-09-01 00:12:00,R09-AZ,19.209,2.23,0,0,none,-1,-1
2026-09-01 00:14:00,R09-AZ,20.016,-0.131,0,0,none,-1,-1
2026-09-01 00:16:00,R09-AZ,19.537,1.285,0,0,none,-1,-1
2026-09-01 00:18:00,R09-AZ,19.683,0.054,0,0,none,-1,-1
2026-09-01 00:20:00,R09-AZ,19.541,1.111,0,0,fiber_degradation,14,0
2026-09-01 00:22:00,R09-AZ,19.673,0.376,0,0,fiber_degradation,14,0
2026-09-01 00:24:00,R09-AZ,19.29,-0.519,0,0,fiber_degradation,14,0
2026-09-01 00:26:00,R09-AZ,18.928,-2.89,0,0,fiber_degradation,14,0
2026-09-01 00:28:00,R09-AZ,18.504,-4.595,0,0,fiber_degradation,14,0
2026-09-01 00:30:00,R09-AZ,18.379,-4.659,0,0,fiber_degradation,14,0
2026-09-01 00:32:00,R09-AZ,17.139,-7.38,1,0,fiber_degradation,14,0
2026-09-01 00:34:00,R09-AZ,17.535,-7.021,1,0,fiber_degradation,14,0
2026-09-01 00:36:00,R09-AZ,18.114,-5.004,0,0,fiber_degradation,14,0
2026-09-01 00:38:00,R09-AZ,17.907,-5.794,0,0,fiber_degradation,14,0
2026-09-01 00:40:00,R09-AZ,17.801,-5.955,0,0,fiber_degradation,14,0
2026-09-01 00:42:00,R09-AZ,17.804,-6.181,1,0,fiber_degradation,14,0
2026-09-01 00:44:00,R09-AZ,19.686,1.115,0,0,none,-1,-1
2026-09-01 00:46:00,R09-AZ,19.677,-0.049,0,0,none,-1,-1
2026-09-01 00:48:00,R09-AZ,19.648,0.87,0,0,none,-1,-1
2026-09-01 00:50:00,R09-AZ,19.855,0.275,0,0,none,-1,-1
2026-09-01 00:52:00,R09-AZ,19.19,1.9,0,0,none,-1,-1
2026-09-01 00:54:00,R09-AZ,19.885,0.928,0,0,none,-1,-1
2026-09-01 00:56:00,R09-AZ,19.741,0.246,0,0,none,-1,-1
2026-09-01 00:58:00,R09-AZ,19.773,0.617,0,0,none,-1,-1
2026-09-01 01:00:00,R09-AZ,19.353,1.181,0,0,none,-1,-1
2026-09-01 01:02:00,R09-AZ,19.433,1.255,0,0,none,-1,-1
2026-09-01 01:04:00,R09-AZ,19.307,1.873,0,0,none,-1,-1
2026-09-01 01:06:00,R09-AZ,19.94,0.104,0,0,none,-1,-1
2026-09-01 01:08:00,R09-AZ,19.748,0.501,0,0,none,-1,-1
2026-09-01 01:10:00,R09-AZ,19.589,1.545,0,0,none,-1,-1
2026-09-01 01:12:00,R09-AZ,19.387,1.699,0,0,none,-1,-1
2026-09-01 01:14:00,R09-AZ,19.394,0.854,0,0,none,-1,-1
2026-09-01 01:16:00,R09-AZ,20.022,-0.502,0,0,none,-1,-1
2026-09-01 01:18:00,R09-AZ,19.917,-1.153,0,0,none,-1,-1
2026-09-01 01:20:00,R09-AZ,19.949,0.005,0,0,none,-1,-1
2026-09-01 01:22:00,R09-AZ,19.688,0.089,0,0,none,-1,-1
2026-09-01 01:24:00,R09-AZ,19.474,0.685,0,0,fiber_degradation,6,1
2026-09-01 01:26:00,R09-AZ,19.886,-1.339,0,0,fiber_degradation,6,1
2026-09-01 01:28:00,R09-AZ,19.809,0.441,0,0,fiber_degradation,6,1
2026-09-01 01:30:00,R09-AZ,19.836,-1.993,0,0,fiber_degradation,6,1
2026-09-01 01:32:00,R09-AZ,19.851,-0.253,0,0,fiber_degradation,6,1
2026-09-01 01:34:00,R09-AZ,19.898,-1.454,0,0,fiber_degradation,6,1
2026-09-01 01:36:00,R09-AZ,19.824,-1.407,0,0,fiber_degradation,6,1
2026-09-01 01:38:00,R09-AZ,19.689,-2.142,0,0,fiber_degradation,6,1
2026-09-01 01:40:00,R09-AZ,19.792,-1.113,0,0,fiber_degradation,6,1
2026-09-01 01:42:00,R09-AZ,19.531,-2.366,0,0,fiber_degradation,6,1
2026-09-01 01:44:00,R09-AZ,18.858,-3.417,0,0,fiber_degradation,6,1
2026-09-01 01:46:00,R09-AZ,19.454,-2.038,0,0,fiber_degradation,6,1
2026-09-01 01:48:00,R09-AZ,19.256,-2.95,0,0,fiber_degradation,6,1
2026-09-01 01:50:00,R09-AZ,18.689,-4.252,0,0,fiber_degradation,6,1
2026-09-01 01:52:00,R09-AZ,17.792,-5.82,0,0,fiber_degradation,6,1
2026-09-01 01:54:00,R09-AZ,18.47,-4.149,0,0,fiber_degradation,6,1
2026-09-01 01:56:00,R09-AZ,18.204,-4.596,0,0,fiber_degradation,6,1
2026-09-01 01:58:00,R09-AZ,18.357,-4.274,0,0,fiber_degradation,6,1
2026-09-01 02:00:00,R09-AZ,17.333,-6.729,1,0,fiber_degradation,6,1
2026-09-01 02:02:00,R09-AZ,16.917,-6.73,1,0,fiber_degradation,6,1
2026-09-01 02:04:00,R09-AZ,17.689,-5.653,0,0,fiber_degradation,6,1
2026-09-01 02:06:00,R09-AZ,17.274,-6.166,1,0,fiber_degradation,6,1
2026-09-01 02:08:00,R09-AZ,17.05,-6.485,1,0,fiber_degradation,6,1
2026-09-01 02:10:00,R09-AZ,17.248,-5.671,0,0,fiber_degradation,6,1
2026-09-01 02:12:00,R09-AZ,16.683,-6.919,1,0,fiber_degradation,6,1
2026-09-01 02:14:00,R09-AZ,16.396,-7.633,1,0,fiber_degradation,6,1
2026-09-01 02:16:00,R09-AZ,17.566,-5.067,0,0,fiber_degradation,6,1
2026-09-01 02:18:00,R09-AZ,16.482,-7.224,1,0,fiber_degradation,6,1
2026-09-01 02:20:00,R09-AZ,17.262,-6.652,1,0,fiber_degradation,6,1
2026-09-01 02:22:00,R09-AZ,17.52,-5.618,0,0,fiber_degradation,6,1
2026-09-01 02:24:00,R09-AZ,16.636,-6.797,1,0,fiber_degradation,6,1
2026-09-01 02:26:00,R09-AZ,18.076,-4.593,0,0,fiber_degradation,6,1
2026-09-01 02:28:00,R09-AZ,16.445,-7.256,1,0,fiber_degradation,6,1
2026-09-01 02:30:00,R09-AZ,15.955,-8.014,1,0,fiber_degradation,6,1
2026-09-01 02:32:00,R09-AZ,16.849,-6.754,1,0,fiber_degradation,6,1
2026-09-01 02:34:00,R09-AZ,16.401,-7.379,1,0,fiber_degradation,6,1
2026-09-01 02:36:00,R09-AZ,16.946,-6.792,1,0,fiber_degradation,6,1
2026-09-01 02:38:00,R09-AZ,19.845,-2.058,0,0,none,-1,-1
2026-09-01 02:40:00,R09-AZ,19.794,-0.528,0,0,none,-1,-1
2026-09-01 02:42:00,R09-AZ,19.962,-0.871,0,0,none,-1,-1
2026-09-01 02:44:00,R09-AZ,19.822,-2.111,0,0,none,-1,-1
2026-09-01 02:46:00,R09-AZ,19.806,-1.657,0,0,none,-1,-1
2026-09-01 02:48:00,R09-AZ,19.878,-0.421,0,0,none,-1,-1
2026-09-01 02:50:00,R09-AZ,19.821,0.476,0,0,none,-1,-1
2026-09-01 02:52:00,R09-AZ,19.803,-1.612,0,0,none,-1,-1
2026-09-01 02:54:00,R09-AZ,15.472,-8.359,1,0,flapping,5,2
2026-09-01 02:56:00,R09-AZ,15.544,-7.931,1,0,flapping,5,2
2026-09-01 02:58:00,R09-AZ,19.864,-1.169,0,0,flapping,5,2
2026-09-01 03:00:00,R09-AZ,19.933,-1.072,0,0,flapping,5,2
2026-09-01 03:02:00,R09-AZ,19.838,-1.909,0,0,flapping,5,2
2026-09-01 03:04:00,R09-AZ,20.011,-0.542,0,0,flapping,5,2
2026-09-01 03:06:00,R09-AZ,19.943,-0.467,0,0,flapping,5,2
2026-09-01 03:08:00,R09-AZ,16.063,-7.644,1,0,flapping,5,2
2026-09-01 03:10:00,R09-AZ,14.657,-9.38,1,0,flapping,5,2
2026-09-01 03:12:00,R09-AZ,14.747,-8.973,1,0,flapping,5,2
2026-09-01 03:14:00,R09-AZ,15.941,-6.999,1,0,flapping,5,2
2026-09-01 03:16:00,R09-AZ,14.623,-8.842,1,0,flapping,5,2
2026-09-01 03:18:00,R09-AZ,15.553,-8.456,1,0,flapping,5,2
2026-09-01 03:20:00,R09-AZ,19.898,-0.182,0,0,flapping,5,2
2026-09-01 03:22:00,R09-AZ,19.99,-1.012,0,0,flapping,5,2
2026-09-01 03:24:00,R09-AZ,14.563,-9.128,1,0,flapping,5,2
2026-09-01 03:26:00,R09-AZ,14.568,-9.347,1,0,flapping,5,2
2026-09-01 03:28:00,R09-AZ,19.852,-0.673,0,0,flapping,5,2
2026-09-01 03:30:00,R09-AZ,19.955,-0.878,0,0,flapping,5,2
2026-09-01 03:32:00,R09-AZ,19.757,-2.022,0,0,flapping,5,2
2026-09-01 03:34:00,R09-AZ,13.877,-10.543,1,0,flapping,5,2
2026-09-01 03:36:00,R09-AZ,19.907,-1.655,0,0,flapping,5,2
2026-09-01 03:38:00,R09-AZ,19.876,-1.382,0,0,flapping,5,2
2026-09-01 03:40:00,R09-AZ,14.877,-8.936,1,0,flapping,5,2
2026-09-01 03:42:00,R09-AZ,14.547,-9.163,1,0,flapping,5,2
2026-09-01 03:44:00,R09-AZ,19.928,-1.295,0,0,flapping,5,2
2026-09-01 03:46:00,R09-AZ,19.889,-1.483,0,0,flapping,5,2
2026-09-01 03:48:00,R09-AZ,19.749,-0.09,0,0,flapping,5,2
2026-09-01 03:50:00,R09-AZ,13.996,-9.755,1,0,flapping,5,2
2026-09-01 03:52:00,R09-AZ,14.626,-9.424,1,0,flapping,5,2
2026-09-01 03:54:00,R09-AZ,14.847,-9.528,1,0,flapping,5,2
2026-09-01 03:56:00,R09-AZ,15.354,-8.299,1,0,flapping,5,2
2026-09-01 03:58:00,R09-AZ,19.809,-2.056,0,0,flapping,5,2
2026-09-01 04:00:00,R09-AZ,19.904,-1.381,0,0,flapping,5,2
2026-09-01 04:02:00,R09-AZ,19.535,-3.173,0,0,flapping,5,2
2026-09-01 04:04:00,R09-AZ,14.563,-9.341,1,0,flapping,5,2
2026-09-01 04:06:00,R09-AZ,14.92,-8.307,1,0,flapping,5,2
2026-09-01 04:08:00,R09-AZ,19.942,-0.955,0,0,flapping,5,2
2026-09-01 04:10:00,R09-AZ,15.07,-9.031,1,0,flapping,5,2
2026-09-01 04:12:00,R09-AZ,15.584,-8.669,1,0,flapping,5,2
2026-09-01 04:14:00,R09-AZ,15.224,-8.776,1,0,flapping,5,2
2026-09-01 04:16:00,R09-AZ,19.857,-1.28,0,0,flapping,5,2
2026-09-01 04:18:00,R09-AZ,19.98,-0.218,0,0,flapping,5,2
2026-09-01 04:20:00,R09-AZ,19.933,0.137,0,0,none,-1,-1
2026-09-01 04:22:00,R09-AZ,19.678,-2.411,0,0,none,-1,-1
2026-09-01 04:24:00,R09-AZ,19.902,-1.214,0,0,none,-1,-1
2026-09-01 04:26:00,R09-AZ,19.944,-0.84,0,0,none,-1,-1
2026-09-01 04:28:00,R09-AZ,19.825,0.145,0,0,none,-1,-1
2026-09-01 04:30:00,R09-AZ,19.905,-1.082,0,0,none,-1,-1
2026-09-01 04:32:00,R09-AZ,19.907,0.655,0,0,none,-1,-1
2026-09-01 04:34:00,R09-AZ,19.748,0.419,0,0,none,-1,-1
2026-09-01 04:36:00,R09-AZ,19.703,0.35,0,0,none,-1,-1
2026-09-01 04:38:00,R09-AZ,19.821,-0.915,0,0,none,-1,-1
2026-09-01 04:40:00,R09-AZ,19.811,0.088,0,0,none,-1,-1
2026-09-01 04:42:00,R09-AZ,19.825,-1.41,0,0,none,-1,-1
2026-09-01 04:44:00,R09-AZ,19.85,-0.711,0,0,none,-1,-1
2026-09-01 04:46:00,R09-AZ,19.701,0.319,0,0,none,-1,-1
2026-09-01 04:48:00,R09-AZ,20.01,-0.14,0,0,none,-1,-1
2026-09-01 04:50:00,R09-AZ,19.889,-0.919,0,0,none,-1,-1
2026-09-01 04:52:00,R09-AZ,20.024,-0.739,0,0,none,-1,-1
2026-09-01 04:54:00,R09-AZ,19.466,1.532,0,0,none,-1,-1
2026-09-01 04:56:00,R09-AZ,19.664,0.375,0,0,none,-1,-1
2026-09-01 04:58:00,R09-AZ,19.888,0.642,0,0,none,-1,-1
2026-09-01 05:00:00,R09-AZ,19.285,0.77,0,0,none,-1,-1
2026-09-01 05:02:00,R09-AZ,19.777,0.372,0,0,none,-1,-1
2026-09-01 05:04:00,R09-AZ,19.788,-0.075,0,0,none,-1,-1
2026-09-01 05:06:00,R09-AZ,19.946,-0.063,0,0,none,-1,-1
2026-09-01 05:08:00,R09-AZ,19.197,1.469,0,0,none,-1,-1
2026-09-01 05:10:00,R09-AZ,19.842,-1.19,0,0,none,-1,-1
2026-09-01 05:12:00,R09-AZ,19.635,1.018,0,0,none,-1,-1
2026-09-01 05:14:00,R09-AZ,19.514,0.724,0,0,none,-1,-1
2026-09-01 05:16:00,R09-AZ,19.65,0.125,0,0,none,-1,-1
2026-09-01 05:18:00,R09-AZ,19.568,0.366,0,0,none,-1,-1
2026-09-01 05:20:00,R09-AZ,19.916,-0.129,0,0,amplifier_degradation,4,3
2026-09-01 05:22:00,R09-AZ,20.043,-0.361,0,0,amplifier_degradation,4,3
2026-09-01 05:24:00,R09-AZ,19.933,-1.439,0,0,amplifier_degradation,4,3
2026-09-01 05:26:00,R09-AZ,19.929,-1.543,0,0,amplifier_degradation,4,3
2026-09-01 05:28:00,R09-AZ,19.779,-1.418,0,0,amplifier_degradation,4,3
2026-09-01 05:30:00,R09-AZ,19.659,-2.321,0,0,amplifier_degradation,4,3
2026-09-01 05:32:00,R09-AZ,18.381,-3.975,0,0,amplifier_degradation,4,3
2026-09-01 05:34:00,R09-AZ,17.999,-4.915,0,0,amplifier_degradation,4,3
2026-09-01 05:36:00,R09-AZ,17.318,-6.234,1,0,amplifier_degradation,4,3
2026-09-01 05:38:00,R09-AZ,17.377,-5.599,0,0,amplifier_degradation,4,3
2026-09-01 05:40:00,R09-AZ,16.978,-6.151,1,0,amplifier_degradation,4,3
2026-09-01 05:42:00,R09-AZ,16.678,-6.288,1,0,amplifier_degradation,4,3
2026-09-01 05:44:00,R09-AZ,16.906,-6.028,1,0,amplifier_degradation,4,3
2026-09-01 05:46:00,R09-AZ,16.544,-6.607,1,0,amplifier_degradation,4,3
2026-09-01 05:48:00,R09-AZ,15.721,-7.494,1,0,amplifier_degradation,4,3
2026-09-01 05:50:00,R09-AZ,16.355,-6.563,1,0,amplifier_degradation,4,3
2026-09-01 05:52:00,R09-AZ,16.586,-6.282,1,0,amplifier_degradation,4,3
2026-09-01 05:54:00,R09-AZ,16.623,-6.772,1,0,amplifier_degradation,4,3
2026-09-01 05:56:00,R09-AZ,16.211,-6.927,1,0,amplifier_degradation,4,3
2026-09-01 05:58:00,R09-AZ,16.075,-6.873,1,0,amplifier_degradation,4,3
2026-09-01 06:00:00,R09-AZ,16.618,-6.38,1,0,amplifier_degradation,4,3
2026-09-01 06:02:00,R09-AZ,19.93,-1.623,0,0,none,-1,-1
2026-09-01 06:04:00,R09-AZ,19.322,1.359,0,0,none,-1,-1
2026-09-01 06:06:00,R09-AZ,18.836,2.183,0,0,none,-1,-1
2026-09-01 06:08:00,R09-AZ,19.646,1.269,0,0,none,-1,-1
2026-09-01 06:10:00,R09-AZ,19.447,1.757,0,0,none,-1,-1
2026-09-01 06:12:00,R09-AZ,16.1,-7.958,1,0,flapping,9,4
2026-09-01 06:14:00,R09-AZ,19.69,0.364,0,0,flapping,9,4
2026-09-01 06:16:00,R09-AZ,19.51,1.518,0,0,flapping,9,4
2026-09-01 06:18:00,R09-AZ,19.429,1.38,0,0,flapping,9,4
2026-09-01 06:20:00,R09-AZ,19.646,1.235,0,0,flapping,9,4
2026-09-01 06:22:00,R09-AZ,19.556,0.699,0,0,flapping,9,4
2026-09-01 06:24:00,R09-AZ,19.421,1.346,0,0,flapping,9,4
2026-09-01 06:26:00,R09-AZ,15.852,-8.143,1,0,flapping,9,4
2026-09-01 06:28:00,R09-AZ,15.929,-8.006,1,0,flapping,9,4
2026-09-01 06:30:00,R09-AZ,19.924,0.389,0,0,flapping,9,4
2026-09-01 06:32:00,R09-AZ,19.384,1.465,0,0,flapping,9,4
2026-09-01 06:34:00,R09-AZ,18.95,2.062,0,0,flapping,9,4
2026-09-01 06:36:00,R09-AZ,19.97,-0.332,0,0,flapping,9,4
2026-09-01 06:38:00,R09-AZ,19.223,1.779,0,0,flapping,9,4
2026-09-01 06:40:00,R09-AZ,19.873,0.319,0,0,flapping,9,4
2026-09-01 06:42:00,R09-AZ,19.51,0.944,0,0,flapping,9,4
2026-09-01 06:44:00,R09-AZ,19.513,0.934,0,0,flapping,9,4
2026-09-01 06:46:00,R09-AZ,15.862,-8.255,1,0,flapping,9,4
2026-09-01 06:48:00,R09-AZ,20.036,0.006,0,0,flapping,9,4
2026-09-01 06:50:00,R09-AZ,19.873,1.214,0,0,flapping,9,4
2026-09-01 06:52:00,R09-AZ,19.749,-0.283,0,0,flapping,9,4
2026-09-01 06:54:00,R09-AZ,19.138,1.2,0,0,flapping,9,4
2026-09-01 06:56:00,R09-AZ,19.871,-0.225,0,0,flapping,9,4
2026-09-01 06:58:00,R09-AZ,19.731,0.357,0,0,flapping,9,4
2026-09-01 07:00:00,R09-AZ,19.545,1.379,0,0,flapping,9,4
2026-09-01 07:02:00,R09-AZ,19.577,0.987,0,0,flapping,9,4
2026-09-01 07:04:00,R09-AZ,19.642,1.27,0,0,flapping,9,4
2026-09-01 07:06:00,R09-AZ,19.206,1.851,0,0,flapping,9,4
2026-09-01 07:08:00,R09-AZ,15.82,-7.916,1,0,flapping,9,4
2026-09-01 07:10:00,R09-AZ,15.318,-9.133,1,0,flapping,9,4
2026-09-01 07:12:00,R09-AZ,15.043,-9.355,1,0,flapping,9,4
2026-09-01 07:14:00,R09-AZ,14.925,-9.179,1,0,flapping,9,4
2026-09-01 07:16:00,R09-AZ,15.529,-8.613,1,0,flapping,9,4
2026-09-01 07:18:00,R09-AZ,15.514,-9.106,1,0,flapping,9,4
2026-09-01 07:20:00,R09-AZ,14.99,-9.364,1,0,flapping,9,4
2026-09-01 07:22:00,R09-AZ,19.894,-1.039,0,0,flapping,9,4
2026-09-01 07:24:00,R09-AZ,19.718,0.659,0,0,flapping,9,4
2026-09-01 07:26:00,R09-AZ,19.508,1.321,0,0,flapping,9,4
2026-09-01 07:28:00,R09-AZ,19.501,0.435,0,0,flapping,9,4
2026-09-01 07:30:00,R09-AZ,19.242,1.889,0,0,flapping,9,4
2026-09-01 07:32:00,R09-AZ,19.411,1.81,0,0,flapping,9,4
2026-09-01 07:34:00,R09-AZ,15.841,-8.143,1,0,flapping,9,4
2026-09-01 07:36:00,R09-AZ,16.237,-7.606,1,0,flapping,9,4
2026-09-01 07:38:00,R09-AZ,15.103,-9.778,1,0,flapping,9,4
2026-09-01 07:40:00,R09-AZ,15.626,-8.377,1,0,flapping,9,4
2026-09-01 07:42:00,R09-AZ,19.747,0.264,0,0,flapping,9,4
2026-09-01 07:44:00,R09-AZ,16.026,-7.939,1,0,flapping,9,4
2026-09-01 07:46:00,R09-AZ,19.987,-0.044,0,0,flapping,9,4
2026-09-01 07:48:00,R09-AZ,19.894,-0.711,0,0,flapping,9,4
2026-09-01 07:50:00,R09-AZ,19.865,-0.973,0,0,flapping,9,4
2026-09-01 07:52:00,R09-AZ,19.977,-0.678,0,0,flapping,9,4
2026-09-01 07:54:00,R09-AZ,19.992,-0.329,0,0,flapping,9,4
2026-09-01 07:56:00,R09-AZ,14.11,-10.504,1,0,flapping,9,4
2026-09-01 07:58:00,R09-AZ,15.275,-9.362,1,0,flapping,9,4
2026-09-01 08:00:00,R09-AZ,15.183,-9.8,1,0,flapping,9,4
2026-09-01 08:02:00,R09-AZ,19.709,0.537,0,0,flapping,9,4
2026-09-01 08:04:00,R09-AZ,19.951,-1.208,0,0,flapping,9,4
2026-09-01 08:06:00,R09-AZ,19.754,-0.305,0,0,flapping,9,4
2026-09-01 08:08:00,R09-AZ,19.889,-0.854,0,0,flapping,9,4
2026-09-01 08:10:00,R09-AZ,19.75,0.594,0,0,flapping,9,4
2026-09-01 08:12:00,R09-AZ,18.978,2.305,0,0,none,-1,-1
2026-09-01 08:14:00,R09-AZ,19.863,-0.343,0,0,none,-1,-1
2026-09-01 08:16:00,R09-AZ,19.894,-0.49,0,0,none,-1,-1
2026-09-01 08:18:00,R09-AZ,18.696,-4.897,0,0,fiber_degradation,9,5
2026-09-01 08:20:00,R09-AZ,18.516,-4.827,0,0,fiber_degradation,9,5
2026-09-01 08:22:00,R09-AZ,18.173,-5.727,0,0,fiber_degradation,9,5
2026-09-01 08:24:00,R09-AZ,19.006,-3.667,0,0,fiber_degradation,9,5
2026-09-01 08:26:00,R09-AZ,18.446,-5.271,0,0,fiber_degradation,9,5
2026-09-01 08:28:00,R09-AZ,18.318,-5.152,0,0,fiber_degradation,9,5
2026-09-01 08:30:00,R09-AZ,18.397,-4.789,0,0,fiber_degradation,9,5
2026-09-01 08:32:00,R09-AZ,17.539,-6.471,1,0,fiber_degradation,9,5
2026-09-01 08:34:00,R09-AZ,18.648,-4.339,0,0,fiber_degradation,9,5
2026-09-01 08:36:00,R09-AZ,18.488,-4.663,0,0,fiber_degradation,9,5
2026-09-01 08:38:00,R09-AZ,18.684,-4.135,0,0,fiber_degradation,9,5
2026-09-01 08:40:00,R09-AZ,18.717,-4.564,0,0,fiber_degradation,9,5
2026-09-01 08:42:00,R09-AZ,18.583,-4.924,0,0,fiber_degradation,9,5
2026-09-01 08:44:00,R09-AZ,18.453,-4.9,0,0,fiber_degradation,9,5
2026-09-01 08:46:00,R09-AZ,17.884,-6.457,1,0,fiber_degradation,9,5
2026-09-01 08:48:00,R09-AZ,18.215,-5.275,0,0,fiber_degradation,9,5
2026-09-01 08:50:00,R09-AZ,18.355,-4.934,0,0,fiber_degradation,9,5
2026-09-01 08:52:00,R09-AZ,18.197,-5.24,0,0,fiber_degradation,9,5
2026-09-01 08:54:00,R09-AZ,18.712,-4.527,0,0,fiber_degradation,9,5
2026-09-01 08:56:00,R09-AZ,18.823,-4.326,0,0,fiber_degradation,9,5
2026-09-01 08:58:00,R09-AZ,18.382,-5.169,0,0,fiber_degradation,9,5
2026-09-01 09:00:00,R09-AZ,18.718,-4.33,0,0,fiber_degradation,9,5
2026-09-01 09:02:00,R09-AZ,18.779,-4.002,0,0,fiber_degradation,9,5
2026-09-01 09:04:00,R09-AZ,18.453,-4.601,0,0,fiber_degradation,9,5
2026-09-01 09:06:00,R09-AZ,18.272,-5.104,0,0,fiber_degradation,9,5
2026-09-01 09:08:00,R09-AZ,18.769,-4.13,0,0,fiber_degradation,9,5
2026-09-01 09:10:00,R09-AZ,18.863,-3.864,0,0,fiber_degradation,9,5
2026-09-01 09:12:00,R09-AZ,18.737,-3.971,0,0,fiber_degradation,9,5
2026-09-01 09:14:00,R09-AZ,17.68,-5.982,0,0,fiber_degradation,9,5
2026-09-01 09:16:00,R09-AZ,18.517,-4.305,0,0,fiber_degradation,9,5
2026-09-01 09:18:00,R09-AZ,18.75,-4.148,0,0,fiber_degradation,9,5
2026-09-01 09:20:00,R09-AZ,18.396,-5.039,0,0,fiber_degradation,9,5
2026-09-01 09:22:00,R09-AZ,18.004,-5.762,0,0,fiber_degradation,9,5
2026-09-01 09:24:00,R09-AZ,18.708,-5.123,0,0,fiber_degradation,9,5
2026-09-01 09:26:00,R09-AZ,18.72,-4.258,0,0,fiber_degradation,9,5
2026-09-01 09:28:00,R09-AZ,19.824,-1.689,0,0,none,-1,-1
2026-09-01 09:30:00,R09-AZ,19.894,-0.41,0,0,none,-1,-1
2026-09-01 09:32:00,R09-AZ,19.929,-0.386,0,0,none,-1,-1
2026-09-01 09:34:00,R09-AZ,19.933,-0.945,0,0,none,-1,-1
2026-09-01 09:36:00,R09-AZ,19.782,-0.722,0,0,none,-1,-1
2026-09-01 09:38:00,R09-AZ,19.746,-2.359,0,0,none,-1,-1
2026-09-01 09:40:00,R09-AZ,19.702,-0.158,0,0,none,-1,-1
2026-09-01 09:42:00,R09-AZ,19.924,-1.015,0,0,none,-1,-1
2026-09-01 09:44:00,R09-AZ,19.907,-0.543,0,0,none,-1,-1
2026-09-01 09:46:00,R09-AZ,19.752,-0.82,0,0,none,-1,-1
2026-09-01 09:48:00,R09-AZ,19.894,0.14,0,0,none,-1,-1
2026-09-01 09:50:00,R09-AZ,19.84,-1.974,0,0,none,-1,-1
2026-09-01 09:52:00,R09-AZ,19.945,-1.369,0,0,none,-1,-1
2026-09-01 09:54:00,R09-AZ,19.87,-2.0,0,0,none,-1,-1
2026-09-01 09:56:00,R09-AZ,19.837,-1.415,0,0,none,-1,-1
2026-09-01 09:58:00,R09-AZ,19.806,-0.436,0,0,none,-1,-1
2026-09-01 00:00:00,R09-ZA,19.679,1.262,0,0,none,-1,-1
2026-09-01 00:02:00,R09-ZA,19.564,0.53,0,0,none,-1,-1
2026-09-01 00:04:00,R09-ZA,19.589,2.197,0,0,none,-1,-1
2026-09-01 00:06:00,R09-ZA,19.506,1.845,0,0,none,-1,-1
2026-09-01 00:08:00,R09-ZA,19.635,1.257,0,0,none,-1,-1
2026-09-01 00:10:00,R09-ZA,19.481,1.719,0,0,none,-1,-1
2026-09-01 00:12:00,R09-ZA,19.611,1.578,0,0,none,-1,-1
2026-09-01 00:14:00,R09-ZA,19.473,2.198,0,0,none,-1,-1
2026-09-01 00:16:00,R09-ZA,19.451,1.762,0,0,none,-1,-1
2026-09-01 00:18:00,R09-ZA,19.566,1.995,0,0,none,-1,-1
2026-09-01 00:20:00,R09-ZA,6.445,-17.455,1,1,flapping,12,0
2026-09-01 00:22:00,R09-ZA,6.477,-16.949,1,1,flapping,12,0
2026-09-01 00:24:00,R09-ZA,6.257,-17.759,1,1,flapping,12,0
2026-09-01 00:26:00,R09-ZA,7.1,-16.393,1,1,flapping,12,0
2026-09-01 00:28:00,R09-ZA,6.667,-16.51,1,1,flapping,12,0
2026-09-01 00:30:00,R09-ZA,19.634,1.107,0,0,flapping,12,0
2026-09-01 00:32:00,R09-ZA,7.069,-16.597,1,1,flapping,12,0
2026-09-01 00:34:00,R09-ZA,19.504,1.55,0,0,flapping,12,0
2026-09-01 00:36:00,R09-ZA,8.226,-15.229,1,1,flapping,12,0
2026-09-01 00:38:00,R09-ZA,7.258,-16.546,1,1,flapping,12,0
2026-09-01 00:40:00,R09-ZA,6.416,-16.93,1,1,flapping,12,0
2026-09-01 00:42:00,R09-ZA,6.874,-17.116,1,1,flapping,12,0
2026-09-01 00:44:00,R09-ZA,6.452,-17.071,1,1,flapping,12,0
2026-09-01 00:46:00,R09-ZA,19.395,2.899,0,0,flapping,12,0
2026-09-01 00:48:00,R09-ZA,7.406,-16.219,1,1,flapping,12,0
2026-09-01 00:50:00,R09-ZA,7.128,-16.356,1,1,flapping,12,0
2026-09-01 00:52:00,R09-ZA,7.129,-15.996,1,1,flapping,12,0
2026-09-01 00:54:00,R09-ZA,19.639,1.279,0,0,flapping,12,0
2026-09-01 00:56:00,R09-ZA,8.417,-14.534,1,1,flapping,12,0
2026-09-01 00:58:00,R09-ZA,7.263,-16.43,1,1,flapping,12,0
2026-09-01 01:00:00,R09-ZA,6.636,-17.032,1,1,flapping,12,0
2026-09-01 01:02:00,R09-ZA,6.366,-17.478,1,1,flapping,12,0
2026-09-01 01:04:00,R09-ZA,19.432,2.205,0,0,flapping,12,0
2026-09-01 01:06:00,R09-ZA,19.578,1.863,0,0,flapping,12,0
2026-09-01 01:08:00,R09-ZA,19.627,1.886,0,0,flapping,12,0
2026-09-01 01:10:00,R09-ZA,19.551,1.927,0,0,flapping,12,0
2026-09-01 01:12:00,R09-ZA,7.087,-17.145,1,1,flapping,12,0
2026-09-01 01:14:00,R09-ZA,7.561,-15.842,1,1,flapping,12,0
2026-09-01 01:16:00,R09-ZA,6.46,-17.285,1,1,flapping,12,0
2026-09-01 01:18:00,R09-ZA,6.956,-16.434,1,1,flapping,12,0
2026-09-01 01:20:00,R09-ZA,6.298,-17.01,1,1,flapping,12,0
2026-09-01 01:22:00,R09-ZA,19.645,1.176,0,0,flapping,12,0
2026-09-01 01:24:00,R09-ZA,19.555,2.318,0,0,flapping,12,0
2026-09-01 01:26:00,R09-ZA,19.537,1.608,0,0,flapping,12,0
2026-09-01 01:28:00,R09-ZA,19.383,2.042,0,0,flapping,12,0
2026-09-01 01:30:00,R09-ZA,19.566,1.732,0,0,flapping,12,0
2026-09-01 01:32:00,R09-ZA,6.377,-17.564,1,1,flapping,12,0
2026-09-01 01:34:00,R09-ZA,18.87,3.476,0,0,flapping,12,0
2026-09-01 01:36:00,R09-ZA,7.08,-16.29,1,1,flapping,12,0
2026-09-01 01:38:00,R09-ZA,6.178,-17.437,1,1,flapping,12,0
2026-09-01 01:40:00,R09-ZA,7.107,-16.836,1,1,flapping,12,0
2026-09-01 01:42:00,R09-ZA,19.16,2.769,0,0,flapping,12,0
2026-09-01 01:44:00,R09-ZA,19.563,0.427,0,0,flapping,12,0
2026-09-01 01:46:00,R09-ZA,6.229,-16.889,1,1,flapping,12,0
2026-09-01 01:48:00,R09-ZA,19.673,1.255,0,0,flapping,12,0
2026-09-01 01:50:00,R09-ZA,7.267,-15.899,1,1,flapping,12,0
2026-09-01 01:52:00,R09-ZA,7.332,-16.04,1,1,flapping,12,0
2026-09-01 01:54:00,R09-ZA,19.51,1.716,0,0,flapping,12,0
2026-09-01 01:56:00,R09-ZA,7.593,-15.761,1,1,flapping,12,0
2026-09-01 01:58:00,R09-ZA,19.601,1.463,0,0,flapping,12,0
2026-09-01 02:00:00,R09-ZA,19.547,1.962,0,0,flapping,12,0
2026-09-01 02:02:00,R09-ZA,19.487,1.995,0,0,flapping,12,0
2026-09-01 02:04:00,R09-ZA,19.489,2.703,0,0,flapping,12,0
2026-09-01 02:06:00,R09-ZA,5.783,-17.731,1,1,flapping,12,0
2026-09-01 02:08:00,R09-ZA,6.334,-17.581,1,1,flapping,12,0
2026-09-01 02:10:00,R09-ZA,7.113,-16.135,1,1,flapping,12,0
2026-09-01 02:12:00,R09-ZA,6.891,-16.484,1,1,flapping,12,0
2026-09-01 02:14:00,R09-ZA,19.218,3.165,0,0,flapping,12,0
2026-09-01 02:16:00,R09-ZA,19.386,2.62,0,0,flapping,12,0
2026-09-01 02:18:00,R09-ZA,19.46,2.65,0,0,flapping,12,0
2026-09-01 02:20:00,R09-ZA,19.57,1.92,0,0,none,-1,-1
2026-09-01 02:22:00,R09-ZA,19.59,1.738,0,0,none,-1,-1
2026-09-01 02:24:00,R09-ZA,19.556,2.175,0,0,none,-1,-1
2026-09-01 02:26:00,R09-ZA,19.485,2.491,0,0,none,-1,-1
2026-09-01 02:28:00,R09-ZA,19.291,2.45,0,0,none,-1,-1
2026-09-01 02:30:00,R09-ZA,19.588,0.377,0,0,none,-1,-1
2026-09-01 02:32:00,R09-ZA,19.309,2.991,0,0,none,-1,-1
2026-09-01 02:34:00,R09-ZA,19.38,2.547,0,0,none,-1,-1
2026-09-01 02:36:00,R09-ZA,19.281,2.331,0,0,none,-1,-1
2026-09-01 02:38:00,R09-ZA,19.347,2.891,0,0,none,-1,-1
2026-09-01 02:40:00,R09-ZA,19.6,0.644,0,0,none,-1,-1
2026-09-01 02:42:00,R09-ZA,19.587,1.202,0,0,none,-1,-1
2026-09-01 02:44:00,R09-ZA,19.604,2.02,0,0,none,-1,-1
2026-09-01 02:46:00,R09-ZA,19.452,2.19,0,0,none,-1,-1
2026-09-01 02:48:00,R09-ZA,18.828,3.65,0,0,none,-1,-1
2026-09-01 02:50:00,R09-ZA,19.569,1.961,0,0,none,-1,-1
2026-09-01 02:52:00,R09-ZA,19.515,2.114,0,0,none,-1,-1
2026-09-01 02:54:00,R09-ZA,19.636,1.775,0,0,none,-1,-1
2026-09-01 02:56:00,R09-ZA,-17.796,-37.452,1,1,fiber_cut,1,1
2026-09-01 02:58:00,R09-ZA,-17.205,-37.27,1,1,fiber_cut,1,1
2026-09-01 03:00:00,R09-ZA,-17.769,-37.937,1,1,fiber_cut,1,1
2026-09-01 03:02:00,R09-ZA,-17.975,-38.858,1,1,fiber_cut,1,1
2026-09-01 03:04:00,R09-ZA,-17.895,-38.668,1,1,fiber_cut,1,1
2026-09-01 03:06:00,R09-ZA,-18.138,-39.142,1,1,fiber_cut,1,1
2026-09-01 03:08:00,R09-ZA,-17.941,-38.253,1,1,fiber_cut,1,1
2026-09-01 03:10:00,R09-ZA,-18.492,-39.547,1,1,fiber_cut,1,1
2026-09-01 03:12:00,R09-ZA,-17.217,-36.297,1,1,fiber_cut,1,1
2026-09-01 03:14:00,R09-ZA,-18.311,-38.036,1,1,fiber_cut,1,1
2026-09-01 03:16:00,R09-ZA,-17.893,-38.14,1,1,fiber_cut,1,1
2026-09-01 03:18:00,R09-ZA,-17.956,-38.05,1,1,fiber_cut,1,1
2026-09-01 03:20:00,R09-ZA,-17.535,-37.255,1,1,fiber_cut,1,1
2026-09-01 03:22:00,R09-ZA,19.327,2.543,0,0,none,-1,-1
2026-09-01 03:24:00,R09-ZA,19.604,1.231,0,0,none,-1,-1
2026-09-01 03:26:00,R09-ZA,18.815,3.08,0,0,none,-1,-1
2026-09-01 03:28:00,R09-ZA,19.499,1.814,0,0,fiber_degradation,1,2
2026-09-01 03:30:00,R09-ZA,19.559,1.386,0,0,fiber_degradation,1,2
2026-09-01 03:32:00,R09-ZA,19.673,1.659,0,0,fiber_degradation,1,2
2026-09-01 03:34:00,R09-ZA,19.655,1.537,0,0,fiber_degradation,1,2
2026-09-01 03:36:00,R09-ZA,19.565,0.839,0,0,fiber_degradation,1,2
2026-09-01 03:38:00,R09-ZA,19.628,1.124,0,0,fiber_degradation,1,2
2026-09-01 03:40:00,R09-ZA,19.55,0.659,0,0,fiber_degradation,1,2
2026-09-01 03:42:00,R09-ZA,19.313,-0.521,0,0,fiber_degradation,1,2
2026-09-01 03:44:00,R09-ZA,19.567,1.792,0,0,fiber_degradation,1,2
2026-09-01 03:46:00,R09-ZA,19.478,0.378,0,0,fiber_degradation,1,2
2026-09-01 03:48:00,R09-ZA,19.105,-1.262,0,0,fiber_degradation,1,2
2026-09-01 03:50:00,R09-ZA,18.838,-1.067,0,0,fiber_degradation,1,2
2026-09-01 03:52:00,R09-ZA,19.126,-0.644,0,0,fiber_degradation,1,2
2026-09-01 03:54:00,R09-ZA,18.937,-1.164,0,0,fiber_degradation,1,2
2026-09-01 03:56:00,R09-ZA,17.749,-3.085,0,0,fiber_degradation,1,2
2026-09-01 03:58:00,R09-ZA,18.303,-2.62,0,0,fiber_degradation,1,2
2026-09-01 04:00:00,R09-ZA,18.477,-1.115,0,0,fiber_degradation,1,2
2026-09-01 04:02:00,R09-ZA,18.108,-1.797,0,0,fiber_degradation,1,2
2026-09-01 04:04:00,R09-ZA,18.366,-1.539,0,0,fiber_degradation,1,2
2026-09-01 04:06:00,R09-ZA,17.505,-2.711,0,0,fiber_degradation,1,2
2026-09-01 04:08:00,R09-ZA,17.226,-3.624,0,0,fiber_degradation,1,2
2026-09-01 04:10:00,R09-ZA,17.701,-2.671,0,0,fiber_degradation,1,2
2026-09-01 04:12:00,R09-ZA,17.875,-2.611,0,0,fiber_degradation,1,2
2026-09-01 04:14:00,R09-ZA,17.186,-2.754,0,0,fiber_degradation,1,2
2026-09-01 04:16:00,R09-ZA,17.042,-2.941,0,0,fiber_degradation,1,2
2026-09-01 04:18:00,R09-ZA,17.903,-2.417,0,0,fiber_degradation,1,2
2026-09-01 04:20:00,R09-ZA,16.882,-3.527,1,0,fiber_degradation,1,2
2026-09-01 04:22:00,R09-ZA,17.286,-3.464,0,0,fiber_degradation,1,2
2026-09-01 04:24:00,R09-ZA,18.136,-1.554,0,0,fiber_degradation,1,2
2026-09-01 04:26:00,R09-ZA,17.07,-3.138,0,0,fiber_degradation,1,2
2026-09-01 04:28:00,R09-ZA,16.602,-4.685,1,0,fiber_degradation,1,2
2026-09-01 04:30:00,R09-ZA,17.353,-3.029,0,0,fiber_degradation,1,2
2026-09-01 04:32:00,R09-ZA,17.201,-3.402,0,0,fiber_degradation,1,2
2026-09-01 04:34:00,R09-ZA,17.443,-2.581,0,0,fiber_degradation,1,2
2026-09-01 04:36:00,R09-ZA,17.077,-3.141,0,0,fiber_degradation,1,2
2026-09-01 04:38:00,R09-ZA,16.861,-4.029,1,0,fiber_degradation,1,2
2026-09-01 04:40:00,R09-ZA,17.678,-2.005,0,0,fiber_degradation,1,2
2026-09-01 04:42:00,R09-ZA,17.313,-2.279,0,0,fiber_degradation,1,2
2026-09-01 04:44:00,R09-ZA,17.269,-3.53,0,0,fiber_degradation,1,2
2026-09-01 04:46:00,R09-ZA,16.246,-5.162,1,0,fiber_degradation,1,2
2026-09-01 04:48:00,R09-ZA,19.626,0.766,0,0,none,-1,-1
2026-09-01 04:50:00,R09-ZA,19.596,1.644,0,0,none,-1,-1
2026-09-01 04:52:00,R09-ZA,19.268,2.497,0,0,none,-1,-1
2026-09-01 04:54:00,R09-ZA,19.242,2.706,0,0,none,-1,-1
2026-09-01 04:56:00,R09-ZA,19.497,1.995,0,0,none,-1,-1
2026-09-01 04:58:00,R09-ZA,19.61,1.275,0,0,none,-1,-1
2026-09-01 05:00:00,R09-ZA,19.606,0.712,0,0,none,-1,-1
2026-09-01 05:02:00,R09-ZA,19.542,-0.119,0,0,none,-1,-1
2026-09-01 05:04:00,R09-ZA,19.553,0.28,0,0,none,-1,-1
2026-09-01 05:06:00,R09-ZA,19.648,0.733,0,0,none,-1,-1
2026-09-01 05:08:00,R09-ZA,19.559,0.485,0,0,none,-1,-1
2026-09-01 05:10:00,R09-ZA,19.407,1.952,0,0,none,-1,-1
2026-09-01 05:12:00,R09-ZA,19.397,-0.927,0,0,none,-1,-1
2026-09-01 05:14:00,R09-ZA,19.612,1.193,0,0,none,-1,-1
2026-09-01 05:16:00,R09-ZA,19.629,0.622,0,0,none,-1,-1
2026-09-01 05:18:00,R09-ZA,19.006,2.924,0,0,none,-1,-1
2026-09-01 05:20:00,R09-ZA,19.597,0.429,0,0,none,-1,-1
2026-09-01 05:22:00,R09-ZA,19.559,0.645,0,0,none,-1,-1
2026-09-01 05:24:00,R09-ZA,19.619,1.602,0,0,none,-1,-1
2026-09-01 05:26:00,R09-ZA,19.484,-0.207,0,0,none,-1,-1
2026-09-01 05:28:00,R09-ZA,19.635,0.637,0,0,none,-1,-1
2026-09-01 05:30:00,R09-ZA,19.642,0.711,0,0,none,-1,-1
2026-09-01 05:32:00,R09-ZA,19.612,1.027,0,0,none,-1,-1
2026-09-01 05:34:00,R09-ZA,19.574,1.657,0,0,none,-1,-1
2026-09-01 05:36:00,R09-ZA,19.623,1.287,0,0,none,-1,-1
2026-09-01 05:38:00,R09-ZA,18.973,-1.461,0,0,none,-1,-1
2026-09-01 05:40:00,R09-ZA,19.403,2.364,0,0,none,-1,-1
2026-09-01 05:42:00,R09-ZA,19.52,-0.367,0,0,none,-1,-1
2026-09-01 05:44:00,R09-ZA,19.639,0.485,0,0,none,-1,-1
2026-09-01 05:46:00,R09-ZA,19.593,0.367,0,0,none,-1,-1
2026-09-01 05:48:00,R09-ZA,19.595,-0.055,0,0,none,-1,-1
2026-09-01 05:50:00,R09-ZA,19.404,-0.501,0,0,none,-1,-1
2026-09-01 05:52:00,R09-ZA,19.602,0.693,0,0,none,-1,-1
2026-09-01 05:54:00,R09-ZA,19.621,1.03,0,0,none,-1,-1
2026-09-01 05:56:00,R09-ZA,19.617,0.856,0,0,none,-1,-1
2026-09-01 05:58:00,R09-ZA,19.623,0.846,0,0,none,-1,-1
2026-09-01 06:00:00,R09-ZA,19.586,0.753,0,0,none,-1,-1
2026-09-01 06:02:00,R09-ZA,19.639,1.004,0,0,none,-1,-1
2026-09-01 06:04:00,R09-ZA,19.587,1.443,0,0,none,-1,-1
2026-09-01 06:06:00,R09-ZA,19.55,0.079,0,0,none,-1,-1
2026-09-01 06:08:00,R09-ZA,19.591,-0.015,0,0,fiber_degradation,14,3
2026-09-01 06:10:00,R09-ZA,19.62,1.054,0,0,fiber_degradation,14,3
2026-09-01 06:12:00,R09-ZA,19.61,0.835,0,0,fiber_degradation,14,3
2026-09-01 06:14:00,R09-ZA,19.274,-0.772,0,0,fiber_degradation,14,3
2026-09-01 06:16:00,R09-ZA,19.593,0.514,0,0,fiber_degradation,14,3
2026-09-01 06:18:00,R09-ZA,19.46,-0.788,0,0,fiber_degradation,14,3
2026-09-01 06:20:00,R09-ZA,19.479,-0.396,0,0,fiber_degradation,14,3
2026-09-01 06:22:00,R09-ZA,19.633,0.255,0,0,fiber_degradation,14,3
2026-09-01 06:24:00,R09-ZA,19.452,-0.424,0,0,fiber_degradation,14,3
2026-09-01 06:26:00,R09-ZA,19.283,-1.512,0,0,fiber_degradation,14,3
2026-09-01 06:28:00,R09-ZA,19.451,-0.582,0,0,fiber_degradation,14,3
2026-09-01 06:30:00,R09-ZA,19.542,1.482,0,0,fiber_degradation,14,3
2026-09-01 06:32:00,R09-ZA,19.342,-1.023,0,0,fiber_degradation,14,3
2026-09-01 06:34:00,R09-ZA,19.393,-1.358,0,0,fiber_degradation,14,3
2026-09-01 06:36:00,R09-ZA,19.486,-0.096,0,0,fiber_degradation,14,3
2026-09-01 06:38:00,R09-ZA,19.392,-1.183,0,0,fiber_degradation,14,3
2026-09-01 06:40:00,R09-ZA,19.48,-0.513,0,0,fiber_degradation,14,3
2026-09-01 06:42:00,R09-ZA,19.194,-1.828,0,0,fiber_degradation,14,3
2026-09-01 06:44:00,R09-ZA,19.242,-1.527,0,0,fiber_degradation,14,3
2026-09-01 06:46:00,R09-ZA,19.28,-1.186,0,0,fiber_degradation,14,3
2026-09-01 06:48:00,R09-ZA,19.291,-1.339,0,0,fiber_degradation,14,3
2026-09-01 06:50:00,R09-ZA,19.205,-1.324,0,0,fiber_degradation,14,3
2026-09-01 06:52:00,R09-ZA,18.62,-3.594,0,0,fiber_degradation,14,3
2026-09-01 06:54:00,R09-ZA,19.446,-0.861,0,0,fiber_degradation,14,3
2026-09-01 06:56:00,R09-ZA,19.589,0.558,0,0,fiber_degradation,14,3
2026-09-01 06:58:00,R09-ZA,19.469,-0.832,0,0,fiber_degradation,14,3
2026-09-01 07:00:00,R09-ZA,19.456,-0.552,0,0,fiber_degradation,14,3
2026-09-01 07:02:00,R09-ZA,19.212,-2.024,0,0,fiber_degradation,14,3
2026-09-01 07:04:00,R09-ZA,18.959,-2.444,0,0,fiber_degradation,14,3
2026-09-01 07:06:00,R09-ZA,19.496,-0.329,0,0,fiber_degradation,14,3
2026-09-01 07:08:00,R09-ZA,19.266,-1.633,0,0,fiber_degradation,14,3
2026-09-01 07:10:00,R09-ZA,19.626,0.277,0,0,none,-1,-1
2026-09-01 07:12:00,R09-ZA,18.986,-1.531,0,0,none,-1,-1
2026-09-01 07:14:00,R09-ZA,19.426,-0.202,0,0,none,-1,-1
2026-09-01 07:16:00,R09-ZA,19.512,-0.242,0,0,none,-1,-1
2026-09-01 07:18:00,R09-ZA,19.633,1.096,0,0,none,-1,-1
2026-09-01 07:20:00,R09-ZA,19.573,1.02,0,0,none,-1,-1
2026-09-01 07:22:00,R09-ZA,19.556,0.143,0,0,none,-1,-1
2026-09-01 07:24:00,R09-ZA,19.464,-0.388,0,0,none,-1,-1
2026-09-01 07:26:00,R09-ZA,19.592,0.336,0,0,none,-1,-1
2026-09-01 07:28:00,R09-ZA,19.571,-0.082,0,0,none,-1,-1
2026-09-01 07:30:00,R09-ZA,19.604,0.217,0,0,none,-1,-1
2026-09-01 07:32:00,R09-ZA,19.66,0.997,0,0,none,-1,-1
2026-09-01 07:34:00,R09-ZA,19.434,-0.272,0,0,none,-1,-1
2026-09-01 07:36:00,R09-ZA,19.365,-0.732,0,0,none,-1,-1
2026-09-01 07:38:00,R09-ZA,19.463,-0.805,0,0,none,-1,-1
2026-09-01 07:40:00,R09-ZA,19.586,-0.519,0,0,none,-1,-1
2026-09-01 07:42:00,R09-ZA,19.644,0.611,0,0,none,-1,-1
2026-09-01 07:44:00,R09-ZA,19.485,-0.14,0,0,none,-1,-1
2026-09-01 07:46:00,R09-ZA,19.25,-1.563,0,0,none,-1,-1
2026-09-01 07:48:00,R09-ZA,19.642,0.866,0,0,none,-1,-1
2026-09-01 07:50:00,R09-ZA,19.588,0.292,0,0,none,-1,-1
2026-09-01 07:52:00,R09-ZA,19.461,-0.237,0,0,none,-1,-1
2026-09-01 07:54:00,R09-ZA,19.484,-0.224,0,0,none,-1,-1
2026-09-01 07:56:00,R09-ZA,19.364,-0.639,0,0,none,-1,-1
2026-09-01 07:58:00,R09-ZA,19.268,-0.633,0,0,none,-1,-1
2026-09-01 08:00:00,R09-ZA,19.61,0.124,0,0,none,-1,-1
2026-09-01 08:02:00,R09-ZA,19.424,-0.503,0,0,none,-1,-1
2026-09-01 08:04:00,R09-ZA,19.475,-0.33,0,0,none,-1,-1
2026-09-01 08:06:00,R09-ZA,19.567,1.278,0,0,none,-1,-1
2026-09-01 08:08:00,R09-ZA,19.638,0.265,0,0,none,-1,-1
2026-09-01 08:10:00,R09-ZA,19.518,-0.442,0,0,none,-1,-1
2026-09-01 08:12:00,R09-ZA,19.588,0.522,0,0,none,-1,-1
2026-09-01 08:14:00,R09-ZA,19.431,-0.706,0,0,none,-1,-1
2026-09-01 08:16:00,R09-ZA,19.468,-0.687,0,0,none,-1,-1
2026-09-01 08:18:00,R09-ZA,19.619,1.646,0,0,none,-1,-1
2026-09-01 08:20:00,R09-ZA,19.282,-0.272,0,0,none,-1,-1
2026-09-01 08:22:00,R09-ZA,19.231,-0.938,0,0,none,-1,-1
2026-09-01 08:24:00,R09-ZA,19.631,0.941,0,0,none,-1,-1
2026-09-01 08:26:00,R09-ZA,19.54,0.027,0,0,none,-1,-1
2026-09-01 08:28:00,R09-ZA,19.401,-0.052,0,0,amplifier_degradation,12,4
2026-09-01 08:30:00,R09-ZA,19.532,-0.246,0,0,amplifier_degradation,12,4
2026-09-01 08:32:00,R09-ZA,19.055,-2.426,0,0,amplifier_degradation,12,4
2026-09-01 08:34:00,R09-ZA,19.249,-1.512,0,0,amplifier_degradation,12,4
2026-09-01 08:36:00,R09-ZA,19.19,-1.31,0,0,amplifier_degradation,12,4
2026-09-01 08:38:00,R09-ZA,19.258,-1.232,0,0,amplifier_degradation,12,4
2026-09-01 08:40:00,R09-ZA,19.12,-1.866,0,0,amplifier_degradation,12,4
2026-09-01 08:42:00,R09-ZA,18.999,-1.607,0,0,amplifier_degradation,12,4
2026-09-01 08:44:00,R09-ZA,19.026,-2.025,0,0,amplifier_degradation,12,4
2026-09-01 08:46:00,R09-ZA,19.15,-1.785,0,0,amplifier_degradation,12,4
2026-09-01 08:48:00,R09-ZA,19.396,-1.027,0,0,amplifier_degradation,12,4
2026-09-01 08:50:00,R09-ZA,19.084,-2.031,0,0,amplifier_degradation,12,4
2026-09-01 08:52:00,R09-ZA,18.931,-2.415,0,0,amplifier_degradation,12,4
2026-09-01 08:54:00,R09-ZA,18.783,-2.984,0,0,amplifier_degradation,12,4
2026-09-01 08:56:00,R09-ZA,18.24,-3.432,0,0,amplifier_degradation,12,4
2026-09-01 08:58:00,R09-ZA,18.827,-2.686,0,0,amplifier_degradation,12,4
2026-09-01 09:00:00,R09-ZA,18.704,-2.779,0,0,amplifier_degradation,12,4
2026-09-01 09:02:00,R09-ZA,17.802,-4.692,0,0,amplifier_degradation,12,4
2026-09-01 09:04:00,R09-ZA,18.206,-3.602,0,0,amplifier_degradation,12,4
2026-09-01 09:06:00,R09-ZA,18.323,-3.857,0,0,amplifier_degradation,12,4
2026-09-01 09:08:00,R09-ZA,18.736,-1.999,0,0,amplifier_degradation,12,4
2026-09-01 09:10:00,R09-ZA,17.991,-4.322,0,0,amplifier_degradation,12,4
2026-09-01 09:12:00,R09-ZA,17.943,-4.525,0,0,amplifier_degradation,12,4
2026-09-01 09:14:00,R09-ZA,17.303,-5.527,0,0,amplifier_degradation,12,4
2026-09-01 09:16:00,R09-ZA,17.764,-4.498,0,0,amplifier_degradation,12,4
2026-09-01 09:18:00,R09-ZA,17.194,-5.405,0,0,amplifier_degradation,12,4
2026-09-01 09:20:00,R09-ZA,17.831,-4.571,0,0,amplifier_degradation,12,4
2026-09-01 09:22:00,R09-ZA,17.944,-3.915,0,0,amplifier_degradation,12,4
2026-09-01 09:24:00,R09-ZA,17.698,-4.33,0,0,amplifier_degradation,12,4
2026-09-01 09:26:00,R09-ZA,17.326,-5.121,0,0,amplifier_degradation,12,4
2026-09-01 09:28:00,R09-ZA,16.962,-6.245,1,0,amplifier_degradation,12,4
2026-09-01 09:30:00,R09-ZA,17.768,-4.174,0,0,amplifier_degradation,12,4
2026-09-01 09:32:00,R09-ZA,16.987,-5.604,1,0,amplifier_degradation,12,4
2026-09-01 09:34:00,R09-ZA,17.32,-5.3,0,0,amplifier_degradation,12,4
2026-09-01 09:36:00,R09-ZA,17.918,-4.687,0,0,amplifier_degradation,12,4
2026-09-01 09:38:00,R09-ZA,17.508,-4.92,0,0,amplifier_degradation,12,4
2026-09-01 09:40:00,R09-ZA,17.427,-4.839,0,0,amplifier_degradation,12,4
2026-09-01 09:42:00,R09-ZA,17.532,-4.968,0,0,amplifier_degradation,12,4
2026-09-01 09:44:00,R09-ZA,17.54,-5.218,0,0,amplifier_degradation,12,4
2026-09-01 09:46:00,R09-ZA,17.843,-4.639,0,0,amplifier_degradation,12,4
2026-09-01 09:48:00,R09-ZA,19.501,2.486,0,0,none,-1,-1
2026-09-01 09:50:00,R09-ZA,19.605,0.743,0,0,none,-1,-1
2026-09-01 09:52:00,R09-ZA,19.648,0.898,0,0,none,-1,-1
2026-09-01 09:54:00,R09-ZA,19.568,0.838,0,0,none,-1,-1
2026-09-01 09:56:00,R09-ZA,19.654,0.774,0,0,none,-1,-1
2026-09-01 09:58:00,R09-ZA,19.63,1.181,0,0,none,-1,-1
2026-09-01 00:00:00,R10-AZ,19.144,-3.031,0,0,none,-1,-1
2026-09-01 00:02:00,R10-AZ,19.567,-1.909,0,0,none,-1,-1
2026-09-01 00:04:00,R10-AZ,19.65,-1.286,0,0,none,-1,-1
2026-09-01 00:06:00,R10-AZ,19.476,-1.863,0,0,none,-1,-1
2026-09-01 00:08:00,R10-AZ,19.711,-0.953,0,0,none,-1,-1
2026-09-01 00:10:00,R10-AZ,19.293,-2.345,0,0,none,-1,-1
2026-09-01 00:12:00,R10-AZ,19.689,-0.689,0,0,none,-1,-1
2026-09-01 00:14:00,R10-AZ,19.481,-1.546,0,0,none,-1,-1
2026-09-01 00:16:00,R10-AZ,19.608,-1.392,0,0,none,-1,-1
2026-09-01 00:18:00,R10-AZ,19.66,-1.362,0,0,none,-1,-1
2026-09-01 00:20:00,R10-AZ,19.462,-2.283,0,0,none,-1,-1
2026-09-01 00:22:00,R10-AZ,19.243,-2.952,0,0,none,-1,-1
2026-09-01 00:24:00,R10-AZ,19.276,-1.863,0,0,none,-1,-1
2026-09-01 00:26:00,R10-AZ,19.678,-0.737,0,0,none,-1,-1
2026-09-01 00:28:00,R10-AZ,19.575,-1.158,0,0,none,-1,-1
2026-09-01 00:30:00,R10-AZ,19.559,-1.325,0,0,none,-1,-1
2026-09-01 00:32:00,R10-AZ,19.757,-0.707,0,0,none,-1,-1
2026-09-01 00:34:00,R10-AZ,19.415,-2.329,0,0,fiber_degradation,14,0
2026-09-01 00:36:00,R10-AZ,19.424,-2.083,0,0,fiber_degradation,14,0
2026-09-01 00:38:00,R10-AZ,19.157,-3.174,0,0,fiber_degradation,14,0
2026-09-01 00:40:00,R10-AZ,19.296,-2.251,0,0,fiber_degradation,14,0
2026-09-01 00:42:00,R10-AZ,19.405,-1.572,0,0,fiber_degradation,14,0
2026-09-01 00:44:00,R10-AZ,18.613,-4.194,0,0,fiber_degradation,14,0
2026-09-01 00:46:00,R10-AZ,18.375,-4.708,0,0,fiber_degradation,14,0
2026-09-01 00:48:00,R10-AZ,18.518,-4.337,0,0,fiber_degradation,14,0
2026-09-01 00:50:00,R10-AZ,18.053,-4.986,0,0,fiber_degradation,14,0
2026-09-01 00:52:00,R10-AZ,18.199,-4.724,0,0,fiber_degradation,14,0
2026-09-01 00:54:00,R10-AZ,17.668,-5.434,0,0,fiber_degradation,14,0
2026-09-01 00:56:00,R10-AZ,16.893,-7.213,1,0,fiber_degradation,14,0
2026-09-01 00:58:00,R10-AZ,16.402,-7.716,1,0,fiber_degradation,14,0
2026-09-01 01:00:00,R10-AZ,15.968,-8.503,1,0,fiber_degradation,14,0
2026-09-01 01:02:00,R10-AZ,16.253,-8.123,1,0,fiber_degradation,14,0
2026-09-01 01:04:00,R10-AZ,16.123,-8.199,1,0,fiber_degradation,14,0
2026-09-01 01:06:00,R10-AZ,16.485,-7.527,1,0,fiber_degradation,14,0
2026-09-01 01:08:00,R10-AZ,14.478,-10.148,1,0,fiber_degradation,14,0
2026-09-01 01:10:00,R10-AZ,15.381,-9.519,1,0,fiber_degradation,14,0
2026-09-01 01:12:00,R10-AZ,14.846,-10.044,1,0,fiber_degradation,14,0
2026-09-01 01:14:00,R10-AZ,15.458,-9.043,1,0,fiber_degradation,14,0
2026-09-01 01:16:00,R10-AZ,14.558,-10.064,1,0,fiber_degradation,14,0
2026-09-01 01:18:00,R10-AZ,14.715,-10.073,1,0,fiber_degradation,14,0
2026-09-01 01:20:00,R10-AZ,14.711,-10.192,1,0,fiber_degradation,14,0
2026-09-01 01:22:00,R10-AZ,13.454,-11.446,1,0,fiber_degradation,14,0
2026-09-01 01:24:00,R10-AZ,14.054,-10.708,1,0,fiber_degradation,14,0
2026-09-01 01:26:00,R10-AZ,15.413,-9.313,1,0,fiber_degradation,14,0
2026-09-01 01:28:00,R10-AZ,14.412,-9.995,1,0,fiber_degradation,14,0
2026-09-01 01:30:00,R10-AZ,13.837,-11.592,1,0,fiber_degradation,14,0
2026-09-01 01:32:00,R10-AZ,15.327,-8.878,1,0,fiber_degradation,14,0
2026-09-01 01:34:00,R10-AZ,14.167,-10.752,1,0,fiber_degradation,14,0
2026-09-01 01:36:00,R10-AZ,14.646,-10.068,1,0,fiber_degradation,14,0
2026-09-01 01:38:00,R10-AZ,15.456,-8.644,1,0,fiber_degradation,14,0
2026-09-01 01:40:00,R10-AZ,14.931,-9.597,1,0,fiber_degradation,14,0
2026-09-01 01:42:00,R10-AZ,14.973,-9.956,1,0,fiber_degradation,14,0
2026-09-01 01:44:00,R10-AZ,14.686,-9.733,1,0,fiber_degradation,14,0
2026-09-01 01:46:00,R10-AZ,19.657,-0.925,0,0,none,-1,-1
2026-09-01 01:48:00,R10-AZ,19.348,-2.0,0,0,none,-1,-1
2026-09-01 01:50:00,R10-AZ,19.73,-1.029,0,0,none,-1,-1
2026-09-01 01:52:00,R10-AZ,19.688,-0.686,0,0,none,-1,-1
2026-09-01 01:54:00,R10-AZ,19.574,-1.66,0,0,none,-1,-1
2026-09-01 01:56:00,R10-AZ,19.523,-1.732,0,0,none,-1,-1
2026-09-01 01:58:00,R10-AZ,19.435,-1.91,0,0,none,-1,-1
2026-09-01 02:00:00,R10-AZ,19.603,-1.642,0,0,none,-1,-1
2026-09-01 02:02:00,R10-AZ,19.673,-0.6,0,0,none,-1,-1
2026-09-01 02:04:00,R10-AZ,19.674,-0.739,0,0,fiber_degradation,3,1
2026-09-01 02:06:00,R10-AZ,19.555,-1.387,0,0,fiber_degradation,3,1
2026-09-01 02:08:00,R10-AZ,19.285,-3.04,0,0,fiber_degradation,3,1
2026-09-01 02:10:00,R10-AZ,19.088,-2.43,0,0,fiber_degradation,3,1
2026-09-01 02:12:00,R10-AZ,19.337,-1.951,0,0,fiber_degradation,3,1
2026-09-01 02:14:00,R10-AZ,19.388,-1.424,0,0,fiber_degradation,3,1
2026-09-01 02:16:00,R10-AZ,19.457,-1.715,0,0,fiber_degradation,3,1
2026-09-01 02:18:00,R10-AZ,18.534,-3.985,0,0,fiber_degradation,3,1
2026-09-01 02:20:00,R10-AZ,18.898,-3.041,0,0,fiber_degradation,3,1
2026-09-01 02:22:00,R10-AZ,18.355,-4.232,0,0,fiber_degradation,3,1
2026-09-01 02:24:00,R10-AZ,18.912,-2.967,0,0,fiber_degradation,3,1
2026-09-01 02:26:00,R10-AZ,18.659,-3.603,0,0,fiber_degradation,3,1
2026-09-01 02:28:00,R10-AZ,17.961,-4.505,0,0,fiber_degradation,3,1
2026-09-01 02:30:00,R10-AZ,18.936,-2.201,0,0,fiber_degradation,3,1
2026-09-01 02:32:00,R10-AZ,18.087,-4.481,0,0,fiber_degradation,3,1
2026-09-01 02:34:00,R10-AZ,18.715,-2.996,0,0,fiber_degradation,3,1
2026-09-01 02:36:00,R10-AZ,18.397,-3.615,0,0,fiber_degradation,3,1
2026-09-01 02:38:00,R10-AZ,17.957,-4.439,0,0,fiber_degradation,3,1
2026-09-01 02:40:00,R10-AZ,17.702,-4.767,0,0,fiber_degradation,3,1
2026-09-01 02:42:00,R10-AZ,18.155,-3.564,0,0,fiber_degradation,3,1
2026-09-01 02:44:00,R10-AZ,18.3,-4.126,0,0,fiber_degradation,3,1
2026-09-01 02:46:00,R10-AZ,18.778,-3.116,0,0,fiber_degradation,3,1
2026-09-01 02:48:00,R10-AZ,18.21,-3.754,0,0,fiber_degradation,3,1
2026-09-01 02:50:00,R10-AZ,18.498,-3.348,0,0,fiber_degradation,3,1
2026-09-01 02:52:00,R10-AZ,18.893,-2.775,0,0,fiber_degradation,3,1
2026-09-01 02:54:00,R10-AZ,19.035,-2.018,0,0,fiber_degradation,3,1
2026-09-01 02:56:00,R10-AZ,19.753,-0.783,0,0,none,-1,-1
2026-09-01 02:58:00,R10-AZ,19.751,-0.173,0,0,none,-1,-1
2026-09-01 03:00:00,R10-AZ,19.429,-2.423,0,0,none,-1,-1
2026-09-01 03:02:00,R10-AZ,19.687,-0.53,0,0,none,-1,-1
2026-09-01 03:04:00,R10-AZ,19.639,-1.305,0,0,none,-1,-1
2026-09-01 03:06:00,R10-AZ,19.536,-1.453,0,0,none,-1,-1
2026-09-01 03:08:00,R10-AZ,19.61,-1.287,0,0,none,-1,-1
2026-09-01 03:10:00,R10-AZ,19.436,-1.833,0,0,none,-1,-1
2026-09-01 03:12:00,R10-AZ,19.33,-2.489,0,0,none,-1,-1
2026-09-01 03:14:00,R10-AZ,19.695,-0.903,0,0,none,-1,-1
2026-09-01 03:16:00,R10-AZ,19.486,-1.859,0,0,none,-1,-1
2026-09-01 03:18:00,R10-AZ,19.573,-1.598,0,0,none,-1,-1
2026-09-01 03:20:00,R10-AZ,19.525,-1.495,0,0,none,-1,-1
2026-09-01 03:22:00,R10-AZ,19.127,-2.685,0,0,none,-1,-1
2026-09-01 03:24:00,R10-AZ,19.778,-0.399,0,0,none,-1,-1
2026-09-01 03:26:00,R10-AZ,19.706,-0.439,0,0,none,-1,-1
2026-09-01 03:28:00,R10-AZ,19.596,-1.436,0,0,none,-1,-1
2026-09-01 03:30:00,R10-AZ,19.682,-0.848,0,0,none,-1,-1
2026-09-01 03:32:00,R10-AZ,19.58,-1.844,0,0,none,-1,-1
2026-09-01 03:34:00,R10-AZ,19.473,-2.093,0,0,none,-1,-1
2026-09-01 03:36:00,R10-AZ,19.67,-1.443,0,0,none,-1,-1
2026-09-01 03:38:00,R10-AZ,19.519,-1.736,0,0,amplifier_degradation,15,2
2026-09-01 03:40:00,R10-AZ,19.05,-3.841,0,0,amplifier_degradation,15,2
2026-09-01 03:42:00,R10-AZ,19.271,-2.4,0,0,amplifier_degradation,15,2
2026-09-01 03:44:00,R10-AZ,18.888,-4.088,0,0,amplifier_degradation,15,2
2026-09-01 03:46:00,R10-AZ,19.262,-3.022,0,0,amplifier_degradation,15,2
2026-09-01 03:48:00,R10-AZ,19.319,-2.625,0,0,amplifier_degradation,15,2
2026-09-01 03:50:00,R10-AZ,18.936,-3.843,0,0,amplifier_degradation,15,2
2026-09-01 03:52:00,R10-AZ,18.282,-5.449,0,0,amplifier_degradation,15,2
2026-09-01 03:54:00,R10-AZ,18.395,-5.482,0,0,amplifier_degradation,15,2
2026-09-01 03:56:00,R10-AZ,17.859,-6.467,1,0,amplifier_degradation,15,2
2026-09-01 03:58:00,R10-AZ,18.492,-4.563,0,0,amplifier_degradation,15,2
2026-09-01 04:00:00,R10-AZ,17.45,-6.771,1,0,amplifier_degradation,15,2
2026-09-01 04:02:00,R10-AZ,16.993,-8.004,1,0,amplifier_degradation,15,2
2026-09-01 04:04:00,R10-AZ,16.976,-7.653,1,0,amplifier_degradation,15,2
2026-09-01 04:06:00,R10-AZ,17.195,-7.638,1,0,amplifier_degradation,15,2
2026-09-01 04:08:00,R10-AZ,17.489,-6.999,1,0,amplifier_degradation,15,2
2026-09-01 04:10:00,R10-AZ,16.527,-8.596,1,0,amplifier_degradation,15,2
2026-09-01 04:12:00,R10-AZ,16.411,-8.97,1,0,amplifier_degradation,15,2
2026-09-01 04:14:00,R10-AZ,15.483,-10.244,1,0,amplifier_degradation,15,2
2026-09-01 04:16:00,R10-AZ,15.869,-9.833,1,0,amplifier_degradation,15,2
2026-09-01 04:18:00,R10-AZ,14.972,-11.14,1,0,amplifier_degradation,15,2
2026-09-01 04:20:00,R10-AZ,15.44,-10.354,1,0,amplifier_degradation,15,2
2026-09-01 04:22:00,R10-AZ,16.106,-9.35,1,0,amplifier_degradation,15,2
2026-09-01 04:24:00,R10-AZ,14.926,-11.272,1,0,amplifier_degradation,15,2
2026-09-01 04:26:00,R10-AZ,15.696,-10.043,1,0,amplifier_degradation,15,2
2026-09-01 04:28:00,R10-AZ,15.336,-10.523,1,0,amplifier_degradation,15,2
2026-09-01 04:30:00,R10-AZ,16.572,-8.559,1,0,amplifier_degradation,15,2
2026-09-01 04:32:00,R10-AZ,16.188,-9.201,1,0,amplifier_degradation,15,2
2026-09-01 04:34:00,R10-AZ,15.19,-10.549,1,0,amplifier_degradation,15,2
2026-09-01 04:36:00,R10-AZ,15.721,-9.835,1,0,amplifier_degradation,15,2
2026-09-01 04:38:00,R10-AZ,16.136,-9.345,1,0,amplifier_degradation,15,2
2026-09-01 04:40:00,R10-AZ,15.585,-10.1,1,0,amplifier_degradation,15,2
2026-09-01 04:42:00,R10-AZ,19.578,-1.635,0,0,none,-1,-1
2026-09-01 04:44:00,R10-AZ,19.738,-0.724,0,0,none,-1,-1
2026-09-01 04:46:00,R10-AZ,19.3,-1.759,0,0,none,-1,-1
2026-09-01 04:48:00,R10-AZ,19.746,-0.021,0,0,fiber_degradation,3,3
2026-09-01 04:50:00,R10-AZ,19.707,-0.691,0,0,fiber_degradation,3,3
2026-09-01 04:52:00,R10-AZ,19.809,0.089,0,0,fiber_degradation,3,3
2026-09-01 04:54:00,R10-AZ,19.744,-0.228,0,0,fiber_degradation,3,3
2026-09-01 04:56:00,R10-AZ,19.637,-1.278,0,0,fiber_degradation,3,3
2026-09-01 04:58:00,R10-AZ,19.558,-1.211,0,0,fiber_degradation,3,3
2026-09-01 05:00:00,R10-AZ,19.771,-0.311,0,0,fiber_degradation,3,3
2026-09-01 05:02:00,R10-AZ,19.772,0.917,0,0,fiber_degradation,3,3
2026-09-01 05:04:00,R10-AZ,19.467,-2.139,0,0,fiber_degradation,3,3
2026-09-01 05:06:00,R10-AZ,19.765,-0.267,0,0,fiber_degradation,3,3
2026-09-01 05:08:00,R10-AZ,19.774,0.102,0,0,fiber_degradation,3,3
2026-09-01 05:10:00,R10-AZ,19.774,-0.119,0,0,fiber_degradation,3,3
2026-09-01 05:12:00,R10-AZ,19.527,-1.295,0,0,fiber_degradation,3,3
2026-09-01 05:14:00,R10-AZ,19.724,-0.424,0,0,fiber_degradation,3,3
2026-09-01 05:16:00,R10-AZ,19.593,-1.09,0,0,fiber_degradation,3,3
2026-09-01 05:18:00,R10-AZ,19.677,-0.919,0,0,fiber_degradation,3,3
2026-09-01 05:20:00,R10-AZ,19.501,-1.6,0,0,fiber_degradation,3,3
2026-09-01 05:22:00,R10-AZ,19.811,0.676,0,0,fiber_degradation,3,3
2026-09-01 05:24:00,R10-AZ,19.55,-1.156,0,0,fiber_degradation,3,3
2026-09-01 05:26:00,R10-AZ,19.563,-1.105,0,0,fiber_degradation,3,3
2026-09-01 05:28:00,R10-AZ,19.756,-0.041,0,0,fiber_degradation,3,3
2026-09-01 05:30:00,R10-AZ,19.459,-1.752,0,0,fiber_degradation,3,3
2026-09-01 05:32:00,R10-AZ,19.781,0.215,0,0,fiber_degradation,3,3
2026-09-01 05:34:00,R10-AZ,19.18,-2.43,0,0,fiber_degradation,3,3
2026-09-01 05:36:00,R10-AZ,19.683,-0.83,0,0,fiber_degradation,3,3
2026-09-01 05:38:00,R10-AZ,19.506,-1.24,0,0,fiber_degradation,3,3
2026-09-01 05:40:00,R10-AZ,19.621,-0.674,0,0,fiber_degradation,3,3
2026-09-01 05:42:00,R10-AZ,19.361,-1.984,0,0,fiber_degradation,3,3
2026-09-01 05:44:00,R10-AZ,19.618,-0.302,0,0,fiber_degradation,3,3
2026-09-01 05:46:00,R10-AZ,19.74,-0.004,0,0,fiber_degradation,3,3
2026-09-01 05:48:00,R10-AZ,19.53,-0.98,0,0,fiber_degradation,3,3
2026-09-01 05:50:00,R10-AZ,19.514,-1.359,0,0,fiber_degradation,3,3
2026-09-01 05:52:00,R10-AZ,19.593,-1.331,0,0,fiber_degradation,3,3
2026-09-01 05:54:00,R10-AZ,19.481,-1.243,0,0,fiber_degradation,3,3
2026-09-01 05:56:00,R10-AZ,19.443,-1.598,0,0,fiber_degradation,3,3
2026-09-01 05:58:00,R10-AZ,19.666,-0.746,0,0,fiber_degradation,3,3
2026-09-01 06:00:00,R10-AZ,19.689,-0.329,0,0,fiber_degradation,3,3
2026-09-01 06:02:00,R10-AZ,19.786,0.487,0,0,fiber_degradation,3,3
2026-09-01 06:04:00,R10-AZ,19.084,-2.258,0,0,fiber_degradation,3,3
2026-09-01 06:06:00,R10-AZ,19.437,-1.647,0,0,fiber_degradation,3,3
2026-09-01 06:08:00,R10-AZ,19.729,-0.517,0,0,fiber_degradation,3,3
2026-09-01 06:10:00,R10-AZ,19.551,-1.256,0,0,fiber_degradation,3,3
2026-09-01 06:12:00,R10-AZ,19.371,-1.791,0,0,fiber_degradation,3,3
2026-09-01 06:14:00,R10-AZ,19.71,-0.336,0,0,fiber_degradation,3,3
2026-09-01 06:16:00,R10-AZ,19.651,-0.606,0,0,fiber_degradation,3,3
2026-09-01 06:18:00,R10-AZ,19.644,-0.996,0,0,fiber_degradation,3,3
2026-09-01 06:20:00,R10-AZ,19.691,-0.466,0,0,fiber_degradation,3,3
2026-09-01 06:22:00,R10-AZ,19.451,-1.28,0,0,fiber_degradation,3,3
2026-09-01 06:24:00,R10-AZ,19.385,-1.326,0,0,fiber_degradation,3,3
2026-09-01 06:26:00,R10-AZ,19.712,-0.578,0,0,none,-1,-1
2026-09-01 06:28:00,R10-AZ,19.69,-0.459,0,0,none,-1,-1
2026-09-01 06:30:00,R10-AZ,19.706,-0.868,0,0,none,-1,-1
2026-09-01 06:32:00,R10-AZ,19.738,0.559,0,0,none,-1,-1
2026-09-01 06:34:00,R10-AZ,19.779,0.031,0,0,none,-1,-1
2026-09-01 06:36:00,R10-AZ,19.786,0.477,0,0,none,-1,-1
2026-09-01 06:38:00,R10-AZ,19.622,0.958,0,0,none,-1,-1
2026-09-01 06:40:00,R10-AZ,19.701,1.014,0,0,none,-1,-1
2026-09-01 06:42:00,R10-AZ,19.781,0.182,0,0,none,-1,-1
2026-09-01 06:44:00,R10-AZ,19.77,-0.557,0,0,none,-1,-1
2026-09-01 06:46:00,R10-AZ,19.756,0.201,0,0,none,-1,-1
2026-09-01 06:48:00,R10-AZ,19.678,-0.88,0,0,none,-1,-1
2026-09-01 06:50:00,R10-AZ,19.626,1.657,0,0,none,-1,-1
2026-09-01 06:52:00,R10-AZ,19.731,-0.49,0,0,none,-1,-1
2026-09-01 06:54:00,R10-AZ,19.803,0.383,0,0,none,-1,-1
2026-09-01 06:56:00,R10-AZ,19.642,0.445,0,0,none,-1,-1
2026-09-01 06:58:00,R10-AZ,19.784,0.212,0,0,none,-1,-1
2026-09-01 07:00:00,R10-AZ,18.857,3.027,0,0,none,-1,-1
2026-09-01 07:02:00,R10-AZ,19.75,1.085,0,0,none,-1,-1
2026-09-01 07:04:00,R10-AZ,19.759,-0.318,0,0,none,-1,-1
2026-09-01 07:06:00,R10-AZ,13.941,-8.978,1,0,amplifier_degradation,4,4
2026-09-01 07:08:00,R10-AZ,14.778,-7.677,1,0,amplifier_degradation,4,4
2026-09-01 07:10:00,R10-AZ,14.801,-7.304,1,0,amplifier_degradation,4,4
2026-09-01 07:12:00,R10-AZ,14.365,-7.222,1,0,amplifier_degradation,4,4
2026-09-01 07:14:00,R10-AZ,14.85,-7.977,1,0,amplifier_degradation,4,4
2026-09-01 07:16:00,R10-AZ,15.497,-5.878,1,0,amplifier_degradation,4,4
2026-09-01 07:18:00,R10-AZ,14.45,-8.914,1,0,amplifier_degradation,4,4
2026-09-01 07:20:00,R10-AZ,13.964,-8.859,1,0,amplifier_degradation,4,4
2026-09-01 07:22:00,R10-AZ,15.362,-5.574,1,0,amplifier_degradation,4,4
2026-09-01 07:24:00,R10-AZ,14.515,-7.167,1,0,amplifier_degradation,4,4
2026-09-01 07:26:00,R10-AZ,15.039,-6.872,1,0,amplifier_degradation,4,4
2026-09-01 07:28:00,R10-AZ,14.626,-7.976,1,0,amplifier_degradation,4,4
2026-09-01 07:30:00,R10-AZ,14.99,-7.312,1,0,amplifier_degradation,4,4
2026-09-01 07:32:00,R10-AZ,15.487,-7.028,1,0,amplifier_degradation,4,4
2026-09-01 07:34:00,R10-AZ,14.903,-6.829,1,0,amplifier_degradation,4,4
2026-09-01 07:36:00,R10-AZ,14.852,-7.775,1,0,amplifier_degradation,4,4
2026-09-01 07:38:00,R10-AZ,14.964,-7.042,1,0,amplifier_degradation,4,4
2026-09-01 07:40:00,R10-AZ,14.623,-6.859,1,0,amplifier_degradation,4,4
2026-09-01 07:42:00,R10-AZ,15.542,-6.022,1,0,amplifier_degradation,4,4
2026-09-01 07:44:00,R10-AZ,13.624,-9.47,1,0,amplifier_degradation,4,4
2026-09-01 07:46:00,R10-AZ,14.597,-7.962,1,0,amplifier_degradation,4,4
2026-09-01 07:48:00,R10-AZ,15.853,-5.417,1,0,amplifier_degradation,4,4
2026-09-01 07:50:00,R10-AZ,14.82,-7.046,1,0,amplifier_degradation,4,4
2026-09-01 07:52:00,R10-AZ,13.633,-8.722,1,0,amplifier_degradation,4,4
2026-09-01 07:54:00,R10-AZ,14.32,-8.059,1,0,amplifier_degradation,4,4
2026-09-01 07:56:00,R10-AZ,14.758,-7.923,1,0,amplifier_degradation,4,4
2026-09-01 07:58:00,R10-AZ,15.546,-6.237,1,0,amplifier_degradation,4,4
2026-09-01 08:00:00,R10-AZ,14.285,-8.163,1,0,amplifier_degradation,4,4
2026-09-01 08:02:00,R10-AZ,14.111,-8.734,1,0,amplifier_degradation,4,4
2026-09-01 08:04:00,R10-AZ,15.133,-6.852,1,0,amplifier_degradation,4,4
2026-09-01 08:06:00,R10-AZ,19.843,1.083,0,0,none,-1,-1
2026-09-01 08:08:00,R10-AZ,19.781,0.159,0,0,none,-1,-1
2026-09-01 08:10:00,R10-AZ,19.756,-0.222,0,0,none,-1,-1
2026-09-01 08:12:00,R10-AZ,19.73,-1.168,0,0,none,-1,-1
2026-09-01 08:14:00,R10-AZ,19.756,-0.045,0,0,none,-1,-1
2026-09-01 08:16:00,R10-AZ,19.484,1.732,0,0,none,-1,-1
2026-09-01 08:18:00,R10-AZ,19.788,1.146,0,0,none,-1,-1
2026-09-01 08:20:00,R10-AZ,19.588,-1.227,0,0,none,-1,-1
2026-09-01 08:22:00,R10-AZ,19.741,-0.151,0,0,none,-1,-1
2026-09-01 08:24:00,R10-AZ,19.584,-0.98,0,0,none,-1,-1
2026-09-01 08:26:00,R10-AZ,19.722,0.331,0,0,none,-1,-1
2026-09-01 08:28:00,R10-AZ,19.688,0.829,0,0,none,-1,-1
2026-09-01 08:30:00,R10-AZ,19.733,-0.738,0,0,none,-1,-1
2026-09-01 08:32:00,R10-AZ,19.646,-1.223,0,0,none,-1,-1
2026-09-01 08:34:00,R10-AZ,19.793,0.396,0,0,none,-1,-1
2026-09-01 08:36:00,R10-AZ,19.721,-0.312,0,0,none,-1,-1
2026-09-01 08:38:00,R10-AZ,19.741,-0.07,0,0,none,-1,-1
2026-09-01 08:40:00,R10-AZ,19.756,-0.397,0,0,fiber_degradation,3,5
2026-09-01 08:42:00,R10-AZ,19.06,-2.338,0,0,fiber_degradation,3,5
2026-09-01 08:44:00,R10-AZ,17.096,-5.747,0,0,fiber_degradation,3,5
2026-09-01 08:46:00,R10-AZ,15.961,-5.465,1,0,fiber_degradation,3,5
2026-09-01 08:48:00,R10-AZ,14.702,-7.565,1,0,fiber_degradation,3,5
2026-09-01 08:50:00,R10-AZ,12.741,-9.449,1,1,fiber_degradation,3,5
2026-09-01 08:52:00,R10-AZ,12.176,-10.083,1,1,fiber_degradation,3,5
2026-09-01 08:54:00,R10-AZ,11.556,-10.559,1,1,fiber_degradation,3,5
2026-09-01 08:56:00,R10-AZ,11.824,-10.359,1,1,fiber_degradation,3,5
2026-09-01 08:58:00,R10-AZ,10.978,-11.84,1,1,fiber_degradation,3,5
2026-09-01 09:00:00,R10-AZ,11.467,-10.765,1,1,fiber_degradation,3,5
2026-09-01 09:02:00,R10-AZ,11.446,-10.14,1,1,fiber_degradation,3,5
2026-09-01 09:04:00,R10-AZ,11.398,-10.592,1,1,fiber_degradation,3,5
2026-09-01 09:06:00,R10-AZ,19.715,-0.847,0,0,none,-1,-1
2026-09-01 09:08:00,R10-AZ,19.757,-0.152,0,0,none,-1,-1
2026-09-01 09:10:00,R10-AZ,19.758,-0.514,0,0,none,-1,-1
2026-09-01 09:12:00,R10-AZ,19.71,-0.788,0,0,none,-1,-1
2026-09-01 09:14:00,R10-AZ,19.752,-0.393,0,0,none,-1,-1
2026-09-01 09:16:00,R10-AZ,19.577,-1.208,0,0,none,-1,-1
2026-09-01 09:18:00,R10-AZ,19.661,-1.485,0,0,none,-1,-1
2026-09-01 09:20:00,R10-AZ,19.729,0.151,0,0,none,-1,-1
2026-09-01 09:22:00,R10-AZ,19.806,0.49,0,0,none,-1,-1
2026-09-01 09:24:00,R10-AZ,19.772,-0.655,0,0,none,-1,-1
2026-09-01 09:26:00,R10-AZ,19.708,-0.541,0,0,none,-1,-1
2026-09-01 09:28:00,R10-AZ,19.737,0.069,0,0,none,-1,-1
2026-09-01 09:30:00,R10-AZ,19.751,-0.097,0,0,none,-1,-1
2026-09-01 09:32:00,R10-AZ,19.78,-0.129,0,0,none,-1,-1
2026-09-01 09:34:00,R10-AZ,19.725,-0.491,0,0,none,-1,-1
2026-09-01 09:36:00,R10-AZ,19.679,-1.012,0,0,none,-1,-1
2026-09-01 09:38:00,R10-AZ,19.776,0.234,0,0,none,-1,-1
2026-09-01 09:40:00,R10-AZ,19.716,-0.295,0,0,none,-1,-1
2026-09-01 09:42:00,R10-AZ,19.67,-0.061,0,0,none,-1,-1
2026-09-01 09:44:00,R10-AZ,19.721,-0.574,0,0,none,-1,-1
2026-09-01 09:46:00,R10-AZ,19.764,-0.569,0,0,none,-1,-1
2026-09-01 09:48:00,R10-AZ,19.652,-1.463,0,0,none,-1,-1
2026-09-01 09:50:00,R10-AZ,19.626,-1.324,0,0,none,-1,-1
2026-09-01 09:52:00,R10-AZ,19.755,0.377,0,0,none,-1,-1
2026-09-01 09:54:00,R10-AZ,19.745,-0.749,0,0,none,-1,-1
2026-09-01 09:56:00,R10-AZ,19.165,-2.565,0,0,none,-1,-1
2026-09-01 09:58:00,R10-AZ,19.62,-1.271,0,0,none,-1,-1
2026-09-01 00:00:00,R10-ZA,18.731,2.528,0,0,none,-1,-1
2026-09-01 00:02:00,R10-ZA,19.518,2.068,0,0,none,-1,-1
2026-09-01 00:04:00,R10-ZA,19.813,0.758,0,0,none,-1,-1
2026-09-01 00:06:00,R10-ZA,19.538,1.153,0,0,none,-1,-1
2026-09-01 00:08:00,R10-ZA,19.772,1.185,0,0,none,-1,-1
2026-09-01 00:10:00,R10-ZA,19.76,-0.128,0,0,none,-1,-1
2026-09-01 00:12:00,R10-ZA,19.791,1.008,0,0,none,-1,-1
2026-09-01 00:14:00,R10-ZA,19.465,1.816,0,0,none,-1,-1
2026-09-01 00:16:00,R10-ZA,19.585,1.461,0,0,none,-1,-1
2026-09-01 00:18:00,R10-ZA,20.009,0.838,0,0,none,-1,-1
2026-09-01 00:20:00,R10-ZA,19.947,-0.011,0,0,none,-1,-1
2026-09-01 00:22:00,R10-ZA,19.806,1.461,0,0,none,-1,-1
2026-09-01 00:24:00,R10-ZA,19.964,0.743,0,0,none,-1,-1
2026-09-01 00:26:00,R10-ZA,20.125,0.393,0,0,none,-1,-1
2026-09-01 00:28:00,R10-ZA,19.453,2.355,0,0,none,-1,-1
2026-09-01 00:30:00,R10-ZA,19.581,1.097,0,0,none,-1,-1
2026-09-01 00:32:00,R10-ZA,19.682,1.566,0,0,none,-1,-1
2026-09-01 00:34:00,R10-ZA,19.796,0.321,0,0,none,-1,-1
2026-09-01 00:36:00,R10-ZA,19.899,0.82,0,0,none,-1,-1
2026-09-01 00:38:00,R10-ZA,19.795,1.485,0,0,none,-1,-1
2026-09-01 00:40:00,R10-ZA,19.902,0.783,0,0,none,-1,-1
2026-09-01 00:42:00,R10-ZA,19.171,2.199,0,0,none,-1,-1
2026-09-01 00:44:00,R10-ZA,19.606,1.099,0,0,amplifier_degradation,12,0
2026-09-01 00:46:00,R10-ZA,19.968,-0.465,0,0,amplifier_degradation,12,0
2026-09-01 00:48:00,R10-ZA,19.775,-0.421,0,0,amplifier_degradation,12,0
2026-09-01 00:50:00,R10-ZA,19.652,-1.335,0,0,amplifier_degradation,12,0
2026-09-01 00:52:00,R10-ZA,19.591,-2.792,0,0,amplifier_degradation,12,0
2026-09-01 00:54:00,R10-ZA,19.371,-2.888,0,0,amplifier_degradation,12,0
2026-09-01 00:56:00,R10-ZA,18.306,-5.238,0,0,amplifier_degradation,12,0
2026-09-01 00:58:00,R10-ZA,18.95,-3.701,0,0,amplifier_degradation,12,0
2026-09-01 01:00:00,R10-ZA,18.966,-3.795,0,0,amplifier_degradation,12,0
2026-09-01 01:02:00,R10-ZA,19.286,-3.206,0,0,amplifier_degradation,12,0
2026-09-01 01:04:00,R10-ZA,19.343,-2.536,0,0,amplifier_degradation,12,0
2026-09-01 01:06:00,R10-ZA,18.874,-4.442,0,0,amplifier_degradation,12,0
2026-09-01 01:08:00,R10-ZA,18.392,-5.229,0,0,amplifier_degradation,12,0
2026-09-01 01:10:00,R10-ZA,19.88,-0.308,0,0,none,-1,-1
2026-09-01 01:12:00,R10-ZA,19.943,0.348,0,0,none,-1,-1
2026-09-01 01:14:00,R10-ZA,19.787,1.479,0,0,none,-1,-1
2026-09-01 01:16:00,R10-ZA,19.719,0.607,0,0,none,-1,-1
2026-09-01 01:18:00,R10-ZA,-11.678,-38.978,1,1,fiber_cut,14,1
2026-09-01 01:20:00,R10-ZA,-12.716,-40.048,1,1,fiber_cut,14,1
2026-09-01 01:22:00,R10-ZA,-11.674,-38.985,1,1,fiber_cut,14,1
2026-09-01 01:24:00,R10-ZA,-11.112,-38.518,1,1,fiber_cut,14,1
2026-09-01 01:26:00,R10-ZA,-12.199,-39.726,1,1,fiber_cut,14,1
2026-09-01 01:28:00,R10-ZA,-12.257,-40.05,1,1,fiber_cut,14,1
2026-09-01 01:30:00,R10-ZA,19.796,0.524,0,0,none,-1,-1
2026-09-01 01:32:00,R10-ZA,19.911,1.095,0,0,none,-1,-1
2026-09-01 01:34:00,R10-ZA,19.676,1.348,0,0,none,-1,-1
2026-09-01 01:36:00,R10-ZA,19.761,1.208,0,0,none,-1,-1
2026-09-01 01:38:00,R10-ZA,19.996,-0.708,0,0,none,-1,-1
2026-09-01 01:40:00,R10-ZA,19.561,0.387,0,0,none,-1,-1
2026-09-01 01:42:00,R10-ZA,19.872,0.882,0,0,none,-1,-1
2026-09-01 01:44:00,R10-ZA,19.839,-0.408,0,0,none,-1,-1
2026-09-01 01:46:00,R10-ZA,19.925,-0.238,0,0,none,-1,-1
2026-09-01 01:48:00,R10-ZA,19.55,0.746,0,0,none,-1,-1
2026-09-01 01:50:00,R10-ZA,19.472,0.717,0,0,none,-1,-1
2026-09-01 01:52:00,R10-ZA,19.835,-0.002,0,0,none,-1,-1
2026-09-01 01:54:00,R10-ZA,19.613,0.508,0,0,none,-1,-1
2026-09-01 01:56:00,R10-ZA,20.011,0.057,0,0,none,-1,-1
2026-09-01 01:58:00,R10-ZA,20.006,-0.257,0,0,none,-1,-1
2026-09-01 02:00:00,R10-ZA,19.901,0.34,0,0,none,-1,-1
2026-09-01 02:02:00,R10-ZA,19.92,-0.385,0,0,none,-1,-1
2026-09-01 02:04:00,R10-ZA,19.454,1.022,0,0,none,-1,-1
2026-09-01 02:06:00,R10-ZA,19.831,0.547,0,0,none,-1,-1
2026-09-01 02:08:00,R10-ZA,19.634,0.501,0,0,none,-1,-1
2026-09-01 02:10:00,R10-ZA,20.014,0.035,0,0,none,-1,-1
2026-09-01 02:12:00,R10-ZA,19.889,0.447,0,0,none,-1,-1
2026-09-01 02:14:00,R10-ZA,19.977,-0.301,0,0,none,-1,-1
2026-09-01 02:16:00,R10-ZA,19.528,1.415,0,0,none,-1,-1
2026-09-01 02:18:00,R10-ZA,19.277,1.094,0,0,none,-1,-1
2026-09-01 02:20:00,R10-ZA,19.682,1.3,0,0,none,-1,-1
2026-09-01 02:22:00,R10-ZA,19.994,-0.642,0,0,none,-1,-1
2026-09-01 02:24:00,R10-ZA,19.982,-0.063,0,0,none,-1,-1
2026-09-01 02:26:00,R10-ZA,20.061,0.56,0,0,none,-1,-1
2026-09-01 02:28:00,R10-ZA,19.858,0.259,0,0,none,-1,-1
2026-09-01 02:30:00,R10-ZA,19.942,-0.952,0,0,none,-1,-1
2026-09-01 02:32:00,R10-ZA,19.952,0.184,0,0,fiber_degradation,15,2
2026-09-01 02:34:00,R10-ZA,19.757,-0.021,0,0,fiber_degradation,15,2
2026-09-01 02:36:00,R10-ZA,19.837,-1.762,0,0,fiber_degradation,15,2
2026-09-01 02:38:00,R10-ZA,19.642,-3.114,0,0,fiber_degradation,15,2
2026-09-01 02:40:00,R10-ZA,19.511,-3.466,0,0,fiber_degradation,15,2
2026-09-01 02:42:00,R10-ZA,19.447,-3.495,0,0,fiber_degradation,15,2
2026-09-01 02:44:00,R10-ZA,19.199,-3.654,0,0,fiber_degradation,15,2
2026-09-01 02:46:00,R10-ZA,18.857,-5.178,0,0,fiber_degradation,15,2
2026-09-01 02:48:00,R10-ZA,18.96,-4.89,0,0,fiber_degradation,15,2
2026-09-01 02:50:00,R10-ZA,18.764,-4.458,0,0,fiber_degradation,15,2
2026-09-01 02:52:00,R10-ZA,18.491,-5.749,0,0,fiber_degradation,15,2
2026-09-01 02:54:00,R10-ZA,17.426,-8.392,1,0,fiber_degradation,15,2
2026-09-01 02:56:00,R10-ZA,18.187,-6.387,1,0,fiber_degradation,15,2
2026-09-01 02:58:00,R10-ZA,17.157,-8.618,1,0,fiber_degradation,15,2
2026-09-01 03:00:00,R10-ZA,17.043,-8.83,1,0,fiber_degradation,15,2
2026-09-01 03:02:00,R10-ZA,17.174,-8.152,1,0,fiber_degradation,15,2
2026-09-01 03:04:00,R10-ZA,16.434,-9.577,1,0,fiber_degradation,15,2
2026-09-01 03:06:00,R10-ZA,15.648,-10.877,1,0,fiber_degradation,15,2
2026-09-01 03:08:00,R10-ZA,15.325,-11.243,1,0,fiber_degradation,15,2
2026-09-01 03:10:00,R10-ZA,15.088,-11.754,1,0,fiber_degradation,15,2
2026-09-01 03:12:00,R10-ZA,14.419,-12.566,1,0,fiber_degradation,15,2
2026-09-01 03:14:00,R10-ZA,14.706,-11.78,1,0,fiber_degradation,15,2
2026-09-01 03:16:00,R10-ZA,14.809,-11.599,1,0,fiber_degradation,15,2
2026-09-01 03:18:00,R10-ZA,14.982,-11.472,1,0,fiber_degradation,15,2
2026-09-01 03:20:00,R10-ZA,14.994,-11.211,1,0,fiber_degradation,15,2
2026-09-01 03:22:00,R10-ZA,14.624,-11.884,1,0,fiber_degradation,15,2
2026-09-01 03:24:00,R10-ZA,14.332,-11.896,1,0,fiber_degradation,15,2
2026-09-01 03:26:00,R10-ZA,14.302,-12.624,1,0,fiber_degradation,15,2
2026-09-01 03:28:00,R10-ZA,14.531,-12.224,1,0,fiber_degradation,15,2
2026-09-01 03:30:00,R10-ZA,14.278,-12.222,1,0,fiber_degradation,15,2
2026-09-01 03:32:00,R10-ZA,13.871,-13.145,1,0,fiber_degradation,15,2
2026-09-01 03:34:00,R10-ZA,14.29,-12.44,1,0,fiber_degradation,15,2
2026-09-01 03:36:00,R10-ZA,13.825,-13.064,1,0,fiber_degradation,15,2
2026-09-01 03:38:00,R10-ZA,15.24,-11.074,1,0,fiber_degradation,15,2
2026-09-01 03:40:00,R10-ZA,13.802,-13.21,1,0,fiber_degradation,15,2
2026-09-01 03:42:00,R10-ZA,14.512,-12.321,1,0,fiber_degradation,15,2
2026-09-01 03:44:00,R10-ZA,14.524,-11.979,1,0,fiber_degradation,15,2
2026-09-01 03:46:00,R10-ZA,14.616,-12.023,1,0,fiber_degradation,15,2
2026-09-01 03:48:00,R10-ZA,19.907,0.141,0,0,none,-1,-1
2026-09-01 03:50:00,R10-ZA,19.954,-0.759,0,0,none,-1,-1
2026-09-01 03:52:00,R10-ZA,19.954,-0.182,0,0,none,-1,-1
2026-09-01 03:54:00,R10-ZA,19.824,0.871,0,0,none,-1,-1
2026-09-01 03:56:00,R10-ZA,19.93,-0.86,0,0,none,-1,-1
2026-09-01 03:58:00,R10-ZA,19.957,0.652,0,0,none,-1,-1
2026-09-01 04:00:00,R10-ZA,20.005,0.154,0,0,none,-1,-1
2026-09-01 04:02:00,R10-ZA,19.989,-1.118,0,0,none,-1,-1
2026-09-01 04:04:00,R10-ZA,19.781,0.104,0,0,none,-1,-1
2026-09-01 04:06:00,R10-ZA,19.98,-0.431,0,0,none,-1,-1
2026-09-01 04:08:00,R10-ZA,19.971,0.253,0,0,none,-1,-1
2026-09-01 04:10:00,R10-ZA,19.783,-0.119,0,0,none,-1,-1
2026-09-01 04:12:00,R10-ZA,19.57,1.44,0,0,none,-1,-1
2026-09-01 04:14:00,R10-ZA,20.015,-1.176,0,0,none,-1,-1
2026-09-01 04:16:00,R10-ZA,20.081,-0.583,0,0,none,-1,-1
2026-09-01 04:18:00,R10-ZA,20.095,-1.063,0,0,none,-1,-1
2026-09-01 04:20:00,R10-ZA,20.002,-0.423,0,0,none,-1,-1
2026-09-01 04:22:00,R10-ZA,19.764,1.582,0,0,none,-1,-1
2026-09-01 04:24:00,R10-ZA,19.421,0.978,0,0,none,-1,-1
2026-09-01 04:26:00,R10-ZA,19.651,1.415,0,0,none,-1,-1
2026-09-01 04:28:00,R10-ZA,20.042,0.046,0,0,none,-1,-1
2026-09-01 04:30:00,R10-ZA,20.117,0.07,0,0,none,-1,-1
2026-09-01 04:32:00,R10-ZA,20.027,-0.426,0,0,none,-1,-1
2026-09-01 04:34:00,R10-ZA,19.658,1.025,0,0,none,-1,-1
2026-09-01 04:36:00,R10-ZA,19.944,-0.055,0,0,none,-1,-1
2026-09-01 04:38:00,R10-ZA,19.965,-0.859,0,0,none,-1,-1
2026-09-01 04:40:00,R10-ZA,19.998,-0.227,0,0,none,-1,-1
2026-09-01 04:42:00,R10-ZA,19.984,-0.352,0,0,none,-1,-1
2026-09-01 04:44:00,R10-ZA,19.631,0.606,0,0,none,-1,-1
2026-09-01 04:46:00,R10-ZA,19.974,-0.803,0,0,none,-1,-1
2026-09-01 04:48:00,R10-ZA,20.015,0.023,0,0,none,-1,-1
2026-09-01 04:50:00,R10-ZA,19.997,-0.012,0,0,none,-1,-1
2026-09-01 04:52:00,R10-ZA,19.976,-0.213,0,0,none,-1,-1
2026-09-01 04:54:00,R10-ZA,19.848,0.815,0,0,none,-1,-1
2026-09-01 04:56:00,R10-ZA,19.887,-0.049,0,0,none,-1,-1
2026-09-01 04:58:00,R10-ZA,20.045,0.718,0,0,none,-1,-1
2026-09-01 05:00:00,R10-ZA,19.995,-0.846,0,0,none,-1,-1
2026-09-01 05:02:00,R10-ZA,19.912,-1.763,0,0,none,-1,-1
2026-09-01 05:04:00,R10-ZA,19.929,0.911,0,0,none,-1,-1
2026-09-01 05:06:00,R10-ZA,20.07,-0.149,0,0,none,-1,-1
2026-09-01 05:08:00,R10-ZA,20.042,0.318,0,0,fiber_degradation,12,3
2026-09-01 05:10:00,R10-ZA,19.883,-0.935,0,0,fiber_degradation,12,3
2026-09-01 05:12:00,R10-ZA,19.794,-1.595,0,0,fiber_degradation,12,3
2026-09-01 05:14:00,R10-ZA,19.512,-2.475,0,0,fiber_degradation,12,3
2026-09-01 05:16:00,R10-ZA,19.292,-3.23,0,0,fiber_degradation,12,3
2026-09-01 05:18:00,R10-ZA,19.285,-2.647,0,0,fiber_degradation,12,3
2026-09-01 05:20:00,R10-ZA,18.591,-4.467,0,0,fiber_degradation,12,3
2026-09-01 05:22:00,R10-ZA,17.706,-6.133,1,0,fiber_degradation,12,3
2026-09-01 05:24:00,R10-ZA,17.253,-6.851,1,0,fiber_degradation,12,3
2026-09-01 05:26:00,R10-ZA,16.72,-7.427,1,0,fiber_degradation,12,3
2026-09-01 05:28:00,R10-ZA,16.114,-8.317,1,0,fiber_degradation,12,3
2026-09-01 05:30:00,R10-ZA,15.367,-9.186,1,0,fiber_degradation,12,3
2026-09-01 05:32:00,R10-ZA,14.777,-9.596,1,0,fiber_degradation,12,3
2026-09-01 05:34:00,R10-ZA,15.271,-8.874,1,0,fiber_degradation,12,3
2026-09-01 05:36:00,R10-ZA,14.196,-10.282,1,0,fiber_degradation,12,3
2026-09-01 05:38:00,R10-ZA,14.799,-9.65,1,0,fiber_degradation,12,3
2026-09-01 05:40:00,R10-ZA,14.244,-10.284,1,0,fiber_degradation,12,3
2026-09-01 05:42:00,R10-ZA,14.381,-10.105,1,0,fiber_degradation,12,3
2026-09-01 05:44:00,R10-ZA,13.481,-11.436,1,0,fiber_degradation,12,3
2026-09-01 05:46:00,R10-ZA,14.968,-9.594,1,0,fiber_degradation,12,3
2026-09-01 05:48:00,R10-ZA,14.2,-10.471,1,0,fiber_degradation,12,3
2026-09-01 05:50:00,R10-ZA,15.557,-8.272,1,0,fiber_degradation,12,3
2026-09-01 05:52:00,R10-ZA,13.759,-10.94,1,0,fiber_degradation,12,3
2026-09-01 05:54:00,R10-ZA,20.021,0.154,0,0,none,-1,-1
2026-09-01 05:56:00,R10-ZA,20.076,0.006,0,0,none,-1,-1
2026-09-01 05:58:00,R10-ZA,19.773,0.648,0,0,none,-1,-1
2026-09-01 06:00:00,R10-ZA,20.01,-0.341,0,0,none,-1,-1
2026-09-01 06:02:00,R10-ZA,20.021,0.421,0,0,none,-1,-1
2026-09-01 06:04:00,R10-ZA,19.763,0.732,0,0,none,-1,-1
2026-09-01 06:06:00,R10-ZA,19.388,1.934,0,0,none,-1,-1
2026-09-01 06:08:00,R10-ZA,19.48,0.997,0,0,none,-1,-1
2026-09-01 06:10:00,R10-ZA,19.215,2.263,0,0,none,-1,-1
2026-09-01 06:12:00,R10-ZA,20.011,0.854,0,0,none,-1,-1
2026-09-01 06:14:00,R10-ZA,19.487,1.272,0,0,none,-1,-1
2026-09-01 06:16:00,R10-ZA,19.68,1.021,0,0,none,-1,-1
2026-09-01 06:18:00,R10-ZA,19.252,2.747,0,0,none,-1,-1
2026-09-01 06:20:00,R10-ZA,19.577,2.273,0,0,none,-1,-1
2026-09-01 06:22:00,R10-ZA,19.751,0.674,0,0,none,-1,-1
2026-09-01 06:24:00,R10-ZA,19.858,0.72,0,0,none,-1,-1
2026-09-01 06:26:00,R10-ZA,19.366,2.372,0,0,none,-1,-1
2026-09-01 06:28:00,R10-ZA,19.571,1.675,0,0,none,-1,-1
2026-09-01 06:30:00,R10-ZA,19.467,1.61,0,0,none,-1,-1
2026-09-01 06:32:00,R10-ZA,18.999,2.548,0,0,none,-1,-1
2026-09-01 06:34:00,R10-ZA,19.595,1.211,0,0,none,-1,-1
2026-09-01 06:36:00,R10-ZA,19.797,1.105,0,0,none,-1,-1
2026-09-01 06:38:00,R10-ZA,19.622,1.094,0,0,none,-1,-1
2026-09-01 06:40:00,R10-ZA,19.367,2.007,0,0,none,-1,-1
2026-09-01 06:42:00,R10-ZA,19.36,1.987,0,0,none,-1,-1
2026-09-01 06:44:00,R10-ZA,19.95,-0.17,0,0,none,-1,-1
2026-09-01 06:46:00,R10-ZA,19.201,2.263,0,0,none,-1,-1
2026-09-01 06:48:00,R10-ZA,19.989,1.186,0,0,none,-1,-1
2026-09-01 06:50:00,R10-ZA,19.927,1.04,0,0,none,-1,-1
2026-09-01 06:52:00,R10-ZA,19.132,2.061,0,0,none,-1,-1
2026-09-01 06:54:00,R10-ZA,19.516,1.737,0,0,none,-1,-1
2026-09-01 06:56:00,R10-ZA,19.984,-0.449,0,0,none,-1,-1
2026-09-01 06:58:00,R10-ZA,19.036,2.469,0,0,none,-1,-1
2026-09-01 07:00:00,R10-ZA,19.485,2.191,0,0,none,-1,-1
2026-09-01 07:02:00,R10-ZA,19.823,1.057,0,0,none,-1,-1
2026-09-01 07:04:00,R10-ZA,19.886,1.399,0,0,none,-1,-1
2026-09-01 07:06:00,R10-ZA,19.441,1.646,0,0,none,-1,-1
2026-09-01 07:08:00,R10-ZA,19.545,0.855,0,0,none,-1,-1
2026-09-01 07:10:00,R10-ZA,19.966,-0.78,0,0,none,-1,-1
2026-09-01 07:12:00,R10-ZA,19.646,1.666,0,0,none,-1,-1
2026-09-01 07:14:00,R10-ZA,19.421,2.305,0,0,none,-1,-1
2026-09-01 07:16:00,R10-ZA,19.541,1.634,0,0,none,-1,-1
2026-09-01 07:18:00,R10-ZA,19.763,1.71,0,0,none,-1,-1
2026-09-01 07:20:00,R10-ZA,19.231,1.303,0,0,none,-1,-1
2026-09-01 07:22:00,R10-ZA,19.836,0.438,0,0,none,-1,-1
2026-09-01 07:24:00,R10-ZA,19.141,1.734,0,0,none,-1,-1
2026-09-01 07:26:00,R10-ZA,19.173,2.345,0,0,none,-1,-1
2026-09-01 07:28:00,R10-ZA,19.805,0.579,0,0,none,-1,-1
2026-09-01 07:30:00,R10-ZA,19.655,1.955,0,0,none,-1,-1
2026-09-01 07:32:00,R10-ZA,19.838,0.815,0,0,none,-1,-1
2026-09-01 07:34:00,R10-ZA,-11.38,-39.678,1,1,fiber_cut,16,4
2026-09-01 07:36:00,R10-ZA,-9.931,-38.154,1,1,fiber_cut,16,4
2026-09-01 07:38:00,R10-ZA,-10.608,-38.878,1,1,fiber_cut,16,4
2026-09-01 07:40:00,R10-ZA,-9.653,-38.027,1,1,fiber_cut,16,4
2026-09-01 07:42:00,R10-ZA,-10.248,-38.518,1,1,fiber_cut,16,4
2026-09-01 07:44:00,R10-ZA,-10.126,-38.641,1,1,fiber_cut,16,4
2026-09-01 07:46:00,R10-ZA,-9.692,-38.193,1,1,fiber_cut,16,4
2026-09-01 07:48:00,R10-ZA,-9.6,-37.427,1,1,fiber_cut,16,4
2026-09-01 07:50:00,R10-ZA,-10.106,-38.463,1,1,fiber_cut,16,4
2026-09-01 07:52:00,R10-ZA,-10.265,-38.542,1,1,fiber_cut,16,4
2026-09-01 07:54:00,R10-ZA,-9.706,-37.937,1,1,fiber_cut,16,4
2026-09-01 07:56:00,R10-ZA,-9.796,-38.261,1,1,fiber_cut,16,4
2026-09-01 07:58:00,R10-ZA,-9.134,-37.252,1,1,fiber_cut,16,4
2026-09-01 08:00:00,R10-ZA,-9.575,-37.848,1,1,fiber_cut,16,4
2026-09-01 08:02:00,R10-ZA,-10.02,-38.113,1,1,fiber_cut,16,4
2026-09-01 08:04:00,R10-ZA,-8.763,-37.049,1,1,fiber_cut,16,4
2026-09-01 08:06:00,R10-ZA,-11.119,-39.036,1,1,fiber_cut,16,4
2026-09-01 08:08:00,R10-ZA,-10.168,-38.482,1,1,fiber_cut,16,4
2026-09-01 08:10:00,R10-ZA,19.502,1.967,0,0,none,-1,-1
2026-09-01 08:12:00,R10-ZA,19.142,1.478,0,0,none,-1,-1
2026-09-01 08:14:00,R10-ZA,18.982,1.633,0,0,none,-1,-1
2026-09-01 08:16:00,R10-ZA,18.657,2.776,0,0,none,-1,-1
2026-09-01 08:18:00,R10-ZA,19.208,2.144,0,0,none,-1,-1
2026-09-01 08:20:00,R10-ZA,18.675,2.936,0,0,none,-1,-1
2026-09-01 08:22:00,R10-ZA,19.437,2.01,0,0,none,-1,-1
2026-09-01 08:24:00,R10-ZA,19.807,1.781,0,0,none,-1,-1
2026-09-01 08:26:00,R10-ZA,18.923,2.928,0,0,none,-1,-1
2026-09-01 08:28:00,R10-ZA,19.527,1.942,0,0,none,-1,-1
2026-09-01 08:30:00,R10-ZA,19.275,2.169,0,0,none,-1,-1
2026-09-01 08:32:00,R10-ZA,19.514,2.243,0,0,none,-1,-1
2026-09-01 08:34:00,R10-ZA,19.232,2.178,0,0,none,-1,-1
2026-09-01 08:36:00,R10-ZA,19.698,1.562,0,0,none,-1,-1
2026-09-01 08:38:00,R10-ZA,19.789,1.739,0,0,none,-1,-1
2026-09-01 08:40:00,R10-ZA,18.175,3.21,0,0,none,-1,-1
2026-09-01 08:42:00,R10-ZA,18.996,2.705,0,0,none,-1,-1
2026-09-01 08:44:00,R10-ZA,19.639,1.627,0,0,none,-1,-1
2026-09-01 08:46:00,R10-ZA,19.633,1.695,0,0,none,-1,-1
2026-09-01 08:48:00,R10-ZA,19.237,2.091,0,0,none,-1,-1
2026-09-01 08:50:00,R10-ZA,18.36,3.13,0,0,none,-1,-1
2026-09-01 08:52:00,R10-ZA,18.724,3.182,0,0,none,-1,-1
2026-09-01 08:54:00,R10-ZA,19.997,1.449,0,0,none,-1,-1
2026-09-01 08:56:00,R10-ZA,19.816,0.877,0,0,none,-1,-1
2026-09-01 08:58:00,R10-ZA,19.579,1.766,0,0,none,-1,-1
2026-09-01 09:00:00,R10-ZA,19.825,0.822,0,0,none,-1,-1
2026-09-01 09:02:00,R10-ZA,19.703,0.763,0,0,none,-1,-1
2026-09-01 09:04:00,R10-ZA,19.773,1.3,0,0,none,-1,-1
2026-09-01 09:06:00,R10-ZA,18.782,2.953,0,0,none,-1,-1
2026-09-01 09:08:00,R10-ZA,19.812,0.86,0,0,none,-1,-1
2026-09-01 09:10:00,R10-ZA,19.403,2.224,0,0,none,-1,-1
2026-09-01 09:12:00,R10-ZA,19.241,1.563,0,0,none,-1,-1
2026-09-01 09:14:00,R10-ZA,20.172,0.452,0,0,none,-1,-1
2026-09-01 09:16:00,R10-ZA,19.839,1.499,0,0,none,-1,-1
2026-09-01 09:18:00,R10-ZA,19.522,2.248,0,0,none,-1,-1
2026-09-01 09:20:00,R10-ZA,19.107,3.343,0,0,none,-1,-1
2026-09-01 09:22:00,R10-ZA,19.095,2.237,0,0,none,-1,-1
2026-09-01 09:24:00,R10-ZA,18.827,2.605,0,0,fiber_degradation,12,5
2026-09-01 09:26:00,R10-ZA,19.944,-0.141,0,0,fiber_degradation,12,5
2026-09-01 09:28:00,R10-ZA,19.73,0.441,0,0,fiber_degradation,12,5
2026-09-01 09:30:00,R10-ZA,19.897,-0.74,0,0,fiber_degradation,12,5
2026-09-01 09:32:00,R10-ZA,19.492,-2.755,0,0,fiber_degradation,12,5
2026-09-01 09:34:00,R10-ZA,19.274,-2.213,0,0,fiber_degradation,12,5
2026-09-01 09:36:00,R10-ZA,19.094,-2.913,0,0,fiber_degradation,12,5
2026-09-01 09:38:00,R10-ZA,18.554,-4.492,0,0,fiber_degradation,12,5
2026-09-01 09:40:00,R10-ZA,18.081,-5.28,0,0,fiber_degradation,12,5
2026-09-01 09:42:00,R10-ZA,17.82,-5.594,0,0,fiber_degradation,12,5
2026-09-01 09:44:00,R10-ZA,17.955,-4.948,0,0,fiber_degradation,12,5
2026-09-01 09:46:00,R10-ZA,18.065,-4.942,0,0,fiber_degradation,12,5
2026-09-01 09:48:00,R10-ZA,18.046,-4.938,0,0,fiber_degradation,12,5
2026-09-01 09:50:00,R10-ZA,17.601,-5.999,0,0,fiber_degradation,12,5
2026-09-01 09:52:00,R10-ZA,17.928,-4.845,0,0,fiber_degradation,12,5
2026-09-01 09:54:00,R10-ZA,17.543,-5.779,0,0,fiber_degradation,12,5
2026-09-01 09:56:00,R10-ZA,17.625,-5.74,0,0,fiber_degradation,12,5
2026-09-01 09:58:00,R10-ZA,17.534,-6.037,1,0,fiber_degradation,12,5
